Date,Last Price,High Price,Low Price,Open Price
8/31/2026,767.05,767.995,764.715,767.33
8/28/2026,769.35,775.3,768.3076,771.76
8/27/2026,771.1,772.355,767.16,768.5
8/26/2026,766.08,767.35,763.93,764.73
8/25/2026,765.91,766.78,763.0501,766.16
8/24/2026,763.47,765.22,762.08,764.78
8/21/2026,765.72,767.85,764.17,766.05
8/20/2026,762.6,768.15,762.04,765.96
8/19/2026,769.06,772.47,768.1,770.36
8/18/2026,767.45,769.5,766.92,768.7
8/17/2026,772.67,776.775,772.51,776.18
8/14/2026,776.34,778.8,775.4301,778.54
8/13/2026,777.88,779.37,774.111,774.87
8/12/2026,772.49,774.9,771.28,774.71
8/11/2026,770.56,774.61,769.2,774.53
8/10/2026,773.03,775.05,771.62,772.6
8/7/2026,773.26,773.915,769.61,771.02
8/6/2026,768.56,771.82,767.46,770.21
8/5/2026,769.79,776.85,769.51,775.85
8/4/2026,771.33,773.41,760.52,760.63
8/3/2026,757.67,758.58,748.8,749.44
7/31/2026,747.03,748.895,737.68,744.68
7/30/2026,741.69,742.45,734.59,736.05
7/29/2026,729.46,742.68,729.1,739.97
7/28/2026,740.86,742.7901,735.98,739.19
7/27/2026,739.09,745.53,735.87,744.91
7/24/2026,738.93,743.72,737.29,738.51
7/23/2026,738.18,742.56,735.21,739.37
7/22/2026,747.41,750.02,746.37,746.62
7/21/2026,748.28,749.04,744.18,746.29
7/20/2026,742.09,748.73,741.5103,747.06
7/17/2026,743.29,747.29,740.8,742.08
7/16/2026,750.72,754.57,747.88,752.76
7/15/2026,754.81,755.58,750.2,754.24
7/14/2026,751.83,753.34,748.66,750.91
7/13/2026,749.17,753.9105,748,752.47
7/10/2026,754.95,755.42,748.1,752.05
7/9/2026,751.71,751.97,745.59,747.35
7/8/2026,745.4,746.15,739.51,743.16
7/7/2026,747.71,750.96,745.21,750.22
7/6/2026,751.28,752.41,747.41,748.74
7/2/2026,744.78,751.31,740.03,747.4
7/1/2026,745.76,749.435,742.375,745
6/30/2026,746.77,748.02,740.89,741.29
6/29/2026,741,741.56,732.09,736.525
6/26/2026,728.99,736.53,716.58,728.945
6/25/2026,734.3,739.37,729.6,738.91
6/24/2026,733.24,739.945,730.84,735.17
6/23/2026,733.58,739.63,732.3,733.81
6/22/2026,744.39,750.18,743.13,747.7
6/18/2026,746.74,748.23,743.86,747.76
6/17/2026,740.96,752.15,739.22,751.29
6/16/2026,750.33,755.44,749.88,754.55
6/15/2026,754.83,756.68,751.76,751.85
6/12/2026,741.75,744.44,735.03,740.71
6/11/2026,737.76,740,724.405,728.76
6/10/2026,725.43,738.38,725.33,733.39
6/9/2026,737.05,746.9,722.59,743.63
6/8/2026,739.22,745.34,738.19,743.36
6/5/2026,737.55,752.82,735.525,752.31
6/4/2026,757.09,758.31,751.47,752.1
6/3/2026,754.24,758.8,753.57,758.15
6/2/2026,759.57,760.4,756.75,757.03
6/1/2026,758.54,760.28,754.69,755.36
5/29/2026,756.48,758.08,754.69,755.9
5/28/2026,754.6,755.15,749.23,750.25
5/27/2026,750.46,751.38,748.22,750.88
5/26/2026,750.59,752.13,748.37,750.01
5/22/2026,745.64,748.94,744.48,746.24
5/21/2026,742.72,744.87,737.03,738.64
5/20/2026,741.25,741.87,733.89,735.71
5/19/2026,733.73,737.65,731.53,734.78
5/18/2026,738.65,741.415,733.39,739.83
5/15/2026,739.17,743.46,737.96,741.79
5/14/2026,748.17,749.53,743.56,743.65
5/13/2026,742.31,743.91,735.47,738.47
5/12/2026,738.18,738.84,731.83,736.89
5/11/2026,739.3,740.79,736.45,736.45
5/8/2026,737.62,738.08,734.57,734.93
5/7/2026,731.58,736.13,729.75,735.05
5/6/2026,733.83,734.59,727.82,728.16
5/5/2026,723.77,725.04,721.4898,721.77
5/4/2026,718.01,722.12,714.99,720.07
5/1/2026,720.65,724.87,720.47,721.25
4/30/2026,718.66,719.79,710.445,714.63
4/29/2026,711.58,712.2,708.37,711
4/28/2026,711.69,712.88,709.25,711.815
4/27/2026,715.17,715.63,712.295,713.17
4/24/2026,713.94,714.47,709.01,710.75
4/23/2026,708.45,712.3598,702.2803,709.5
4/22/2026,711.21,711.45,708.22,709.15
4/21/2026,704.08,711.275,702.64,710.28
4/20/2026,708.72,709.91,706.14,708.78
4/17/2026,710.14,712.39,705.76,706.14
4/16/2026,701.66,702.78,698.53,701.06
4/15/2026,699.94,700.28,694.2,695.26
4/14/2026,694.46,694.58,687.66,687.69
4/13/2026,686.1,686.3,676.58,677.41
4/10/2026,679.46,682.03,678.45,681.32
4/9/2026,679.91,681.16,673.77,674.84
4/8/2026,676.01,677.08,671.46,676.39
4/7/2026,659.22,659.61,651.06,656.65
4/6/2026,658.93,659.72,655.52,655.86
4/2/2026,655.83,658.2,645.11,646.42
4/1/2026,655.24,658.52,653,653.9
3/31/2026,650.34,651.54,637.98,638.94
3/30/2026,631.97,640.37,629.28,640.11
3/27/2026,634.09,642.66,633.105,642.5
3/26/2026,645.09,654.85,644.82,652.06
3/25/2026,656.82,660.89,654.24,658.67
3/24/2026,653.18,657.03,649.88,651.32
3/23/2026,655.38,662.615,653.94,658.07
3/20/2026,648.57,656.69,644.72,656.51
3/19/2026,659.8,662.98,655.17,656.97
3/18/2026,661.43,669.72,661.19,668.36
3/17/2026,670.79,674.44,669.7,672.39
3/16/2026,669.03,672.07,667.12,668.38
3/13/2026,662.29,672.335,661.36,669.27
3/12/2026,666.06,671.65,665.87,671.16
3/11/2026,676.33,680.08,673.34,677.58
3/10/2026,677.18,683.36,674.76,677.72
3/9/2026,678.27,679.92,662.39,666.39
3/6/2026,672.38,676.11,669.76,673.41
3/5/2026,681.31,685.53,675.61,682.08
3/4/2026,685.13,687.09,679.62,681.63
3/3/2026,680.33,682.61,669.66,675.06
3/2/2026,686.38,688.62,678.02,678.7
2/27/2026,685.99,686.86,681.64,683.09
2/26/2026,689.3,693.3,684.35,693.28
2/25/2026,693.15,693.68,690.1,690.18
2/24/2026,687.35,688.35,680,681.9
2/23/2026,682.39,690,680.371,687.83
2/20/2026,689.43,690.06,681.73,682.32
2/19/2026,684.48,686.18,681.5475,683.84
2/18/2026,686.29,689.15,682.83,684.02
2/17/2026,682.85,684.94,675.78,680.14
2/13/2026,681.75,686.28,677.52,681.69
2/12/2026,681.27,695.35,680.37,694.24
2/11/2026,691.96,697.14,689.18,696.39
2/10/2026,692.12,696.54,691.66,694.95
2/9/2026,693.95,695.87,688.34,689.42
2/6/2026,690.62,692.31,680.85,681.46
2/5/2026,677.62,683.69,675.79,680.94
2/4/2026,686.19,691.45,681.76,690.35
2/3/2026,689.53,696.96,684.03,696.21
2/2/2026,695.41,696.93,689.425,689.58
1/30/2026,691.97,694.21,687.12,691.79
1/29/2026,694.04,697.06,684.83,696.39
1/28/2026,695.42,697.84,693.94,697.05
1/27/2026,695.49,696.53,693.57,694.18
1/26/2026,692.73,694.13,689.92,690.49
1/23/2026,689.23,690.96,687.16,688.15
1/22/2026,688.98,691.125,686.92,689.85
1/21/2026,685.4,688.735,678.13,679.65
1/20/2026,677.58,684.77,676.57,681.49
1/16/2026,691.66,694.25,690.1,693.66
1/15/2026,692.24,695.45,691.25,694.57
1/14/2026,690.36,691.72,686.04,691
1/13/2026,693.77,696.09,691.35,695.49
1/12/2026,695.16,696.09,690.63,690.68
1/9/2026,694.07,695.31,689.18,690.63
1/8/2026,689.51,690.615,687.49,688.82
1/7/2026,689.58,693.96,689.32,692.19
1/6/2026,691.81,692.315,687.78,687.93
1/5/2026,687.72,689.43,686.375,686.54
1/2/2026,683.17,686.87,679.82,685.71
12/31/2025,681.92,687.36,681.71,687.14
12/30/2025,687.01,688.555,686.58,687.445
12/29/2025,687.85,689.2,686.07,687.54
12/26/2025,690.31,691.66,689.27,690.64
12/24/2025,690.38,690.83,687.8,687.95
12/23/2025,687.96,688.2,683.87,683.92
12/22/2025,684.83,685.36,680.5868,683.94
12/19/2025,680.59,681.09,676.47,676.59
12/18/2025,676.47,680.74,674.9,677.6
12/17/2025,671.4,680.435,671.195,679.89
12/16/2025,678.87,681.08,674.98,679.23
12/15/2025,680.73,685.76,679.25,685.74
12/12/2025,681.76,688.88,679.1744,688.17
12/11/2025,689.17,689.25,682.165,685.14
12/10/2025,687.57,688.97,681.31,682.56
12/9/2025,683.04,685.385,682.59,683.15
12/8/2025,683.63,686.64,681.57,686.59
12/5/2025,685.69,688.39,684.58,685.47
12/4/2025,684.39,685.37,681.34,685.3
12/3/2025,683.89,684.91,679.69,680.57
12/2/2025,681.53,683.82,679.3275,681.92
12/1/2025,680.27,682.99,678.74,678.81
11/28/2025,683.39,683.665,680.5,680.86
11/26/2025,679.68,681.7,676.72,677.63
11/25/2025,675.02,676.21,664.48,668.63
11/24/2025,668.73,670.06,661.59,662.69
11/21/2025,659.03,664.55,650.85,655.05
11/20/2025,652.53,675.56,651.89,672.91
11/19/2025,662.63,667.34,658.745,660.78
11/18/2025,660.08,665.12,655.86,662.095
11/17/2025,665.67,673.71,662.17,669.7
11/14/2025,671.93,675.66,663.265,665.38
11/13/2025,672.04,680.86,670.52,680.5
11/12/2025,683.38,684.96,680.945,684.79
11/11/2025,683,683.57,678.73,679.95
11/10/2025,681.44,682.18,675.03,677.235
11/7/2025,670.97,671.08,661.205,667.91
11/6/2025,670.31,677.38,668.72,676.47
11/5/2025,677.58,680.86,674.17,674.98
11/4/2025,675.24,679.96,674.58,676.11
11/3/2025,683.34,685.8,679.94,685.67
10/31/2025,682.06,685.08,679.24,685.04
10/30/2025,679.83,685.94,679.83,683.9
10/29/2025,687.39,689.7,682.87,688.72
10/28/2025,687.06,688.905,684.83,687.05
10/27/2025,685.24,685.54,682.115,682.73
10/24/2025,677.25,678.47,675.65,676.46
10/23/2025,671.76,672.7101,667.8,668.12
10/22/2025,667.8,672,663.3,672
10/21/2025,671.29,672.99,669.981,671.44
10/20/2025,671.3,672.21,667.27,667.32
10/17/2025,664.39,665.755,658.14,659.5
10/16/2025,660.64,668.71,657.11,666.82
10/15/2025,665.17,670.23,658.93,666.82
10/14/2025,662.23,665.83,653.17,657.17
10/13/2025,663.04,665.13,659.7679,660.65
10/10/2025,653.02,673.95,652.84,672.13
10/9/2025,671.16,673.94,669.21,673.53
10/8/2025,673.11,673.2056,669.42,670.25
10/7/2025,669.12,672.99,667.67,672.54
10/6/2025,671.61,672.51,669.455,671.62
10/3/2025,669.21,672.675,668.16,669.99
10/2/2025,669.22,670.565,666.78,670.45
10/1/2025,668.45,669.37,663.06,663.17
9/30/2025,666.18,666.65,661.61,662.93
9/29/2025,663.68,665.28,661.86,664.36
9/26/2025,661.82,662.37,657.88,659.51
9/25/2025,658.05,659.4056,654.405,657.94
9/24/2025,661.1,664.61,659.67,664.51
9/23/2025,663.21,667.34,661.98,666.72
9/22/2025,666.84,667.29,662.17,662.2
9/19/2025,663.7,664.55,660.37,662.33
9/18/2025,662.26,664.89,660.27,661.89
9/17/2025,659.18,661.72,654.3,660.01
9/16/2025,660,661.78,659.21,661.47
9/15/2025,660.91,661.04,659.34,659.64
9/12/2025,657.41,659.11,656.9,657.6
9/11/2025,657.63,658.33,653.59,654.18
9/10/2025,652.21,654.55,650.63,653.62
9/9/2025,650.33,650.86,647.22,648.97
9/8/2025,648.83,649.84,647.23,648.62
9/5/2025,647.24,652.21,643.33,651.48
9/4/2025,649.12,649.15,643.51,644.42
9/3/2025,643.74,644.21,640.46,642.67
9/2/2025,640.27,640.49,634.92,637.5
8/29/2025,645.05,647.84,643.14,647.47
8/28/2025,648.92,649.48,645.34,647.24
8/27/2025,646.63,647.37,644.42,644.57
8/26/2025,645.16,645.51,641.57,642.2
8/25/2025,642.47,645.29,642.35,644.04
8/22/2025,645.31,646.5,637.25,637.76
8/21/2025,635.55,637.97,633.81,636.28
8/20/2025,638.11,639.66,632.95,639.4
8/19/2025,639.81,644.105,638.48,643.12
8/18/2025,643.3,644,642.18,642.86
8/15/2025,643.44,646.09,642.5153,645.99
8/14/2025,644.95,645.62,642.34,642.79
8/13/2025,644.89,646.19,642.68,644.91
8/12/2025,642.69,642.85,636.79,638.29
8/11/2025,635.92,638.95,634.66,637.46
8/8/2025,637.18,637.645,633.74,634.06
8/7/2025,632.25,636.98,629.11,636.24
8/6/2025,632.78,633.44,628.13,629.05
8/5/2025,627.97,632.6052,627.04,631.79
8/4/2025,631.17,631.215,625.58,625.67
8/1/2025,621.72,626.34,619.29,626.3
7/31/2025,632.08,639.85,630.765,639.455
7/30/2025,634.46,637.68,631.54,635.92
7/29/2025,635.26,638.67,634.335,638.35
7/28/2025,636.94,638.04,635.54,637.48
7/25/2025,637.1,637.5799,634.84,635.09
7/24/2025,634.42,636.15,633.99,634.6
7/23/2025,634.21,634.21,629.73,631.55
7/22/2025,628.86,629.73,626.19,629.1
7/21/2025,628.77,631.54,628.34,628.77
7/18/2025,627.58,629.47,626.46,629.3
7/17/2025,628.04,628.4048,624.18,624.4
7/16/2025,624.22,624.73,618.05,623.74
7/15/2025,622.14,627.86,622.06,627.52
7/14/2025,624.81,625.1581,621.7999,623.16
7/11/2025,623.62,624.86,621.53,622.74
7/10/2025,625.82,626.8701,623.01,624.2
7/9/2025,624.06,624.72,620.9105,622.77
7/8/2025,620.34,622.11,619.52,621.35
7/7/2025,620.68,624.03,617.87,623.36
7/3/2025,625.34,626.28,622.43,622.45
7/2/2025,620.45,620.49,616.61,617.24
7/1/2025,617.65,618.83,615.52,616.36
6/30/2025,617.85,619.22,615.04,617.38
6/27/2025,614.91,616.39,610.83,612.88
6/26/2025,611.87,612.31,608.37,608.99
6/25/2025,607.12,608.61,605.54,607.91
6/24/2025,606.78,607.8499,603.41,604.33
6/23/2025,600.15,600.54,591.89,595.04
6/20/2025,594.28,599.46,592.86,598.38
6/18/2025,597.44,601.22,596.47,598.44
6/17/2025,597.53,601.75,596.76,600.21
6/16/2025,602.68,604.45,600.22,600.4
6/13/2025,597,601.85,595.48,598.5
6/12/2025,603.75,603.75,599.52,600.01
6/11/2025,601.36,605.06,599.27,604.19
6/10/2025,603.08,603.47,599.09,600.22
6/9/2025,599.68,601.25,598.49,599.72
6/6/2025,599.14,600.83,596.86,598.66
6/5/2025,593.05,599,591.05,597.63
6/4/2025,595.93,597.95,595.49,596.96
6/3/2025,596.09,597.08,591.85,592.34
6/2/2025,592.71,592.79,585.06,587.76
5/30/2025,589.39,591.1299,583.235,588.93
5/29/2025,590.05,593.2,586.07,593.06
5/28/2025,587.73,592.7688,586.985,591.56
5/27/2025,591.15,591.31,578.43,586.07
5/23/2025,579.11,581.8101,575.6,575.98
5/22/2025,583.09,586.62,581.405,582.66
5/21/2025,582.86,592.58,581.82,588.44
5/20/2025,592.85,594.05,589.6,593.09
5/19/2025,594.85,595.54,588.1,588.1
5/16/2025,594.2,594.5,589.28,591.25
5/15/2025,590.46,590.97,585.0969,585.56
5/14/2025,587.59,588.98,585.535,587.81
5/13/2025,586.84,589.08,582.84,583.41
5/12/2025,582.99,583,577.04,581.47
5/9/2025,564.34,567.5,562.7637,566.48
5/8/2025,565.06,570.31,561.7,565.24
5/7/2025,561.15,563.82,556.04,560.15
5/6/2025,558.8,563.3476,556.96,557.93
5/5/2025,563.51,566.65,561.7,562.57
5/2/2025,566.76,568.38,562.38,564.73
5/1/2025,558.47,564.0699,557.86,560.37
4/30/2025,554.54,556.52,541.52,547.57
4/29/2025,554.32,555.45,548.55,548.91
4/28/2025,550.85,553.55,545.02,551.39
4/25/2025,550.64,551.05,543.69,546.65
4/24/2025,546.69,547.43,535.4504,536.715
4/23/2025,535.42,545.43,533.88,540.43
4/22/2025,527.25,529.305,519.1925,520.14
4/21/2025,513.88,521.7,508.46,521.16
4/17/2025,526.41,531.165,523.91,527.64
4/16/2025,525.66,537.8854,520.29,531.68
4/15/2025,537.61,543.23,536.81,539.675
4/14/2025,539.12,544.28,533.86,544.05
4/11/2025,533.94,536.43,520.07,523.01
4/10/2025,524.58,533.495,509.32,532.17
4/9/2025,548.62,548.62,493.05,493.44
4/8/2025,496.48,524.98,489.16,521.86
4/7/2025,504.38,523.17,481.8,489.19
4/4/2025,505.28,525.87,505.06,523.67
4/3/2025,536.7,547.97,536.7,545.11
4/2/2025,564.52,567.42,554.81,555.05
4/1/2025,560.97,562.94,553.68,557.45
3/31/2025,559.39,560.7112,546.87,549.83
3/28/2025,555.66,566.2675,555.07,565.53
3/27/2025,567.08,570.9,564.94,567.18
3/26/2025,568.59,576.33,567.19,575.19
3/25/2025,575.46,576.41,573.69,575.3
3/24/2025,574.08,575.15,570.2,570.8
3/21/2025,563.98,564.89,558.03,559.28
3/20/2025,565.49,570.57,562.6012,563.33
3/19/2025,567.13,570.95,561.63,562.83
3/18/2025,561.02,565.02,559.06,564.8
3/17/2025,567.15,569.71,562.35,562.79
3/14/2025,562.81,563.83,551.4917,556.11
3/13/2025,551.42,559.105,549.68,558.49
3/12/2025,558.87,563.11,553.69,562.17
3/11/2025,555.92,564.02,552.02,559.4
3/10/2025,560.58,569.54,555.59,567.59
3/7/2025,575.92,577.39,565.63,570.9
3/6/2025,572.71,580.1736,570.12,575.48
3/5/2025,583.06,584.88,573.0795,576.69
3/4/2025,576.86,585.39,572.25,579.71
3/3/2025,583.77,597.34,579.9,596.18
2/28/2025,594.18,594.72,582.44,585.56
2/27/2025,585.05,598.02,584.65,596.85
2/26/2025,594.54,599.58,591.8556,595.93
2/25/2025,594.24,597.89,589.56,597.15
2/24/2025,597.21,603.03,596.49,602.02
2/21/2025,599.94,610.3,599.47,610.16
2/20/2025,610.38,611.684,607.02,611.54
2/19/2025,612.93,613.23,609.56,610.08
2/18/2025,611.49,611.49,608.38,610.88
2/14/2025,609.7,610.99,609.07,609.94
2/13/2025,609.73,609.94,603.2,604.48
2/12/2025,603.36,604.55,598.51,599.2
2/11/2025,605.31,605.86,602.43,602.55
2/10/2025,604.85,605.4999,602.74,604.03
2/7/2025,600.77,608.13,600.05,606.89
2/6/2025,606.32,606.4525,602.63,605.99
2/5/2025,604.22,604.37,598.58,600.64
2/4/2025,601.78,602.3,597.28,597.83
2/3/2025,597.77,600.29,590.49,592.67
1/31/2025,601.82,609.96,601.05,607.5
1/30/2025,605.04,606.6,600.715,603.96
1/29/2025,601.81,604.13,599.22,603.72
1/28/2025,604.52,605.37,597.25,600.62
1/27/2025,599.37,599.69,594.64,594.81
1/24/2025,607.97,610.78,606.8,609.81
1/23/2025,609.75,609.75,605.52,605.8
1/22/2025,606.44,607.82,605.36,605.92
1/21/2025,603.05,603.06,598.67,600.67
1/17/2025,597.58,599.36,595.61,596.96
1/16/2025,591.64,594.35,590.93,594.175
1/15/2025,592.78,593.94,589.195,590.325
1/14/2025,582.19,585,578.35,584.36
1/13/2025,581.39,581.75,575.35,575.77
1/10/2025,580.49,585.95,578.55,585.88
1/8/2025,589.49,590.5799,585.195,588.7
1/7/2025,588.63,597.75,586.78,597.42
1/6/2025,595.36,599.7,593.6,596.27
1/3/2025,591.95,592.6,586.43,587.53
1/2/2025,584.64,591.13,580.5,589.39
12/31/2024,586.08,590.6399,584.42,589.905
12/30/2024,588.22,591.74,584.41,587.89
12/27/2024,595.01,597.7761,590.7647,597.54
12/26/2024,601.34,602.48,598.0825,599.5
12/24/2024,601.3,601.34,595.47,596.06
12/23/2024,594.69,595.3,587.661,590.89
12/20/2024,591.15,595.75,580.91,581.77
12/19/2024,586.1,593,585.85,591.36
12/18/2024,586.28,606.405,585.89,603.98
12/17/2024,604.29,605.17,602.885,604.19
12/16/2024,606.79,607.7795,605.21,606
12/13/2024,604.21,607.13,602.81,606.4
12/12/2024,604.33,607.16,604.33,606.58
12/11/2024,607.46,608.435,605.5,605.78
12/10/2024,602.8,605.8,602.13,605.37
12/9/2024,604.68,607.86,604.08,607.69
12/6/2024,607.81,609.07,607.02,607.44
12/5/2024,606.66,608.48,606.305,607.66
12/4/2024,607.66,607.91,604.95,605.63
12/3/2024,603.91,604.16,602.341,603.39
12/2/2024,603.63,604.32,602.47,602.97
11/29/2024,602.55,603.35,599.3805,599.66
11/27/2024,598.83,600.85,597.28,600.46
11/26/2024,600.65,601.33,598.07,598.8
11/25/2024,597.53,600.86,595.2,599.52
11/22/2024,595.51,596.15,593.1525,593.66
11/21/2024,593.67,595.12,587.45,593.4
11/20/2024,590.5,590.79,584.63,590.38
11/19/2024,590.3,591.045,584.03,584.71
11/18/2024,588.15,589.49,585.34,586.22
11/15/2024,585.75,590.2,583.86,589.72
11/14/2024,593.35,597.81,592.65,597.32
11/13/2024,597.19,599.23,594.96,597.37
11/12/2024,596.9,599.29,594.37,598.68
11/11/2024,598.76,600.17,597,599.81
11/8/2024,598.19,599.64,596.165,596.17
11/7/2024,595.61,596.65,592.9999,593.08
11/6/2024,591.04,591.93,585.39,589.2
11/5/2024,576.7,576.74,570.52,570.74
11/4/2024,569.81,572.5,567.89,571.18
11/1/2024,571.04,575.55,570.62,571.32
10/31/2024,568.64,575.63,568.44,575.56
10/30/2024,580.01,583.32,579.29,581.29
10/29/2024,581.77,582.907,578.43,579.85
10/28/2024,580.83,582.71,580.52,582.58
10/25/2024,579.04,584.46,578.08,581.51
10/24/2024,579.24,580.06,576.57,579.98
10/23/2024,577.99,581.7086,574.415,581.26
10/22/2024,583.32,584.5,580.38,581.05
10/21/2024,583.63,584.85,580.6001,583.85
10/18/2024,584.59,585.39,582.58,584.07
10/17/2024,582.35,586.12,582.16,585.91
10/16/2024,582.3,582.83,578.96,579.78
10/15/2024,579.78,584.9,578.545,584.59
10/14/2024,584.32,585.27,580.73,581.22
10/11/2024,579.58,580.33,575.91,576.05
10/10/2024,576.13,577.58,574.49,575.77
10/9/2024,577.14,577.71,572.55,573.16
10/8/2024,573.17,573.78,569.5299,570.42
10/7/2024,567.8,571.9599,566.63,571.3
10/4/2024,572.98,573.36,568.1,572.35
10/3/2024,567.82,569.8025,565.49,567.36
10/2/2024,568.86,569.9,565.27,567.71
10/1/2024,568.62,574.0622,566,573.4
9/30/2024,573.76,574.38,568.08,570.42
9/27/2024,571.47,574.22,570.42,573.39
9/26/2024,572.3,574.71,569.9,574.38
9/25/2024,570.04,571.89,568.91,571.14
9/24/2024,571.3,571.36,567.6,570.48
9/23/2024,569.67,570.3325,568.1,569.34
9/20/2024,568.25,569.31,565.17,567.84
9/19/2024,570.98,572.88,568.08,571.01
9/18/2024,561.4,568.69,560.83,563.74
9/17/2024,563.07,566.58,560.795,565.1
9/16/2024,562.84,563.11,559.9,561.74
9/13/2024,562.01,563.03,559.45,559.71
9/12/2024,559.09,559.4,552.74,555.01
9/11/2024,554.42,555.36,539.96,548.7
9/10/2024,548.79,549.15,543.38,548.36
9/9/2024,546.41,547.71,542.68,544.65
9/6/2024,540.36,551.6,539.44,549.94
9/5/2024,549.61,553.7995,547.1,550.89
9/4/2024,550.95,554.43,549.46,550.2
9/3/2024,552.08,560.81,549.51,560.47
8/30/2024,563.68,564.2,557.14,560.77
8/29/2024,558.35,563.68,557.18,560.31
8/28/2024,558.3,561.65,555.04,561.21
8/27/2024,561.56,562.06,558.32,559.49
8/26/2024,560.79,563.91,559.05,563.18
8/23/2024,562.13,563.09,557.29,559.53
8/22/2024,556.22,563.18,554.98,562.56
8/21/2024,560.62,562.11,554.73,559.77
8/20/2024,558.7,560.84,557.325,559.15
8/19/2024,559.61,559.61,553.86,554.73
8/16/2024,554.31,555.02,551.26,551.42
8/15/2024,553.07,553.36,548.88,549.5
8/14/2024,543.75,544.96,540.12,542.85
8/13/2024,542.04,542.28,536.28,536.53
8/12/2024,533.27,535.73,530.95,534.21
8/9/2024,532.99,534.51,528.56,529.81
8/8/2024,530.65,531.29,521.84,523.91
8/7/2024,518.66,531.59,518.0519,528.47
8/6/2024,522.15,529.75,517.87,519.22
8/5/2024,517.38,523.58,510.27,511.64
8/2/2024,532.9,536.99,528.6,535.75
8/1/2024,543.01,554.8688,539.43,552.57
7/31/2024,550.81,553.5,547.5799,548.98
7/30/2024,542,547.34,538.515,546.26
7/29/2024,544.76,547.05,542.72,546.02
7/26/2024,544.44,547.19,541.49,542.28
7/25/2024,538.41,547.455,537.45,541.35
7/24/2024,541.23,549.17,540.29,548.86
7/23/2024,553.78,556.735,553.275,554.54
7/22/2024,554.65,555.27,551.02,553
7/19/2024,548.99,554.08,547.91,552.42
7/18/2024,552.66,559.52,550.43,558.51
7/17/2024,556.94,560.51,556.61,558.8
7/16/2024,564.86,565.16,562.1,562.865
7/15/2024,561.53,564.8371,559.63,562.03
7/12/2024,559.99,563.67,557.15,557.63
7/11/2024,556.48,562.33,555.83,561.44
7/10/2024,561.32,561.67,556.77,557.07
7/9/2024,555.82,557.18,555.52,556.26
7/8/2024,555.28,556.2501,554.19,555.44
7/5/2024,554.64,555.05,551.12,551.77
7/3/2024,551.46,551.83,548.65,548.69
7/2/2024,549.01,549.01,543.65,543.7
7/1/2024,545.34,545.88,542.52,545.63
6/28/2024,544.22,550.28,542.95,547.16
6/27/2024,546.37,546.96,544.61,545.37
6/26/2024,545.51,546.24,543.03,543.69
6/25/2024,544.83,545.2,542.44,543.99
6/24/2024,542.74,546.95,542.62,544.33
6/21/2024,544.51,545.65,543.02,544.4
6/20/2024,547,550.12,545.18,549.44
6/18/2024,548.49,548.62,546.73,547.16
6/17/2024,547.1,548.53,541.6072,542.08
6/14/2024,542.78,542.81,539.85,540.88
6/13/2024,542.45,543.325,539.59,543.15
6/12/2024,541.36,544.12,540.3,541.63
6/11/2024,536.95,537.01,532.05,534.07
6/10/2024,535.66,535.99,532.57,533.18
6/7/2024,534.01,536.89,532.535,533.66
6/6/2024,534.66,535.42,532.68,534.98
6/5/2024,534.67,534.69,528.7254,530.77
6/4/2024,528.39,529.15,524.96,526.46
6/3/2024,527.8,529.31,522.6,529.02
5/31/2024,527.37,527.5,518.36,523.59
5/30/2024,522.61,525.2,521.33,524.52
5/29/2024,526.1,527.31,525.37,525.68
5/28/2024,529.81,530.51,527.11,530.27
5/24/2024,529.44,530.27,526.881,527.85
5/23/2024,525.96,533.07,524.72,532.96
5/22/2024,529.83,531.38,527.6,530.65
5/21/2024,531.36,531.52,529.07,529.28
5/20/2024,530.06,531.5601,529.17,529.57
5/17/2024,529.45,529.52,527.32,528.81
5/16/2024,528.69,531.5218,528.54,529.88
5/15/2024,529.78,530.08,525.18,525.83
5/14/2024,523.3,523.83,520.56,521.11
5/13/2024,520.91,522.67,519.74,522.56
5/10/2024,520.84,522.635,519.59,521.81
5/9/2024,520.17,520.2074,516.705,517.38
5/8/2024,517.19,517.74,515.14,515.26
5/7/2024,517.14,518.57,516.45,517.56
5/6/2024,516.57,516.61,513.3,513.75
5/3/2024,511.29,512.55,508.56,511.16
5/2/2024,505.03,505.89,499.55,504.15
5/1/2024,500.35,508.19,499.865,501.38
4/30/2024,501.98,509.56,501.98,508.56
4/29/2024,510.06,510.75,507.25,510.09
4/26/2024,508.26,509.88,505.7,506.35
4/25/2024,503.49,504.27,497.49,499.18
4/24/2024,505.41,507.37,503.13,506.56
4/23/2024,505.65,506.09,499.5328,501.78
4/22/2024,499.72,502.38,495.43,497.83
4/19/2024,495.16,500.455,493.86,499.44
4/18/2024,499.52,504.13,498.56,501.98
4/17/2024,500.55,506.22,499.12,506.05
4/16/2024,503.53,506.5,502.21,504.94
4/15/2024,504.45,515.3,503.58,515.13
4/12/2024,510.85,515.815,509.08,514.37
4/11/2024,518,519.48,512.08,515.68
4/10/2024,514.12,516.16,512.09,513.48
4/9/2024,519.32,520.75,514.35,520.5
4/8/2024,518.72,520.18,517.89,519.15
4/5/2024,518.43,520.44,514.01,514.46
4/4/2024,513.07,523.8674,512.755,523.52
4/3/2024,519.41,520.95,517.665,517.72
4/2/2024,518.84,518.98,516.48,518.24
4/1/2024,522.16,524.38,520.97,523.83
3/28/2024,523.07,524.61,522.78,523.21
3/27/2024,523.17,523.21,519.485,521.71
3/26/2024,518.81,521.58,518.4,521.23
3/25/2024,519.77,520.95,519.61,519.8
3/22/2024,521.21,522.605,520.97,522.11
3/21/2024,522.2,524.11,521.91,523.39
3/20/2024,520.48,520.62,515.08,515.77
3/19/2024,515.71,515.995,511.12,512.15
3/18/2024,512.86,515.48,512.44,514
3/15/2024,509.83,511.7,508.122,510.21
3/14/2024,514.95,517.125,511.82,516.97
3/13/2024,515.97,517.29,514.49,517.11
3/12/2024,516.78,517.38,510.86,513.45
3/11/2024,511.28,511.88,508.5,510.48
3/8/2024,511.72,518.2201,511.13,515.46
3/7/2024,514.81,515.89,509.8053,513.14
3/6/2024,509.75,512.069,508.42,510.55
3/5/2024,507.18,510.7,504.91,510.24
3/4/2024,512.3,514.2,512,512.03
3/1/2024,512.85,513.29,508.56,508.98
2/29/2024,508.08,509.74,505.35,508.07
2/28/2024,506.26,506.855,504.96,505.33
2/27/2024,506.93,507.16,504.75,506.7
2/26/2024,505.99,508.75,505.86,508.3
2/23/2024,507.85,510.13,507.1,509.27
2/22/2024,507.5,508.49,503.02,504.01
2/21/2024,497.21,497.37,493.56,495.42
2/20/2024,496.76,498.41,494.45,497.72
2/16/2024,499.51,502.87,498.75,501.7
2/15/2024,502.01,502.2,498.795,499.29
2/14/2024,498.57,499.07,494.4,496.79
2/13/2024,494.08,497.09,490.715,494.53
2/12/2024,500.98,503.5,500.24,501.17
2/9/2024,501.2,501.65,498.49,498.84
2/8/2024,498.32,498.71,497.26,498.1
2/7/2024,498.1,498.53,495.36,496.29
2/6/2024,493.98,494.32,492.05,493.52
2/5/2024,492.55,494.3778,490.23,493.695
2/2/2024,494.35,496.05,489.3,489.65
2/1/2024,489.2,489.23,483.8,484.63
1/31/2024,482.88,489.0813,482.86,488.62
1/30/2024,490.89,491.62,490.11,490.56
1/29/2024,491.27,491.415,487.17,487.73
1/26/2024,487.41,489.12,486.54,487.59
1/25/2024,488.03,488.305,485.39,487.575
1/24/2024,485.39,488.77,484.8819,487.81
1/23/2024,484.86,485.105,482.89,484.01
1/22/2024,483.45,485.22,482.78,484.01
1/19/2024,482.43,482.72,476.5374,477.65
1/18/2024,476.49,477.06,472.42,474.01
1/17/2024,472.29,472.79,469.87,471.82
1/16/2024,474.93,476.6098,473.06,475.26
1/12/2024,476.68,478.6,475.23,477.84
1/11/2024,476.35,478.12,472.26,477.59
1/10/2024,476.56,477.4481,473.87,474.16
1/9/2024,473.88,474.93,471.35,471.87
1/8/2024,474.6,474.75,468.3,468.43
1/5/2024,467.92,470.44,466.43,467.49
1/4/2024,467.28,470.96,467.05,468.3
1/3/2024,468.79,471.19,468.17,470.43
1/2/2024,472.65,473.67,470.49,472.16
12/29/2023,475.31,477.03,473.3,476.49
12/28/2023,476.69,477.55,476.26,476.88
12/27/2023,476.51,476.66,474.89,475.44
12/26/2023,475.65,476.58,473.99,474.07
12/22/2023,473.65,475.38,471.7,473.86
12/21/2023,472.7,472.975,468.84,471.33
12/20/2023,468.26,475.895,467.82,473.96
12/19/2023,474.84,474.92,472.45,472.53
12/18/2023,471.97,472.98,469.8929,470.98
12/15/2023,469.33,470.7,467.4263,469.49
12/14/2023,472.01,473.73,469.25,472.5
12/13/2023,470.5,470.7599,464.12,464.49
12/12/2023,464.1,464.2,460.6,461.63
12/11/2023,461.99,462.17,459.47,459.69
12/8/2023,460.2,460.745,457.21,457.46
12/7/2023,458.23,458.9,456.29,456.91
12/6/2023,454.76,458.84,454.31,458.81
12/5/2023,456.6,457.59,454.87,455.26
12/4/2023,456.69,459.1206,454.34,455.6
12/1/2023,459.1,459.65,455.16,455.77
11/30/2023,456.4,456.76,453.34,455.48
11/29/2023,454.61,458.32,454.2,457.15
11/28/2023,454.93,456.27,453.5,454.08
11/27/2023,454.48,455.4901,454.0799,454.65
11/24/2023,455.3,455.5,454.73,455.07
11/22/2023,455.02,456.38,453.8895,454.98
11/21/2023,453.27,454.131,451.9599,453.1842
11/20/2023,454.26,455.125,450.52,450.53
11/17/2023,450.79,451.42,449.29,450.24
11/16/2023,450.23,450.56,448.12,449.22
11/15/2023,449.68,451.38,448.8,450.11
11/14/2023,448.73,450.06,446.09,446.32
11/13/2023,440.19,441.33,438.42,439.23
11/10/2023,440.61,440.93,433.8335,435.98
11/9/2023,433.84,438.47,433.4,438.43
11/8/2023,437.25,438.09,434.87,437.55
11/7/2023,436.93,437.585,434.51,435.69
11/6/2023,435.69,436.1498,433.68,435.47
11/3/2023,434.69,436.29,433.01,433.14
11/2/2023,430.76,430.915,426.56,426.58
11/1/2023,422.66,423.5,418.6499,419.2
10/31/2023,418.2,418.53,414.21,416.18
10/30/2023,415.59,416.68,412.22,413.56
10/27/2023,410.68,414.6,409.21,414.19
10/26/2023,412.55,417.325,411.6,416.45
10/25/2023,417.55,421.92,417.015,421.89
10/24/2023,423.63,424.82,420.74,422.65
10/23/2023,420.46,424.45,417.8,419.61
10/20/2023,421.19,426.54,421.08,425.98
10/19/2023,426.43,432.82,425.725,430.95
10/18/2023,430.21,435.18,429.09,434.19
10/17/2023,436.02,438.14,432.45,432.81
10/16/2023,436.04,437.14,433.57,433.82
10/13/2023,431.5,436.45,429.88,435.21
10/12/2023,433.66,437.335,431.23,436.95
10/11/2023,436.32,436.58,433.18,435.64
10/10/2023,434.54,437.22,432.53,432.94
10/9/2023,432.29,432.88,427.0101,427.58
10/6/2023,429.54,431.125,420.6,421.97
10/5/2023,424.5,425.37,421.1701,424.36
10/4/2023,424.66,425.4299,420.56,422.07
10/3/2023,421.59,427.3729,420.18,425.06
10/2/2023,427.31,428.6,424.46,426.62
9/29/2023,427.48,431.85,425.91,431.67
9/28/2023,428.52,430.2499,424.87,425.48
9/27/2023,426.05,427.67,422.29,427.09
9/26/2023,425.88,429.82,425.02,429.09
9/25/2023,432.23,432.27,428.72,429.17
9/22/2023,430.42,434.1,429.99,432.45
9/21/2023,431.39,435.97,431.23,435.7
9/20/2023,438.64,444.435,438.43,444.01
9/19/2023,442.71,443.29,439.94,442.68
9/18/2023,443.63,444.97,442.56,443.05
9/15/2023,443.37,447.48,442.92,447.14
9/14/2023,450.36,451.08,447.715,449.07
9/13/2023,446.51,447.71,445.0793,446.22
9/12/2023,445.99,448.53,445.39,446.95
9/11/2023,448.45,448.77,446.4699,448.24
9/8/2023,445.52,447.11,444.53,444.9
9/7/2023,444.85,445.55,442.75,443.11
9/6/2023,446.22,448.51,443.81,448.4
9/5/2023,449.24,451.06,449.17,450.73
9/1/2023,451.19,453.67,449.68,453.17
8/31/2023,450.35,452.83,450.16,451.65
8/30/2023,451.01,451.67,448.78,449.51
8/29/2023,449.16,449.45,442.46,442.65
8/28/2023,442.76,443.4,439.9728,442.24
8/25/2023,439.97,441.3,435,438.68
8/24/2023,436.89,445.22,436.855,444.69
8/23/2023,443.03,443.67,439.1,439.25
8/22/2023,438.15,441.18,437.57,441.18
8/21/2023,439.34,440.11,435.32,437.55
8/18/2023,436.5,437.57,433.01,433.37
8/17/2023,436.29,441.43,435.75,441.16
8/16/2023,439.64,444.18,439.53,442.46
8/15/2023,442.89,446.64,442.3,446.27
8/14/2023,448.11,448.11,444.38,444.7
8/11/2023,445.65,446.7007,443.345,443.97
8/10/2023,445.91,451.7,444.7,448.19
8/9/2023,445.75,449.1999,444.96,449.03
8/8/2023,448.75,450.6952,445.2705,448.08
8/7/2023,450.71,450.865,447.99,448.71
8/4/2023,446.81,452.895,446.27,450.72
8/3/2023,448.84,450.79,447.37,448.04
8/2/2023,450.13,453.52,449.3499,453.25
8/1/2023,456.48,457.25,455.49,456.27
7/31/2023,457.79,458.16,456.045,457.41
7/28/2023,456.92,457.78,452.4918,455.88
7/27/2023,452.49,459.44,451.55,459.02
7/26/2023,455.51,456.99,453.38,454.47
7/25/2023,455.44,456.735,453.87,453.92
7/24/2023,454.2,455.04,452.298,453.37
7/21/2023,452.18,454.165,452.17,453.96
7/20/2023,452.18,455.1,451.44,454.17
7/19/2023,455.2,456.43,454.1119,455.01
7/18/2023,454.19,454.86,450.0484,450.5
7/17/2023,450.84,451.93,449.08,449.13
7/14/2023,449.28,451.36,448.49,450.475
7/13/2023,449.56,450.38,447.45,447.9
7/12/2023,446.02,447.4799,444.91,446.39
7/11/2023,442.46,442.97,439.44,440.45
7/10/2023,439.66,439.84,437.585,438.18
7/7/2023,438.55,442.64,438.3,438.63
7/6/2023,439.66,440.1,437.06,439.42
7/5/2023,443.13,443.889,441.9,441.91
7/3/2023,443.79,444.08,442.63,442.92
6/30/2023,443.28,444.3,441.11,441.44
6/29/2023,438.11,438.28,435.54,435.96
6/28/2023,436.39,437.44,434.41,435.05
6/27/2023,436.17,436.81,431.88,432.35
6/26/2023,431.44,434.61,431.19,432.62
6/23/2023,433.21,435.06,432.47,432.93
6/22/2023,436.51,436.62,433.6,433.95
6/21/2023,434.94,436.99,434.33,436.16
6/20/2023,437.18,438.37,435.03,437.45
6/16/2023,439.46,443.6078,438.97,443.02
6/15/2023,442.6,443.9,436.23,436.33
6/14/2023,437.18,439.0612,433.59,437.01
6/13/2023,436.66,437.33,434.63,435.32
6/12/2023,433.8,433.88,430.17,430.92
6/9/2023,429.9,431.99,428.87,429.96
6/8/2023,429.13,429.6,425.82,426.62
6/7/2023,426.55,429.62,426.11,428.44
6/6/2023,428.03,428.5772,425.99,426.67
6/5/2023,427.1,429.67,426.37,428.28
6/2/2023,427.92,428.74,423.95,424.5
6/1/2023,421.82,422.92,416.79,418.09
5/31/2023,417.85,419.22,416.22,418.28
5/30/2023,420.18,422.58,418.735,422.03
5/26/2023,420.02,420.77,415.25,415.33
5/25/2023,414.65,416.16,412.4101,414.74
5/24/2023,411.09,412.82,409.8795,412.42
5/23/2023,414.09,418.722,413.68,417.08
5/22/2023,418.79,420.39,417.35,418.64
5/19/2023,418.62,420.72,417.35,420.17
5/18/2023,419.23,419.67,414.67,414.9
5/17/2023,415.23,415.855,410.635,412.35
5/16/2023,410.25,412.815,410.24,411.86
5/15/2023,413.01,413.43,410.23,412.22
5/12/2023,411.59,413.64,409.07,413.42
5/11/2023,412.13,412.43,409.97,411.95
5/10/2023,412.85,414.535,408.87,413.88
5/9/2023,410.93,412.09,410.6894,411.13
5/8/2023,412.74,413.24,411.28,412.97
5/5/2023,412.63,413.72,408.64,408.91
5/4/2023,405.13,407.27,403.74,406.93
5/3/2023,408.02,413.87,407.77,411.36
5/2/2023,410.84,414.82,407.82,414.77
5/1/2023,415.51,417.62,415.265,415.47
4/28/2023,415.93,415.94,411.43,411.49
4/27/2023,412.41,412.69,406.74,407
4/26/2023,404.36,407.84,403.78,406.72
4/25/2023,406.08,411.16,406.02,410.58
4/24/2023,412.63,413.07,410.6,411.99
4/21/2023,412.2,412.68,410.17,412.19
4/20/2023,411.88,413.7,410.27,411.21
4/19/2023,414.14,415.08,412.16,412.22
4/18/2023,414.21,415.72,412.7802,415.58
4/17/2023,413.94,413.96,411.085,412.37
4/14/2023,412.46,415.09,410.06,412.81
4/13/2023,413.47,413.84,407.9922,409.18
4/12/2023,408.05,412.17,407.44,411.87
4/11/2023,409.72,411.18,408.92,410.26
4/10/2023,409.61,409.69,405.97,406.61
4/6/2023,409.19,409.48,405.678,406.77
4/5/2023,407.6,408.7,405.88,407.91
4/4/2023,408.67,411.92,407.24,411.62
4/3/2023,410.95,411.37,408.44,408.85
3/31/2023,409.39,409.7,404.55,404.66
3/30/2023,403.7,404.35,401.76,404.09
3/29/2023,401.35,401.6,398.68,399.925
3/28/2023,395.6,396.49,393.69,395.77
3/27/2023,396.49,398.92,395.56,398.12
3/24/2023,395.75,395.84,389.4,391.841
3/23/2023,393.17,399.29,390.35,395.09
3/22/2023,392.11,402.49,392.07,398.73
3/21/2023,398.91,399.41,395.58,397.24
3/20/2023,393.74,394.17,390.07,390.8
3/17/2023,389.99,394.4,388.55,393.22
3/16/2023,396.11,396.47,386.29,386.82
3/15/2023,389.28,389.49,383.71,385.89
3/14/2023,391.73,393.45,387.05,390.5
3/13/2023,385.36,390.39,380.65,381.81
3/10/2023,385.91,393.16,384.32,390.99
3/9/2023,391.56,401.48,390.53,399.74
3/8/2023,398.92,399.71,396.59,398.39
3/7/2023,398.27,404.67,397.625,404.42
3/6/2023,404.47,407.45,404.01,405.05
3/3/2023,404.19,404.45,399.03,399.71
3/2/2023,397.81,398.69,392.33,392.68
3/1/2023,394.74,396.69,393.38,395.41
2/28/2023,396.26,399.28,396.15,397.23
2/27/2023,397.73,401.29,396.75,399.87
2/24/2023,396.38,397.25,393.64,395.42
2/23/2023,400.66,402.2,396.25,401.56
2/22/2023,398.54,401.13,397.02,399.52
2/21/2023,399.09,404.16,398.82,403.06
2/17/2023,407.26,407.51,404.05,406.06
2/16/2023,408.28,412.91,408.14,408.79
2/15/2023,413.98,414.06,409.47,410.35
2/14/2023,412.64,415.05,408.511,411.24
2/13/2023,412.83,412.97,408.24,408.72
2/10/2023,408.04,408.44,405.01,405.86
2/9/2023,407.09,414.57,405.81,414.41
2/8/2023,410.65,414.53,409.93,413.13
2/7/2023,415.19,416.49,407.57,408.87
2/6/2023,409.83,411.29,408.1,409.79
2/3/2023,412.35,416.97,411.09,411.59
2/2/2023,416.78,418.31,412.88,414.86
2/1/2023,410.8,413.67,402.35,405.211
1/31/2023,406.48,406.53,400.77,401.13
1/30/2023,400.59,405.13,400.28,402.8
1/27/2023,405.68,408.16,403.44,403.655
1/26/2023,404.75,404.92,400.03,403.13
1/25/2023,400.35,400.7,393.56,395.95
1/24/2023,400.2,401.15,397.64,398.88
1/23/2023,400.63,402.645,395.72,396.72
1/20/2023,395.88,396.04,388.38,390.1
1/19/2023,388.64,391.08,387.26,389.36
1/18/2023,391.49,400.12,391.28,399.01
1/17/2023,397.77,400.23,397.06,398.48
1/13/2023,398.5,399.1,393.34,393.62
1/12/2023,396.96,398.485,392.42,396.67
1/11/2023,395.52,395.6,391.38,392.23
1/10/2023,390.58,390.65,386.27,387.25
1/9/2023,387.86,393.7,387.67,390.37
1/6/2023,388.08,389.25,379.4127,382.61
1/5/2023,379.38,381.84,378.76,381.72
1/4/2023,383.76,385.88,380,383.18
1/3/2023,380.82,386.43,377.831,384.37
12/30/2022,382.43,382.58,378.43,380.64
12/29/2022,383.44,384.35,379.08,379.63
12/28/2022,376.66,383.39,376.42,381.33
12/27/2022,381.4,383.15,379.65,382.79
12/23/2022,382.91,383.06,378.03,379.65
12/22/2022,380.72,386.2134,374.77,383.05
12/21/2022,386.23,387.41,382.69,383.25
12/20/2022,380.54,382.23,377.85,379.23
12/19/2022,380.02,383.82,378.28,383.47
12/16/2022,383.27,386.575,381.04,385.18
12/15/2022,389.63,395.25,387.885,394.3
12/14/2022,399.4,405.5,396.31,401.61
12/13/2022,401.97,410.49,399.07,410.22
12/12/2022,398.95,398.95,393.412,394.11
12/9/2022,393.28,397.62,393.15,394.94
12/8/2022,396.24,397.36,393.2684,395.14
12/7/2022,393.16,395.64,391.97,392.94
12/6/2022,393.83,399.99,391.64,399.42
12/5/2022,399.59,404.93,398.17,403.95
12/2/2022,406.91,407.86,402.14,402.25
12/1/2022,407.38,410,404.75,408.77
11/30/2022,407.68,407.68,393.48,395.49
11/29/2022,395.23,397.3,393.3,396.05
11/28/2022,395.91,400.81,395.11,399.09
11/25/2022,402.33,402.91,401.535,401.83
11/23/2022,402.42,402.93,399.31,399.55
11/22/2022,399.9,400.07,395.1527,396.63
11/21/2022,394.59,395.82,392.66,394.64
11/18/2022,396.03,397.81,393.04,397.74
11/17/2022,394.24,394.95,390.14,390.46
11/16/2022,395.45,397.78,394.79,396.78
11/15/2022,398.49,402.31,394.49,401.15
11/14/2022,395.12,400.1799,394.83,396.66
11/11/2022,398.51,399.35,393.61,395.59
11/10/2022,394.69,395.04,385.642,388.05
11/9/2022,374.13,381.14,373.61,379.93
11/8/2022,382,385.12,377.72,381.11
11/7/2022,379.95,380.57,375.53,377.71
11/4/2022,376.35,378.87,370,377
11/3/2022,371.01,374.2,368.79,371.465
11/2/2022,374.87,388.63,374.76,383.9
11/1/2022,384.52,390.39,383.29,390.14
10/31/2022,386.21,388.4,385.26,386.44
10/28/2022,389.02,389.52,379.68,379.87
10/27/2022,379.98,385,379.33,383.07
10/26/2022,382.02,387.58,381.35,381.62
10/25/2022,384.92,385.25,378.671,378.79
10/24/2022,378.87,380.06,373.11,375.89
10/21/2022,374.29,374.8,363.54,365.12
10/20/2022,365.41,372.67,364.61,368.03
10/19/2022,368.5,371.85,365.55,368.99
10/18/2022,371.13,375.45,367.52,375.13
10/17/2022,366.82,367.9799,357.2808,364.01
10/14/2022,357.63,370.26,356.96,368.55
10/13/2022,365.97,367.51,348.11,349.205
10/12/2022,356.56,359.8179,356.3,358.17
10/11/2022,357.74,363.03,355.71,358.235
10/10/2022,360.02,364.21,357.67,363.96
10/7/2022,362.79,373.2933,360.94,368.97
10/6/2022,373.2,378.72,372.68,375.62
10/5/2022,377.09,379.46,370.95,373.39
10/4/2022,377.97,378,366.5677,372.4
10/3/2022,366.61,368.55,359.21,361.08
9/30/2022,357.18,365.91,357.04,361.8
9/29/2022,362.79,367.11,359.7,366.81
9/28/2022,370.53,372.3,362.6,364.38
9/27/2022,363.38,370.4,360.87,368.02
9/26/2022,364.31,370.21,363.0299,366.41
9/23/2022,367.95,370.62,363.29,370.58
9/22/2022,374.22,378.3,373.44,376.58
9/21/2022,377.39,389.31,377.38,386.11
9/20/2022,384.09,386.12,381.195,385.06
9/19/2022,388.55,388.55,382.1784,382.26
9/16/2022,385.56,386.25,382.11,384.14
9/15/2022,390.12,395.96,388.78,392.96
9/14/2022,394.6,396.2,391.12,394.47
9/13/2022,393.1,403.1,391.92,401.83
9/12/2022,410.97,411.73,408.46,408.78
9/9/2022,406.6,407.51,402.46,402.74
9/8/2022,400.38,400.86,394.12,395.39
9/7/2022,397.78,398.59,390.2,390.43
9/6/2022,390.76,394.12,388.42,393.13
9/2/2022,392.24,401.555,390.33,400.28
9/1/2022,396.42,396.78,390.04,392.89
8/31/2022,395.18,401.24,395.04,399.93
8/30/2022,398.21,404.1,396,403.85
8/29/2022,402.63,405.84,401.1999,402.2
8/26/2022,405.31,419.96,405.25,419.39
8/25/2022,419.51,419.56,414.09,415.24
8/24/2022,413.67,415.1101,411.39,412.11
8/23/2022,412.35,415.42,411.77,412.9
8/22/2022,413.35,417.23,412.4,417.05
8/19/2022,422.14,425.26,421.22,424.98
8/18/2022,427.89,428.61,425.5,426.86
8/17/2022,426.65,429.5,424.54,425.91
8/16/2022,429.7,431.73,426.88,427.73
8/15/2022,428.86,429.41,424.71,424.765
8/12/2022,427.1,427.21,421.03,422.03
8/11/2022,419.99,424.95,419.21,422.99
8/10/2022,419.99,420.14,416.72,418.78
8/9/2022,411.35,412.75,410.22,412.22
8/8/2022,412.99,417.62,411.83,415.25
8/5/2022,413.47,414.15,409.6,409.66
8/4/2022,414.17,415.09,412.44,414.37
8/3/2022,414.45,415.68,410,410.3
8/2/2022,408.06,413,406.82,409.12
8/1/2022,410.77,413.41,408.4,409.15
7/29/2022,411.99,413.03,406.77,407.58
7/28/2022,406.07,406.8,398.15,401.89
7/27/2022,401.04,402.88,394.05,394.36
7/26/2022,390.89,394.06,389.95,393.84
7/25/2022,395.57,396.47,393.21,395.75
7/22/2022,395.09,400.18,392.75,398.92
7/21/2022,398.79,398.84,391.63,394.16
7/20/2022,394.77,396.26,391.03,392.47
7/19/2022,392.27,392.87,385.39,386.08
7/18/2022,381.95,389.09,380.66,388.38
7/15/2022,385.13,385.25,380.54,382.55
7/14/2022,377.91,379.0498,371.04,373.61
7/13/2022,378.83,381.92,374.658,375.1
7/12/2022,380.83,386.16,378.99,383.65
7/11/2022,384.23,386.87,383.5,385.85
7/8/2022,388.67,390.64,385.66,387.27
7/7/2022,388.99,389.83,383.267,385.12
7/6/2022,383.25,385.87,379.6,382.11
7/5/2022,381.96,381.98,372.9,375.88
7/1/2022,381.24,381.7,373.8,376.56
6/30/2022,377.25,380.6582,372.56,376.24
6/29/2022,380.34,382.27,378.42,381.23
6/28/2022,380.65,393.16,380.53,390.23
6/27/2022,388.59,391.36,387.44,391.05
6/24/2022,390.08,390.09,381.365,381.4
6/23/2022,378.06,378.83,372.89,376.64
6/22/2022,374.39,378.72,370.18,370.62
6/21/2022,375.07,376.525,371.81,371.89
6/17/2022,365.86,369.38,362.17,365.51
6/16/2022,366.65,370.94,364.0799,370.51
6/15/2022,379.2,383.9,372.12,377.36
6/14/2022,373.87,377.94,370.59,376.85
6/13/2022,375,381.81,373.3,379.85
6/10/2022,389.8,395.7777,389.75,394.88
6/9/2022,401.44,411.74,401.44,409.34
6/8/2022,411.22,415.82,410.38,413.93
6/7/2022,415.74,416.22,407.61,408.1
6/6/2022,411.79,416.609,410.5523,414.78
6/3/2022,410.54,414.04,409.51,412.4
6/2/2022,417.39,417.44,407.04,409.42
6/1/2022,409.59,416.24,406.93,415.17
5/31/2022,412.93,416.46,410.03,413.55
5/27/2022,415.26,415.3801,407.7,407.91
5/26/2022,405.31,407.04,398.45,398.67
5/25/2022,397.37,399.45,391.89,392.31
5/24/2022,393.89,395.15,386.96,392.56
5/23/2022,396.92,397.73,390.38,392.83
5/20/2022,389.63,397.03,380.54,393.25
5/19/2022,389.46,394.14,387.11,388.62
5/18/2022,391.86,403.8,390.55,403.5
5/17/2022,408.32,408.57,402.5824,406.53
5/16/2022,400.09,403.97,397.6,399.98
5/13/2022,401.72,403.18,395.61,396.71
5/12/2022,392.34,395.8,385.15,389.37
5/11/2022,392.75,404.04,391.96,398.07
5/10/2022,399.09,406.08,394.82,404.49
5/9/2022,398.17,406.41,396.5,405.1
5/6/2022,411.34,414.8,405.73,411.1
5/5/2022,413.81,425,409.44,424.55
5/4/2022,429.06,429.66,413.7099,417.08
5/3/2022,416.38,418.93,413.36,415.01
5/2/2022,414.48,415.92,405.02,412.07
4/29/2022,412,425.87,411.21,423.59
4/28/2022,427.81,429.64,417.6,422.29
4/27/2022,417.27,422.92,415.01,417.24
4/26/2022,416.1,426.04,416.07,425.83
4/25/2022,428.51,428.69,418.84,423.67
4/22/2022,426.04,438.0825,425.44,436.91
4/21/2022,438.06,450.01,437.1,448.54
4/20/2022,444.71,447.57,443.48,446.92
4/19/2022,445.04,445.8,437.68,437.86
4/18/2022,437.97,439.75,435.61,436.81
4/14/2022,437.79,444.7301,437.68,443.55
4/13/2022,443.31,444.11,437.84,438.03
4/12/2022,438.29,445.75,436.6501,443.08
4/11/2022,439.92,445,439.39,444.11
4/8/2022,447.57,450.63,445.94,447.97
4/7/2022,448.77,450.69,443.53,445.59
4/6/2022,446.52,448.93,443.47,446.89
4/5/2022,451.03,457.83,449.82,455.22
4/4/2022,456.8,456.91,452.26,453.13
4/1/2022,452.92,453.46,449.14,453.31
3/31/2022,451.64,458.76,451.16,457.89
3/30/2022,458.7,461.195,456.465,460.34
3/29/2022,461.55,462.07,457.18,460.02
3/28/2022,455.91,455.91,450.06,452.06
3/25/2022,452.69,452.98,448.43,451.16
3/24/2022,450.49,450.5,444.76,445.94
3/23/2022,443.8,448.49,443.71,446.91
3/22/2022,449.59,450.58,445.86,445.86
3/21/2022,444.39,446.46,440.68,444.34
3/18/2022,444.52,444.86,437.22,438
3/17/2022,441.07,441.07,433.19,433.59
3/16/2022,435.62,435.68,424.8,429.89
3/15/2022,426.17,426.84,418.42,419.77
3/14/2022,417,424.55,415.79,420.89
3/11/2022,420.07,428.77,419.53,428.12
3/10/2022,425.48,426.43,420.44,422.52
3/9/2022,427.41,429.51,422.82,425.14
3/8/2022,416.25,427.21,415.12,419.62
3/7/2022,419.43,432.3018,419.36,431.55
3/4/2022,432.17,433.37,427.88,431.75
3/3/2022,435.71,441.11,433.8,440.47
3/2/2022,437.89,439.72,431.57,432.37
3/1/2022,429.98,437.17,427.11,435.04
2/28/2022,436.63,438.2,430.7,432.03
2/25/2022,437.75,437.84,427.86,429.61
2/24/2022,428.3,428.76,410.64,411.02
2/23/2022,421.95,433.26,421.35,432.66
2/22/2022,429.57,435.5,425.86,431.89
2/18/2022,434.23,438.66,431.82,437.33
2/17/2022,437.06,446.5652,436.42,443.22
2/16/2022,446.6,448.055,441.94,443.93
2/15/2022,446.1,446.28,443.18,443.73
2/14/2022,439.02,441.6,435.34,439.92
2/11/2022,440.46,451.605,438.94,449.41
2/10/2022,449.32,457.71,447.2,451.34
2/9/2022,457.54,457.88,455.005,455.22
2/8/2022,450.94,451.92,445.22,446.73
2/7/2022,447.26,450.99,445.85,449.51
2/4/2022,448.7,452.78,443.83,446.35
2/3/2022,446.6,452.97,445.71,450.95
2/2/2022,457.35,458.12,453.05,455.5
2/1/2022,452.95,453.63,446.9384,450.68
1/31/2022,449.91,450.28,439.81,441.24
1/28/2022,441.95,442,427.82,432.68
1/27/2022,431.24,441.59,429.45,438.26
1/26/2022,433.38,444.04,428.86,440.72
1/25/2022,434.47,439.72,427.15,433.06
1/24/2022,439.84,440.38,420.76,432.03
1/21/2022,437.98,448.06,437.95,445.56
1/20/2022,446.75,458.74,444.5,453.75
1/19/2022,451.75,459.6124,451.46,458.13
1/18/2022,456.49,459.96,455.31,459.74
1/14/2022,464.72,465.09,459.9,461.19
1/13/2022,464.53,472.88,463.44,472.19
1/12/2022,471.02,473.2,468.94,471.59
1/11/2022,469.75,469.85,462.05,465.23
1/10/2022,465.51,465.74,456.5973,462.7
1/7/2022,466.09,469.2,464.65,467.95
1/6/2022,467.94,470.82,465.43,467.89
1/5/2022,468.38,477.98,468.2801,477.16
1/4/2022,477.55,479.98,475.58,479.22
1/3/2022,477.71,477.85,473.85,476.3
12/31/2021,474.96,476.86,474.67,475.64
12/30/2021,476.16,479,475.67,477.93
12/29/2021,477.48,478.56,475.92,476.98
12/28/2021,476.87,478.81,476.06,477.72
12/27/2021,477.26,477.31,472.01,472.06
12/23/2021,470.6,472.19,468.64,468.75
12/22/2021,467.69,467.81,462.58,462.79
12/21/2021,463.06,463.21,456.31,458.61
12/20/2021,454.98,455.4,451.14,454.48
12/17/2021,459.87,464.74,458.06,461.55
12/16/2021,466.45,472.87,464.8,472.57
12/15/2021,470.6,470.86,460.74,463.42
12/14/2021,463.36,465.74,460.25,463.09
12/13/2021,466.57,470.56,466.27,470.19
12/10/2021,470.74,470.9,466.51,469.23
12/9/2021,466.35,469.6291,466.14,468.15
12/8/2021,469.52,470,466.83,468.7
12/7/2021,468.28,468.88,458.6546,464.41
12/6/2021,458.79,460.79,453.56,456.13
12/3/2021,453.42,460.3,448.92,459.17
12/2/2021,457.4,459.07,450.31,450.73
12/1/2021,450.5,464.67,450.29,461.64
11/30/2021,455.56,464.03,455.3,462
11/29/2021,464.6,466.56,461.73,464.07
11/26/2021,458.97,463.9,457.77,462.34
11/24/2021,469.44,469.57,465.19,466.06
11/23/2021,468.19,469.095,464.45,467.22
11/22/2021,467.57,473.54,467.35,470.89
11/19/2021,468.89,470.94,468.5,469.61
11/18/2021,469.73,470.01,466.34,469.24
11/17/2021,468.14,469.19,467.48,469
11/16/2021,469.28,470.485,467.07,467.15
11/15/2021,467.43,468.81,466.23,468.64
11/12/2021,467.27,467.86,464.11,465.12
11/11/2021,463.77,465.29,463.75,465.21
11/10/2021,463.62,467.38,462.04,465.58
11/9/2021,467.38,469.57,465.88,469.32
11/8/2021,468.93,470.23,468.2031,469.7
11/5/2021,468.53,470.65,466.92,469.28
11/4/2021,466.91,467,464.99,465.36
11/3/2021,464.72,465.15,460.83,461.3
11/2/2021,461.9,462.23,460.08,460.22
11/1/2021,460.04,460.7021,458.2,460.3
10/29/2021,459.25,459.56,455.56,455.87
10/28/2021,458.32,458.4,455.45,455.46
10/27/2021,453.94,457.16,453.86,456.45
10/26/2021,455.96,458.49,455.56,457.2
10/25/2021,455.55,455.9,452.39,454.28
10/22/2021,453.12,454.67,451.05,453.13
10/21/2021,453.59,453.829,451.31,451.77
10/20/2021,452.41,452.732,451.01,451.13
10/19/2021,450.64,450.71,448.27,448.92
10/18/2021,447.19,447.55,443.27,443.97
10/15/2021,445.87,446.26,444.09,444.75
10/14/2021,442.5,442.66,438.58,439.08
10/13/2021,435.18,436.05,431.54,434.71
10/12/2021,433.62,436.1,432.78,435.67
10/11/2021,434.69,440.26,434.62,437.16
10/8/2021,437.86,439.89,437.19,439.48
10/7/2021,438.66,441.68,438.2,438.39
10/6/2021,434.9,435.1199,427.54,429.27
10/5/2021,433.1,435.49,429.39,430.24
10/4/2021,428.64,433.96,426.36,433
10/1/2021,434.24,436.0329,427.23,430.98
9/30/2021,429.14,436.77,428.78,436.02
9/29/2021,434.45,437.04,433.85,435.19
9/28/2021,433.72,440.04,432.94,439.69
9/27/2021,442.64,444.05,441.9,442.81
9/24/2021,443.91,444.67,441.21,441.44
9/23/2021,443.18,444.89,439.6,439.85
9/22/2021,437.86,440.03,433.747,436.05
9/21/2021,433.63,437.91,433.07,436.53
9/20/2021,434.04,436.56,428.86,434.88
9/17/2021,441.4,445.37,441.02,444.92
9/16/2021,447.17,448.36,444.02,447.32
9/15/2021,447.88,448.41,443.44,444.62
9/14/2021,444.17,448.34,443.22,448.12
9/13/2021,446.58,448.92,444.11,448.64
9/10/2021,445.44,451.49,445.31,451.04
9/9/2021,448.98,452.57,448.72,450.7
9/8/2021,450.91,451.67,448.86,450.89
9/7/2021,451.46,452.81,450.7423,452.71
9/3/2021,453.08,453.63,451.55,451.98
9/2/2021,453.19,454.05,451.91,453.32
9/1/2021,451.8,453.11,451.545,452.56
8/31/2021,451.56,452.49,450.92,452.13
8/30/2021,452.23,453.07,450.71,450.97
8/27/2021,450.25,450.65,447.06,447.12
8/26/2021,446.26,448.86,446.16,448.61
8/25/2021,448.91,449.457,447.77,448.17
8/24/2021,447.97,448.54,447.42,447.97
8/23/2021,447.26,448.23,443.4355,445.16
8/20/2021,443.36,443.71,439.71,440.23
8/19/2021,439.86,441.14,436.12,436.27
8/18/2021,439.18,444.625,438.92,442.96
8/17/2021,444.04,444.96,440.85,444.24
8/16/2021,446.97,447.11,442.87,444.53
8/13/2021,445.92,445.94,445.07,445.59
8/12/2021,445.11,445.2572,442.66,443.62
8/11/2021,443.78,443.882,442.62,443.82
8/10/2021,442.68,443.44,441.88,442.61
8/9/2021,442.13,442.795,441.31,442.46
8/6/2021,442.49,442.94,441.8,442.1
8/5/2021,441.76,441.85,439.88,440.22
8/4/2021,438.98,441.1243,438.73,439.78
8/3/2021,441.15,441.28,436.1,438.44
8/2/2021,437.59,440.93,437.21,440.34
7/30/2021,438.51,440.06,437.77,437.91
7/29/2021,440.65,441.8,439.81,439.815
7/28/2021,438.83,440.3,437.31,439.68
7/27/2021,439.01,439.94,435.99,439.91
7/26/2021,441.02,441.03,439.26,439.31
7/23/2021,439.94,440.3,436.79,437.52
7/22/2021,435.46,435.72,433.69,434.74
7/21/2021,434.55,434.7,431.0111,432.34
7/20/2021,431.06,432.42,424.83,425.68
7/19/2021,424.97,431.4089,421.97,426.19
7/16/2021,431.34,436.06,430.92,436.01
7/15/2021,434.75,435.53,432.72,434.81
7/14/2021,436.24,437.92,434.91,437.4
7/13/2021,435.59,437.84,435.31,436.24
7/12/2021,437.08,437.35,434.97,435.43
7/9/2021,435.52,435.84,430.714,432.53
7/8/2021,430.92,431.73,427.52,428.78
7/7/2021,434.46,434.76,431.51,433.66
7/6/2021,432.93,434.01,430.01,433.78
7/2/2021,433.72,434.1,430.5218,431.67
7/1/2021,430.43,430.6,428.8,428.87
6/30/2021,428.06,428.78,427.18,427.21
6/29/2021,427.7,428.56,427.13,427.88
6/28/2021,427.47,427.65,425.89,427.17
6/25/2021,426.61,427.0943,425.55,425.9
6/24/2021,425.1,425.55,424.62,424.89
6/23/2021,422.6,424.05,422.51,423.19
6/22/2021,423.11,424,420.08,420.85
6/21/2021,420.86,421.06,415.93,416.8
6/18/2021,414.92,417.8281,414.7,417.09
6/17/2021,421.97,423.02,419.32,421.67
6/16/2021,422.11,424.87,419.92,424.63
6/15/2021,424.48,425.46,423.54,425.42
6/14/2021,425.26,425.37,423.1,424.43
6/11/2021,424.31,424.43,422.82,424.2
6/10/2021,423.61,424.63,421.55,422.96
6/9/2021,421.65,423.26,421.41,423.18
6/8/2021,422.28,423.21,420.32,423.11
6/7/2021,422.19,422.78,421.19,422.59
6/4/2021,422.6,422.92,418.8422,420.75
6/3/2021,418.77,419.99,416.28,417.85
6/2/2021,420.33,421.23,419.29,420.37
6/1/2021,419.67,422.72,419.2,422.57
5/28/2021,420.04,421.25,419.79,420.97
5/27/2021,419.29,420.72,418.9851,420.17
5/26/2021,419.07,419.61,417.76,418.87
5/25/2021,418.24,420.71,417.62,420.33
5/24/2021,419.17,420.32,417.08,417.34
5/21/2021,414.94,418.2,414.45,416.87
5/20/2021,415.28,416.625,411.67,411.8
5/19/2021,410.86,411.05,405.33,406.92
5/18/2021,411.94,416.06,411.77,415.8
5/17/2021,415.52,416.39,413.36,415.39
5/14/2021,416.58,417.49,413.18,413.21
5/13/2021,410.28,412.35,407.02,407.07
5/12/2021,405.41,412.59,404,411.23
5/11/2021,414.21,415.27,410.06,413.1
5/10/2021,417.94,422.74,417.81,422.5
5/7/2021,422.12,422.815,419.16,419.89
5/6/2021,419.07,419.21,413.675,415.83
5/5/2021,415.75,417.63,414.94,417.38
5/4/2021,415.62,416.6,411.67,416.07
5/3/2021,418.2,419.84,417.665,419.43
4/30/2021,417.3,418.54,416.34,417.63
4/29/2021,420.06,420.72,416.44,420.32
4/28/2021,417.4,419.01,416.9,417.81
4/27/2021,417.52,418.14,416.3,417.93
4/26/2021,417.61,418.22,416.8111,417.44
4/23/2021,416.74,418.25,412.79,412.87
4/22/2021,412.27,416.78,411.13,415.89
4/21/2021,416.07,416.29,411.36,411.51
4/20/2021,412.17,415.0859,410.59,413.91
4/19/2021,415.21,416.74,413.79,416.26
4/16/2021,417.26,417.91,415.73,417.25
4/15/2021,415.87,416.16,413.69,413.74
4/14/2021,411.45,413.96,410.87,412.83
4/13/2021,412.86,413.529,411.12,411.53
4/12/2021,411.64,411.93,410.2,410.85
4/9/2021,411.49,411.67,408.26,408.39
4/8/2021,408.52,408.58,406.93,407.93
4/7/2021,406.59,406.96,405.45,405.94
4/6/2021,406.12,407.24,405.4,405.76
4/5/2021,406.36,406.94,403.38,403.46
4/1/2021,400.61,400.67,398.18,398.4
3/31/2021,396.33,398,395.31,395.34
3/30/2021,394.73,395.45,393.02,394.42
3/29/2021,395.78,396.75,392.81,394.4
3/26/2021,395.98,396.41,390.29,390.93
3/25/2021,389.7,390.55,383.9,385.98
3/24/2021,387.52,392.75,387.47,391
3/23/2021,389.5,393.46,388.66,391.91
3/22/2021,392.59,394.07,389.97,390.03
3/19/2021,389.48,391.569,387.15,389.88
3/18/2021,391.48,396.72,390.75,394.475
3/17/2021,397.26,398.12,393.3,394.53
3/16/2021,395.91,397.83,395.08,397.07
3/15/2021,396.41,396.685,392.03,394.33
3/12/2021,394.06,394.21,391.2,392.07
3/11/2021,393.53,395.65,391.74,392.23
3/10/2021,389.58,391.4,388.1702,389.69
3/9/2021,387.17,389.91,381.7299,385.85
3/8/2021,381.72,387.68,381.42,384.66
3/5/2021,383.63,384.76,372.64,380.46
3/4/2021,376.7,384,371.88,381.22
3/3/2021,381.42,386.83,381.31,385.79
3/2/2021,386.54,390.07,386,389.82
3/1/2021,389.58,390.92,380.572,385.59
2/26/2021,380.36,385.58,378.23,384.35
2/25/2021,382.33,391.88,380.7789,390.41
2/24/2021,391.77,392.23,385.27,386.33
2/23/2021,387.5,388.945,380.2,384.66
2/22/2021,387.03,389.62,386.74,387.06
2/19/2021,390.03,392.38,389.55,392.07
2/18/2021,390.72,391.515,387.74,389.59
2/17/2021,392.39,392.66,389.33,390.42
2/16/2021,392.3,394.17,391.53,393.96
2/12/2021,392.64,392.9,389.77,389.85
2/11/2021,390.71,391.69,388.1,391.24
2/10/2021,390.08,392.28,387.5,392.12
2/9/2021,390.25,390.89,389.17,389.61
2/8/2021,390.51,390.56,388.35,389.27
2/5/2021,387.71,388.47,386.1444,388.2
2/4/2021,386.19,386.24,381.9655,382.96
2/3/2021,381.85,383.7,380.48,382.435
2/2/2021,381.55,383.22,376.3181,379.65
2/1/2021,376.23,377.34,370.376,373.72
1/29/2021,370.07,376.67,368.27,375.63
1/28/2021,377.63,381.93,375.89,376.36
1/27/2021,374.41,380.32,372.01,380.22
1/26/2021,383.79,385.85,383.54,385.41
1/25/2021,384.39,384.77,378.46,383.67
1/22/2021,382.88,384.1256,381.835,382.25
1/21/2021,384.24,384.95,383.25,384.49
1/20/2021,383.89,384.79,380.69,381.11
1/19/2021,378.65,379.23,376.75,378.34
1/15/2021,375.7,377.58,373.7,376.72
1/14/2021,378.46,381.13,378.1,380.59
1/13/2021,379.79,380.86,377.85,378.69
1/12/2021,378.77,379.86,376.36,378.89
1/11/2021,378.69,380.58,377.7189,377.85
1/8/2021,381.26,381.49,377.1,380.59
1/7/2021,379.1,379.9,375.91,376.1
1/6/2021,373.55,376.98,369.12,369.71
1/5/2021,371.33,372.5,368.05,368.1
1/4/2021,368.79,375.45,364.82,375.31
12/31/2020,373.88,374.66,371.232,371.78
12/30/2020,371.99,373.1,371.57,372.34
12/29/2020,371.46,374,370.83,373.81
12/28/2020,372.17,372.59,371.07,371.74
12/24/2020,369,369.03,367.45,368.08
12/23/2020,367.57,369.62,367.2172,368.28
12/22/2020,367.24,368.3317,366.03,368.21
12/21/2020,367.86,378.46,362.03,364.97
12/18/2020,369.18,371.15,367.02,370.97
12/17/2020,372.24,372.46,371.05,371.94
12/16/2020,370.17,371.16,368.8676,369.82
12/15/2020,369.59,369.59,365.92,367.4
12/14/2020,364.66,369.8,364.47,368.64
12/11/2020,366.3,366.7402,363.26,364.9
12/10/2020,366.73,367.86,364.43,365.37
12/9/2020,366.85,371.05,365.95,370.88
12/8/2020,370.17,370.78,367.67,367.72
12/7/2020,369.09,369.62,367.72,369.02
12/4/2020,369.85,369.85,367.22,367.32
12/3/2020,366.69,368.19,365.5,366.68
12/2/2020,366.79,366.96,364.2,364.82
12/1/2020,366.02,367.68,364.93,365.57
11/30/2020,362.06,363.12,359.17,362.83
11/27/2020,363.67,364.18,362.58,363.84
11/25/2020,362.66,363.16,361.48,363.13
11/24/2020,363.22,363.81,359.29,360.21
11/23/2020,357.46,358.82,354.865,357.28
11/20/2020,355.33,357.72,355.25,357.5
11/19/2020,357.78,358.18,354.15,355.6
11/18/2020,356.28,361.5,356.24,360.91
11/17/2020,360.62,361.92,358.34,359.97
11/16/2020,362.57,362.78,359.59,360.98
11/13/2020,358.1,358.9,354.71,355.27
11/12/2020,353.21,356.7182,351.26,355.58
11/11/2020,356.67,357.56,355.06,356.4
11/10/2020,354.04,355.18,350.51,353.49
11/9/2020,354.56,364.38,354.06,363.97
11/6/2020,350.16,351.51,347.65,349.93
11/5/2020,350.24,352.19,348.86,349.24
11/4/2020,343.54,347.94,339.59,340.86
11/3/2020,336.03,338.25,330.2935,333.69
11/2/2020,330.2,332.36,327.24,330.2
10/30/2020,326.54,329.69,322.6,328.28
10/29/2020,329.98,333.395,325.09,326.91
10/28/2020,326.66,338.2483,326.13,332.1
10/27/2020,338.22,340.12,337.99,339.76
10/26/2020,339.39,342.98,335.62,342.13
10/23/2020,345.78,345.99,343.13,345.93
10/22/2020,344.61,345.24,340.65,342.96
10/21/2020,342.73,348.6847,342.4,343.33
10/20/2020,343.38,346.88,342.64,343.46
10/19/2020,342.01,349.33,341.04,348.65
10/16/2020,347.29,350.75,347.1,348.96
10/15/2020,347.5,348.02,343.13,343.71
10/14/2020,347.93,351.93,347.14,350.75
10/13/2020,350.13,352.4651,349.09,352.28
10/12/2020,352.43,354.02,349.06,349.59
10/9/2020,346.85,347.35,344.89,345.56
10/8/2020,343.78,343.85,341.86,342.85
10/7/2020,340.76,341.63,338.09,338.12
10/6/2020,334.93,342.17,334.38,339.91
10/5/2020,339.76,339.96,336.01,336.06
10/2/2020,333.84,337.0126,331.19,331.7
10/1/2020,337.04,338.74,335.01,337.69
9/30/2020,334.89,338.29,332.88,333.09
9/29/2020,332.37,334.77,331.6209,333.97
9/28/2020,334.19,334.96,332.15,333.22
9/25/2020,328.73,329.58,321.64,322.58
9/24/2020,323.5,326.797,319.8,321.22
9/23/2020,322.64,331.2,322.1,330.9
9/22/2020,330.3,330.9,325.86,328.57
9/21/2020,326.97,327.13,321.73,325.7
9/18/2020,330.65,335.49,327.97,335.37
9/17/2020,335.84,337.6996,332.991,333.56
9/16/2020,338.82,343.06,338.52,341.51
9/15/2020,340.17,342.02,338.4683,341.12
9/14/2020,338.46,340.38,334.2208,337.49
9/11/2020,334.06,336.97,331,335.82
9/10/2020,333.89,342.53,332.85,341.82
9/9/2020,339.79,342.46,336.61,337.55
9/8/2020,333.21,342.64,332.88,336.71
9/4/2020,342.57,347.83,334.87,346.13
9/3/2020,345.39,356.38,342.59,355.87
9/2/2020,357.7,358.75,353.43,354.67
9/1/2020,352.6,352.71,349.24,350.21
8/31/2020,349.31,351.3,349.06,350.35
8/28/2020,350.58,350.72,348.15,349.44
8/27/2020,348.33,349.9,346.53,348.51
8/26/2020,347.57,347.86,344.17,344.76
8/25/2020,344.12,344.21,342.27,343.53
8/24/2020,342.92,343,339.4504,342.12
8/21/2020,339.48,339.72,337.55,337.92
8/20/2020,338.28,338.8,335.22,335.36
8/19/2020,337.23,339.61,336.62,339.05
8/18/2020,338.64,339.1,336.61,338.34
8/17/2020,337.91,338.34,336.8517,337.94
8/14/2020,336.84,337.42,335.62,336.41
8/13/2020,336.83,338.2514,335.83,336.61
8/12/2020,337.44,338.28,332.8377,335.44
8/11/2020,332.8,337.54,332.01,336.85
8/10/2020,335.57,335.77,332.955,335.06
8/7/2020,334.57,334.88,332.3,333.28
8/6/2020,334.33,334.46,331.13,331.4799
8/5/2020,332.11,332.39,331.18,331.47
8/4/2020,330.06,330.06,327.86,327.86
8/3/2020,328.79,329.62,327.73,328.32
7/31/2020,326.52,326.63,321.33,325.9
7/30/2020,323.96,324.41,319.64,321.9
7/29/2020,325.12,325.73,322.075,322.12
7/28/2020,321.17,323.64,320.85,322.43
7/27/2020,323.22,323.41,320.775,321.63
7/24/2020,320.88,321.99,319.246,320.95
7/23/2020,322.96,327.23,321.48,326.47
7/22/2020,326.86,327.2,324.5,324.62
7/21/2020,325.01,326.93,323.94,326.45
7/20/2020,324.32,325.13,320.62,321.43
7/17/2020,321.72,322.57,319.735,321.88
7/16/2020,320.79,321.28,319.09,319.79
7/15/2020,321.85,323.04,319.265,322.41
7/14/2020,318.92,319.76,312,313.3
7/13/2020,314.84,322.71,314.13,320.13
7/10/2020,317.59,317.88,312.76,314.31
7/9/2020,314.38,317.1,310.68,316.84
7/8/2020,316.18,316.3,312.7,314.61
7/7/2020,313.78,317.52,313.37,315.38
7/6/2020,317.05,317.68,315.56,316.37
7/2/2020,312.23,315.7,311.51,314.24
7/1/2020,310.52,311.89,309.07,309.57
6/30/2020,308.36,310.2,303.82,303.99
6/29/2020,304.46,304.61,298.93,301.41
6/26/2020,300.05,306.39,299.42,306.16
6/25/2020,307.35,307.64,301.28,303.47
6/24/2020,304.09,310.51,302.1,309.84
6/23/2020,312.05,314.5,311.6101,313.49
6/22/2020,310.62,311.05,306.75,307.99
6/19/2020,308.64,314.38,306.53,314.17
6/18/2020,311.78,312.3,309.51,310.005
6/17/2020,311.66,314.39,310.86,314.07
6/16/2020,312.96,315.64,307.67,315.48
6/15/2020,307.05,308.28,296.74,298.02
6/12/2020,304.21,309.08,298.6,308.24
6/11/2020,300.61,312.15,300.01,311.46
6/10/2020,319,322.39,318.2209,321.42
6/9/2020,320.79,323.2849,319.36,320.3
6/8/2020,323.2,323.41,319.63,320.22
6/5/2020,319.34,321.275,317.16,317.23
6/4/2020,311.36,313,309.08,311.11
6/3/2020,312.18,313.22,309.94,310.24
6/2/2020,308.08,308.13,305.1,306.55
6/1/2020,305.55,306.205,303.06,303.62
5/29/2020,304.32,304.96,299.47,302.46
5/28/2020,302.97,306.84,302.24,304.65
5/27/2020,303.53,303.57,296.87,302.12
5/26/2020,299.08,302.19,295.4646,301.93
5/22/2020,295.44,295.63,293.22,294.57
5/21/2020,294.88,297.67,293.6886,296.79
5/20/2020,296.93,297.87,295.57,295.82
5/19/2020,291.97,296.205,291.95,294.35
5/18/2020,295,296.75,292.7,293.05
5/15/2020,286.28,286.33,281.34,282.37
5/14/2020,284.97,285.11,272.99,278.95
5/13/2020,281.6,287.19,278.965,286.06
5/12/2020,286.67,294.24,286.52,293.79
5/11/2020,292.5,294,289.88,290.34
5/8/2020,292.44,292.95,289.86,291.09
5/7/2020,287.68,289.78,287.13,287.75
5/6/2020,284.25,288.46,283.78,288.04
5/5/2020,286.19,289.25,283.7134,286.64
5/4/2020,283.57,283.9,279.13,280.74
5/1/2020,282.79,290.6572,281.52,285.31
4/30/2020,290.48,293.3239,288.59,291.71
4/29/2020,293.21,294.88,290.41,291.53
4/28/2020,285.73,291.4,285.4,291.02
4/27/2020,287.05,288.27,284.62,285.12
4/24/2020,282.97,283.7,278.5,280.73
4/23/2020,279.08,283.94,278.75,280.49
4/22/2020,279.1,281,276.91,278.35
4/21/2020,273.04,278.04,272.02,276.73
4/20/2020,281.59,286.7912,281.35,282.61
4/17/2020,286.64,287.3,282.4,285.38
4/16/2020,279.1,280.03,275.76,279.15
4/15/2020,277.76,283.9407,275.46,277.57
4/14/2020,283.79,284.9,275.5106,280.98
4/13/2020,275.66,277.51,271.41,277.14
4/9/2020,278.2,281.2,275.47,277.58
4/8/2020,274.03,276,265.2542,267.96
4/7/2020,265.13,275.03,264.89,274.21
4/6/2020,264.86,267,248.1698,257.84
4/3/2020,248.19,253.32,245.22,250.76
4/2/2020,251.83,252.68,244.59,245.19
4/1/2020,246.15,257.6591,243.9,247.98
3/31/2020,257.75,263.33,256.22,260.56
3/30/2020,261.65,262.43,253.53,255.7
3/27/2020,253.42,260.81,251.05,253.27
3/26/2020,261.2,262.8,249.05,249.52
3/25/2020,246.79,256.35,239.75,244.87
3/24/2020,243.15,244.1,233.8,234.42
3/23/2020,222.95,229.6833,218.26,228.19
3/20/2020,228.8,244.47,228.5,242.53
3/19/2020,240.51,247.38,232.22,239.25
3/18/2020,240,248.37,228.02,236.25
3/17/2020,252.8,256.17,237.07,245.04
3/16/2020,239.85,256.9,237.36,241.18
3/13/2020,269.32,271.4754,248.5237,263.09
3/12/2020,248.11,266.66,247.68,256
3/11/2020,274.36,281.94,270.88,280.7
3/10/2020,288.42,288.52,273.5,284.64
3/9/2020,274.23,284.19,273.45,275.3
3/6/2020,297.46,298.78,290.23,293.15
3/5/2020,302.46,308.47,300.01,304.98
3/4/2020,312.86,313.1,303.33,306.12
3/3/2020,300.24,313.84,297.57,309.5
3/2/2020,309.09,309.16,294.46,298.21
2/28/2020,296.26,297.892,285.54,288.7
2/27/2020,297.51,311.5637,297.51,305.46
2/26/2020,311.5,318.11,310.7,314.18
2/25/2020,312.65,324.61,311.69,323.94
2/24/2020,322.42,333.5623,321.24,323.14
2/21/2020,333.48,335.81,332.58,335.47
2/20/2020,336.95,338.64,333.6817,337.7423
2/19/2020,338.34,339.08,337.48,337.79
2/18/2020,336.73,337.6677,335.21,336.51
2/14/2020,337.6,337.73,336.2,337.51
2/13/2020,337.06,338.12,335.56,335.8621
2/12/2020,337.42,337.65,336.43,336.83
2/11/2020,335.26,337.02,334.684,336.16
2/10/2020,334.68,334.75,331.19,331.23
2/7/2020,332.2,333.9941,331.6,332.82
2/6/2020,333.98,334.19,332.8,333.91
2/5/2020,332.86,333.09,330.67,332.27
2/4/2020,329.06,330.01,327.72,328.07
2/3/2020,324.12,326.16,323.22,323.35
1/31/2020,321.73,327.17,320.73,327
1/30/2020,327.68,327.91,323.54,324.36
1/29/2020,326.62,328.63,326.4,328.38
1/28/2020,326.89,327.85,323.6038,325.06
1/27/2020,323.5,325.12,322.66,323.03
1/24/2020,328.77,332.53,327.36,332.44
1/23/2020,331.72,332.1682,329.41,330.63
1/22/2020,331.34,332.95,331.17,332.24
1/21/2020,331.3,332.18,330.82,330.9
1/17/2020,331.95,332.18,330.8539,331.7
1/16/2020,330.92,330.92,329.45,329.7
1/15/2020,328.19,329.02,327.26,327.35
1/14/2020,327.45,328.62,326.844,327.47
1/13/2020,327.95,327.96,325.92,326.39
1/10/2020,325.71,327.46,325.2,327.2899
1/9/2020,326.65,326.73,325.52,326.16
1/8/2020,324.45,325.78,322.67,322.94
1/7/2020,322.73,323.54,322.24,323.02
1/6/2020,323.64,323.73,320.36,320.49
1/3/2020,322.41,323.64,321.1,321.16
1/2/2020,324.87,324.89,322.53,323.54
12/31/2019,321.86,322.13,320.15,320.53
12/30/2019,321.08,323.1,320.55,322.95
12/27/2019,322.86,323.8,322.28,323.74
12/26/2019,322.94,322.95,321.64,321.65
12/24/2019,321.23,321.52,320.9,321.47
12/23/2019,321.22,321.65,321.06,321.59
12/20/2019,320.73,321.9742,319.3873,320.46
12/19/2019,320.9,320.98,319.5246,319.8
12/18/2019,319.59,320.25,319.53,320
12/17/2019,319.57,320.25,319.48,319.92
12/16/2019,319.5,320.15,317.2542,319.22
12/13/2019,317.32,318.67,316.02,316.87
12/12/2019,317.13,317.99,314.17,314.43
12/11/2019,314.42,314.7,313.4393,314.03
12/10/2019,313.53,314.55,312.81,313.82
12/9/2019,313.88,315.18,313.8,314.44
12/6/2019,314.87,315.31,314.11,314.12
12/5/2019,312.02,312.25,310.58,312.23
12/4/2019,311.46,312.12,310.32,310.7
12/3/2019,309.55,309.64,307.13,308.65
12/2/2019,311.64,314.66,311.17,314.59
11/29/2019,314.31,315.13,314.06,314.86
11/27/2019,315.48,315.48,314.37,314.61
11/26/2019,314.08,314.28,313.06,313.41
11/25/2019,313.37,313.37,311.98,311.98
11/22/2019,310.96,311.24,309.85,311.09
11/21/2019,310.27,311.01,309.39,310.89
11/20/2019,310.77,311.85,309.06,311.28
11/19/2019,311.93,312.69,311.22,312.68
11/18/2019,312.02,312.28,311.03,311.53
11/15/2019,311.79,311.84,310.26,311.02
11/14/2019,309.55,309.64,308.09,308.79
11/13/2019,309.1,309.54,307.66,307.91
11/12/2019,309,309.99,308.15,308.75
11/11/2019,308.35,308.54,307.27,307.42
11/8/2019,308.94,309.0036,307.03,307.8
11/7/2019,308.18,309.65,307.66,308.57
11/6/2019,307.1,307.4,306.06,307.03
11/5/2019,307.03,307.9195,306.71,307.59
11/4/2019,307.37,308,306.96,307.85
11/1/2019,306.14,306.19,304.74,304.92
10/31/2019,303.33,304.13,301.73,304.13
10/30/2019,304.14,304.55,301.99,303.43
10/29/2019,303.21,304.23,302.86,303
10/28/2019,303.3,303.85,302.91,302.94
10/25/2019,301.6,302.2,299.6806,299.74
10/24/2019,300.37,301.07,299.4601,300.91
10/23/2019,299.88,299.94,298.495,298.73
10/22/2019,299.01,300.9,298.91,300.58
10/21/2019,299.99,300.21,298.935,299.42
10/18/2019,297.97,299.395,296.99,298.69
10/17/2019,299.28,300.24,298.515,299.68
10/16/2019,298.4,299.16,297.92,298.37
10/15/2019,298.88,299.7,296.97,297.1
10/14/2019,295.95,296.67,295.57,295.93
10/11/2019,296.28,298.74,296.1448,296.27
10/10/2019,293.24,294.21,291,291.18
10/9/2019,291.27,292.3,288.6559,290.75
10/8/2019,288.53,291.85,288.49,291.04
10/7/2019,293.08,295.26,292.77,293.47
10/4/2019,294.35,294.63,290.82,291.14
10/3/2019,290.42,290.45,284.82,287.81
10/2/2019,288.06,291.51,286.64,291.5
10/1/2019,293.24,298.455,293,297.74
9/30/2019,296.77,297.55,295.92,295.97
9/27/2019,295.4,297.9465,293.69,297.83
9/26/2019,297,297.86,295.45,297.63
9/25/2019,297.62,298.11,294.33,295.96
9/24/2019,295.87,299.84,294.81,299.41
9/23/2019,298.21,299,297.27,297.55
9/20/2019,298.28,300.67,297.41,300.36
9/19/2019,301.08,302.63,300.7103,301.53
9/18/2019,301.1,301.22,298.24,300.49
9/17/2019,300.92,301.02,299.75,299.94
9/16/2019,300.16,301.1378,299.45,299.84
9/13/2019,301.09,302.17,300.68,301.78
9/12/2019,301.29,302.46,300.41,301.25
9/11/2019,300.25,300.34,297.75,298.47
9/10/2019,298.13,298.2,295.97,297.36
9/9/2019,298.2,299.24,297.16,299.14
9/6/2019,298.05,298.76,297.42,298.17
9/5/2019,297.82,298.83,294.001,296.79
9/4/2019,294.04,294.055,292.31,293.14
9/3/2019,290.74,291.58,289.27,290.57
8/30/2019,292.45,294.2399,291.42,294.22
8/29/2019,292.58,293.16,290.61,291.72
8/28/2019,288.89,289.07,285.25,286.14
8/27/2019,286.87,289.95,286.03,289.54
8/26/2019,288,288,285.58,287.27
8/23/2019,284.85,292.76,283.47,290.92
8/22/2019,292.36,293.93,290.4,293.23
8/21/2019,292.45,292.86,291.72,292.48
8/20/2019,290.09,292.36,289.95,291.77
8/19/2019,292.33,293.08,291.44,292.19
8/16/2019,288.85,289.33,284.7138,286.48
8/15/2019,284.65,285.64,282.39,284.88
8/14/2019,283.9,292.4644,283.76,288.07
8/13/2019,292.55,294.15,287.36,287.74
8/12/2019,288.07,291.6052,287.02,289.96
8/9/2019,291.62,293.24,289.65,292.58
8/8/2019,293.62,293.62,289.01,289.62
8/7/2019,287.97,288.82,282.04,284.4
8/6/2019,287.8,288.04,284.28,285.91
8/5/2019,283.82,288.21,281.72,288.09
8/2/2019,292.62,294.12,290.9,293.85
8/1/2019,294.84,300.87,293.96,297.6
7/31/2019,297.43,301.2,295.2,300.99
7/30/2019,300.72,301.17,299.49,299.91
7/29/2019,301.46,301.93,300.85,301.88
7/26/2019,302.01,302.23,300.62,300.76
7/25/2019,300,301,299.11,300.94
7/24/2019,301.44,301.44,299.09,299.19
7/23/2019,300.03,300.03,298.22,299.14
7/22/2019,297.9,298.5,297.04,297.61
7/19/2019,297.17,300.07,296.96,300.04
7/18/2019,298.83,299.25,296.7,297.19
7/17/2019,297.74,299.93,297.74,299.75
7/16/2019,299.71,300.88,299.44,300.65
7/15/2019,300.75,301.13,300.19,301.13
7/12/2019,300.65,300.73,299.51,299.85
7/11/2019,299.31,299.58,298.2,299.32
7/10/2019,298.61,299.66,297.78,298.37
7/9/2019,297.19,297.52,295.48,295.54
7/8/2019,296.82,298.2579,296.22,297.01
7/5/2019,298.46,298.64,296.01,297.44
7/3/2019,298.8,298.82,297.02,297.18
7/2/2019,296.43,296.49,294.68,295.61
7/1/2019,295.66,296.92,294.33,296.68
6/28/2019,293,293.55,292.01,292.58
6/27/2019,291.5,292.06,290.89,291.31
6/26/2019,290.47,292.31,290.345,291.75
6/25/2019,290.76,293.73,290.64,293.7
6/24/2019,293.64,294.58,293.47,294.23
6/21/2019,294,295.52,293.76,294.13
6/20/2019,295.86,296.3093,293.1255,296.04
6/19/2019,293.06,293.65,291.47,292.55
6/18/2019,292.4,293.57,290.99,291.39
6/17/2019,289.37,290.22,289.18,289.52
6/14/2019,289.26,289.93,288.41,289.26
6/13/2019,289.58,289.98,288.62,289.4
6/12/2019,288.39,289.26,287.815,288.64
6/11/2019,288.9,291.4,288.1805,290.99
6/10/2019,288.97,290.82,288.8734,289.37
6/7/2019,287.65,288.85,285.74,285.93
6/6/2019,284.8,285.55,282.57,283.29
6/5/2019,282.96,282.99,280.32,282.33
6/4/2019,280.53,280.68,276.62,277.12
6/3/2019,274.57,276.5521,273.09,275.31
5/31/2019,275.27,277.12,275.24,276.2
5/30/2019,279.03,280.04,277.805,279.11
5/29/2019,278.27,279.36,276.71,278.91
5/28/2019,280.15,284.15,280.13,283.09
5/24/2019,282.78,284.2,282.09,283.74
5/23/2019,282.14,283.21,280.57,283.16
5/22/2019,285.63,286.69,285.1,285.45
5/21/2019,286.51,286.93,285.55,285.83
5/20/2019,283.95,285.43,283.12,284.06
5/17/2019,285.84,288.6,285.1207,285.14
5/16/2019,287.7,289.21,285.76,285.84
5/15/2019,285.06,285.77,281.36,281.59
5/14/2019,283.4,285.1,281.85,281.99
5/13/2019,280.86,283.49,279.93,282.42
5/10/2019,288.1,288.94,282.3,285.62
5/9/2019,286.66,287.33,283.3,285.23
5/8/2019,287.53,289.43,286.87,287.53
5/7/2019,287.93,290.81,285.81,290.15
5/6/2019,292.82,293.31,288.9,289.25
5/3/2019,294.03,294.34,291.2998,292.82
5/2/2019,291.18,292.7,289.52,291.68
5/1/2019,291.81,294.95,291.8,294.72
4/30/2019,294.02,294.34,291.92,293.49
4/29/2019,293.87,294.45,293.41,293.51
4/26/2019,293.41,293.49,291.2401,292.1
4/25/2019,292.05,292.78,290.73,292.12
4/24/2019,292.23,293.16,292.07,292.79
4/23/2019,292.88,293.14,290.42,290.68
4/22/2019,290.27,290.435,289.07,289.17
4/18/2019,290.02,290.32,288.66,290.1
4/17/2019,289.45,291.425,288.99,291.4
4/16/2019,290.16,291.01,289.5,290.95
4/15/2019,289.97,290.35,289.075,290.24
4/12/2019,290.16,290.47,288.261,290
4/11/2019,288.21,288.84,287.578,288.83
4/10/2019,288.29,288.3899,287.31,287.77
4/9/2019,287.31,288.08,286.7,287.72
4/8/2019,288.79,288.91,287.37,288.1
4/5/2019,288.57,288.63,287.6,287.92
4/4/2019,287.18,287.459,286.01,286.78
4/3/2019,286.42,287.76,285.75,287.32
4/2/2019,285.97,286.23,285.09,286.04
4/1/2019,285.83,286.16,284.4,284.7
3/29/2019,282.48,282.84,281.14,282.39
3/28/2019,280.71,281.21,279.07,280.35
3/27/2019,279.65,281.76,277.93,281.11
3/26/2019,281.12,282.18,279.56,280.99
3/25/2019,279.04,280.1853,277.64,278.87
3/22/2019,279.25,283.8034,279.18,283.22
3/21/2019,284.73,285.18,280.59,280.64
3/20/2019,281.55,283.5,280.32,282.16
3/19/2019,282.4,284.36,281.41,283.51
3/18/2019,282.33,282.66,281.3,281.55
3/15/2019,281.31,282.21,280.33,280.54
3/14/2019,281.16,281.84,280.6662,281.37
3/13/2019,281.34,282.38,280.3,280.48
3/12/2019,279.49,280.07,278.85,279.06
3/11/2019,278.44,278.62,275.23,275.26
3/8/2019,274.46,274.65,272.42,272.94
3/7/2019,275.01,276.99,274.07,276.83
3/6/2019,277.33,279.16,276.97,279.15
3/5/2019,279.02,279.76,278.41,279.54
3/4/2019,279.4,281.87,276.84,281.6
3/1/2019,280.42,280.88,278.82,280.44
2/28/2019,278.68,279.45,278.32,278.96
2/27/2019,279.2,279.59,277.48,278.52
2/26/2019,279.32,280.3,278.9,279.13
2/25/2019,279.52,281.31,279.43,280.73
2/22/2019,279.14,279.36,277.4029,278.11
2/21/2019,277.42,278.1,276.345,277.7
2/20/2019,278.41,278.92,277.25,277.81
2/19/2019,277.85,278.58,276.47,276.4813
2/15/2019,277.37,277.41,276.13,276.36
2/14/2019,274.38,275.64,272.87,273.78
2/13/2019,274.99,275.93,274.56,275.03
2/12/2019,274.1,274.52,272.34,272.42
2/11/2019,270.62,271.49,270.03,271.2
2/8/2019,270.47,270.58,267.83,268.75
2/7/2019,270.14,271.55,268.29,270.94
2/6/2019,272.74,273.34,271.92,272.79
2/5/2019,273.1,273.44,271.88,272.44
2/4/2019,271.96,272.03,269.36,270.11
2/1/2019,270.06,271.2,269.18,270.15
1/31/2019,269.93,270.47,267.27,267.51
1/30/2019,267.58,268.52,264.25,265.1
1/29/2019,263.41,264.55,262.48,263.92
1/28/2019,263.76,263.83,261.79,263.39
1/25/2019,265.78,266.7,263.6595,265.61
1/24/2019,263.55,264.2,262.08,263.21
1/23/2019,263.41,264.79,260.66,264.01
1/22/2019,262.86,265.06,261.06,264.82
1/18/2019,266.46,266.98,262.998,264.98
1/17/2019,262.96,263.92,259.96,260.01
1/16/2019,260.98,261.9666,260.6,260.83
1/15/2019,260.35,260.7,257.81,257.82
1/14/2019,257.4,258.3,256.41,256.86
1/11/2019,258.98,259.0098,257.03,257.68
1/10/2019,258.88,259.16,255.5,256.26
1/9/2019,257.97,258.91,256.19,257.56
1/8/2019,256.77,257.31,254,256.82
1/7/2019,254.38,255.95,251.69,252.69
1/4/2019,252.39,253.11,247.17,247.59
1/3/2019,244.21,248.57,243.67,248.23
1/2/2019,250.18,251.21,245.95,245.98
12/31/2018,249.92,250.19,247.47,249.56
12/28/2018,247.75,251.4,246.45,249.58
12/27/2018,248.07,248.29,238.96,242.57
12/26/2018,246.18,246.18,233.76,235.97
12/24/2018,234.34,240.8355,234.27,239.04
12/21/2018,240.7,249.71,239.98,246.74
12/20/2018,247.17,251.62,244.65,249.86
12/19/2018,251.26,259.4,249.35,255.17
12/18/2018,255.08,257.95,253.28,257.2
12/17/2018,255.36,260.65,253.525,259.4
12/14/2018,260.47,264.03,259.85,262.96
12/13/2018,265.37,267.49,264.12,266.52
12/12/2018,265.46,269,265.37,267.47
12/11/2018,264.13,267.87,262.48,267.66
12/10/2018,264.07,265.1613,258.62,263.37
12/7/2018,263.57,271.22,262.63,269.46
12/6/2018,269.84,269.97,262.44,265.92
12/4/2018,270.25,278.85,269.9,278.37
12/3/2018,279.3,280.4,277.505,280.28
11/30/2018,275.65,276.28,273.45,273.81
11/29/2018,273.98,275.55,272.43,273.71
11/28/2018,274.58,274.58,268.3272,269.6
11/27/2018,268.4,268.4,265.66,266.34
11/26/2018,267.5,267.75,265.34,265.78
11/23/2018,263.25,264.8234,263.07,263.18
11/21/2018,265.02,267.15,265.01,265.86
11/20/2018,264.12,267,263.15,265.36
11/19/2018,269.1,273.38,268.07,273.05
11/16/2018,273.73,274.75,271.21,271.79
11/15/2018,273.02,273.54,267.0102,268.78
11/14/2018,270.2,274.61,268.45,274.16
11/13/2018,272.06,275.325,271.25,273.09
11/12/2018,272.57,277.46,271.99,277.19
11/9/2018,277.76,279.24,276.18,279.03
11/8/2018,280.5,281.22,279.22,280.11
11/7/2018,281.01,281.1,277.08,277.56
11/6/2018,275.12,275.3,273.25,273.32
11/5/2018,273.39,274.01,271.35,272.44
11/2/2018,271.89,275.23,269.59,274.75
11/1/2018,273.51,273.73,270.38,271.6
10/31/2018,270.63,273.23,270.12,270.65
10/30/2018,267.77,268.12,263.12,263.67
10/29/2018,263.86,270.25,259.85,268.8
10/26/2018,265.33,271,262.29,265.92
10/25/2018,270.08,271.81,266.23,267.38
10/24/2018,265.32,273.76,264.7,273.33
10/23/2018,273.61,274.87,268.61,270.95
10/22/2018,275.01,277.36,274.41,277
10/19/2018,276.25,279.3,275.47,277.13
10/18/2018,276.4,280.07,274.97,279.4
10/17/2018,280.45,281.15,277.56,280.44
10/16/2018,280.4,280.82,276.07,276.6
10/15/2018,274.4,277.04,274.3,275.55
10/12/2018,275.95,277.09,272.37,276.77
10/11/2018,272.17,278.9,270.36,277.08
10/10/2018,278.3,286.91,277.88,286.83
10/9/2018,287.4,288.86,286.77,287.39
10/8/2018,287.82,288.22,285.5,287.05
10/5/2018,287.82,290.27,286.22,289.69
10/4/2018,289.44,291.24,287.66,291.18
10/3/2018,291.72,293.21,291.32,292.74
10/2/2018,291.56,292.355,291.14,291.56
10/1/2018,291.73,292.93,290.98,292.11
9/28/2018,290.72,291.28,289.95,289.99
9/27/2018,290.69,291.91,290.1,290.41
9/26/2018,289.88,292.24,289.41,290.91
9/25/2018,290.75,291.65,290.4833,291.53
9/24/2018,291.02,291.5,290.37,291.34
9/21/2018,291.99,293.22,291.81,293.09
9/20/2018,293.58,293.94,291.2363,292.64
9/19/2018,291.22,291.69,290.825,290.97
9/18/2018,290.91,291.58,289.55,289.58
9/17/2018,289.34,290.86,289.03,290.82
9/14/2018,290.88,291.27,290,291.06
9/13/2018,290.83,291.0384,289.995,290.32
9/12/2018,289.12,289.8,288.23,289.06
9/11/2018,289.05,289.55,286.975,287.37
9/10/2018,288.1,289.04,287.88,288.74
9/7/2018,287.6,288.7,286.71,286.98
9/6/2018,288.16,289.49,287,289.15
9/5/2018,289.03,289.64,287.89,289.41
9/4/2018,289.81,290.21,288.68,289.84
8/31/2018,290.31,290.81,289.29,289.84
8/30/2018,290.3,291.36,289.63,290.94
8/29/2018,291.48,291.74,289.8854,290.16
8/28/2018,289.92,290.4175,289.4,290.3
8/27/2018,289.78,289.9,288.68,288.86
8/24/2018,287.51,287.67,286.38,286.44
8/23/2018,285.79,286.94,285.43,285.97
8/22/2018,286.17,286.76,285.575,285.88
8/21/2018,286.34,287.31,285.7135,286.25
8/20/2018,285.67,285.97,285.06,285.57
8/17/2018,285.06,285.5601,283.37,283.83
8/16/2018,284.06,285.04,283.36,283.4
8/15/2018,281.78,282.54,280.16,282.38
8/14/2018,283.9,284.17,282.4833,282.92
8/13/2018,282.1,284.16,281.77,283.47
8/10/2018,283.16,284.055,282.36,283.45
8/9/2018,285.07,285.97,284.915,285.53
8/8/2018,285.46,285.91,284.94,285.39
8/7/2018,285.58,286.01,285.24,285.39
8/6/2018,284.64,284.99,283.2015,283.64
8/3/2018,283.6,283.6577,282.33,282.53
8/2/2018,282.39,282.58,279.16,279.39
8/1/2018,280.86,282.13,280.1315,281.56
7/31/2018,281.33,282.02,280.38,280.81
7/30/2018,279.95,281.69,279.36,281.51
7/27/2018,281.42,283.82,280.38,283.71
7/26/2018,283.34,284.11,283.09,283.2
7/25/2018,284.01,284.37,281.28,281.33
7/24/2018,281.61,282.56,280.63,281.79
7/23/2018,280.2,280.43,279.06,279.45
7/20/2018,279.68,280.48,279.5,279.77
7/19/2018,280,280.74,279.46,280.31
7/18/2018,281.06,281.18,280.06,280.56
7/17/2018,280.47,280.91,278.41,278.47
7/16/2018,279.34,279.803,278.84,279.64
7/13/2018,279.59,279.93,278.66,279.17
7/12/2018,279.37,279.43,277.6,278.28
7/11/2018,276.86,278.04,276.52,277.15
7/10/2018,278.9,279.01,278.08,278.41
7/9/2018,277.9,277.96,276.5,276.55
7/6/2018,275.42,275.84,272.715,273.14
7/5/2018,273.11,273.18,270.96,272.17
7/3/2018,270.9,272.98,270.42,272.87
7/2/2018,271.86,272.04,269.24,269.51
6/29/2018,271.28,273.66,271.1495,272.12
6/28/2018,270.89,271.75,268.49,269.29
6/27/2018,269.35,273.865,269.18,272.26
6/26/2018,271.6,272.56,270.79,271.64
6/25/2018,271,273.6162,269.1,273.44
6/22/2018,274.74,275.785,274.49,275.66
6/21/2018,274.24,275.98,273.68,275.96
6/20/2018,275.97,276.72,275.59,276.27
6/19/2018,275.5,275.75,273.53,274
6/18/2018,276.56,276.7,274.95,275.49
6/15/2018,277.13,277.51,275.35,276.6
6/14/2018,278.73,279.33,278.0599,279.01
6/13/2018,278.03,279.48,277.8,279.19
6/12/2018,278.92,279.33,278.19,279.03
6/11/2018,278.56,279.37,278.31,278.44
6/8/2018,278.19,278.25,276.66,276.85
6/7/2018,277.37,278.28,276.34,277.95
6/6/2018,277.4,277.52,275.09,275.79
6/5/2018,275.1,275.53,274.18,275.05
6/4/2018,274.9,275.185,274.26,274.53
6/1/2018,273.6,273.94,272.33,272.41
5/31/2018,270.94,272.49,270.255,272.15
5/30/2018,272.61,273.11,270.42,270.5
5/29/2018,269.02,271.17,267.76,270.31
5/25/2018,272.15,272.86,271.58,272.15
5/24/2018,272.8,273.22,270.78,272.91
5/23/2018,273.36,273.39,270.99,271.17
5/22/2018,272.61,274.25,272.24,273.96
5/21/2018,273.37,273.98,271.3512,273.01
5/18/2018,271.33,272.03,270.93,271.62
5/17/2018,272.01,273.23,271.13,271.94
5/16/2018,272.24,272.76,271.11,271.14
5/15/2018,271.1,271.61,270.03,271.59
5/14/2018,272.98,274.08,272.36,273.34
5/11/2018,272.85,273.15,271.58,272.16
5/10/2018,272.02,272.39,270.22,270.34
5/9/2018,269.5,269.865,267.09,267.68
5/8/2018,266.92,267.325,265.15,266.5
5/7/2018,266.92,268.02,266.11,266.89
5/4/2018,266.02,266.7892,261.15,261.52
5/3/2018,262.62,263.36,259.05,262.26
5/2/2018,263.2,265.68,262.76,264.76
5/1/2018,264.98,265.1,262.11,263.87
4/30/2018,264.51,267.89,264.43,267.26
4/27/2018,266.56,267.34,265.5,267
4/26/2018,266.31,267.2452,264.29,264.79
4/25/2018,263.63,264.13,260.85,262.91
4/24/2018,262.98,267.9762,261.28,267.73
4/23/2018,266.57,267.89,265.35,267.26
4/20/2018,266.61,269.06,265.61,268.81
4/19/2018,268.89,269.88,267.72,269.65
4/18/2018,270.39,271.3,269.87,270.69
4/17/2018,270.19,270.87,268.75,269.33
4/16/2018,267.33,268.2,266.07,267
4/13/2018,265.15,267.54,264.01,267.41
4/12/2018,265.93,267,265.06,265.26
4/11/2018,263.76,265.64,263.39,263.47
4/10/2018,265.15,266.04,262.98,264.27
4/9/2018,261,264.84,259.9356,261.37
4/6/2018,259.72,265.11,258,263.42
4/5/2018,265.64,266.64,264.32,265.55
4/4/2018,263.56,264.355,256.6,256.75
4/3/2018,260.77,261.31,256.84,258.87
4/2/2018,257.47,263.13,254.67,262.55
3/29/2018,263.15,265.26,259.8389,261.12
3/28/2018,259.83,262.64,258.58,260.75
3/27/2018,260.6,266.77,258.84,266.17
3/26/2018,265.11,265.43,259.41,262.13
3/23/2018,258.05,265.02,257.83,264.17
3/22/2018,263.67,268.87,263.36,267.91
3/21/2018,270.43,273.27,270.19,270.9
3/20/2018,270.95,271.67,270.18,270.94
3/19/2018,270.49,274.3957,268.62,273.35
3/16/2018,274.2,275.39,274.14,274.5
3/15/2018,275,276.61,274.43,275.88
3/14/2018,275.3,278.02,274.67,277.81
3/13/2018,276.72,280.41,276.03,279.84
3/12/2018,278.52,279.91,278.0801,279.2
3/9/2018,278.87,278.87,275.34,275.7
3/8/2018,274.1,274.24,272.42,273.55
3/7/2018,272.78,273.18,270.2,270.42
3/6/2018,272.88,273.39,271.18,273.3
3/5/2018,272.19,272.89,267.61,267.73
3/2/2018,269.08,269.72,264.82,265.8
3/1/2018,267.7,273.17,266,271.41
2/28/2018,271.65,276.19,271.29,275.68
2/27/2018,274.43,278.92,274.36,278.11
2/26/2018,277.9,278.01,275.26,275.93
2/23/2018,274.71,274.71,271.25,271.79
2/22/2018,270.4,273.05,269.64,271.1
2/21/2018,270.05,274.72,269.94,271.9
2/20/2018,271.4,273.67,270.5,272.03
2/16/2018,273.11,275.32,272.27,272.32
2/15/2018,273.03,273.04,268.77,271.57
2/14/2018,269.59,270,264.3,264.31
2/13/2018,266,266.62,263.31,263.97
2/12/2018,265.34,267.01,261.6644,263.83
2/9/2018,261.5,263.61,252.92,260.8
2/8/2018,257.63,268.17,257.59,268.01
2/7/2018,267.67,272.36,267.58,268.5
2/6/2018,269.13,269.7,258.7,259.94
2/5/2018,263.93,275.85,263.31,273.45
2/2/2018,275.45,280.23,275.41,280.08
2/1/2018,281.58,283.06,280.68,281.07
1/31/2018,281.9,283.3,280.68,282.73
1/30/2018,281.76,284.736,281.22,282.6
1/29/2018,284.68,286.43,284.5,285.93
1/26/2018,286.58,286.6285,283.96,284.25
1/25/2018,283.3,284.27,282.405,284.16
1/24/2018,283.18,284.7,281.84,284.02
1/23/2018,283.29,283.62,282.37,282.74
1/22/2018,282.69,282.69,280.11,280.17
1/19/2018,280.41,280.41,279.14,279.8
1/18/2018,279.14,279.96,278.58,279.48
1/17/2018,279.61,280.05,276.97,278.03
1/16/2018,276.97,280.09,276.18,279.35
1/12/2018,277.92,278.11,276.0819,276.42
1/11/2018,276.12,276.12,274.56,274.75
1/10/2018,274.12,274.42,272.92,273.68
1/9/2018,274.54,275.25,274.081,274.4
1/8/2018,273.92,274.1,272.98,273.31
1/5/2018,273.42,273.56,271.95,272.51
1/4/2018,271.61,272.16,270.5447,271.2
1/3/2018,270.47,270.64,268.96,268.96
1/2/2018,268.77,268.81,267.4,267.84
12/29/2017,266.86,268.55,266.64,268.53
12/28/2017,267.87,267.92,267.45,267.89
12/27/2017,267.32,267.73,267.01,267.38
12/26/2017,267.19,267.4377,266.885,267.05
12/22/2017,267.51,267.635,266.9,267.6
12/21/2017,267.58,268.385,267.3,267.74
12/20/2017,267.03,268.33,266.69,268.27
12/19/2017,267.17,268.53,267.09,268.48
12/18/2017,268.2,268.6,267.98,268.1
12/15/2017,266.51,267.04,265.39,265.45
12/14/2017,265.66,267.22,265.6,267.09
12/13/2017,266.75,267.56,266.65,267.06
12/12/2017,266.78,267.32,266.345,266.57
12/11/2017,266.31,266.38,265.4793,265.58
12/8/2017,265.51,265.52,264.0315,264.99
12/7/2017,264.07,264.43,262.94,263.09
12/6/2017,263.24,263.73,262.71,262.87
12/5/2017,263.19,265.15,263.04,264.43
12/4/2017,264.14,266.8,264.08,266.31
12/1/2017,264.46,265.31,260.76,264.76
11/30/2017,265.01,266.05,263.67,263.76
11/29/2017,262.71,263.63,262.2,263.02
11/28/2017,262.87,262.9,260.655,260.76
11/27/2017,260.23,260.75,260,260.41
11/24/2017,260.36,260.48,260.16,260.32
11/22/2017,259.76,260.15,259.57,260
11/21/2017,259.99,260.2,258.2627,259.18
11/20/2017,258.3,258.525,257.86,258.14
11/17/2017,257.86,258.5882,257.77,258.22
11/16/2017,258.62,259.04,257.4748,257.52
11/15/2017,256.44,257.22,255.63,256.62
11/14/2017,257.73,257.85,256.52,257.41
11/13/2017,258.33,258.59,257.27,257.31
11/10/2017,258.09,258.2926,257.37,257.73
11/9/2017,258.17,258.39,256.36,257.73
11/8/2017,259.11,259.22,258.15,258.47
11/7/2017,258.67,259.35,258.09,258.97
11/6/2017,258.85,259,258.22,258.3
11/3/2017,258.45,258.5,257.3,257.77
11/2/2017,257.59,257.75,256.19,257.41
11/1/2017,257.49,258.43,257.07,258.04
10/31/2017,257.15,257.44,256.805,257.18
10/30/2017,256.75,257.6,256.41,257.07
10/27/2017,257.71,257.89,255.6254,256.47
10/26/2017,255.62,256.3,255.48,255.99
10/25/2017,255.29,256.31,254,256.18
10/24/2017,256.56,256.83,256.15,256.6
10/23/2017,256.11,257.51,256.02,257.48
10/20/2017,257.11,257.14,255.7744,256.7
10/19/2017,255.79,255.83,254.35,254.83
10/18/2017,255.72,255.95,255.5,255.9
10/17/2017,255.47,255.52,254.98,255.23
10/16/2017,255.29,255.51,254.82,255.21
10/13/2017,254.95,255.27,254.64,255.14
10/12/2017,254.64,255.06,254.365,254.66
10/11/2017,255.02,255.02,254.32,254.51
10/10/2017,254.62,255.05,253.98,254.6
10/9/2017,253.95,254.7,253.65,254.63
10/6/2017,254.37,254.7008,253.85,254.15
10/5/2017,254.66,254.68,253.196,253.54
10/4/2017,253.16,253.44,252.56,252.69
10/3/2017,252.86,252.89,252.23,252.46
10/2/2017,252.32,252.32,251.2926,251.49
9/29/2017,251.23,251.32,250.13,250.34
9/28/2017,250.35,250.44,249.63,249.73
9/27/2017,250.05,250.49,248.87,249.88
9/26/2017,249.08,249.7,248.805,249.42
9/25/2017,248.93,249.5532,248.08,249.15
9/22/2017,249.44,249.63,249.02,249.05
9/21/2017,249.39,249.98,249.185,249.88
9/20/2017,250.06,250.19,248.92,250.07
9/19/2017,249.97,250.07,249.6,250
9/18/2017,249.72,250.12,249.28,249.61
9/15/2017,249.19,249.29,248.57,248.69
9/14/2017,250.09,250.32,249.6,249.8
9/13/2017,250.17,250.21,249.59,249.72
9/12/2017,250.05,250.09,249.42,249.63
9/11/2017,249.21,249.3,248.02,248.04
9/8/2017,246.58,247.11,246.3,246.54
9/7/2017,246.87,247.27,246.4,247.25
9/6/2017,246.9,247.28,246.23,246.84
9/5/2017,246.06,247.52,244.95,247.26
9/1/2017,247.84,248.33,247.67,247.92
8/31/2017,247.49,247.77,246.0473,246.72
8/30/2017,246.01,246.32,244.62,244.83
8/29/2017,244.85,245.15,242.93,243.06
8/28/2017,244.57,245.2,244.09,245.17
8/25/2017,244.56,245.61,244.39,244.9
8/24/2017,243.99,245.18,243.75,245
8/23/2017,244.56,245.05,244.16,244.33
8/22/2017,245.44,245.62,243.55,243.57
8/21/2017,242.9,243.2,241.83,242.64
8/18/2017,242.71,244.189,242.2,242.9
8/17/2017,243.09,246.6,243.09,246.24
8/16/2017,246.94,247.57,246.45,247.11
8/15/2017,246.51,247,246.16,246.98
8/14/2017,246.54,246.79,245.55,245.59
8/11/2017,244.12,244.8,243.75,244.02
8/10/2017,243.76,246.44,243.7,246.29
8/9/2017,247.25,247.31,246.06,246.47
8/8/2017,247.26,248.91,246.83,247.51
8/7/2017,247.87,247.87,247.37,247.49
8/4/2017,247.41,247.79,246.97,247.52
8/3/2017,246.96,247.34,246.64,247.31
8/2/2017,247.44,247.6,246.37,247.47
8/1/2017,247.32,247.5,246.716,247.46
7/31/2017,246.77,247.48,246.53,247.37
7/28/2017,246.91,247.06,246.13,246.65
7/27/2017,247.2,248,245.68,247.96
7/26/2017,247.43,247.79,247.13,247.75
7/25/2017,247.42,247.8,247.16,247.68
7/24/2017,246.82,246.98,246.28,246.79
7/21/2017,246.88,246.91,246.18,246.44
7/20/2017,247.1,247.42,246.47,247.28
7/19/2017,246.99,247,246.01,246.02
7/18/2017,245.66,245.72,244.67,245.06
7/17/2017,245.53,245.91,245.33,245.47
7/14/2017,245.56,245.97,244.31,244.43
7/13/2017,244.42,244.55,243.76,244.02
7/12/2017,244.01,244.2,243.3,243.3
7/11/2017,242.19,242.55,240.85,242.16
7/10/2017,242.37,242.8,241.76,241.95
7/7/2017,242.11,242.28,240.5645,241.21
7/6/2017,240.55,242.03,240.34,241.89
7/5/2017,242.77,243.01,241.7,242.63
7/3/2017,242.21,243.38,242.21,242.88
6/30/2017,241.8,242.71,241.575,242.28
6/29/2017,241.35,243.72,239.955,243.66
6/28/2017,243.49,243.715,242.23,242.5
6/27/2017,241.33,243.38,241.31,243.04
6/26/2017,243.29,244.38,243.045,243.9
6/23/2017,243.13,243.51,242.47,242.91
6/22/2017,242.84,243.53,242.64,242.96
6/21/2017,242.95,243.59,242.41,243.42
6/20/2017,243.01,244.26,242.99,244.25
6/19/2017,244.66,244.73,243.48,243.59
6/16/2017,242.64,242.83,241.6337,242.77
6/15/2017,243.77,243.91,242.36,242.68
6/14/2017,244.24,244.87,243.29,244.86
6/13/2017,244.55,244.61,243.5799,243.98
6/12/2017,243.36,243.42,242.38,243.13
6/9/2017,243.41,245.01,241.95,244.09
6/8/2017,243.78,244.33,243.17,243.77
6/7/2017,243.66,243.92,242.83,243.6
6/6/2017,243.21,243.98,243.12,243.34
6/5/2017,243.99,244.3,243.76,243.97
6/2/2017,244.17,244.35,243.08,243.42
6/1/2017,243.36,243.38,241.64,241.97
5/31/2017,241.44,241.88,240.64,241.84
5/30/2017,241.5,241.79,241.16,241.34
5/26/2017,241.71,241.9,241.45,241.54
5/25/2017,241.76,242.08,240.96,241.2
5/24/2017,240.61,240.73,239.93,240.32
5/23/2017,240.05,240.24,239.51,239.95
5/22/2017,239.52,239.71,238.82,238.9
5/19/2017,238.31,239.08,237.27,237.33
5/18/2017,236.77,237.75,235.43,235.73
5/17/2017,235.82,238.64,235.75,238.1
5/16/2017,240.08,240.67,239.63,240.64
5/15/2017,240.3,240.44,239.45,239.47
5/12/2017,238.98,239.4273,238.67,239.09
5/11/2017,239.38,239.57,238.13,239.35
5/10/2017,239.87,239.87,239.15,239.39
5/9/2017,239.44,240.19,239.04,239.96
5/8/2017,239.66,239.92,239.17,239.75
5/5/2017,239.7,239.72,238.68,239.19
5/4/2017,238.76,238.9225,237.78,238.83
5/3/2017,238.48,238.8775,237.7,238.29
5/2/2017,238.77,238.98,238.3,238.84
5/1/2017,238.68,239.17,238.195,238.68
4/28/2017,238.08,238.93,237.93,238.9
4/27/2017,238.6,238.95,237.98,238.77
4/26/2017,238.4,239.53,238.35,238.51
4/25/2017,238.55,238.95,237.81,237.91
4/24/2017,237.17,237.41,234.5628,237.18
4/21/2017,234.59,235.31,234.13,235.25
4/20/2017,235.34,235.845,233.78,234.15
4/19/2017,233.44,234.95,233.18,234.52
4/18/2017,233.87,234.49,233.08,233.72
4/17/2017,234.57,234.57,232.88,233.11
4/13/2017,232.51,234.49,232.51,233.64
4/12/2017,234.03,234.96,233.77,234.74
4/11/2017,235.06,235.18,233.34,234.9
4/10/2017,235.34,236.255,234.73,235.36
4/7/2017,235.2,236,234.64,235.15
4/6/2017,235.44,236.04,234.425,234.94
4/5/2017,234.78,237.39,234.54,236.26
4/4/2017,235.48,235.58,234.555,235
4/3/2017,235.33,236.03,233.91,235.8
3/31/2017,235.74,236.51,235.68,235.9
3/30/2017,236.29,236.52,235.27,235.47
3/29/2017,235.54,235.81,234.725,234.99
3/28/2017,235.32,235.81,233.14,233.27
3/27/2017,233.62,233.92,231.61,231.93
3/24/2017,233.86,235.04,232.96,234.38
3/23/2017,234.03,235.34,233.6,234
3/22/2017,234.28,234.61,233.05,233.77
3/21/2017,233.73,237.61,233.58,237.47
3/20/2017,236.77,237.36,236.32,237.03
3/17/2017,237.03,237.97,237.03,237.75
3/16/2017,238.48,239.2,238.1,239.11
3/15/2017,238.95,239.44,237.29,237.56
3/14/2017,236.9,237.24,236.19,237.18
3/13/2017,237.81,237.86,237.24,237.62
3/10/2017,237.69,238.02,236.59,237.97
3/9/2017,236.86,237.24,235.74,236.7
3/8/2017,236.56,237.64,236.4,237.34
3/7/2017,237,237.77,236.76,237.36
3/6/2017,237.71,238.12,237.01,237.5
3/3/2017,238.42,238.61,237.73,238.17
3/2/2017,238.27,239.57,238.21,239.56
3/1/2017,239.78,240.32,238.37,238.39
2/28/2017,236.47,236.95,236.015,236.67
2/27/2017,237.11,237.31,236.35,236.64
2/24/2017,236.74,236.7932,235.41,235.46
2/23/2017,236.44,236.9,235.56,236.88
2/22/2017,236.28,236.54,235.83,236.02
2/21/2017,236.49,236.69,235.51,235.52
2/17/2017,235.09,235.09,233.93,233.95
2/16/2017,234.72,235.155,233.85,234.96
2/15/2017,234.92,235.14,233.39,233.45
2/14/2017,233.7,233.71,232.16,232.56
2/13/2017,232.77,233.07,232.05,232.08
2/10/2017,231.51,231.77,230.6216,231
2/9/2017,230.6,230.95,229.52,229.56
2/8/2017,229.24,229.39,228.31,228.61
2/7/2017,228.94,229.6556,228.72,229.38
2/6/2017,228.93,229.326,228.54,228.87
2/3/2017,229.34,229.55,228.46,228.82
2/2/2017,227.77,228.1,226.82,227.2
2/1/2017,227.62,228.59,226.94,228.255
1/31/2017,227.53,227.6,226.32,226.98
1/30/2017,227.55,228.2,226.41,228.17
1/27/2017,228.97,229.59,228.76,229.42
1/26/2017,229.33,229.71,229.01,229.4
1/25/2017,229.57,229.57,228.51,228.7
1/24/2017,227.6,228.08,226.27,226.4
1/23/2017,226.15,226.805,225.27,226.35
1/20/2017,226.74,227.31,225.9719,226.7
1/19/2017,225.91,227,225.41,226.84
1/18/2017,226.75,226.8,225.9,226.535
1/17/2017,226.25,226.78,225.8,226.31
1/13/2017,227.05,227.4,226.69,226.73
1/12/2017,226.53,226.75,224.955,226.5
1/11/2017,227.1,227.1,225.59,226.36
1/10/2017,226.46,227.45,226.01,226.48
1/9/2017,226.46,227.0701,226.4163,226.91
1/6/2017,227.21,227.75,225.9,226.53
1/5/2017,226.4,226.58,225.48,226.27
1/4/2017,226.58,226.75,225.61,225.62
1/3/2017,225.24,225.83,223.8837,225.04
12/30/2016,223.53,224.83,222.73,224.73
12/29/2016,224.35,224.89,223.84,224.48
12/28/2016,224.4,226.59,224.27,226.57
12/27/2016,226.27,226.73,226,226.02
12/23/2016,225.71,225.72,225.21,225.43
12/22/2016,225.38,225.74,224.92,225.6
12/21/2016,225.77,226.45,225.77,226.25
12/20/2016,226.4,226.57,225.88,226.16
12/19/2016,225.53,226.02,225.08,225.24
12/16/2016,225.04,226.08,224.67,226.01
12/15/2016,226.81,227.81,225.8904,226.16
12/14/2016,225.88,228.23,225.365,227.41
12/13/2016,227.76,228.34,227,227.02
12/12/2016,226.25,226.96,225.76,226.4
12/9/2016,226.51,226.53,225.37,225.41
12/8/2016,225.15,225.7,224.26,224.57
12/7/2016,224.6,224.67,221.38,221.52
12/6/2016,221.7,221.7441,220.662,221.22
12/5/2016,221,221.4,220.42,220.65
12/2/2016,219.68,220.25,219.26,219.67
12/1/2016,219.57,220.73,219.15,220.73
11/30/2016,220.38,221.82,220.31,221.63
11/29/2016,220.91,221.44,220.17,220.52
11/28/2016,220.48,221.48,220.36,221.16
11/25/2016,221.52,221.56,221.01,221.1
11/23/2016,220.7,220.76,219.75,219.98
11/22/2016,220.58,220.79,219.73,220.51
11/21/2016,220.15,220.18,219,219.17
11/18/2016,218.5,219.27,218.29,219.07
11/17/2016,218.99,219.06,217.92,218.05
11/16/2016,217.87,218.14,217.42,217.56
11/15/2016,218.28,218.28,216.8,217.04
11/14/2016,216.59,217.27,215.72,217.03
11/11/2016,216.42,216.7,215.32,216.08
11/10/2016,216.92,218.31,215.22,217.3
11/9/2016,216.3792,217.1,212.34,212.37
11/8/2016,214.11,214.77,212.38,212.69
11/7/2016,213.15,213.19,211.3,211.45
11/4/2016,208.55,209.89,208.38,208.91
11/3/2016,208.78,210.24,208.46,209.99
11/2/2016,209.74,211.1,209.23,210.65
11/1/2016,211.01,212.99,209.6,212.93
10/31/2016,212.55,213.19,212.36,212.93
10/28/2016,212.54,213.93,211.71,213.14
10/27/2016,213.17,214.62,213.08,214.58
10/26/2016,213.74,214.42,212.93,213.21
10/25/2016,214.17,214.98,213.98,214.68
10/24/2016,214.89,215.32,214.48,215
10/21/2016,213.98,214.08,212.76,212.96
10/20/2016,213.88,214.53,213.11,213.87
10/19/2016,214.28,214.64,213.6,214.02
10/18/2016,213.71,214.31,213.27,214.24
10/17/2016,212.38,213.39,212.17,213.09
10/14/2016,213.12,214.69,213.03,214.15
10/13/2016,213.01,213.59,211.21,212.16
10/12/2016,213.71,214.32,213.01,213.59
10/11/2016,213.43,215.74,212.58,215.66
10/10/2016,216.16,216.7,215.985,216.155
10/7/2016,215.04,216.3,214.19,216.1
10/6/2016,215.78,216.04,214.735,215.37
10/5/2016,215.63,216.13,215.33,215.41
10/4/2016,214.68,216.17,213.99,215.91
10/3/2016,215.78,216.04,215.04,215.82
9/30/2016,216.3,217.12,215.36,215.65
9/29/2016,214.68,216.87,214.04,216.4
9/28/2016,216.64,216.82,214.71,215.83
9/27/2016,215.57,215.68,213.62,214.05
9/26/2016,214.24,215.23,214.01,215.02
9/23/2016,215.99,216.88,215.88,216.72
9/22/2016,217.18,217.53,216.71,217
9/21/2016,215.82,216.03,213.44,214.24
9/20/2016,213.42,214.59,213.38,214.41
9/19/2016,213.41,214.88,213.03,214.13
9/16/2016,213.37,213.69,212.57,213.48
9/15/2016,215.28,215.73,212.75,212.96
9/14/2016,213.15,214.7,212.5,213.29
9/13/2016,213.23,215.1499,212.5,214.84
9/12/2016,216.34,216.81,212.31,212.39
9/9/2016,213.28,217.03,213.25,216.97
9/8/2016,218.51,218.94,218.15,218.62
9/7/2016,219.01,219.22,218.3,218.84
9/6/2016,219.0308,219.12,217.86,218.7
9/2/2016,218.37,218.87,217.7,218.39
9/1/2016,217.39,217.73,216.03,217.37
8/31/2016,217.38,217.75,216.465,217.61
8/30/2016,218,218.59,217.35,218.26
8/29/2016,218.3608,218.665,217.4,217.44
8/26/2016,217.29,219.12,216.25,217.92
8/25/2016,217.7,218.19,217.22,217.4
8/24/2016,217.85,218.91,217.36,218.8
8/23/2016,218.97,219.6,218.9,219.25
8/22/2016,218.53,218.8,217.83,218.26
8/19/2016,218.54,218.75,217.74,218.31
8/18/2016,218.86,218.9,218.21,218.34
8/17/2016,218.37,218.53,217.02,218
8/16/2016,217.96,218.68,217.96,218.6
8/15/2016,219.09,219.5,218.88,218.89
8/12/2016,218.46,218.71,217.99,218.29
8/11/2016,218.65,218.94,217.95,218.26
8/10/2016,217.64,218.4038,217.23,218.31
8/9/2016,218.18,218.76,217.8,218.13
8/8/2016,218.05,218.52,217.74,218.4
8/5/2016,218.18,218.23,217.07,217.21
8/4/2016,216.4097,216.78,214.25,216.31
8/3/2016,216.18,216.245,215.13,215.48
8/2/2016,215.5492,216.83,214.57,216.65
8/1/2016,216.94,217.65,216.405,217.19
7/29/2016,217.12,217.54,216.13,216.46
7/28/2016,216.77,217.11,215.75,216.29
7/27/2016,216.52,217.27,215.62,217.19
7/26/2016,216.75,217.17,215.76,216.53
7/25/2016,216.65,217.06,215.97,217
7/22/2016,217.24,217.3,216.1,216.41
7/21/2016,216.265,217.22,215.75,216.96
7/20/2016,217.085,217.37,216.24,216.75
7/19/2016,216.19,216.23,215.63,215.92
7/18/2016,216.4092,216.6,215.67,215.97
7/15/2016,215.83,217.0125,215.308,216.78
7/14/2016,216.12,216.67,215.66,216.4
7/13/2016,214.92,215.45,214.35,215.44
7/12/2016,214.95,215.3,213.4308,214.53
7/11/2016,213.4,214.07,212.95,213.19
7/8/2016,212.65,212.94,210.7785,211.05
7/7/2016,209.526,210.6495,208.63,209.87
7/6/2016,209.66,209.8,207.06,207.83
7/5/2016,208.41,209.08,207.71,208.95
7/1/2016,209.9208,210.49,209.29,209.36
6/30/2016,209.475,209.54,206.56,207.21
6/29/2016,206.66,206.93,204.72,204.84
6/28/2016,203.1997,203.23,201.12,201.48
6/27/2016,199.6,201.6,198.65,201.59
6/24/2016,203.13,210.8463,202.72,203.63
6/23/2016,210.81,210.87,209.27,209.81
6/22/2016,208.1,209.5,207.93,208.65
6/21/2016,208.44,208.92,207.78,208.3
6/20/2016,207.85,209.61,207.75,208.82
6/17/2016,206.52,207.2,205.75,207.17
6/16/2016,208.37,208.57,205.59,206.73
6/15/2016,207.75,209.36,207.53,208.54
6/14/2016,208.04,208.74,206.9199,208
6/13/2016,208.4492,210.37,208.35,209.36
6/10/2016,210.07,210.86,209.43,210.46
6/9/2016,212.08,212.22,211.19,211.51
6/8/2016,212.37,212.52,211.6899,211.84
6/7/2016,211.68,212.34,211.5,211.525
6/6/2016,211.35,211.77,210.51,210.7
6/3/2016,210.28,210.69,208.86,210.25
6/2/2016,210.91,210.93,209.2399,209.8
6/1/2016,210.27,210.48,208.89,209.12
5/31/2016,209.84,210.69,209.18,210.56
5/27/2016,210.24,210.25,209.47,209.53
5/26/2016,209.34,209.71,208.97,209.44
5/25/2016,209.28,209.77,207.8691,208.67
5/24/2016,207.87,208.24,206.14,206.17
5/23/2016,205.21,205.84,204.985,205.51
5/20/2016,205.49,206.1,204.86,204.92
5/19/2016,204.2,204.54,202.78,204.06
5/18/2016,204.91,206.3,203.63,204.44
5/17/2016,204.8508,206.8,204.23,206.46
5/16/2016,206.78,207.34,204.89,204.96
5/13/2016,204.76,206.86,204.38,206.21
5/12/2016,206.56,207.4899,205.37,207.29
5/11/2016,206.5,208.54,206.5,207.91
5/10/2016,208.45,208.5,206.64,206.72
5/9/2016,205.8892,206.4,205.36,205.57
5/6/2016,205.72,205.77,203.88,204.06
5/5/2016,204.97,205.98,204.47,205.56
5/4/2016,205.01,205.85,204.42,204.99
5/3/2016,206.1592,206.8,205.28,206.52
5/2/2016,207.97,208.18,206.41,206.92
4/29/2016,206.3308,207.13,205.03,206.72
4/28/2016,207.4475,209.76,206.96,208.46
4/27/2016,209.35,209.81,208.05,208.47
4/26/2016,208.9192,209.52,208.36,209.04
4/25/2016,208.61,208.66,207.54,208.26
4/22/2016,208.97,209.29,207.91,208.55
4/21/2016,208.97,210.25,208.65,210.12
4/20/2016,210.1,210.92,209.39,209.95
4/19/2016,209.9,210.2,208.94,209.74
4/18/2016,209.2392,209.28,207,207.14
4/15/2016,207.78,208.1721,207.4,208.01
4/14/2016,208.01,208.6,207.6,208.07
4/13/2016,208.0008,208.1,206.84,207
4/12/2016,205.92,206.25,203.7,204.22
4/11/2016,204.0201,206.07,203.91,205.25
4/8/2016,204.4992,205.85,203.87,205.34
4/7/2016,203.95,205.56,203.09,205.14
4/6/2016,206.42,206.49,203.98,204.29
4/5/2016,204.1892,206.2642,203.89,204.67
4/4/2016,206.25,207.07,205.89,206.83
4/1/2016,206.92,207.14,203.98,204.35
3/31/2016,205.52,206.41,205.33,205.91
3/30/2016,206.02,206.87,205.59,206.3
3/29/2016,205.1208,205.25,202.4,202.76
3/28/2016,203.24,203.86,202.705,203.61
3/24/2016,203.12,203.16,201.74,202
3/23/2016,203.2092,204.33,203.01,204.11
3/22/2016,204.56,205.23,203.57,203.76
3/21/2016,204.67,204.94,203.8,204.07
3/18/2016,204.38,204.78,203.8,204.17
3/17/2016,204.63,205.23,202.77,203.24
3/16/2016,203.34,203.82,201.55,201.6
3/15/2016,202.17,202.5307,201.05,201.36
3/14/2016,202.5,203.04,201.77,202.16
3/11/2016,202.76,202.81,199.5179,201.26
3/10/2016,199.54,201.07,197.38,199.96
3/9/2016,199.38,199.79,198.43,199.36
3/8/2016,198.4,199.92,198.21,199.32
3/7/2016,200.59,201.07,199.25,199.34
3/4/2016,200.43,201.35,199.03,200.01
3/3/2016,199.775,199.795,198.11,198.79
3/2/2016,199,199.06,197.25,197.74
3/1/2016,198.11,198.21,194.4542,195.01
2/29/2016,193.56,196.23,193.33,195.11
2/26/2016,195.0892,196.68,194.9,196.57
2/25/2016,195.54,195.55,192.83,193.73
2/24/2016,193.2,193.53,189.32,190.63
2/23/2016,192.32,194.32,192.18,194
2/22/2016,194.78,194.95,193.79,193.87
2/19/2016,192,192.18,190.45,191.17
2/18/2016,192.09,193.27,191.72,193.2
2/17/2016,192.88,193.32,191.01,191.16
2/16/2016,189.78,189.81,187.63,188.77
2/12/2016,186.63,186.65,183.96,184.96
2/11/2016,182.86,184.1,181.09,182.34
2/10/2016,185.27,188.34,185.12,186.41
2/9/2016,185.43,186.94,183.2,183.36
2/8/2016,185.42,186.12,182.8,185.77
2/5/2016,187.95,191.6696,187.2,190.99
2/4/2016,191.6,192.75,189.96,190.71
2/3/2016,191.3,191.78,187.1,191.41
2/2/2016,190.16,191.97,189.54,191.96
2/1/2016,193.65,194.58,191.84,192.53
1/29/2016,193.7208,193.88,189.88,190.02
1/28/2016,189.11,190.2,187.16,189.96
1/27/2016,188.13,191.56,187.06,189.58
1/26/2016,190.2,190.53,188.02,188.42
1/25/2016,187.64,190.15,187.41,189.92
1/22/2016,190.52,190.76,188.88,189.78
1/21/2016,186.69,188.87,184.64,186.21
1/20/2016,185.65,187.495,181.02,185.03
1/19/2016,188.06,190.11,186.2,189.96
1/15/2016,187.81,188.76,185.52,186.77
1/14/2016,191.93,193.26,187.66,189.55
1/13/2016,188.83,194.86,188.38,194.45
1/12/2016,193.6608,194.55,191.14,193.82
1/11/2016,192.11,193.41,189.82,193.01
1/8/2016,191.923,195.85,191.58,195.19
1/7/2016,194.05,197.44,193.59,195.33
1/6/2016,198.82,200.06,197.6,198.34
1/5/2016,201.36,201.9,200.05,201.4
1/4/2016,201.0192,201.03,198.59,200.49
12/31/2015,203.87,205.89,203.87,205.13
12/30/2015,205.93,207.21,205.76,207.11
12/29/2015,207.4,207.79,206.47,206.51
12/28/2015,205.21,205.26,203.94,204.86
12/24/2015,205.68,206.33,205.42,205.72
12/23/2015,206.02,206.07,204.58,204.69
12/22/2015,203.5,203.85,201.55,202.715
12/21/2015,201.67,201.88,200.09,201.41
12/18/2015,200.0208,202.93,199.83,202.77
12/17/2015,204.86,208.48,204.84,208.4
12/16/2015,208.03,208.39,204.8,206.365
12/15/2015,205.0308,206.11,204.54,204.7
12/14/2015,202.9008,203.05,199.95,202.07
12/11/2015,201.88,204.14,201.51,203.35
12/10/2015,205.87,207.43,205.14,205.42
12/9/2015,205.34,208.68,204.18,206.19
12/8/2015,206.949,208.289,205.78,206.49
12/7/2015,208.35,209.7295,207.2,209.23
12/4/2015,209.62,209.97,205.93,206.08
12/3/2015,205.61,209.15,204.7511,208.83
12/2/2015,208.529,211,208.23,210.615
12/1/2015,210.68,210.82,209.11,209.44
11/30/2015,208.69,209.89,208.56,209.75
11/27/2015,209.56,209.8,208.86,209.43
11/25/2015,209.32,209.74,209.01,209.5
11/24/2015,209.35,209.83,207.41,207.87
11/23/2015,209.07,209.98,208.52,209.38
11/20/2015,209.3108,210.12,208.86,209.45
11/19/2015,208.55,209.05,208.2,208.59
11/18/2015,208.73,208.9,205.99,206.04
11/17/2015,205.47,207.04,204.88,205.99
11/16/2015,205.62,205.69,202.18,202.32
11/13/2015,202.54,204.67,202.435,204.35
11/12/2015,204.84,207.06,204.82,206.5
11/11/2015,207.74,208.94,207.66,208.88
11/10/2015,208.56,208.6,207.19,207.51
11/9/2015,208.08,209.49,206.95,209.31
11/6/2015,210.04,210.32,208.46,209.74
11/5/2015,210.15,210.98,209.09,210.43
11/4/2015,210.36,211.5,209.7201,211.35
11/3/2015,211,211.66,209.7,209.97
11/2/2015,210.39,210.62,208.17,208.32
10/30/2015,207.93,209.44,207.74,209.06
10/29/2015,208.83,209.27,208.21,208.35
10/28/2015,208.95,208.98,206.21,207
10/27/2015,206.6,207,205.79,206.2
10/26/2015,207,207.37,206.56,207.3
10/23/2015,207.51,207.95,206.3,207.25
10/22/2015,205.26,205.51,201.85,202.98
10/21/2015,201.85,203.79,201.65,203.61
10/20/2015,203.09,203.84,202.5471,202.85
10/19/2015,203.37,203.37,202.13,202.5
10/16/2015,203.27,203.29,201.92,202.83
10/15/2015,202.35,202.36,199.64,200.08
10/14/2015,199.29,200.87,198.94,200.18
10/13/2015,200.25,202.16,200.05,200.65
10/12/2015,201.52,201.76,200.91,201.42
10/9/2015,201.33,201.9,200.58,201.38
10/8/2015,201.21,201.55,198.59,198.95
10/7/2015,199.41,199.825,197.48,198.9
10/6/2015,197.79,198.98,197,198.31
10/5/2015,198.47,198.74,196.33,196.46
10/2/2015,195,195.03,189.12,189.77
10/1/2015,192.13,192.49,189.82,192.08
9/30/2015,191.63,191.825,189.44,190.37
9/29/2015,188.12,189.74,186.93,188.27
9/28/2015,188.01,191.91,187.64,191.78
9/25/2015,192.85,195,191.81,194.64
9/24/2015,192.9,193.45,190.56,192.15
9/23/2015,193.6,194.67,192.91,194.11
9/22/2015,193.91,194.46,192.56,193.88
9/21/2015,196.46,197.68,195.21,196.44
9/18/2015,195.45,198.6844,194.96,195.71
9/17/2015,199.73,202.89,199.28,200.02
9/16/2015,200.18,200.41,198.41,198.82
9/15/2015,198.46,198.99,195.9612,196.61
9/14/2015,196.01,197.01,195.43,196.95
9/11/2015,196.74,196.82,194.53,195.375
9/10/2015,195.85,197.22,194.25,194.56
9/9/2015,194.79,199.47,194.35,199.32
9/8/2015,197.43,197.61,195.17,195.94
9/4/2015,192.59,193.86,191.61,192.85
9/3/2015,195.55,198.05,194.96,196.26
9/2/2015,195.41,195.46,192.42,194.62
9/1/2015,191.77,194.77,190.73,193.12
8/31/2015,197.67,199.125,197.01,198.11
8/28/2015,199.28,199.835,197.92,198.5
8/27/2015,199.27,199.42,195.21,197.02
8/26/2015,194.46,194.79,188.37,192.08
8/25/2015,187.27,195.45,186.92,195.43
8/24/2015,189.5,197.4772,182.4,187.49
8/21/2015,197.83,203.9404,197.52,201.73
8/20/2015,203.97,208.2865,203.9,206.51
8/19/2015,208.32,210.01,207.35,209.09
8/18/2015,209.98,210.68,209.699,210.26
8/17/2015,210.59,210.59,208.16,208.71
8/14/2015,209.42,209.5087,208.26,208.43
8/13/2015,208.66,209.55,208.01,208.73
8/12/2015,208.92,209.14,205.36,207.11
8/11/2015,208.67,209.47,207.76,208.97
8/10/2015,210.57,210.67,209.28,209.28
8/7/2015,207.95,208.34,206.87,208.16
8/6/2015,208.35,210.415,207.65,210.29
8/5/2015,210.07,211.31,209.73,210.45
8/4/2015,209.38,210.2483,208.8,209.7
8/3/2015,209.79,210.53,208.65,210.46
7/31/2015,210.5,211.45,210.16,211.42
7/30/2015,210.82,211.02,209.42,210.16
7/29/2015,210.77,211.04,209.31,209.48
7/28/2015,209.33,209.5,206.8,207.79
7/27/2015,206.79,207.55,206.26,206.94
7/24/2015,208,210.37,207.6,210.3
7/23/2015,210.18,211.65,209.75,211.53
7/22/2015,211.37,211.77,210.89,210.93
7/21/2015,211.75,212.74,211.39,212.43
7/20/2015,212.59,213.18,212.21,212.75
7/17/2015,212.48,212.55,211.8,212.29
7/16/2015,212.3,212.3,211.58,211.87
7/15/2015,210.61,211.28,210.04,210.73
7/14/2015,210.68,211.05,209.65,209.72
7/13/2015,209.77,209.9,208.94,208.99
7/10/2015,207.48,207.98,204.9517,207.29
7/9/2015,204.9,207.35,204.77,207.04
7/8/2015,204.53,206.7645,204.25,206.42
7/7/2015,208.02,208.17,204.11,206.96
7/6/2015,206.72,207.65,205.53,205.77
7/2/2015,207.31,208.27,206.81,208.07
7/1/2015,207.5,208.03,206.56,207.73
6/30/2015,205.85,207.32,205.28,207.26
6/29/2015,205.42,209.828,205.33,208.045
6/26/2015,209.82,210.58,209.16,210.29
6/25/2015,209.86,211.25,209.77,211.1
6/24/2015,210.5,212.17,210.47,211.72
6/23/2015,212.04,212.44,211.57,212.14
6/22/2015,211.89,212.59,211.64,211.905
6/19/2015,210.81,211.55,210.36,211.46
6/18/2015,212.78,213.34,210.6315,211.31
6/17/2015,210.59,211.32,209.36,210.59
6/16/2015,210.25,210.35,208.72,208.93
6/15/2015,209.11,209.45,207.79,208.64
6/12/2015,210.01,211.482,209.68,210.64
6/11/2015,211.63,212.09,211.2,211.48
6/10/2015,210.95,211.41,209.2987,209.37
6/9/2015,208.45,209.1,207.69,208.45
6/8/2015,208.48,209.82,208.39,209.64
6/5/2015,209.77,210.58,208.98,209.95
6/4/2015,210.1292,211.859,209.75,211.07
6/3/2015,211.92,212.67,211.3301,212
6/2/2015,211.36,212.19,210.27,211.02
6/1/2015,211.57,212.34,210.62,211.94
5/29/2015,211.14,212.43,210.82,212.38
5/28/2015,212.46,212.59,211.63,212.33
5/27/2015,212.7,212.98,210.7612,211.25
5/26/2015,210.7,212.9089,210.2,212.4
5/22/2015,212.99,213.54,212.91,213.04
5/21/2015,213.5,213.75,212.51,212.71
5/20/2015,212.88,213.78,212.504,213.15
5/19/2015,213.03,213.57,212.69,213.24
5/18/2015,213.1,213.4,212.16,212.24
5/15/2015,212.44,212.61,211.86,212.44
5/14/2015,212.21,212.32,210.91,211.24
5/13/2015,210.02,211.22,209.74,210.47
5/12/2015,209.98,210.63,208.62,209.61
5/11/2015,210.605,211.89,210.52,211.57
5/8/2015,211.62,211.86,210.78,210.88
5/7/2015,208.87,209.38,207.52,207.92
5/6/2015,208.04,209.93,206.76,209.56
5/5/2015,208.9,211.46,208.73,211.03
5/4/2015,211.32,212.02,211.1,211.23
5/1/2015,210.72,210.77,209.28,209.4
4/30/2015,208.46,210.35,207.62,209.88
4/29/2015,210.57,211.29,209.6,210.37
4/28/2015,211.44,211.5,209.3301,210.74
4/27/2015,210.77,212.48,210.54,212.33
4/24/2015,211.6499,211.97,211.11,211.66
4/23/2015,211.16,211.94,210.01,210.15
4/22/2015,210.63,210.85,208.9,210.01
4/21/2015,209.6,210.86,209.24,210.67
4/20/2015,209.85,210.25,208.96,209.06
4/17/2015,207.95,209.23,207.01,208.94
4/16/2015,210.37,210.98,209.7928,210.03
4/15/2015,210.43,211.04,209.95,210.05
4/14/2015,209.49,209.71,208.1,208.85
4/13/2015,209.09,210.63,209.03,209.87
4/10/2015,210.04,210.09,208.96,209.2
4/9/2015,208.9,209.18,207.19,207.78
4/8/2015,207.975,208.51,207.08,207.55
4/7/2015,207.28,208.76,207.24,207.855
4/6/2015,207.83,208.45,205.21,205.37
4/2/2015,206.435,206.98,205.4,205.62
4/1/2015,205.7,206.42,204.51,206.39
3/31/2015,206.43,208.1,206.36,207.26
3/30/2015,208.25,208.61,206.96,206.98
3/27/2015,205.74,205.95,204.9,205.13
3/26/2015,205.27,206.37,204.12,204.96
3/25/2015,205.76,209.35,205.71,209.07
3/24/2015,208.82,210.4,208.74,209.85
3/23/2015,210,211.11,210,210.42
3/20/2015,210.41,211.02,209.4903,209.71
3/19/2015,209.5,210.4697,209.03,209.96
3/18/2015,210.46,211.27,206.62,207.39
3/17/2015,207.96,208.42,206.98,207.69
3/16/2015,208.58,208.69,205.8641,206.71
3/13/2015,205.8272,207.9338,204.58,206.77
3/12/2015,207.1,207.175,205.2,205.26
3/11/2015,204.5,205.5,204.4,205.29
3/10/2015,204.98,206.81,204.93,206.71
3/9/2015,208.36,208.79,207.5459,207.74
3/6/2015,207.5,209.94,207.1,209.42
3/5/2015,210.46,210.8,209.85,210.62
3/4/2015,210.2301,210.49,209.06,210.4
3/3/2015,211.12,212.054,210.08,211.47
3/2/2015,211.99,212.06,210.72,210.78
2/27/2015,210.66,211.58,210.6,211.26
2/26/2015,211.38,211.71,210.65,211.52
2/25/2015,211.63,212.24,211.22,211.66
2/24/2015,211.81,212.05,210.76,211.12
2/23/2015,211.209,211.21,210.48,210.94
2/20/2015,211.239,211.33,208.73,209.48
2/19/2015,209.98,210.42,209.24,209.41
2/18/2015,210.13,210.22,209.3401,209.66
2/17/2015,210.11,210.32,209.1,209.4
2/13/2015,209.78,209.84,208.76,209.07
2/12/2015,208.92,208.99,206.9727,207.89
2/11/2015,206.93,207.45,205.83,206.61
2/10/2015,206.81,207.12,204.6801,205.88
2/9/2015,204.63,205.64,204.135,204.77
2/6/2015,205.55,207.24,204.92,206.56
2/5/2015,206.12,206.3,204.77,204.86
2/4/2015,204.06,205.38,203.51,203.92
2/3/2015,204.84,204.85,202.55,203
2/2/2015,201.92,202.03,197.86,200.05
1/30/2015,199.45,202.17,199.13,200.57
1/29/2015,201.9902,202.3,198.68,200.38
1/28/2015,200.14,204.29,199.91,204.17
1/27/2015,202.74,204.12,201.74,202.97
1/26/2015,205.45,205.56,203.85,204.71
1/23/2015,204.97,206.1,204.81,205.79
1/22/2015,206.1,206.26,202.33,203.99
1/21/2015,203.08,203.66,200.94,201.5
1/20/2015,202.055,202.72,200.17,202.4
1/16/2015,201.63,201.82,198.55,198.77
1/15/2015,199.0199,202.01,198.88,201.63
1/14/2015,200.86,201.1,198.57,199.65
1/13/2015,202.08,205.48,200.51,204.12
1/12/2015,202.65,204.6,201.92,204.41
1/9/2015,204.25,206.42,203.51,206.4
1/8/2015,205.9,206.16,203.99,204.01
1/7/2015,202.31,202.72,200.88,201.42
1/6/2015,199.82,202.72,198.855,202.09
1/5/2015,201.72,204.37,201.35,204.17
1/2/2015,205.43,206.88,204.18,206.38
12/31/2014,205.54,208.19,205.39,207.99
12/30/2014,207.6,208.37,207.51,208.21
12/29/2014,208.72,208.97,208.14,208.22
12/26/2014,208.44,208.85,208.25,208.31
12/24/2014,207.77,208.34,207.72,208.02
12/23/2014,207.75,208.23,207.3991,208.17
12/22/2014,207.47,207.47,206.46,206.75
12/19/2014,206.52,207.33,205.6109,206.43
12/18/2014,206.78,212.97,203.92,204.74
12/17/2014,201.79,202.34,198.29,198.44
12/16/2014,197.91,202.395,197.86,198.58
12/15/2014,199.51,202.53,198.78,201.98
12/12/2014,200.89,203.819,200.85,202.64
12/11/2014,204.19,206.19,203.71,203.88
12/10/2014,203.1601,205.98,202.93,205.91
12/9/2014,206.47,206.6,203.91,204.37
12/8/2014,206.61,208.12,205.93,207.52
12/5/2014,208,208.47,207.55,207.87
12/4/2014,207.66,208.265,206.7,207.54
12/3/2014,207.89,208.15,207.1,207.3
12/2/2014,207.085,207.34,205.782,205.81
12/1/2014,205.76,206.54,205.38,206.4
11/28/2014,207.2,207.87,206.91,207.49
11/26/2014,207.64,207.76,207.03,207.29
11/25/2014,207.11,207.79,206.8,207.54
11/24/2014,207.26,207.39,206.91,207.17
11/21/2014,206.68,207.8445,205.98,207.64
11/20/2014,205.58,205.71,204.18,204.26
11/19/2014,205.22,205.55,204.3,205.31
11/18/2014,205.55,205.92,204.44,204.44
11/17/2014,204.37,204.58,203.65,203.85
11/14/2014,204.24,204.49,203.72,204.1
11/13/2014,204.19,204.83,203.21,204.16
11/12/2014,203.96,204.24,203.31,203.35
11/11/2014,204.175,204.31,203.65,204.055
11/10/2014,203.98,204.04,203.13,203.38
11/7/2014,203.34,203.5999,202.61,203.17
11/6/2014,203.15,203.26,201.64,202.39
11/5/2014,202.34,202.59,201.45,202.54
11/4/2014,201.07,201.6,200.06,201.23
11/3/2014,201.77,202.45,201.305,201.92
10/31/2014,201.66,201.82,200.77,201.78
10/30/2014,199.38,199.95,197.4,197.58
10/29/2014,198.11,199.12,196.8,198.55
10/28/2014,198.41,198.42,196.73,196.82
10/27/2014,196.16,196.45,195.03,195.73
10/24/2014,196.43,196.49,194.49,195.25
10/23/2014,194.93,196.2,194.26,194.62
10/22/2014,192.69,194.91,192.61,194.41
10/21/2014,194.07,194.2,191.48,191.68
10/20/2014,190.3,190.45,188.07,188.13
10/17/2014,188.47,189.75,187.62,188.42
10/16/2014,186.27,187.58,182.89,183.06
10/15/2014,186.43,187.694,181.92,185.16
10/14/2014,187.7,189.82,187.04,188.42
10/13/2014,187.4099,191.15,187.3,190.46
10/10/2014,190.54,193.65,190.49,192.69
10/9/2014,192.74,196.6,192.58,196.33
10/8/2014,196.64,196.92,192.36,193.37
10/7/2014,193.26,195.72,193.22,195.28
10/6/2014,196.29,197.6,195.582,197.34
10/3/2014,196.52,196.94,195.08,195.68
10/2/2014,194.38,195.055,192.35,194.18
10/1/2014,194.35,196.77,193.91,196.7
9/30/2014,197.02,198.3,196.61,197.69
9/29/2014,197.54,197.89,196.05,196.2
9/26/2014,197.9,198.39,196.42,196.7
9/25/2014,196.34,199.05,196.27,199.04
9/24/2014,199.56,199.69,197.52,198.04
9/23/2014,198.01,199.26,197.95,198.43
9/22/2014,199.15,200.38,198.73,200.35
9/19/2014,200.7,201.899,200.29,201.52
9/18/2014,201.82,201.85,201.1,201.36
9/17/2014,200.75,201.68,199.75,200.77
9/16/2014,200.48,200.84,198.5,198.61
9/15/2014,198.981,199.32,198.38,199.16
9/12/2014,199.13,200.12,198.56,200.1
9/11/2014,200.3,200.33,199.12,199.27
9/10/2014,200.07,200.2,198.77,199.43
9/9/2014,199.32,200.55,198.91,200.41
9/8/2014,200.59,201.21,200,200.92
9/5/2014,201.11,201.19,199.41,200.17
9/4/2014,200.2101,201.58,199.66,200.84
9/3/2014,200.5,201.41,200.22,201.38
9/2/2014,200.61,200.995,199.86,200.97
8/29/2014,200.71,200.73,199.82,200.45
8/28/2014,200.14,200.27,199.39,199.59
8/27/2014,200.25,200.57,199.94,200.43
8/26/2014,200.33,200.82,200.28,200.33
8/25/2014,200.2,200.5949,199.1502,200.14
8/22/2014,199.19,199.69,198.74,199.34
8/21/2014,199.5,199.76,198.93,199.09
8/20/2014,198.92,199.16,198.08,198.12
8/19/2014,198.39,198.54,197.4426,197.84
8/18/2014,197.36,197.45,196.69,196.8
8/15/2014,195.72,196.65,194.31,196.47
8/14/2014,195.76,195.76,194.98,195.16
8/13/2014,194.84,195.06,193.96,194.29
8/12/2014,193.53,194.15,192.94,193.61
8/11/2014,193.795,194.66,193.71,193.965
8/8/2014,193.24,193.37,190.95,191.46
8/7/2014,191.03,193.13,190.55,192.935
8/6/2014,192.07,192.89,191.08,191.11
8/5/2014,192.01,193.6,191.31,193.1
8/4/2014,193.89,194.3,192.05,192.87
8/1/2014,192.5,193.76,191.57,192.56
7/31/2014,193.09,195.78,192.97,195.61
7/30/2014,196.98,197.91,196.16,197.65
7/29/2014,196.95,198.45,196.92,198.17
7/28/2014,197.8,198.09,196.62,197.76
7/25/2014,197.72,198.26,197.33,198.09
7/24/2014,198.65,199.06,198.45,198.83
7/23/2014,198.64,198.85,198.1,198.495
7/22/2014,198.2,198.56,197.87,198.01
7/21/2014,197.34,197.5,196.43,197.09
7/18/2014,197.7099,197.91,196.24,196.35
7/17/2014,195.71,198.1,195.43,197.35
7/16/2014,197.96,198.26,197.42,198.11
7/15/2014,197.23,198.1,196.36,197.72
7/14/2014,197.6,197.86,197.44,197.61
7/11/2014,196.61,196.75,195.78,196.22
7/10/2014,196.34,196.86,195.06,195.22
7/9/2014,197.12,197.295,196.31,196.73
7/8/2014,196.24,197.22,195.76,197.15
7/7/2014,197.51,197.98,197.22,197.82
7/3/2014,198.2,198.29,197.64,197.79
7/2/2014,197.23,197.48,196.96,197.05
7/1/2014,197.03,197.63,196.13,196.19
6/30/2014,195.72,196.165,195.53,195.7
6/27/2014,195.82,195.88,194.885,194.98
6/26/2014,195.44,195.63,194.13,195.61
6/25/2014,195.58,195.781,194.25,194.25
6/24/2014,194.7,196.5,194.48,195.53
6/23/2014,195.88,196.05,195.52,195.97
6/20/2014,195.94,196.1039,195.7,196.03
6/19/2014,196.48,196.6,195.8,196.43
6/18/2014,196.255,196.37,194.4,194.83
6/17/2014,194.83,194.97,193.81,194.02
6/16/2014,194.29,194.7,193.66,193.89
6/13/2014,194.13,194.32,193.3,193.9
6/12/2014,193.54,194.8,193.11,194.65
6/11/2014,194.92,195.12,194.48,194.9
6/10/2014,195.6,195.64,194.92,195.33
6/9/2014,195.58,196.05,195.17,195.35
6/6/2014,195.375,195.43,194.78,194.87
6/5/2014,194.45,194.65,192.7,193.41
6/4/2014,193.19,193.3,192.265,192.47
6/3/2014,192.8,192.9,192.25,192.4
6/2/2014,192.895,192.99,191.97,192.95
5/30/2014,192.68,192.8,192.03,192.19
5/29/2014,192.37,192.4,191.33,191.82
5/28/2014,191.38,191.82,191.06,191.52
5/27/2014,191.52,191.58,190.95,191.05
5/23/2014,190.35,190.48,189.5858,189.75
5/22/2014,189.59,189.98,188.86,189.18
5/21/2014,189.13,189.22,188.06,188.1
5/20/2014,187.55,188.67,187.07,188.645
5/19/2014,188.74,188.89,187.52,187.69
5/16/2014,188.05,188.13,186.72,187.51
5/15/2014,187.4,188.72,186.48,188.67
5/14/2014,189.06,189.88,188.79,189.79
5/13/2014,189.96,190.42,189.77,190.03
5/12/2014,189.785,189.88,188.75,188.76
5/9/2014,187.96,188.04,186.83,187.69
5/8/2014,187.675,189.05,187.08,187.67
5/7/2014,187.88,187.97,186.01,187.43
5/6/2014,186.78,188.13,186.74,188
5/5/2014,188.42,188.55,186.62,187.14
5/2/2014,188.06,189.14,187.78,188.31
5/1/2014,188.325,188.84,187.73,188.22
4/30/2014,188.31,188.5,187.18,187.44
4/29/2014,187.75,188.04,187.08,187.48
4/28/2014,186.875,187.69,184.96,187.05
4/25/2014,186.29,187.33,185.87,187.21
4/24/2014,187.83,188.39,186.93,188.37
4/23/2014,187.45,187.92,187.3,187.81
4/22/2014,187.89,188.4,187.13,187.23
4/21/2014,187.04,187.1,186.21,186.44
4/17/2014,186.39,186.91,185.56,185.88
4/16/2014,186.125,186.14,184.65,185.47
4/15/2014,184.2,184.33,181.51,183.32
4/14/2014,182.9401,183.37,181.44,182.93
4/11/2014,181.51,183.42,181.31,182.17
4/10/2014,183.155,187.17,182.93,187.09
4/9/2014,187.09,187.15,185.06,185.6
4/8/2014,185.1,185.4,183.59,184.21
4/7/2014,184.34,186.26,183.96,185.9
4/4/2014,186.4,189.7,186.1,189.64
4/3/2014,188.63,189.22,188.05,189.17
4/2/2014,188.88,189.13,188.14,188.5
4/1/2014,188.25,188.36,187.0015,187.62
3/31/2014,187.01,187.3,185.5216,186.65
3/28/2014,185.49,186.42,185,185.105
3/27/2014,184.58,185.34,183.9,184.77
3/26/2014,184.97,187.34,184.92,187.03
3/25/2014,186.31,186.94,185.27,186.37
3/24/2014,185.43,187.07,184.62,186.82
3/21/2014,186.2,189.0239,186.03,187.72
3/20/2014,187.747,187.89,185.92,186.25
3/19/2014,186.66,187.94,185.47,187.7
3/18/2014,187.66,187.91,186.51,186.71
3/17/2014,186.33,186.77,185.51,185.59
3/14/2014,184.66,185.8,184.44,184.8
3/13/2014,185.18,187.99,184.66,187.84
3/12/2014,187.28,187.35,185.9,186.32
3/11/2014,187.23,188.71,186.8,188.44
3/10/2014,188.16,188.23,187.08,187.94
3/7/2014,188.26,188.96,187.43,188.87
3/6/2014,188.18,188.61,187.7796,188.21
3/5/2014,187.75,188.07,187.45,187.72
3/4/2014,187.58,187.98,186.75,186.75
3/3/2014,184.98,185.45,183.75,184.69
2/28/2014,186.29,187.15,185.05,185.79
2/27/2014,185.82,185.87,184.37,184.59
2/26/2014,184.85,185.6,184.33,185.11
2/25/2014,184.84,185.59,184.23,185.03
2/24/2014,184.91,186.15,184.2,184.28
2/21/2014,183.89,184.89,183.8,184.49
2/20/2014,184.1,184.52,182.6,183.27
2/19/2014,183.02,184.95,182.87,183.76
2/18/2014,184.24,184.49,183.65,184.19
2/14/2014,184.02,184.36,182.67,182.84
2/13/2014,183.01,183.2,180.83,180.84
2/12/2014,182.07,182.83,181.705,182.22
2/11/2014,181.98,182.439,180.0389,180.16
2/10/2014,180.01,180.07,179.21,179.7
2/7/2014,179.68,179.87,177.73,178.31
2/6/2014,177.48,177.48,175.2209,175.58
2/5/2014,175.17,175.56,173.71,174.79
2/4/2014,175.385,175.84,174.1055,174.95
2/3/2014,174.17,178.37,173.83,177.95
1/31/2014,178.18,179.29,176.92,177.02
1/30/2014,179.23,179.81,178.26,178.86
1/29/2014,177.35,178.55,176.88,177.56
1/28/2014,179.07,179.3,178.12,178.14
1/27/2014,178.01,179.52,177.12,179.06
1/24/2014,178.89,181.66,178.83,181.6
1/23/2014,182.79,183.4,181.82,183.36
1/22/2014,184.3,184.57,183.91,184.49
1/21/2014,184.18,184.77,183.05,184.7
1/17/2014,183.635,184.45,183.32,184.1
1/16/2014,184.42,184.6618,183.83,184.28
1/15/2014,184.66,184.94,183.7102,184.1
1/14/2014,183.67,183.77,181.95,182.28
1/13/2014,181.685,184.18,181.34,183.71
1/10/2014,184.14,184.22,183.01,183.95
1/9/2014,183.64,184.13,182.795,184.1
1/8/2014,183.52,183.83,182.89,183.45
1/7/2014,183.48,183.79,182.95,183.09
1/6/2014,182.36,183.56,182.08,183.47
1/3/2014,182.885,183.6,182.63,183.21
1/2/2014,182.92,184.07,182.48,183.98
12/31/2013,184.69,184.69,183.93,184.07
12/30/2013,183.82,184.02,183.58,183.87
12/27/2013,183.845,184.18,183.66,184.1
12/26/2013,183.855,183.96,183.32,183.34
12/24/2013,182.93,183.01,182.53,182.54
12/23/2013,182.53,182.64,182.065,182.41
12/20/2013,181.56,181.99,180.5683,180.67
12/19/2013,181.49,181.7,180.71,181.19
12/18/2013,181.7,181.73,177.32,178.92
12/17/2013,178.65,179.41,178.25,179.36
12/16/2013,179.216,179.81,178.9,178.95
12/13/2013,178.11,178.66,177.77,178.5
12/12/2013,178.13,178.86,177.76,178.64
12/11/2013,178.72,180.85,178.5,180.81
12/10/2013,180.75,181.36,180.635,180.98
12/9/2013,181.4,181.67,181.16,181.47
12/6/2013,180.94,181.11,180.15,180.67
12/5/2013,178.94,179.74,178.7701,179.41
12/4/2013,179.73,180.48,178.35,179.1
12/3/2013,179.75,180.39,179.17,179.94
12/2/2013,180.53,181.43,180.25,181.09
11/29/2013,181,181.75,180.8,181.32
11/27/2013,181.12,181.24,180.65,180.87
11/26/2013,180.68,181.22,180.405,180.72
11/25/2013,180.63,181.17,180.37,181.13
11/22/2013,180.81,180.83,179.77,179.98
11/21/2013,179.91,180.05,178.86,178.97
11/20/2013,178.47,179.93,177.98,179.39
11/19/2013,179.03,179.87,178.72,179.33
11/18/2013,179.42,180.5,179.02,180.35
11/15/2013,180.05,180.12,179.33,179.56
11/14/2013,179.27,179.42,178.25,178.54
11/13/2013,178.38,178.4261,176.09,176.09
11/12/2013,176.96,177.36,176.37,176.94
11/11/2013,177.32,177.53,176.91,177.12
11/8/2013,177.29,177.31,174.85,174.87
11/7/2013,174.93,177.64,174.76,177.5
11/6/2013,177.17,177.5,176.54,177.03
11/5/2013,176.27,176.75,175.57,176.14
11/4/2013,176.83,176.9,175.9825,176.69
11/1/2013,176.21,176.61,175.22,176.02
10/31/2013,175.79,176.89,175.53,176.15
10/30/2013,176.29,177.51,175.66,177.38
10/29/2013,177.17,177.24,176.38,176.63
10/28/2013,176.23,176.47,175.7,175.89
10/25/2013,175.95,176,175.17,175.51
10/24/2013,175.15,175.37,174.51,174.92
10/23/2013,174.57,174.89,173.96,174.81
10/22/2013,175.41,175.93,174.4262,174.91
10/21/2013,174.4,174.75,174.01,174.45
10/18/2013,174.388,174.51,173.51,173.86
10/17/2013,173.22,173.32,171.34,171.37
10/16/2013,172.07,172.16,170.635,170.72
10/15/2013,169.7,171.15,169.47,170.51
10/14/2013,170.94,171.08,169.08,169.21
10/11/2013,170.26,170.32,168.77,168.91
10/10/2013,169.17,169.26,167.23,167.29
10/9/2013,165.6,166.2,164.53,165.8
10/8/2013,165.48,167.62,165.36,167.4
10/7/2013,167.43,168.45,167.25,167.42
10/4/2013,168.89,169.06,167.53,167.75
10/3/2013,167.62,168.94,166.84,168.79
10/2/2013,169.18,169.3422,167.83,168.35
10/1/2013,169.34,169.5,167.9671,168.14
9/30/2013,168.01,168.54,167.15,167.48
9/27/2013,168.909,169.14,168.47,168.84
9/26/2013,169.69,170.17,169.05,169.32
9/25/2013,169.04,169.98,168.89,169.64
9/24/2013,169.53,170.53,169.21,169.9
9/23/2013,169.93,170.65,169.39,170.49
9/20/2013,170.72,172.33,170.58,172.33
9/19/2013,172.76,173.6,172.585,173.52
9/18/2013,173.051,173.52,170.58,171.01
9/17/2013,171.07,171.11,170.46,170.46
9/16/2013,170.31,171.24,170.04,171.16
9/13/2013,169.33,169.46,168.74,169.13
9/12/2013,168.95,169.56,168.72,169.34
9/11/2013,169.4,169.4,168.35,168.64
9/10/2013,168.87,168.9,168.26,168.64
9/9/2013,167.634,167.73,166.45,166.45
9/6/2013,166.04,166.98,164.48,166.51
9/5/2013,165.96,166.4,165.73,165.85
9/4/2013,165.75,166.03,164.135,164.43
9/3/2013,164.39,165.58,163.7,165.23
8/30/2013,163.65,164.53,163.17,164.51
8/29/2013,164.17,165.04,163.4,163.55
8/28/2013,163.91,164.49,163.05,163.26
8/27/2013,163.33,166.0024,163.21,164.36
8/26/2013,166,167.3,165.89,166.79
8/23/2013,166.62,166.83,165.77,166.55
8/22/2013,166.06,166.3,164.89,164.9
8/21/2013,164.56,166.03,164.19,165.12
8/20/2013,165.58,166.2,164.86,165.04
8/19/2013,164.77,166.21,164.76,165.64
8/16/2013,165.83,166.63,165.5,166.06
8/15/2013,166.38,167.43,166.09,167.41
8/14/2013,168.74,169.8,168.7,169.53
8/13/2013,169.61,169.9,168.41,169.41
8/12/2013,169.111,169.31,168.38,168.46
8/9/2013,169.31,170.1,168.72,169.58
8/8/2013,169.8,170.18,168.93,169.98
8/7/2013,169.18,169.43,168.55,169.19
8/6/2013,169.73,170.7402,169.35,170.37
8/5/2013,170.7,170.96,170.35,170.57
8/2/2013,170.95,170.9725,170.05,170.28
8/1/2013,170.66,170.81,169.9,169.99
7/31/2013,168.71,169.85,168.49,168.94
7/30/2013,168.588,169.28,168.19,169.1
7/29/2013,168.59,169.06,168.11,168.68
7/26/2013,169.11,169.16,167.52,168.22
7/25/2013,168.93,169.08,167.94,168.22
7/24/2013,168.52,169.86,168.18,169.79
7/23/2013,169.14,169.83,169.05,169.8
7/22/2013,169.5,169.74,169.01,169.41
7/19/2013,169.17,169.23,168.31,168.52
7/18/2013,168.87,169.27,168.2,168.31
7/17/2013,167.9501,168.48,167.73,168.16
7/16/2013,167.525,168.36,167.07,168.26
7/15/2013,168.155,168.39,167.68,167.97
7/12/2013,167.51,167.9332,167.13,167.39
7/11/2013,167.44,167.61,165.1774,167.11
7/10/2013,165.192,165.75,164.63,164.97
7/9/2013,165.13,165.33,164.27,164.98
7/8/2013,163.945,164.39,163.0838,163.86
7/5/2013,163.02,163.08,161.3,162.47
7/3/2013,161.28,161.77,160.22,160.48
7/2/2013,161.21,162.3,160.5,161.12
7/1/2013,161.36,162.48,161.08,161.26
6/28/2013,160.42,161.4,159.86,160.63
6/27/2013,161.08,161.82,160.95,161.1
6/26/2013,160.14,160.5,159.25,159.87
6/25/2013,158.575,160.1,157.42,158.48
6/24/2013,157.06,158.43,155.73,157.41
6/21/2013,159.07,159.76,157.47,159.64
6/20/2013,159.4,163.4668,158.98,161.86
6/19/2013,163.45,165.89,163.38,165.6
6/18/2013,165.735,165.99,164.52,164.53
6/17/2013,164.44,165.22,163.2192,164.29
6/14/2013,163.175,164.67,162.91,164.03
6/13/2013,164.21,164.5,161.3,161.66
6/12/2013,161.75,164.39,161.6,164.22
6/11/2013,163.098,164.54,162.739,163.3
6/10/2013,164.8,165.4,164.37,165.31
6/7/2013,164.8,164.95,163.14,163.85
6/6/2013,162.73,162.74,160.25,161.2
6/5/2013,161.272,163.42,161.13,163.09
6/4/2013,163.56,165.1,162.73,164.44
6/3/2013,164.35,164.46,162.6599,163.83
5/31/2013,163.445,166.31,163.13,165.37
5/30/2013,165.83,166.59,165.22,165.35
5/29/2013,165.22,165.8,164.34,165.42
5/28/2013,166.3,167.78,165.81,167.04
5/24/2013,165.308,165.3805,163.98,164.47
5/23/2013,165.45,165.91,163.94,164.16
5/22/2013,165.93,169.07,165.17,167.34
5/21/2013,167.17,167.8,166.5,167.08
5/20/2013,166.93,167.58,166.61,166.78
5/17/2013,166.94,167.04,165.73,165.95
5/16/2013,165.34,166.36,165.09,165.78
5/15/2013,166.115,166.45,164.91,164.96
5/14/2013,165.23,165.35,163.67,163.67
5/13/2013,163.54,163.81,162.82,163.2
5/10/2013,163.41,163.5498,162.51,162.99
5/9/2013,162.881,163.7,162.47,163.27
5/8/2013,163.34,163.39,162.33,162.42
5/7/2013,162.5999,162.65,161.67,162.13
5/6/2013,161.78,162.01,161.42,161.49
5/3/2013,161.368,161.88,159.782,161.14
5/2/2013,159.75,159.89,158.53,158.68
5/1/2013,158.28,159.41,158.1,159.33
4/30/2013,159.68,159.72,158.61,159.27
4/29/2013,159.3,159.65,158.42,158.67
4/26/2013,158.24,158.6,157.73,158.33
4/25/2013,158.52,159.27,158.1,158.34
4/24/2013,157.88,158.3,157.54,157.83
4/23/2013,157.78,157.93,156.17,156.95
4/22/2013,156.17,156.54,154.75,155.78
4/19/2013,155.48,155.55,154.12,154.5
4/18/2013,154.14,155.41,153.55,155.37
4/17/2013,155.11,156.32,154.28,156.29
4/16/2013,157.41,157.49,155.91,156.29
4/15/2013,155.118,158.13,155.1,158
4/12/2013,158.8,159.04,157.92,158.68
4/11/2013,159.19,159.71,158.54,158.7
4/10/2013,158.67,158.87,157.13,157.17
4/9/2013,156.75,157.32,155.98,156.5
4/8/2013,156.21,156.22,154.75,155.27
4/5/2013,155.158,155.35,153.77,153.95
4/4/2013,155.86,156.17,155.09,155.43
4/3/2013,155.23,157.03,154.82,156.91
4/2/2013,156.82,157.21,156.37,156.61
4/1/2013,156.05,156.91,155.67,156.59
3/28/2013,156.67,156.85,155.75,156.09
3/27/2013,156.19,156.245,155,155.26
3/26/2013,156.19,156.23,155.42,155.59
3/25/2013,154.95,156.27,154.35,156.01
3/22/2013,155.6,155.6,154.73,154.85
3/21/2013,154.359,155.6389,154.1,154.76
3/20/2013,155.69,155.95,155.26,155.52
3/19/2013,154.61,155.51,153.59,155.3
3/18/2013,154.97,155.64,154.2,154.34
3/15/2013,155.83,156.04,155.31,155.85
3/14/2013,156.73,156.8,155.9078,156.31
3/13/2013,155.905,156.12,155.23,155.76
3/12/2013,155.68,156.1,155.21,155.92
3/11/2013,156.03,156.04,155.13,155.325
3/8/2013,155.44,155.65,154.66,155.46
3/7/2013,154.776,154.98,154.52,154.7
3/6/2013,154.5,154.92,154.16,154.84
3/5/2013,154.29,154.7,153.64,153.66
3/4/2013,152.92,152.92,151.52,151.76
3/1/2013,152.11,152.34,150.41,151.09
2/28/2013,151.61,152.87,151.41,151.9
2/27/2013,151.91,152.33,149.76,149.89
2/26/2013,150.02,150.2,148.73,149.72
2/25/2013,149,152.86,149,152.63
2/22/2013,151.89,151.89,150.4913,151.15
2/21/2013,150.42,151.4218,149.94,150.96
2/20/2013,151.34,153.19,151.26,153.14
2/19/2013,153.25,153.28,152.1629,152.37
2/15/2013,152.11,152.59,151.55,152.43
2/14/2013,152.29,152.47,151.52,151.69
2/13/2013,152.151,152.61,151.72,152.33
2/12/2013,152.02,152.3,151.61,151.78
2/11/2013,151.77,151.9,151.3938,151.74
2/8/2013,151.8,151.89,151.22,151.22
2/7/2013,150.96,151.35,149.86,151.205
2/6/2013,151.16,151.26,150.41,150.52
2/5/2013,151.05,151.48,150.29,150.35
2/4/2013,149.535,151.2679,149.43,150.32
2/1/2013,151.24,151.42,150.39,150.65
1/31/2013,149.7,150.38,149.6,149.89
1/30/2013,150.07,150.94,149.93,150.64
1/29/2013,150.66,150.85,149.67,149.77
1/28/2013,150.07,150.33,149.51,150.29
1/25/2013,150.25,150.25,149.3726,149.88
1/24/2013,149.41,150.14,149.01,149.15
1/23/2013,149.37,149.5,148.86,149.13
1/22/2013,149.13,149.13,147.98,148.33
1/18/2013,148.33,148.49,147.43,147.97
1/17/2013,148,148.42,147.1446,147.7
1/16/2013,147.05,147.28,146.61,146.77
1/15/2013,147.07,147.21,146.2,146.29
1/14/2013,146.97,147.07,146.43,146.89
1/11/2013,147.07,147.15,146.61,147.04
1/10/2013,147.08,147.09,145.97,146.73
1/9/2013,145.92,146.32,145.64,145.87
1/8/2013,145.5496,145.91,144.98,145.71
1/7/2013,145.9695,146.4442,145.43,145.85
1/4/2013,146.37,146.61,145.67,145.97
1/3/2013,145.7341,146.37,145.34,145.99
1/2/2013,146.06,146.15,144.73,145.11
12/31/2012,142.41,142.56,139.54,139.66
12/28/2012,140.03,141.42,139.87,140.64
12/27/2012,141.5616,142.08,139.92,141.79
12/26/2012,141.75,142.71,141.35,142.64
12/24/2012,142.35,142.56,142.19,142.48
12/21/2012,142.79,144.0881,141.94,142.17
12/20/2012,145.12,145.14,143.98,144.38
12/19/2012,144.29,145.58,144.24,145.53
12/18/2012,145.37,145.5,143.79,144
12/17/2012,143.77,143.85,142.43,142.47
12/14/2012,142.1051,142.58,141.88,142.32
12/13/2012,142.63,143.83,142.275,143.42
12/12/2012,143.51,144.55,143.31,144
12/11/2012,143.44,144.11,142.99,143.06
12/10/2012,142.473,142.81,142.15,142.21
12/7/2012,142.415,142.69,141.67,142.53
12/6/2012,141.98,142.04,141.16,141.37
12/5/2012,141.5,142.16,140.37,141.37
12/4/2012,141.25,141.87,140.87,141.44
12/3/2012,141.45,142.92,141.34,142.8
11/30/2012,142.155,142.42,141.66,142.14
11/29/2012,142.12,142.51,141.37,141.99
11/28/2012,141.46,141.54,139,139.76
11/27/2012,140.33,141.39,140.24,140.91
11/26/2012,141.05,141.3563,140.19,140.65
11/23/2012,141.35,141.4,140.04,140.13
11/21/2012,139.45,139.57,139.03,139.31
11/20/2012,139.19,139.42,138.08,138.91
11/19/2012,139.13,139.15,136.4057,137.9
11/16/2012,136.37,136.64,134.7,135.9
11/15/2012,135.7,136.4901,135.18,135.98
11/14/2012,135.9299,138.43,135.62,138.21
11/13/2012,137.79,139.25,137.36,137.54
11/12/2012,138.265,138.81,137.96,138.59
11/9/2012,138.16,139.44,137.55,137.62
11/8/2012,138.04,140.41,137.93,139.7
11/7/2012,139.72,141.68,139.06,141.66
11/6/2012,142.96,143.52,142.13,142.28
11/5/2012,141.8486,142.17,140.93,141.35
11/2/2012,141.56,143.72,141.41,143.68
11/1/2012,142.83,143.01,141.52,141.65
10/31/2012,141.35,142.03,140.68,141.85
10/26/2012,141.35,141.84,140.39,141.3
10/25/2012,141.43,142.28,140.57,142.02
10/24/2012,141.02,142.1,140.8,141.93
10/23/2012,141.42,142.06,140.83,141.86
10/22/2012,143.41,143.67,142.28,143.15
10/19/2012,143.3896,145.56,143.05,145.55
10/18/2012,145.82,146.52,145.33,145.82
10/17/2012,146.2,146.32,145.42,145.64
10/16/2012,145.54,145.64,144.66,144.76
10/15/2012,144.08,144.23,142.77,143.23
10/12/2012,142.89,143.95,142.58,143.46
10/11/2012,143.36,144.49,143.327,144.28
10/10/2012,143.28,144.32,143.09,144.18
10/9/2012,144.2,145.65,144.15,145.53
10/8/2012,145.642,146.1231,145.31,145.6
10/5/2012,146.14,147.16,145.7,146.91
10/4/2012,146.125,146.34,145.44,145.64
10/3/2012,145.09,145.43,144.13,144.89
10/2/2012,144.5,145.15,143.83,144.92
10/1/2012,144.345,145.69,144.0082,144.52
9/28/2012,143.97,144.56,143.46,144.09
9/27/2012,144.64,144.97,143.51,143.89
9/26/2012,143.295,144.11,142.95,144.065
9/25/2012,144.1,146.24,144.06,145.96
9/24/2012,145.645,145.98,145.04,145.15
9/21/2012,145.87,146.67,145.81,146.64
9/20/2012,146.71,146.79,145.63,146.03
9/19/2012,146.7,147.17,146.41,146.79
9/18/2012,146.62,146.81,146.25,146.49
9/17/2012,146.74,147.19,146.37,146.94
9/14/2012,147.24,148.11,146.76,146.88
9/13/2012,146.59,147.04,143.99,144.37
9/12/2012,144.39,144.55,143.9,144.39
9/11/2012,143.91,144.37,143.56,143.6
9/10/2012,143.51,144.44,143.46,144.19
9/7/2012,144.33,144.39,143.88,144.01
9/6/2012,143.77,143.78,141.75,141.76
9/5/2012,140.91,141.47,140.63,141.09
9/4/2012,141.03,141.46,140.13,141.04
8/31/2012,141.16,141.82,140.36,141.29
8/30/2012,140.49,140.94,140.19,140.9
8/29/2012,141.51,141.89,141.12,141.52
8/28/2012,141.4,141.84,140.97,141.18
8/27/2012,141.54,142.08,141.34,141.89
8/24/2012,141.51,141.83,140.22,140.31
8/23/2012,140.665,141.48,140.44,141.47
8/22/2012,141.82,142.05,141.07,141.4
8/21/2012,141.76,143.09,141.45,142.54
8/20/2012,142.19,142.22,141.59,141.98
8/17/2012,142.18,142.3,141.86,142.23
8/16/2012,141.99,142.16,140.8,141.15
8/15/2012,140.95,141.19,140.55,140.64
8/14/2012,140.79,141.38,140.37,141.29
8/13/2012,140.77,140.84,140.04,140.6
8/10/2012,140.84,140.89,139.81,140.04
8/9/2012,140.61,140.89,140.15,140.29
8/8/2012,140.49,140.65,139.81,139.85
8/7/2012,140.32,140.92,140.03,140.18
8/6/2012,139.62,140.17,139.56,139.72
8/3/2012,139.349,139.64,136.6794,138.56
8/2/2012,136.64,137.57,135.58,136.55
8/1/2012,137.59,138.73,137.4,138.7
7/31/2012,137.71,138.87,137.71,138.49
7/30/2012,138.68,139.339,138.27,138.52
7/27/2012,138.675,139.07,136.1364,136.89
7/26/2012,136.17,136.46,135.26,135.89
7/25/2012,133.96,134.56,133.25,134.21
7/24/2012,133.925,135.25,133.03,135.19
7/23/2012,135.09,136.3852,133.84,134.47
7/20/2012,136.47,137.16,136.32,136.95
7/19/2012,137.73,138.18,137.21,137.65
7/18/2012,137.37,137.64,135.96,136.04
7/17/2012,136.36,136.64,134.55,135.97
7/16/2012,135.43,135.83,134.9,135.44
7/13/2012,135.75,135.89,133.84,133.86
7/12/2012,133.51,134.2269,132.6,133.38
7/11/2012,134.16,134.6,133.38,134.21
7/10/2012,134.14,136.23,133.68,136.01
7/9/2012,135.32,135.57,134.7,135.38
7/6/2012,135.49,135.77,134.85,135.47
7/5/2012,136.79,137.8,136.29,136.9
7/3/2012,137.412,137.51,136.34,136.48
7/2/2012,136.51,136.65,135.52,136.48
6/29/2012,136.105,136.27,134.85,135.2
6/28/2012,132.79,132.99,131.28,132.29
6/27/2012,133.173,133.43,131.9667,132.42
6/26/2012,131.98,132.38,130.93,131.7
6/25/2012,131.32,132.1,130.85,132.05
6/22/2012,133.46,133.71,132.62,133.13
6/21/2012,132.44,135.78,132.33,135.64
6/20/2012,135.48,136.1,134.27,135.71
6/19/2012,135.7,136.25,134.3714,135.08
6/18/2012,134.4,134.73,133.28,133.58
6/15/2012,134.14,134.26,133.1,133.38
6/14/2012,133.47,134,131.98,132.34
6/13/2012,132.07,133.36,131.62,132.53
6/12/2012,132.92,133.01,131.16,131.79
6/11/2012,131.415,134.25,131.28,134.17
6/8/2012,133.1,133.125,131.29,131.71
6/7/2012,132.05,133.53,131.78,133.47
6/6/2012,131.97,132.03,129.93,129.97
6/5/2012,129.07,129.26,127.78,127.85
6/4/2012,128.1,128.74,127.135,128.39
6/1/2012,128.16,131.5042,128.16,129.41
5/31/2012,131.47,132.45,130.34,131.71
5/30/2012,131.76,133.6924,131.49,132.56
5/29/2012,133.7,133.93,131.17,133.16
5/25/2012,132.1,132.85,131.78,132.48
5/24/2012,132.53,132.84,131.42,132.63
5/23/2012,132.27,132.46,129.99,131.25
5/22/2012,132.2,133.23,131.34,132.31
5/21/2012,131.97,132.02,129.95,130.16
5/18/2012,129.74,131.6,129.55,131.37
5/17/2012,130.86,133.02,130.79,132.86
5/16/2012,132.829,134.55,132.8,133.94
5/15/2012,133.34,134.81,133.13,134.02
5/14/2012,134.11,135.6144,133.91,134.31
5/11/2012,135.61,136.87,135.11,135.17
5/10/2012,136.02,136.85,135.71,136.68
5/9/2012,135.74,136.61,134.49,135.1
5/8/2012,136.55,136.77,134.92,136.28
5/7/2012,137.1,137.56,136.46,136.51
5/4/2012,137,139.3012,136.92,138.515
5/3/2012,139.25,140.45,138.99,140.34
5/2/2012,140.325,140.46,139.46,139.92
5/1/2012,140.74,141.66,139.63,139.79
4/30/2012,139.87,140.21,139.49,140.11
4/27/2012,140.39,140.79,139.8,140.58
4/26/2012,140.16,140.32,138.81,138.89
4/25/2012,139.19,139.25,138.53,138.65
4/24/2012,137.31,137.66,136.8,136.91
4/23/2012,136.79,136.91,135.94,136.54
4/20/2012,137.95,138.83,137.87,138.33
4/19/2012,137.72,139.15,137.07,138.63
4/18/2012,138.61,139.08,138.38,138.46
4/17/2012,139.082,139.36,137.698,137.84
4/16/2012,137.05,138.04,136.58,137.84
4/13/2012,137.14,138.8168,137.01,138.47
4/12/2012,138.79,138.9,137.03,137.13
4/11/2012,137,137.54,136.75,137.29
4/10/2012,135.9,138.34,135.76,137.95
4/9/2012,138.22,139.8444,137.84,138.03
4/5/2012,139.79,140.2,139.26,139.38
4/4/2012,139.86,140.339,139.34,140.22
4/3/2012,141.26,141.8826,140.43,141.64
4/2/2012,141.84,142.21,140.36,140.64
3/30/2012,140.81,141.05,140.05,140.92
3/29/2012,140.23,140.4934,139.09,139.64
3/28/2012,140.47,141.32,139.64,141.1
3/27/2012,141.17,141.83,141.08,141.74
3/26/2012,141.61,141.61,140.6,140.65
3/23/2012,139.65,139.81,138.55,139.32
3/22/2012,139.2,139.55,138.74,139.18
3/21/2012,140.21,140.65,139.92,140.52
3/20/2012,140.44,140.61,139.64,140.05
3/19/2012,140.85,141.28,140.11,140.21
3/16/2012,140.3,140.48,140,140.36
3/15/2012,140.72,140.78,139.76,140.12
3/14/2012,139.91,140.445,139.48,140.1
3/13/2012,140.062,140.13,138.09,138.32
3/12/2012,137.58,137.76,137.09,137.55
3/9/2012,137.57,137.93,137.13,137.3
3/8/2012,137.04,137.32,136.24,136.52
3/7/2012,135.69,135.91,134.93,135.06
3/6/2012,134.75,135.43,134.36,135.35
3/5/2012,136.75,137.2,136.28,137.1
3/2/2012,137.312,137.82,137,137.64
3/1/2012,137.73,137.99,136.9312,137.31
2/29/2012,137.02,138.19,136.54,137.76
2/28/2012,137.559,137.72,136.93,137.2
2/27/2012,137.16,137.53,135.8,136.02
2/24/2012,136.93,137.2,136.63,136.93
2/23/2012,136.631,136.73,135.5,135.96
2/22/2012,136.032,136.55,135.79,136.26
2/21/2012,136.47,137.05,136.05,136.73
2/17/2012,136.41,136.6275,135.96,136.52
2/16/2012,136.049,136.17,134.33,134.57
2/15/2012,134.56,135.83,134.29,135.63
2/14/2012,135.19,135.27,134.25,135
2/13/2012,135.36,135.52,134.74,135.32
2/10/2012,134.361,134.47,133.84,134.16
2/9/2012,135.36,135.59,134.56,135.41
2/8/2012,135.19,135.22,134.31,134.86
2/7/2012,134.79,135.02,133.64,134.17
2/6/2012,134.45,134.5134,133.83,133.98
2/3/2012,134.54,134.62,133.77,134
2/2/2012,132.68,133.02,132.21,132.73
2/1/2012,132.47,133.14,132.13,132.29
1/31/2012,131.32,132.18,130.68,132.02
1/30/2012,131.37,131.44,130.06,130.51
1/27/2012,131.82,132.05,131.15,131.24
1/26/2012,131.88,133.4,131.36,133.15
1/25/2012,132.56,132.87,130.75,131.26
1/24/2012,131.46,131.5,130.6,130.8
1/23/2012,131.61,132.25,130.98,131.51
1/20/2012,131.54,131.95,130.92,131.24
1/19/2012,131.46,131.57,130.8,131.22
1/18/2012,130.77,130.84,129.08,129.31
1/17/2012,129.34,130.32,128.8957,130.08
1/13/2012,128.84,129.05,127.72,128.64
1/12/2012,129.51,129.7,128.54,129.57
1/11/2012,129.2,129.37,128.52,128.73
1/10/2012,129.13,129.65,128.95,129.39
1/9/2012,128.02,128.18,127.41,128
1/6/2012,127.71,128.22,127.29,128.1999
1/5/2012,128.04,128.23,126.43,127.01
1/4/2012,127.7,127.81,126.71,127.2
1/3/2012,127.495,128.38,127.43,127.76
12/30/2011,125.5,126.33,125.5,126.02
12/29/2011,126.12,126.25,124.8566,125.24
12/28/2011,124.83,126.53,124.73,126.51
12/27/2011,126.49,126.82,126.06,126.17
12/23/2011,126.39,126.43,125.41,125.67
12/22/2011,125.27,125.4,124.2324,124.63
12/21/2011,124.17,124.36,122.75,123.93
12/20/2011,123.93,124.14,122.17,122.18
12/19/2011,120.29,122.32,120.03,122.06
12/16/2011,121.59,122.95,121.3,122.23
12/15/2011,122.185,123.2,121.99,123.03
12/14/2011,121.74,123.03,121.47,122.56
12/13/2011,123.05,125.57,122.45,124.86
12/12/2011,124.21,124.97,123.16,124.95
12/9/2011,126.05,126.37,124.4,124.51
12/8/2011,123.95,126.18,123.65,125.9
12/7/2011,126.73,127.26,124.97,125.84
12/6/2011,126.26,127.11,125.76,126.21
12/5/2011,126.22,127.18,125.44,126.84
12/2/2011,124.86,126.5,124.78,126.12
12/1/2011,124.97,125.64,124.43,124.85
11/30/2011,124.99,125.22,123.22,123.49
11/29/2011,120.05,121,119.61,120.05
11/28/2011,119.71,120.18,118.82,119.54
11/25/2011,116.34,117.7,116.2,116.38
11/23/2011,116.56,119.19,116.56,118.07
11/22/2011,119.19,120.1,118.52,119.4
11/21/2011,119.661,120.35,118.65,120.2
11/18/2011,121.979,122.75,121.47,122.5
11/17/2011,122.105,124.16,121.23,123.85
11/16/2011,124.08,126.34,123.9,124.81
11/15/2011,126.083,126.75,124.72,125.17
11/14/2011,125.46,127.45,124.92,126.19
11/11/2011,126.66,126.99,125.79,125.83
11/10/2011,124.32,124.94,123.02,124.79
11/9/2011,123.161,125.8,122.86,124.89
11/8/2011,127.88,128.02,125.71,126.92
11/7/2011,126.26,126.39,124.2,125.39
11/4/2011,125.481,125.7,124.01,125.23
11/3/2011,126.25,126.5,123.595,125.27
11/2/2011,123.99,124.4,122.7905,123.83
11/1/2011,122.002,123.51,121.52,122.03
10/31/2011,125.5,128.6239,125.32,127.16
10/28/2011,128.6,128.85,127.8,128
10/27/2011,128.63,129.42,124.3187,127.63
10/26/2011,124.3,124.77,122.21,124.35
10/25/2011,123.049,124.95,122.78,124.89
10/24/2011,125.49,125.8,124.06,124.17
10/21/2011,123.97,124.12,122.72,123.09
10/20/2011,121.66,122.1,119.82,121.43
10/19/2011,121.13,123.08,120.71,122.38
10/18/2011,122.58,123.5,119.2,120.14
10/17/2011,120.23,122.5492,119.93,121.99
10/14/2011,122.57,122.6,121.23,121.91
10/13/2011,120.51,120.87,119.12,120.04
10/12/2011,120.75,122.14,120.33,120.6
10/11/2011,119.7,120.04,118.75,118.87
10/10/2011,119.58,119.63,117.67,117.68
10/7/2011,115.71,117.245,115.06,117.17
10/6/2011,116.49,116.66,113.51,114.36
10/5/2011,114.42,114.72,111.58,112.62
10/4/2011,112.34,112.58,107.43,108.35
10/3/2011,109.93,113.95,109.81,112.49
9/30/2011,113.15,115.45,113.07,114.45
9/29/2011,116.05,117.63,113.93,117.05
9/28/2011,115.145,118.49,114.97,117.78
9/27/2011,117.54,119.56,116.84,118.53
9/26/2011,116.24,116.4,112.98,114.61
9/23/2011,113.54,114.16,112.02,112.11
9/22/2011,112.86,114.21,111.3,113.25
9/21/2011,116.63,120.6,116.44,120.23
9/20/2011,120.17,121.99,120.01,120.82
9/19/2011,120.31,120.93,118.72,119.53
9/16/2011,121.521,121.97,120.32,121.29
9/15/2011,121.43,121.47,119.4034,120.65
9/14/2011,119.37,120.8,116.72,118.34
9/13/2011,117.74,118.18,116.22,117.05
9/12/2011,116.67,116.76,114.05,114.47
9/9/2011,115.92,119.057,115.28,117.68
9/8/2011,119.04,120.94,118.77,119.57
9/7/2011,120.29,120.34,118.36,118.76
9/6/2011,116.99,117.16,114.38,114.39
9/2/2011,117.85,120.8726,117.43,118.42
9/1/2011,120.94,123.4,120.78,122.29
8/31/2011,122.22,123.51,121.3,122.46
8/30/2011,121.68,122.43,119.26,120.83
8/29/2011,121.36,121.43,118.0569,119.56
8/26/2011,117.97,118.51,113.85,115.69
8/25/2011,116.28,119.4,115.87,118.73
8/24/2011,118.08,118.24,115.92,116.19
8/23/2011,116.44,116.5665,112.58,113.15
8/22/2011,112.73,115.23,112.41,115.17
8/19/2011,112.64,115.88,112.5,112.96
8/18/2011,114.51,119.714,113.39,116.5
8/17/2011,119.67,121.2,118.72,120.25
8/16/2011,119.59,120.69,118.31,119.47
8/15/2011,120.62,120.74,119,119.19
8/12/2011,118.12,119.215,117.28,118.4
8/11/2011,117.33,118.92,112.317,113.26
8/10/2011,112.29,116.28,111.95,115.26
8/9/2011,117.48,117.64,110.27,114.07
8/8/2011,112.26,120.1218,112.02,116.91
8/5/2011,120.08,122.07,116.86,121.76
8/4/2011,120.26,124.62,120.06,124.42
8/3/2011,126.17,126.31,123.53,125.66
8/2/2011,125.49,128.5,125.49,127.81
8/1/2011,128.78,130.96,127.53,130.84
7/29/2011,129.33,130.55,127.9667,128.91
7/28/2011,130.22,131.77,130.01,130.6
7/27/2011,130.6,132.63,130.43,132.59
7/26/2011,133.33,133.96,133.03,133.74
7/25/2011,133.83,134.49,133.16,133.3
7/22/2011,134.58,134.72,133.76,134.52
7/21/2011,134.49,134.82,132.6693,133.4
7/20/2011,132.65,133.15,132.42,133.07
7/19/2011,132.73,132.89,131.31,131.34
7/18/2011,130.61,131.28,129.63,131.08
7/15/2011,131.69,131.87,130.77,131.66
7/14/2011,130.93,132.78,130.68,132.17
7/13/2011,131.84,133.22,131.519,132.09
7/12/2011,131.4,132.78,131.36,131.69
7/11/2011,131.97,133.18,131.66,132.75
7/8/2011,134.4,134.4,133.39,133.83
7/7/2011,135.36,135.7,134.88,135.16
7/6/2011,133.97,134.14,133.11,133.49
7/5/2011,133.81,134.08,133.39,133.78
7/1/2011,133.92,134.1,131.78,132.09
6/30/2011,131.97,132.18,130.705,131.14
6/29/2011,130.72,130.93,129.6321,130.2
6/28/2011,129.61,129.63,128.27,128.45
6/27/2011,127.94,128.43,126.64,126.89
6/24/2011,126.81,128.37,126.62,128.27
6/23/2011,128.301,128.6361,126.19,127.16
6/22/2011,128.67,129.81,128.59,129.05
6/21/2011,129.45,129.7,127.7535,128.36
6/20/2011,127.7,127.97,126.58,126.62
6/17/2011,127.05,127.94,126.62,127.93
6/16/2011,127.3,127.97,126.32,127.06
6/15/2011,127.02,129.2991,126.68,128.24
6/14/2011,129.32,129.77,128.82,128.87
6/13/2011,127.7,128.24,127.05,127.89
6/10/2011,127.6,128.93,127.26,128.85
6/9/2011,129.4,129.93,128.46,128.77
6/8/2011,128.42,129.19,128.18,128.76
6/7/2011,128.96,130.07,128.85,129.7
6/6/2011,129.045,130.36,128.87,130.09
6/3/2011,130.42,131.42,130.08,130.15
6/2/2011,131.73,132.24,130.96,131.96
6/1/2011,131.87,134.9234,131.76,134.51
5/31/2011,134.9,134.92,133.84,134.77
5/27/2011,133.51,133.87,132.9588,133.37
5/26/2011,133,133.24,131.78,132.03
5/25/2011,132.39,132.94,131.38,131.42
5/24/2011,131.95,132.73,131.7,132.44
5/23/2011,132.06,133.6475,131.59,131.98
5/20/2011,133.61,134.6781,133.36,134.33
5/19/2011,134.68,135.03,133.94,134.8
5/18/2011,134.36,134.5,132.95,133.24
5/17/2011,133.17,133.35,132.12,132.69
5/16/2011,133.19,134.61,132.97,133.56
5/13/2011,134.04,135.34,133.56,135.15
5/12/2011,135.08,135.36,133.39,134.08
5/11/2011,134.44,135.69,133.82,135.67
5/10/2011,135.87,136.11,135,135.17
5/9/2011,134.72,135.11,133.98,134.19
5/6/2011,134.2,135.63,133.22,134.94
5/5/2011,133.61,134.95,133.02,134.08
5/4/2011,134.83,135.73,134.23,135.67
5/3/2011,135.73,136.19,135.045,135.96
5/2/2011,136.22,137.18,135.95,137.07
4/29/2011,136.43,136.57,135.98,136.16
4/28/2011,136.11,136.29,135.41,135.43
4/27/2011,135.67,135.87,134.5,135.05
4/26/2011,134.791,135.06,133.91,134.05
4/25/2011,133.64,133.86,133.2,133.68
4/21/2011,133.78,133.84,133.1046,133.79
4/20/2011,133.1,133.39,132.79,132.88
4/19/2011,131.31,131.35,130.44,130.76
4/18/2011,130.56,132.0301,129.51,130.59
4/15/2011,132.04,132.37,131.41,131.8
4/14/2011,131.56,131.76,130.27,130.7
4/13/2011,131.46,132.18,130.96,132.08
4/12/2011,131.47,131.98,130.99,131.72
4/11/2011,132.46,133.45,132.14,133
4/8/2011,132.86,133.99,132.31,133.91
4/7/2011,133.32,133.9775,132.66,133.42
4/6/2011,133.66,134,133.12,133.88
4/5/2011,133.24,133.83,132.94,133
4/4/2011,133.26,133.67,132.88,133.43
4/1/2011,133.15,133.77,132.83,133.41
3/31/2011,132.59,132.96,132.45,132.6
3/30/2011,132.77,133.16,132.36,132.55
3/29/2011,131.86,131.9,130.44,130.87
3/28/2011,130.98,131.92,130.94,131.58
3/25/2011,131.3,131.87,130.8921,131.24
3/24/2011,130.9,131.09,129.67,130.4
3/23/2011,129.66,130,128.32,128.93
3/22/2011,129.29,129.89,129.17,129.72
3/21/2011,129.74,130.01,129.2,129.35
3/18/2011,127.76,128.88,127.51,128.84
3/17/2011,127.85,128.39,127.1,128
3/16/2011,126.175,128.57,125.28,128.15
3/15/2011,128.56,129.33,126.5,126.59
3/14/2011,130.05,130.48,129.06,129.99
3/11/2011,130.84,131.31,129.49,129.52
3/10/2011,129.9375,131.18,129.81,131
3/9/2011,132.39,132.8,131.6,132.32
3/8/2011,132.58,133,131.07,131.64
3/7/2011,131.43,133.1594,130.735,132.86
3/4/2011,132.47,133.63,131.6,133.37
3/3/2011,133.47,133.62,132.39,132.4
3/2/2011,131.21,131.82,130.35,130.75
3/1/2011,130.93,133.69,130.89,133.57
2/28/2011,133.15,133.32,132.38,132.82
2/25/2011,132.33,132.41,131.4,131.48
2/24/2011,130.93,131.44,129.7,130.88
2/23/2011,131.02,132.07,130.21,131.75
2/22/2011,131.83,134.5615,131.47,133.12
2/18/2011,134.53,134.69,134.06,134.37
2/17/2011,134.25,134.43,133.34,133.46
2/16/2011,133.85,134.01,133.19,133.46
2/15/2011,133.01,133.22,132.3167,133.02
2/14/2011,133.43,133.54,132.88,133.03
2/11/2011,133.11,133.28,131.77,131.8
2/10/2011,132.321,132.47,131.3,131.6
2/9/2011,132.269,132.63,131.61,132.21
2/8/2011,132.57,132.64,131.73,132.09
2/7/2011,131.97,132.4,131.43,131.44
2/4/2011,131.15,131.2,130.23,130.83
2/3/2011,130.78,130.98,129.57,130.26
2/2/2011,130.485,130.84,130.33,130.4
2/1/2011,130.74,130.97,129.3801,129.46
1/31/2011,128.68,128.78,127.75,128.07
1/28/2011,127.72,130.35,127.51,130.14
1/27/2011,129.99,130.21,129.47,129.7
1/26/2011,129.67,130.05,129.23,129.49
1/25/2011,129.17,129.28,128.11,128.76
1/24/2011,129.1,129.25,128.26,128.285
1/21/2011,128.37,129.17,128.23,128.88
1/20/2011,128.08,128.4,127.13,127.96
1/19/2011,128.25,129.5357,127.91,129.41
1/18/2011,129.52,129.64,129.03,129.18
1/14/2011,129.3,129.33,128.1,128.19
1/13/2011,128.3675,128.69,128.05,128.63
1/12/2011,128.58,128.72,127.4621,128.21
1/11/2011,127.43,127.74,126.95,127.44
1/10/2011,126.98,127.16,126.2,126.58
1/7/2011,127.14,127.77,126.15,127.56
1/6/2011,127.39,127.83,127.01,127.69
1/5/2011,127.64,127.725,126.46,126.58
1/4/2011,126.98,127.37,126.19,127.33
1/3/2011,127.05,127.6,125.6969,126.71
12/31/2010,125.75,125.87,125.33,125.53
12/30/2010,125.72,126.13,125.53,125.8
12/29/2010,125.92,126.2,125.9,125.98
12/28/2010,125.83,125.95,125.5,125.9
12/27/2010,125.65,125.77,125.04,125.13
12/23/2010,125.6,125.78,125.29,125.64
12/22/2010,125.78,125.82,125.41,125.48
12/21/2010,125.39,125.47,124.87,124.99
12/20/2010,124.6,124.9,123.98,124.64
12/17/2010,124.3,124.46,123.82,124.08
12/16/2010,124.82,124.91,123.75,124.18
12/15/2010,124.098,124.93,123.89,124.44
12/14/2010,124.67,125.23,124.29,124.75
12/13/2010,124.56,125.2,124.52,125.05
12/10/2010,124.48,124.6,123.73,124.14
12/9/2010,123.76,124.02,123.15,123.97
12/8/2010,123.28,123.38,122.41,122.98
12/7/2010,122.83,124.01,122.76,123.94
12/6/2010,122.76,123.04,122.5,122.63
12/3/2010,122.89,123.03,122.11,122.14
12/2/2010,122.56,122.65,121.13,121.2
12/1/2010,121.01,121.24,120.19,120.2
11/30/2010,118.4925,119.17,117.81,117.98
11/29/2010,119.162,119.48,117.74,118.5
11/26/2010,118.8,119.81,118.8,119.16
11/24/2010,120.2,120.23,119.18,119.2
11/23/2010,118.4475,119.015,117.99,118.77
11/22/2010,120.19,120.24,118.77,119.69
11/19/2010,120.29,120.34,119.25,119.9
11/18/2010,119.9575,120.39,119.35,119.36
11/17/2010,118.218,118.71,117.86,118.21
11/16/2010,118.16,119.49,117.59,119.29
11/15/2010,120.03,121.05,119.98,120.58
11/12/2010,120.198,121.35,119.65,120.82
11/11/2010,121.635,121.82,120.68,121.05
11/10/2010,122.1,122.16,120.66,121.58
11/9/2010,121.61,122.95,121.12,122.82
11/8/2010,122.49,122.69,121.94,122.34
11/5/2010,122.725,122.92,122.18,122.34
11/4/2010,122.26,122.32,119.9724,121.28
11/3/2010,119.95,120.02,118.45,119.675
11/2/2010,119.475,119.75,119.1,119.42
11/1/2010,118.53,119.75,117.85,119.07
10/29/2010,118.49,118.72,118.07,118.28
10/28/2010,118.4,119.11,117.83,119.06
10/27/2010,118.38,118.51,117.26,117.89
10/26/2010,118.72,118.84,117.87,118.1
10/25/2010,118.7,119.76,118.61,119.14
10/22/2010,118.347,118.53,118,118.31
10/21/2010,118.13,119.09,117.21,118.4
10/20/2010,117.87,118.44,116.87,116.94
10/19/2010,116.73,117.85,116.02,117.19
10/18/2010,118.28,118.67,117.31,117.74
10/15/2010,117.7,118.35,116.76,118.28
10/14/2010,117.46,118.01,116.72,117.8099
10/13/2010,117.92,118.55,117.38,117.66
10/12/2010,117.01,117.35,115.65,116.27
10/11/2010,116.65,116.97,116.25,116.72
10/8/2010,116.5375,116.86,115.61,116.05
10/7/2010,115.89,116.53,115.19,116.5
10/6/2010,116.03,116.33,115.56,116.02
10/5/2010,116.04,116.32,114.67,114.8
10/4/2010,113.75,114.85,113.18,114.37
10/1/2010,114.61,115.12,113.93,114.99
9/30/2010,114.13,115.79,113.59,115.05
9/29/2010,114.47,114.91,114.02,114.38
9/28/2010,114.67,115.04,113.18,114.42
9/27/2010,114.27,114.99,114.16,114.86
9/24/2010,114.82,114.9,113.65,113.75
9/23/2010,112.498,113.67,112.18,112.49
9/22/2010,113.42,114.44,113.1,113.8
9/21/2010,113.98,114.84,113.51,114.3
9/20/2010,114.21,114.46,112.5216,112.88
9/17/2010,112.49,113.15,112.18,113.04
9/16/2010,113.05,113.12,112.35,112.73
9/15/2010,113.08,113.21,111.98,112.32
9/14/2010,112.65,113.29,112.08,112.5
9/13/2010,112.72,112.95,112.13,112.58
9/10/2010,111.482,111.61,110.87,111.12
9/9/2010,110.92,111.68,110.62,111.65
9/8/2010,110.41,110.85,109.81,109.86
9/7/2010,109.64,110.51,109.55,110.37
9/3/2010,110.89,110.99,109.95,110.54
9/2/2010,109.47,109.49,108.49,108.72
9/1/2010,108.46,108.61,106.66,106.73
8/31/2010,105.31,105.98,104.49,104.92
8/30/2010,105.311,106.91,105.3,106.58
8/27/2010,106.86,106.97,104.31,105.89
8/26/2010,105.23,106.58,104.88,106.44
8/25/2010,105.94,106.34,104.29,104.95
8/24/2010,105.53,106.39,104.97,105.95
8/23/2010,107.1236,108.57,107.07,108.04
8/20/2010,107.53,107.9376,106.7499,107.56
8/19/2010,107.88,109.49,107.43,109.22
8/18/2010,109.79,110.38,108.91,109.54
8/17/2010,109.59,110.39,108.88,109.19
8/16/2010,108.26,108.61,107.18,107.57
8/13/2010,108.31,108.96,108.18,108.29
8/12/2010,108.63,109.02,107.6,107.65
8/11/2010,109.3,110.69,109.12,110.65
8/10/2010,112.375,112.98,111.3701,112.03
8/9/2010,112.992,113.18,112.32,112.92
8/6/2010,112.392,112.57,110.92,111.74
8/5/2010,112.85,112.91,112.08,112.25
8/4/2010,112.97,113.11,112.16,112.53
8/3/2010,112.22,112.77,111.85,112.48
8/2/2010,112.76,112.94,111.54,111.99
7/30/2010,110.27,110.86,108.98,109.17
7/29/2010,110.29,111.82,109.41,111.52
7/28/2010,110.83,111.66,110.46,111.32
7/27/2010,111.55,112.29,111.11,112.17
7/26/2010,111.56,111.67,110.29,110.6
7/23/2010,110.41,110.57,108.93,109.24
7/22/2010,109.461,109.94,108.33,108.34
7/21/2010,107.07,109.07,106.63,109.04
7/20/2010,108.48,108.56,105.82,105.87
7/19/2010,107.29,107.63,106.22,107.05
7/16/2010,106.66,109.2059,106.45,109.09
7/15/2010,109.68,110.06,108.17,109.61
7/14/2010,109.651,110.08,108.86,109.31
7/13/2010,109.66,110.09,108.93,109.15
7/12/2010,108.03,108.24,107.15,107.6
7/9/2010,107.96,107.97,106.93,107.13
7/8/2010,107.16,107.28,105.91,107
7/7/2010,106.1075,106.24,103.02,103.13
7/6/2010,102.87,104.37,101.88,103.64
7/2/2010,102.2,103.42,101.62,103.11
7/1/2010,102.76,103.49,101.13,103.15
6/30/2010,103.22,104.88,102.88,103.92
6/29/2010,104.21,107.5114,103.55,106.02
6/28/2010,107.53,108.32,107.14,108.03
6/25/2010,107.8675,108.42,106.77,107.74
6/24/2010,107.42,108.83,107.14,108.69
6/23/2010,109.23,110.03,108.48,109.64
6/22/2010,109.57,111.9,109.41,111.41
6/21/2010,111.41,113.2,110.79,113.12
6/18/2010,111.729,112.13,111.37,111.83
6/17/2010,112.14,112.33,111.05,112.28
6/16/2010,111.96,112.42,111.2,111.42
6/15/2010,112,112.1,110.09,110.28
6/14/2010,109.509,111.12,109.4,110.52
6/11/2010,109.68,109.75,108.12,108.19
6/10/2010,109.15,109.28,106.0426,107.86
6/9/2010,106.05,108.28,105.6,107.24
6/8/2010,106.62,106.83,104.65,105.57
6/7/2010,105.49,107.61,105.41,107.2
6/4/2010,106.82,109.33,106.465,108.61
6/3/2010,110.71,111.06,109.58,110.65
6/2/2010,110.33,110.34,107.5091,108.08
6/1/2010,107.53,109.95,107.37,108.35
5/28/2010,109.369,110.724,108.85,110.64
5/27/2010,110.76,110.8,108.7801,109.19
5/26/2010,107.17,109.47,106.85,108.48
5/25/2010,107.818,107.87,104.38,105.11
5/24/2010,107.71,109.39,107.61,108.52
5/21/2010,109.115,109.38,105.3612,105.91
5/20/2010,107.54,109.89,107.47,109.38
5/19/2010,111.76,112.77,110.36,111.77
5/18/2010,112.4,115.22,112.03,114.88
5/17/2010,113.95,114.52,111.77,114.2
5/14/2010,113.89,115.33,112.87,115.12
5/13/2010,115.99,117.68,115.89,117.13
5/12/2010,117.45,117.62,116.09,116.29
5/11/2010,115.83,117.36,114.91,115.07
5/10/2010,116.16,116.65,114.91,115.81
5/7/2010,111.26,113.77,109.41,112.64
5/6/2010,112.942,117,105,116.26
5/5/2010,116.82,117.8,115.97,116.56
5/4/2010,117.52,119.03,116.92,119.01
5/3/2010,120.35,120.68,119.2,119.38
4/30/2010,118.8125,121.01,118.78,120.88
4/29/2010,120.8575,121.11,120.07,120.1
4/28/2010,119.38,119.68,118.27,119.05
4/27/2010,118.48,121.3346,118.25,120.65
4/26/2010,121.35,122.12,121.23,121.85
4/23/2010,121.8125,121.86,120.63,120.94
4/22/2010,121.02,121.17,119.12,119.81
4/21/2010,120.66,121.23,119.99,120.95
4/20/2010,120.88,120.98,119.871,120.56
4/19/2010,119.81,119.93,118.47,119.01
4/16/2010,119.36,121.285,118.75,120.86
4/15/2010,121.29,121.5654,120.95,120.99
4/14/2010,121.19,121.19,120.08,120.27
4/13/2010,119.83,120.04,119,119.62
4/12/2010,119.74,120.05,119.56,119.7
4/9/2010,119.55,119.6,118.8,119.02
4/8/2010,118.7725,118.97,117.6,117.95
4/7/2010,118.36,119.3567,117.81,118.8
4/6/2010,119.04,119.25,118.29,118.42
4/5/2010,118.76,118.84,117.92,118.25
4/1/2010,117.8,118.25,117.1,117.8
3/31/2010,117,117.52,116.61,116.95
3/30/2010,117.4,117.83,116.91,117.46
3/29/2010,117.32,117.53,116.6886,117.1699
3/26/2010,116.582,117.42,116.12,116.87
3/25/2010,116.65,118.1666,116.51,117.63
3/24/2010,116.84,117.4264,115.58,116.97
3/23/2010,117.41,117.51,116.38,116.76
3/22/2010,116.5925,116.8,115.24,115.31
3/19/2010,115.97,117.293,115.52,116.96
3/18/2010,117.0375,117.27,116.57,117.11
3/17/2010,117.1,117.48,116.4198,116.76
3/16/2010,116.41,116.52,115.49,115.81
3/15/2010,115.49,115.575,114.6,115.26
3/12/2010,115.46,115.97,115.14,115.95
3/11/2010,115.45,115.48,114.35,114.7
3/10/2010,114.97,115.275,114.41,114.51
3/9/2010,114.46,114.99,113.87,113.93
3/8/2010,114.27,114.52,114.07,114.26
3/5/2010,114.25,114.34,113.1,113.37
3/4/2010,112.641,112.8,112.03,112.45
3/3/2010,112.3,112.97,112.02,112.49
3/2/2010,112.2,112.74,112,112.37
3/1/2010,111.89,112,111.17,111.2
2/26/2010,110.74,111.12,110.11,110.77
2/25/2010,110.67,110.75,108.94,109.24
2/24/2010,110.82,111,109.86,110.14
2/23/2010,109.81,111.2,109.52,110.86
2/22/2010,111.16,111.58,110.83,111.55
2/19/2010,111.14,111.57,110.36,110.62
2/18/2010,110.91,111.14,110.035,110.08
2/17/2010,110.26,110.41,109.74,110.27
2/16/2010,109.74,109.85,108.42,108.86
2/12/2010,108.04,108.1012,106.51,106.99
2/11/2010,108.13,108.25,106.25,106.87
2/10/2010,107.01,107.6,106.11,107.05
2/9/2010,107.22,108.15,106.27,107.13
2/8/2010,105.89,107.33,105.8099,106.74
2/5/2010,106.66,106.88,104.58,106.56
2/4/2010,106.44,109.03,106.42,108.98
2/3/2010,109.83,110.4815,109.51,109.88
2/2/2010,110.38,110.59,108.88,109.26
2/1/2010,109.06,109.07,107.5008,108.15
1/29/2010,107.39,109.8,107.22,109.04
1/28/2010,108.57,110.25,107.91,110.19
1/27/2010,109.83,110.08,108.33,109.17
1/26/2010,109.31,110.47,109.04,109.34
1/25/2010,109.77,110.41,109.41,110.21
1/22/2010,109.21,111.7416,109.09,111.2
1/21/2010,111.7,114.27,111.56,113.92
1/20/2010,113.89,114.45,112.98,114.28
1/19/2010,115.06,115.13,113.59,113.62
1/15/2010,113.64,114.84,113.2,114.73
1/14/2010,114.93,115.14,114.42,114.49
1/13/2010,114.62,114.94,113.37,113.95
1/12/2010,113.66,114.21,113.22,113.97
1/11/2010,114.73,115.13,114.235,115.08
1/8/2010,114.57,114.62,113.66,113.89
1/7/2010,114.19,114.33,113.18,113.5
1/6/2010,113.71,113.99,113.43,113.52
1/5/2010,113.63,113.68,112.85,113.26
1/4/2010,113.33,113.39,111.51,112.37
12/31/2009,111.44,112.8,111.39,112.77
12/30/2009,112.52,112.65,112.17,112.23
12/29/2009,112.562,113.03,112.55,113.01
12/28/2009,112.72,112.99,112.32,112.9
12/24/2009,112.48,112.6,111.9948,112.19
12/23/2009,111.95,112.11,111.5,112
12/22/2009,111.73,111.97,111.425,111.57
12/21/2009,111.33,111.7,110.76,110.76
12/18/2009,110.21,110.3,109.28,110.2
12/17/2009,110.18,110.93,110.08,110.72
12/16/2009,111.52,112.13,111.27,111.8
12/15/2009,111.35,111.92,111,111.46
12/14/2009,111.87,112,111.37,111.87
12/11/2009,111.11,111.36,110.61,111.11
12/10/2009,110.64,111.12,110.45,110.7
12/9/2009,110.021,110.18,109.02,109.58
12/8/2009,109.61,110.7725,109.27,110.04
12/7/2009,110.84,111.53,110.49,110.91
12/4/2009,111.01,112.38,110.04,111.84
12/3/2009,110.38,112.18,110.29,111.55
12/2/2009,111.25,112.01,110.92,111.28
12/1/2009,111.3,111.66,110.73,110.92
11/30/2009,109.94,110.2,108.12,109.48
11/27/2009,109.57,110.32,108.29,108.4
11/25/2009,111.38,111.5,110.82,111.17
11/24/2009,110.99,111.2022,110.01,111
11/23/2009,110.82,111.74,110.6,110.72
11/20/2009,109.43,109.76,109.01,109.25
11/19/2009,109.82,111.3059,109.13,110.51
11/18/2009,111.27,111.43,110.57,111.26
11/17/2009,111.339,111.39,110.5,110.92
11/16/2009,111.21,111.69,110.32,110.38
11/13/2009,109.62,110.09,108.75,109.31
11/12/2009,109.03,110.57,108.75,110
11/11/2009,110.15,110.82,109.62,110.31
11/10/2009,109.59,109.93,108.97,109.31
11/9/2009,109.57,109.63,107.87,107.95
11/6/2009,107.13,107.4,106.05,106.26
11/5/2009,106.8501,106.88,105.44,105.66
11/4/2009,104.92,106.33,104.65,105.51
11/3/2009,104.65,104.8,103.54,103.74
11/2/2009,104.32,105.41,103.08,104.13
10/30/2009,103.56,106.62,103.44,106.3
10/29/2009,106.65,106.86,104.94,105.19
10/28/2009,104.41,106.4783,104.35,106.15
10/27/2009,106.42,107.39,106.16,107.03
10/26/2009,106.91,109.31,106.61,108.2
10/23/2009,108.08,109.76,107.63,109.69
10/22/2009,109.33,109.68,107.5,108.19
10/21/2009,108.23,110.31,108.15,109.04
10/20/2009,109.211,109.985,108.68,109.95
10/19/2009,109.79,110.13,108.73,109.07
10/16/2009,108.89,109.27,108.23,108.8
10/15/2009,109.71,109.71,108.73,108.78
10/14/2009,109.31,109.42,107.4174,108.72
10/13/2009,107.46,107.7132,106.76,107.39
10/12/2009,107.68,108.09,107.28,107.76
10/9/2009,107.26,107.26,106.36,106.64
10/8/2009,106.61,107.17,105.8449,106.55
10/7/2009,105.8,105.91,105.07,105.27
10/6/2009,105.51,106.11,104.71,104.77
10/5/2009,104.02,104.32,102.6,102.9
10/2/2009,102.49,103.1,101.99,102.02
10/1/2009,103,105.7331,102.95,105.34
9/30/2009,105.59,106.46,104.62,106.36
9/29/2009,106,107.02,105.78,106.51
9/28/2009,106.32,106.55,104.83,104.85
9/25/2009,104.45,105.36,104.09,104.78
9/24/2009,105.01,106.64,104.55,106.41
9/23/2009,106.18,108.03,105.99,107.32
9/22/2009,107.07,107.37,106.6,107.08
9/21/2009,106.45,107,105.66,105.89
9/18/2009,106.72,107.16,106.36,107.15
9/17/2009,107.16,108.06,106.57,107.17
9/16/2009,107.32,107.34,105.7288,106.1
9/15/2009,105.72,106.11,104.76,105.45
9/14/2009,105.28,105.46,103.15,103.88
9/11/2009,104.77,105.3,104.28,104.99
9/10/2009,104.79,104.86,103.22,103.8
9/9/2009,103.73,104.08,102.8,103.12
9/8/2009,102.94,103.05,102.39,103
9/4/2009,102.06,102.09,100.55,100.85
9/3/2009,100.65,100.77,99.59,100.4
9/2/2009,99.82,100.44,99.57,99.78
9/1/2009,100.2,103.24,99.99,101.95
8/31/2009,102.46,102.58,101.79,102.37
8/28/2009,103.38,104.35,102.67,104.23
8/27/2009,103.4,103.72,101.94,103.11
8/26/2009,103.17,103.64,102.49,102.84
8/25/2009,103.16,104.26,102.94,103.37
8/24/2009,102.96,103.95,102.59,103.39
8/21/2009,102.97,103.13,101.62,101.82
8/20/2009,100.99,101.22,99.87,100.09
8/19/2009,99.96,100.3,98.21,98.31
8/18/2009,99.09,99.44,98.35,98.53
8/17/2009,98.31,98.95,98.115,98.85
8/14/2009,100.79,101.6,99.7,101.52
8/13/2009,101.57,101.61,100.26,101.26
8/12/2009,100.8,101.56,99.51,99.56
8/11/2009,99.73,100.61,99.46,100.54
8/10/2009,100.99,101.22,100.27,100.74
8/7/2009,101.202,102.03,100.39,100.94
8/6/2009,99.89,101.02,99.42,100.87
8/5/2009,100.41,100.855,99.58,100.77
8/4/2009,100.7,100.84,99.78,99.99
8/3/2009,100.44,100.53,99.31,99.85
7/31/2009,98.81,99.47,98.38,98.65
7/30/2009,98.67,99.83,98.6,98.83
7/29/2009,97.652,98.088,96.98,97.44
7/28/2009,97.89,98.37,97.06,97.66
7/27/2009,98.35,98.4,97.34,97.88
7/24/2009,98.06,98.14,96.69,97.2
7/23/2009,97.661,98.08,95.53,95.61
7/22/2009,95.55,96.13,94.89,94.96
7/21/2009,95.57,95.9,94.42,95.87
7/20/2009,95.131,95.29,94.19,94.68
7/17/2009,94.13,94.32,93.54,94.06
7/16/2009,94.15,94.51,92.82,93
7/15/2009,93.26,93.51,90.6795,91.81
7/14/2009,90.61,90.69,89.73,90.38
7/13/2009,90.102,90.17,87.59,88.31
7/10/2009,87.96,88.49,87.35,87.7
7/9/2009,88.17,88.9,87.91,88.61
7/8/2009,88,88.8,87,88.59
7/7/2009,88.06,89.82,88,89.71
7/6/2009,89.8,89.93,88.66,88.94
7/2/2009,89.81,92.3624,89.76,91.13
7/1/2009,92.33,93.23,92.21,92.34
6/30/2009,91.95,93.06,91.27,92.72
6/29/2009,92.7,92.82,91.6,92.11
6/26/2009,91.84,92.24,91.27,91.77
6/25/2009,92.08,92.17,89.57,89.67
6/24/2009,90.118,91.08,89.6,90.16
6/23/2009,89.35,89.88,88.85,89.47
6/22/2009,89.28,91.19,89.25,91.14
6/19/2009,92.04,92.7,91.52,92.58
6/18/2009,92.219,92.67,91.25,91.69
6/17/2009,91.55,92.33,90.83,91.6
6/16/2009,91.64,93.29,91.58,93.23
6/15/2009,92.9,94.02,92.4,93.96
6/12/2009,95.08,95.14,94,94.4
6/11/2009,94.82,96.11,94.56,94.58
6/10/2009,94.4,95.49,93.19,95.48
6/9/2009,94.64,95.145,94.02,94.69
6/8/2009,94.16,95.1,93.04,93.84
6/5/2009,94.55,95.67,93.8,95.49
6/4/2009,94.53,94.67,93.3,94
6/3/2009,93.65,94.13,92.76,94.04
6/2/2009,94.85,95.37,94.16,94.4
6/1/2009,94.77,95.17,93.43,93.67
5/29/2009,92.53,93.7,90.68,91.42
5/28/2009,90.92,91.34,89.1,90.46
5/27/2009,89.67,91.75,89.53,91.44
5/26/2009,91.3,91.56,88.32,88.36
5/22/2009,89.02,90,88.68,89.46
5/21/2009,89.21,89.8,88.26,89.46
5/20/2009,90.51,92.8,90.41,91.95
5/19/2009,91.12,91.97,90.81,91.18
5/18/2009,91.23,91.34,88.5702,89.55
5/15/2009,88.71,90,88.15,89.37
5/14/2009,89.44,90.12,88.5,88.72
5/13/2009,88.68,90.01,88.5,89.74
5/12/2009,90.97,91.83,89.85,91.63
5/11/2009,91.24,92.11,91.04,91.7
5/8/2009,92.98,93.22,90.911,92.03
5/7/2009,90.86,93.15,90.28,93.01
5/6/2009,92.141,92.2,90.61,91.68
5/5/2009,90.57,90.93,89.84,90.57
5/4/2009,90.88,90.94,88.38,88.55
5/1/2009,87.89,88.21,86.72,87.44
4/30/2009,87.42,89.02,86.92,88.55
4/29/2009,87.39,88.36,86.3,86.52
4/28/2009,85.57,86.59,84.76,84.97
4/27/2009,85.84,87.01,85.54,85.68
4/24/2009,86.66,87.31,85.69,86.03
4/23/2009,85.37,85.42,83.63,84.71
4/22/2009,84.54,86.34,84.07,84.29
4/21/2009,85.06,85.13,82.75,82.82
4/20/2009,83.43,87.0489,83.34,85.54
4/17/2009,87.08,87.65,86.14,86.83
4/16/2009,86.5,87.15,84.77,85.93
4/15/2009,85.25,85.42,83.61,83.84
4/14/2009,84.35,85.76,84.08,85.03
4/13/2009,85.83,86.54,84.58,84.92
4/9/2009,85.81,85.82,84.33,84.67
4/8/2009,82.53,82.94,81.54,82.06
4/7/2009,81.65,82.65,81.51,82.25
4/6/2009,83.6,84.2747,82.29,83.34
4/3/2009,84.26,84.28,82.67,83.49
4/2/2009,83.43,84.61,81.1296,83.08
4/1/2009,81.06,81.42,78.33,78.53
3/31/2009,79.52,81.08,79.05,79.56
3/30/2009,78.79,79.87,77.96,79.8
3/27/2009,81.61,82.53,81.31,82.05
3/26/2009,83.11,83.3,81.32,82.25
3/25/2009,81.45,82.7,79.06,81.23
3/24/2009,80.6,82.36,80.51,81.24
3/23/2009,82.22,82.29,78.31,78.74
3/20/2009,76.71,78.91,76.53,78.76
3/19/2009,78.94,81,78.69,80.93
3/18/2009,79.93,80.9,77.07,77.81
3/17/2009,78.18,78.36,75.45,76.07
3/16/2009,75.86,77.97,75.81,76.96
3/13/2009,76.09,76.98,74.73,76.01
3/12/2009,75.5,75.75,71.97,72.62
3/11/2009,72.64,73.75,71.83,73
3/10/2009,72.17,72.37,69.37,69.51
3/9/2009,68.11,70,67.73,67.95
3/6/2009,68.92,70.45,67.1,69.4
3/5/2009,68.8,71.73,68.17,70.1
3/4/2009,71.73,72.87,70.0729,71.23
3/3/2009,70.07,71.7,69.64,71.61
3/2/2009,70.6,73.9169,70.37,72.52
2/27/2009,73.93,75.6872,73.81,74.01
2/26/2009,75.62,79.6667,75.53,77.82
2/25/2009,76.872,78.42,75.63,77.14
2/24/2009,77.48,77.95,74.7003,75.29
2/23/2009,74.65,78.27,74.59,78.27
2/20/2009,77.42,78.34,75.77,76.73
2/19/2009,78.181,80.15,78.02,79.84
2/18/2009,79.03,79.94,78.28,79.79
2/17/2009,79.22,82.958,79.17,80.16
2/13/2009,82.76,84.24,82.74,83.55
2/12/2009,83.66,83.82,81.05,82.17
2/11/2009,83.6,84.05,82.4,83.45
2/10/2009,83.11,87.03,82.45,86.27
2/9/2009,87.1,87.74,86.32,86.96
2/6/2009,86.98,87.34,84.68,84.86
2/5/2009,84.57,85.29,77.73,82.7
2/4/2009,83.33,85.37,83.04,84.3
2/3/2009,83.74,84.36,82.22,83.1
2/2/2009,82.58,83.18,81.31,81.57
1/30/2009,82.83,85.4,82.21,84.98
1/29/2009,84.55,87.4901,84.47,86.11
1/28/2009,87.39,87.95,86.07,86.4
1/27/2009,84.53,85.15,83.3,84.13
1/26/2009,83.68,85.36,82.81,83.59
1/23/2009,83.11,83.99,80.57,80.9
1/22/2009,82.75,84.04,81.17,82.42
1/21/2009,84.05,84.24,80.47,81.94
1/20/2009,80.57,85.059,80.05,84.23
1/16/2009,85.06,85.9876,83.05,85.86
1/15/2009,84.4,85.25,81.72,84.12
1/14/2009,84.37,85.75,83.16,85.54
1/13/2009,87.11,87.88,86.2,86.73
1/12/2009,86.95,88.91,86.41,88.84
1/9/2009,89.09,91.32,85.36,91.16
1/8/2009,91.042,91.09,89.67,90.16
1/7/2009,90.67,92.26,90.2,92
1/6/2009,93.47,94.45,92.68,93.64
1/5/2009,92.85,94.5533,91.89,92.63
1/2/2009,92.96,93.44,89.85,90.44
12/31/2008,90.24,90.97,88.87,89.08
12/30/2008,88.97,89.05,86.8766,87.51
12/29/2008,86.91,87.33,85.6,87.24
12/26/2008,87.16,87.3,86.5,87.24
12/24/2008,86.66,86.87,86,86.45
12/23/2008,86.16,87.93,85.8,87.53
12/22/2008,87.06,88.67,85.49,88.58
12/19/2008,88.19,90.62,88.09,89.1
12/18/2008,89.29,91.67,88.21,91.4
12/17/2008,90.99,92.43,90.06,90.84
12/16/2008,91.88,92.02,88.18,88.3
12/15/2008,87.75,89.15,86.29,89.02
12/12/2008,88.99,89.07,85.2,85.55
12/11/2008,87.94,91,87.37,89.54
12/10/2008,90.11,91.36,89,90.32
12/9/2008,89.5,92.13,88.98,90.37
12/8/2008,91,92.38,88.0815,90.34
12/5/2008,87.93,88.42,82.24,83.65
12/4/2008,85.3,88.05,83.74,86.06
12/3/2008,87.32,87.83,83.14,83.4
12/2/2008,85.27,85.49,82.038,83.47
12/1/2008,82.11,87.55,81.86,87.51
11/28/2008,90.09,90.13,88.48,88.63
11/26/2008,88.97,89.19,84.24,84.3
11/25/2008,85.66,87.51,83.82,87.3
11/24/2008,85.03,86.985,80.3614,81.92
11/21/2008,79.52,80.9,74.34,77.46
11/20/2008,75.45,82.51,75.05,80.13
11/19/2008,81.5,86.87,80.92,85.91
11/18/2008,87.08,87.22,82.91,85.15
11/17/2008,85.47,88.56,85.16,86.38
11/14/2008,86.62,92.06,86.52,89.41
11/13/2008,91.17,91.73,82.09,86.13
11/12/2008,85.82,90.1516,85.12,88.23
11/11/2008,89.77,92.1377,88.65,90.76
11/10/2008,92.63,95.53,90.92,95.21
11/7/2008,93.86,94,90.86,91.65
11/6/2008,90.86,95.44,90.06,94.46
11/5/2008,96.19,100.7114,95,99.2
11/4/2008,100.41,100.86,96.7142,99.06
11/3/2008,97.11,97.69,95.95,96.78
10/31/2008,96.83,98.57,94.48,95.08
10/30/2008,96.3,96.54,92.9,95.78
10/29/2008,93.08,97.17,92.1,93.77
10/28/2008,93.76,94.24,84.53,87.34
10/27/2008,83.95,89.51,83.7,85.97
10/24/2008,87.04,89.92,84,84.06
10/23/2008,91.69,92.45,85.81,90.29
10/22/2008,90.64,95.86,87.53,93.2
10/21/2008,95.86,98.64,95.22,96.97
10/20/2008,98.81,99.1,94.0895,95.35
10/17/2008,93.21,98.59,91.65,91.99
10/16/2008,93.77,94.77,86.54,91.29
10/15/2008,90.02,97.8,89.71,97.46
10/14/2008,99.85,105.53,97.11,104.7
10/13/2008,101.35,101.35,89.9479,93.87
10/10/2008,88.5,93.94,83.58,86.76
10/9/2008,90.7,100.62,90.25,99.66
10/8/2008,97.51,102.18,96.81,97.52
10/7/2008,100.03,107.33,99.65,106.84
10/6/2008,104.72,107.62,100.64,107.15
10/3/2008,110.34,115.45,109.68,112.86
10/2/2008,111.85,115.11,111.06,114.95
10/1/2008,116.06,116.69,113.95,115.27
9/30/2008,115.99,116.8,112.71,113.51
9/29/2008,111.38,121.18,110.97,119.18
9/26/2008,120.85,121.5,118.51,118.83
9/25/2008,120.79,121.91,118.4369,119.4
9/24/2008,118.93,120,117.79,119.35
9/23/2008,118.55,122.02,118.28,120.85
9/22/2008,121.31,124.75,120.36,124.4505
9/19/2008,124.12,128,116.52,126.7
9/18/2008,120.07,121.79,113.8,118.05
9/17/2008,116.61,121.8517,116,119.64
9/16/2008,122.1,122.32,117,117.2
9/15/2008,120.09,125.652,119.89,121.63
9/12/2008,126.09,126.21,123.83,124.29
9/11/2008,125.51,125.74,121.6,122.12
9/10/2008,123.72,124.9,122.55,123.89
9/9/2008,123.22,127.36,122.8,127.1
9/8/2008,126.99,128.24,124.42,128.04
9/5/2008,124.42,124.95,122,123.29
9/4/2008,124.03,127.23,123.96,126.97
9/3/2008,127.88,128.5,126.93,127.88
9/2/2008,127.99,130.71,127.52,130.03
8/29/2008,128.79,130.14,128.51,129.73
8/28/2008,130.19,130.34,128.63,129.28
8/27/2008,128.63,128.83,127.3,127.55
8/26/2008,127.39,127.87,126.58,127.02
8/25/2008,127.02,129.65,126.75,128.8
8/22/2008,129.65,129.65,127.8,128.67
8/21/2008,127.8,128.44,126.6,126.75
8/20/2008,127.58,127.95,126.34,127.39
8/19/2008,126.99,128.1181,126.53,127.42
8/18/2008,128.39,130.48,127.66,130.43
8/15/2008,130.17,130.5,129.3,129.93
8/14/2008,129.54,130.28,127.75,127.84
8/13/2008,128.57,129.65,127.67,128.79
8/12/2008,129.35,130.7028,128.73,130.2801
8/11/2008,130.71,131.51,129.23,129.47
8/8/2008,129.37,129.93,126.38,126.58
8/7/2008,127.01,129.0549,126.54,127.96
8/6/2008,128.93,129.3,127.48,128.02
8/5/2008,128.36,128.56,124.9736,126.02
8/4/2008,124.99,126.14,124.76,126.04
8/1/2008,126.16,127.28,125.46,127.12
7/31/2008,126.83,128.57,126.63,127.4
7/30/2008,128.53,128.6,126.28,127.11
7/29/2008,126.28,126.38,123.64,123.98
7/28/2008,123.64,126.06,123.42,125.51
7/25/2008,125.48,126.49,125.17,125.89
7/24/2008,125.51,128.41,125.16,128.34
7/23/2008,128.17,129.15,127.55,127.89
7/22/2008,127.48,127.8,124.85,125.15
7/21/2008,126.05,126.8,125.19,126.51
7/18/2008,125.98,126.4159,125.15,126.17
7/17/2008,125.2,126.26,124.09,125.14
7/16/2008,123.96,124.57,121.1,121.45
7/15/2008,120.99,123.49,120.02,121.8
7/14/2008,122.72,125.5,122.4,125.26
7/11/2008,123.84,125.9,122.49,123.97
7/10/2008,125.3,125.79,123.58,124.43
7/9/2008,124.79,127.74,124.39,127.5
7/8/2008,127.24,127.39,124.2,124.99
7/7/2008,125.02,127.34,123.92,126.79
7/3/2008,126.31,127.11,124.99,127.11
7/2/2008,126.18,129.16,125.95,128.79
7/1/2008,128.38,128.47,125.93,126.52
6/30/2008,127.98,128.91,127.3,127.89
6/27/2008,127.53,128.86,127.035,128.28
6/26/2008,128.23,131.42,128.08,130.57
6/25/2008,131.81,133.4,131.239,131.72
6/24/2008,131.19,132.44,130.19,131.05
6/23/2008,131.45,132.23,131.32,132.09
6/20/2008,131.58,133.09,131.22,132.84
6/19/2008,134.42,135.24,132,134.15
6/18/2008,134.25,135.5235,133.71,134.69
6/17/2008,135.57,137.12,135.37,137.07
6/16/2008,136.23,136.93,135.46,135.55
6/13/2008,136.15,136.52,134.418,135.17
6/12/2008,134.45,135.87,133.52,134.6
6/11/2008,133.94,136.2592,133.93,135.97
6/10/2008,135.94,137.1,135.35,135.67
6/9/2008,136.62,137.5,135.41,136.86
6/6/2008,136.29,139.8,136.22,139.55
6/5/2008,140.78,140.89,138.32,138.58
6/4/2008,138.02,139.16,137.46,137.7
6/3/2008,138.09,139.62,137.23,139.3
6/2/2008,138.9,139.86,138,139.83
5/30/2008,140.35,140.74,139.94,140.47
5/29/2008,140,140.93,139.08,139.13
5/28/2008,139.3,140,138,139.17
5/27/2008,138.66,139,137.53,137.8
5/23/2008,137.64,139.6631,137.52,139.05
5/22/2008,139.51,140.17,139,139.43
5/21/2008,139.49,142.12,139,141.81
5/20/2008,141.89,142.34,141,142.27
5/19/2008,143.05,144.3,142.3,142.81
5/16/2008,142.66,142.87,141.61,142.86
5/15/2008,142.53,142.63,140.83,141.04
5/14/2008,140.77,142.2,140.462,141.07
5/13/2008,140.48,140.89,139.73,140.8
5/12/2008,140.46,140.56,138.73,139.25
5/9/2008,138.9,139.39,138.45,138.6
5/8/2008,139.16,140.32,138.98,139.74
5/7/2008,139.52,142.04,139.13,141.89
5/6/2008,142.05,142.2,139.69,140.01
5/5/2008,140.83,141.61,140.41,141.05
5/2/2008,141.51,142.37,140.56,142.33
5/1/2008,141.12,141.12,138.27,138.39
4/30/2008,138.26,140.59,138.26,139.29
4/29/2008,139.08,139.73,138.61,139.39
4/28/2008,139.63,140.25,139.38,139.88
4/25/2008,139.6,139.89,137.91,139.41
4/24/2008,138.32,139.74,137.04,138.08
4/23/2008,137.72,138.78,137.12,138.09
4/22/2008,137.94,138.37,136.64,138.19
4/21/2008,138.55,138.98,136.87,138.23
4/18/2008,138.48,139.56,138.26,138.94
4/17/2008,137.05,137.25,135.66,136.02
4/16/2008,136.85,136.93,134.4,134.54
4/15/2008,133.24,133.69,132.33,133.58
4/14/2008,132.93,133.54,132.55,133.19
4/11/2008,133.38,135.9837,133.01,134.45
4/10/2008,136.02,136.67,134.9,135.39
4/9/2008,135.83,136.8,134.89,136.61
4/8/2008,136.82,137.1554,135.95,136.19
4/7/2008,136.96,138.57,136.74,137.87
4/4/2008,136.89,137.96,136.12,137.12
4/3/2008,137.04,137.44,135.71,135.94
4/2/2008,136.7,137.67,135.98,137.06
4/1/2008,136.61,136.84,133.51,133.71
3/31/2008,131.97,132.73,131.09,131.29
3/28/2008,131.51,133.36,131.06,132.99
3/27/2008,132.78,134.44,132.36,134.2
3/26/2008,133.2,135.0884,133.11,134.46
3/25/2008,134.85,135.55,133.77,134.86
3/24/2008,134.72,135.81,133.24,133.31
3/20/2008,132.08,132.91,129.26,130.05
3/19/2008,130.32,134.65,130.04,134.14
3/18/2008,133.63,133.69,129.98,130.62
3/17/2008,128.3,129.26,126.07,126.57
3/14/2008,129.61,132.81,127.78,132.77
3/13/2008,131.65,132.64,128.6,129.61
3/12/2008,131.36,133.77,131.16,132.73
3/11/2008,132.6,132.72,127.7152,130.72
3/10/2008,128,129.93,127.59,129.81
3/7/2008,129.71,131.74,128.58,129.63
3/6/2008,131.06,133.22,130.55,132.98
3/5/2008,133.83,134.77,132.34,133.41
3/4/2008,132.99,133.4,130.99,132.23
3/3/2008,133.5,133.81,132.24,133.14
2/29/2008,133.82,137.0249,132.78,135.6
2/28/2008,136.87,137.96,136.55,137.24
2/27/2008,138.22,139.14,137.41,137.56
2/26/2008,138.36,138.95,136.5,136.75
2/25/2008,137.33,137.65,134.78,135.54
2/22/2008,135.62,135.85,132.86,134.97
2/21/2008,134.79,137.01,134.07,136.66
2/20/2008,135.92,137.6,133.76,133.99
2/19/2008,135.52,136.89,134.61,136.69
2/15/2008,135.14,136.1,133.36,134.55
2/14/2008,135.17,137,134.79,136.95
2/13/2008,136.37,137.1,135.14,136.01
2/12/2008,134.99,136.31,133.98,134.91
2/11/2008,133.75,134.23,132.04,133.1
2/8/2008,133.07,134.22,132.1,133.09
2/7/2008,133.93,134.79,131.73,131.8
2/6/2008,133.05,135.25,132.41,134.58
2/5/2008,134.13,136.25,133.67,135.94
2/4/2008,137.82,139.3,137.64,139.21
2/1/2008,139.58,139.61,137.52,137.94
1/31/2008,137.37,138.54,133.2,133.4
1/30/2008,134.91,138.54,134.6,135.58
1/29/2008,135.91,136.45,134.88,136.1
1/28/2008,135.24,135.52,132.06,133.26
1/25/2008,133.04,136.76,132.6,136.51
1/24/2008,134.99,135.46,133.31,134.48
1/23/2008,133.86,134.19,126.84,127.09
1/22/2008,130.72,132.4266,126,127.21
1/18/2008,132.06,135.02,131.1,134.74
1/17/2008,133.43,137.88,132.93,137.81
1/16/2008,136.98,139.12,136.28,137.36
1/15/2008,138.17,141.4903,137.9,139.79
1/14/2008,141.28,141.86,140.4,141.16
1/11/2008,140.15,141.8985,139,140.78
1/10/2008,141.29,142.8,139.37,139.68
1/9/2008,140.37,140.79,137.7,139.09
1/8/2008,138.91,142.9,138.44,142.08
1/7/2008,141.19,142.23,140.1,141.81
1/4/2008,141.31,143.44,140.91,143.34
1/3/2008,144.86,145.49,144.07,144.91
1/2/2008,144.93,146.99,143.88,146.53
12/31/2007,146.21,147.6062,146.06,147.1
12/28/2007,147.3,148.61,146.9,148.54
12/27/2007,147.67,149.03,147.32,149.02
12/26/2007,149.55,149.68,148.5,148.65
12/24/2007,149.23,149.48,148.48,148.82
12/21/2007,148.13,148.42,147.09,147.37
12/20/2007,146.8,146.86,145.18,146.84
12/19/2007,145.88,146.89,144.94,145.94
12/18/2007,145.88,146.48,143.96,146.1
12/17/2007,145.07,146.87,144.86,146.61
12/14/2007,147.17,149.1,147.1,147.93
12/13/2007,149.06,149.39,147.3,148.32
12/12/2007,149.37,151.77,147.2,151.06
12/11/2007,147.91,152.89,147.83,152.14
12/10/2007,152.08,152.25,150.86,151.28
12/7/2007,150.91,151.5,150.55,151.42
12/6/2007,150.94,151.21,148.57,148.63
12/5/2007,148.81,149.2,147.83,147.93
12/4/2007,146.36,147.5409,146.31,146.66
12/3/2007,147.68,148.45,147.29,148.19
11/30/2007,148.66,149.87,147.33,149.04
11/29/2007,147.18,147.72,146.1,146.62
11/28/2007,147.13,147.47,144.14,144.19
11/27/2007,142.57,143.23,140.95,141.74
11/26/2007,140.95,144.88,140.66,144.43
11/23/2007,144.13,144.34,142.7,143.07
11/21/2007,141.68,143.91,141.67,143.08
11/20/2007,144.64,145.53,142.11,144.02
11/19/2007,143.76,145.36,143.19,145.28
11/16/2007,145.79,146.47,144.57,146.31
11/15/2007,145.54,147.49,144.52,146.57
11/14/2007,147.67,149.4,146.78,149.22
11/13/2007,148.08,148.31,145.22,145.37
11/12/2007,143.7,146.61,143.7,145.21
11/9/2007,145.14,147.54,144.89,145.69
11/8/2007,147.16,149.3,145.07,147.99
11/7/2007,147.91,152.1072,147.55,150.44
11/6/2007,152.07,152.11,149.9,150.86
11/5/2007,150.05,151.16,148,149.64
11/2/2007,151.2,152,149.21,151.53
11/1/2007,151.03,153.41,150.59,153.29
10/31/2007,154.65,155.27,152.84,153.98
10/30/2007,153.06,153.75,152.87,153.45
10/29/2007,154.13,154.44,153.55,153.93
10/26/2007,153.62,153.62,151.9,153.06
10/25/2007,151.84,152.29,149.88,151.65
10/24/2007,151.48,151.74,148,151.21
10/23/2007,151.76,151.95,150.25,151.46
10/22/2007,150.54,150.76,148.66,148.86
10/19/2007,149.67,156.48,149.66,153.09
10/18/2007,153.69,154.19,153.08,153.45
10/17/2007,154.25,155.09,152.47,154.98
10/16/2007,153.78,156.48,153.47,154.41
10/15/2007,155.01,156.36,153.94,156.27
10/12/2007,156.33,156.35,155.27,155.46
10/11/2007,155.47,157.52,154.54,156.93
10/10/2007,156.22,156.44,155.41,156.04
10/9/2007,156.48,156.5,155.03,155.6
10/8/2007,155.02,155.49,154.77,155.39
10/5/2007,155.85,156.1,154.63,155.03
10/4/2007,154.02,154.26,153.59,154.11
10/3/2007,153.78,154.41,153.01,153.81
10/2/2007,154.09,154.65,153.81,154.61
10/1/2007,154.3,154.75,152.5,152.6
9/28/2007,152.58,153.19,151.98,152.85
9/27/2007,153.09,153.1,152.19,152.91
9/26/2007,152.19,152.77,151.39,152.25
9/25/2007,151.39,151.66,150.47,150.81
9/24/2007,151.69,152.82,151.36,152.42
9/21/2007,151.97,153.1177,151.74,152.71
9/20/2007,152.28,153.43,152.11,153.34
9/19/2007,153.36,154.39,152.71,153.41
9/18/2007,152.46,152.5,148.1341,148.83
9/17/2007,148.1,148.8905,147.63,148.31
9/14/2007,148.9,149.09,147.74,147.96
9/13/2007,148.91,149.45,148.2,148.55
9/12/2007,147.87,148.44,146.98,147.29
9/11/2007,147.49,147.7,146.13,146.24
9/10/2007,145.79,146.72,144.33,146.52
9/7/2007,146.07,146.89,145.26,146.48
9/6/2007,148.13,148.61,147.12,147.95
9/5/2007,147.79,148.36,147,148.2
9/4/2007,149.08,149.98,147.4,147.45
8/31/2007,147.59,148.5,146.83,147.65
8/30/2007,146.15,147.19,145.31,145.45
8/29/2007,146.54,146.74,143.96,144.37
8/28/2007,143.72,146.25,143.46,146.16
8/27/2007,146.95,148.33,146.73,147.85
8/24/2007,148.33,148.33,146.28,146.48
8/23/2007,146.52,147.65,145.61,147.34
8/22/2007,146.65,146.8,145.33,146.01
8/21/2007,144.93,145.97,144.14,144.6
8/20/2007,144.64,145.47,143.29,145.17
8/17/2007,144.71,148.35,141.386,145.5
8/16/2007,142.1,142.94,137,139.79
8/15/2007,141.04,144.46,140.62,142.72
8/14/2007,143.01,146.06,142.72,145.7
8/13/2007,145.23,146.89,145.02,146.5
8/10/2007,144.71,146.5,143.12,144.39
8/9/2007,145.39,148.95,145.29,147.43
8/8/2007,149.83,150.59,147.34,148.41
8/7/2007,147.77,149,145.23,145.94
8/6/2007,146.21,146.83,142.53,144.21
8/3/2007,143.8,147.58,143.2,147.28
8/2/2007,147.6,147.76,145.26,146.76
8/1/2007,146.43,147.01,143.95,145.18
7/31/2007,145.72,149.46,145.04,148.33
7/30/2007,147.38,147.81,145.29,145.93
7/27/2007,145.11,148.87,145.05,148.21
7/26/2007,148.02,150.8,146.39,150.19
7/25/2007,151.61,152.39,150.25,152.02
7/24/2007,151.3,154.28,150.76,153.12
7/23/2007,153.97,154.72,153.3,154.18
7/20/2007,153.5,155.2484,152.29,154.89
7/19/2007,155.07,155.53,154.75,155.2
7/18/2007,154.47,154.8,153.3,154.23
7/17/2007,154.75,156,154.68,154.93
7/16/2007,154.83,155.53,154.58,154.99
7/13/2007,154.85,155.46,154.39,154.57
7/12/2007,154.39,154.75,152.34,152.37
7/11/2007,151.99,152.05,150.52,150.75
7/10/2007,150.92,152.61,150.77,152.29
7/9/2007,153,153.36,152.62,153.16
7/6/2007,152.98,153.17,151.93,152.38
7/5/2007,152.18,152.56,151.63,152.4
7/3/2007,152.34,152.5,151.99,152.18
7/2/2007,151.79,151.92,150.77,150.87
6/29/2007,150.43,151.65,149.15,150.9
6/28/2007,150.38,151.41,149.67,150.38
6/27/2007,150.4,150.57,148.06,148.13
6/26/2007,148.29,150.46,148.28,150.21
6/25/2007,149.83,151.25,149.02,150.24
6/22/2007,150.55,151.77,149.85,151.52
6/21/2007,151.98,152.11,150.25,151.08
6/20/2007,151.14,153.58,150.96,153.58
6/19/2007,153.27,153.38,152.36,152.55
6/18/2007,152.89,153.39,152.66,153.38
6/15/2007,153.07,153.66,152.93,153.14
6/14/2007,152.86,153.12,152.03,152.06
6/13/2007,151.89,152.07,149.722,150.5
6/12/2007,149.65,151.54,149.55,150.67
6/11/2007,151.3,151.95,150.7,150.93
6/8/2007,151.04,151.19,149.09,149.5
6/7/2007,149.1,152.5,149.06,151.56
6/6/2007,151.84,152.95,151.75,152.91
6/5/2007,153.49,153.9,152.86,153.74
6/4/2007,154.1,154.39,153.48,153.54
6/1/2007,154.08,154.4,153.51,153.88
5/31/2007,153.32,153.89,153.12,153.66
5/30/2007,153.48,153.54,151.34,151.46
5/29/2007,152.24,152.5,151.45,151.94
5/25/2007,151.69,152.02,151.18,151.49
5/24/2007,151.06,153.21,150.74,152.53
5/23/2007,152.44,153.5,152.36,152.95
5/22/2007,152.42,153.16,152.38,152.7
5/21/2007,152.54,153.23,152.4993,152.58
5/18/2007,152.62,152.62,151.81,152.01
5/17/2007,151.3,151.96,151.11,151.38
5/16/2007,151.6,151.63,150.38,150.8
5/15/2007,150.57,151.665,150.19,150.7
5/14/2007,150.53,151.3,149.79,150.86
5/11/2007,150.86,150.93,149.72,149.75
5/10/2007,149.58,151.02,149.27,150.73
5/9/2007,151.16,152.82,150.37,150.64
5/8/2007,150.75,150.92,150.13,150.58
5/7/2007,150.95,151.2,150.81,150.88
5/4/2007,150.92,151.12,150.22,150.75
5/3/2007,150.35,150.4,149.05,149.97
5/2/2007,149.54,149.95,148.75,148.9
5/1/2007,148.67,149.47,147.67,148.42
4/30/2007,148.29,149.74,148.21,149.64
4/27/2007,149.53,149.74,148.84,149.09
4/26/2007,149.65,149.8,149.1,149.49
4/25/2007,149.48,149.66,148.0233,148.73
4/24/2007,148.12,148.4,147.32,148.24
4/23/2007,148.06,148.73,147.97,148.37
4/20/2007,148.62,148.62,147.0439,148.22
4/19/2007,147.23,147.4,146.36,146.55
4/18/2007,147.27,147.7,146.57,146.6
4/17/2007,147.09,147.4,146.65,146.97
4/16/2007,146.7,146.86,145.82,145.83
4/13/2007,145.32,145.32,144.36,144.9
4/12/2007,144.66,144.92,143.34,143.74
4/11/2007,144.02,144.86,143.54,144.82
4/10/2007,144.61,144.85,144.27,144.33
4/9/2007,144.44,144.8,144.15,144.65
4/5/2007,144.24,144.44,143.61,143.67
4/4/2007,143.85,143.95,143.16,143.69
4/3/2007,143.69,143.98,142.91,142.97
4/2/2007,142.16,142.46,140.89,142.16
3/30/2007,142,142.84,140.56,142.24
3/29/2007,141.97,142.61,141.19,142.54
3/28/2007,141.82,142.47,141.26,142.14
3/27/2007,142.86,143.16,142.39,143.12
3/26/2007,143.2,143.65,142.09,143.5
3/23/2007,143.39,143.81,143.15,143.28
3/22/2007,143.18,143.68,142.79,143.48
3/21/2007,143.29,143.65,140.82,141.1
3/20/2007,140.97,141.05,139.96,140.08
3/19/2007,140.2,140.33,138.5466,139.26
3/16/2007,138.53,139.63,138.12,139.31
3/15/2007,139.47,139.99,138.8,138.97
3/14/2007,139.28,139.36,136.75,138.43
3/13/2007,138.25,140.77,138.04,140.18
3/12/2007,140.99,141.34,140.16,140.42
3/9/2007,140.78,141.42,140.08,141.31
3/8/2007,140.74,141.16,140.07,140.54
3/7/2007,139.56,140.46,139.4,139.59
3/6/2007,139.7,140.12,137.717,138.78
3/5/2007,137.35,139.58,137.33,137.93
3/2/2007,138.67,140.66,138.66,140.05
3/1/2007,140.51,141.25,138.05,139.34
2/28/2007,140.93,141.98,139.8,140.39
2/27/2007,139.5,144.2,139,143.88
2/26/2007,145.17,145.95,144.75,145.83
2/23/2007,145.3,145.79,144.75,145.74
2/22/2007,145.87,146.42,145.17,146.05
2/21/2007,145.98,146.07,145.35,145.61
2/20/2007,146.04,146.2,144.06,145.56
2/16/2007,145.73,145.76,145.23,145.44
2/15/2007,145.8,145.95,145.43,145.67
2/14/2007,145.61,145.9,144.78,144.8
2/13/2007,144.66,144.9,143.76,143.77
2/12/2007,143.45,144.04,143.19,143.94
2/9/2007,143.94,145.33,143.39,145.06
2/8/2007,145.02,145.12,144.27,144.78
2/7/2007,145.21,145.36,144.57,145.12
2/6/2007,144.89,145.03,144.33,144.97
2/5/2007,144.85,144.94,144.34,144.7
2/2/2007,144.81,144.95,144.38,144.73
2/1/2007,144.61,144.66,143.91,144.15
1/31/2007,143.75,144.13,142.4,142.63
1/30/2007,142.79,142.86,142.06,142.35
1/29/2007,142.05,142.8,141.74,142.19
1/26/2007,142.16,142.65,141.58,142.57
1/25/2007,142.26,143.92,142.01,143.84
1/24/2007,143.95,143.98,142.91,142.97
1/23/2007,142.8,143.08,142.06,142.26
1/22/2007,142.38,143.1,141.93,143.07
1/19/2007,142.82,143.1,142.46,142.54
1/18/2007,142.54,143.26,142.31,143.17
1/17/2007,143.02,143.46,142.73,142.85
1/16/2007,142.96,143.44,142.73,143.07
1/12/2007,143.24,143.24,142.11,142.12
1/11/2007,142.16,142.62,141.5,141.56
1/10/2007,141.54,141.57,140.3,140.58
1/9/2007,141.07,141.6,140.4,141.31
1/8/2007,141.19,141.41,140.25,140.82
1/5/2007,140.54,141.4,140.38,141.33
1/4/2007,141.67,142.05,140.61,141.23
1/3/2007,141.37,142.86,140.57,142.25
12/29/2006,141.62,142.54,141.43,142.1
12/28/2006,142.21,142.7,141.99,142.41
12/27/2006,142.51,142.6,141.83,141.87
12/26/2006,141.58,141.61,140.78,140.81
12/22/2006,140.75,141.65,140.67,141.64
12/21/2006,141.62,142.43,141.32,142.27
12/20/2006,142.14,142.66,142.01,142.28
12/19/2006,142.22,142.56,141.19,141.55
12/18/2006,141.95,142.88,141.75,142.54
12/15/2006,142.34,142.89,142.24,142.64
12/14/2006,143.12,143.24,141.84,141.86
12/13/2006,141.87,142.34,141.56,142.23
12/12/2006,141.72,141.87,140.89,141.69
12/11/2006,141.83,142.09,141.34,141.42
12/8/2006,141.42,141.9,140.78,141.13
12/7/2006,141.16,142.3,141.11,142.03
12/6/2006,141.78,142.07,141.5,141.87
12/5/2006,141.9,141.96,141.26,141.56
12/4/2006,141.29,141.55,140.23,140.25
12/1/2006,140.22,140.66,138.97,140.53
11/30/2006,140.53,141.05,139.76,140.44
11/29/2006,140.47,140.53,139.0828,139.47
11/28/2006,139.02,139.16,138.11,138.24
11/27/2006,138.42,140.35,138.38,140.28
11/24/2006,140.35,140.84,140.2,140.24
11/22/2006,140.92,141.16,140.5,140.75
11/21/2006,140.64,140.67,140.29,140.49
11/20/2006,140.5,140.74,139.941,140.3
11/17/2006,140.42,140.43,139.73,139.93
11/16/2006,140.38,140.68,139.49,140.44
11/15/2006,140.02,140.45,139.53,139.57
11/14/2006,139.62,139.74,138.12,138.97
11/13/2006,138.58,139.04,138.07,138.18
11/10/2006,138.24,138.34,137.72,138.14
11/9/2006,138.18,139.14,137.9,139.01
11/8/2006,138.91,139.05,136.86,138
11/7/2006,138.61,138.98,138,138.2
11/6/2006,138.08,138.28,136.95,136.96
11/3/2006,136.54,137.39,135.62,137.27
11/2/2006,136.78,137.01,136.36,136.51
11/1/2006,136.86,138.31,136.72,138.22
10/31/2006,137.79,138.26,137.25,138.07
10/30/2006,137.81,138.2,137.4,137.66
10/27/2006,137.91,138.75,137.63,138.61
10/26/2006,138.78,139,137.98,138.66
10/25/2006,138.35,138.41,137.51,137.74
10/24/2006,137.88,137.93,137.22,137.28
10/23/2006,137.47,137.8,136.39,136.56
10/20/2006,136.84,136.95,136.33,136.81
10/19/2006,136.81,136.88,136.23,136.39
10/18/2006,136.59,137.37,136.1,137.04
10/17/2006,136.41,136.7,135.67,136.47
10/16/2006,136.84,137.05,136.42,136.52
10/13/2006,136.63,136.71,136.04,136.16
10/12/2006,136.28,136.39,135.4,135.45
10/11/2006,135.11,135.43,134.3,134.84
10/10/2006,135.27,135.45,134.84,135.11
10/9/2006,135.09,135.3,134.64,134.85
10/6/2006,135.01,135.1,134.4,134.95
10/5/2006,135.18,135.41,133.08,134.92
10/4/2006,134.92,135,133.08,133.23
10/3/2006,133.36,133.87,132.65,132.89
10/2/2006,133.08,133.83,132.34,133.54
9/29/2006,133.58,133.94,133.48,133.8
9/28/2006,133.69,133.99,133.28,133.74
9/27/2006,133.74,133.97,133.27,133.49
9/26/2006,133.58,133.6,132.4,132.5
9/25/2006,132.48,132.85,131.05,131.73
9/22/2006,131.47,131.68,131,131.67
9/21/2006,131.87,132.75,131.42,132.61
9/20/2006,132.51,132.77,132.06,132.25
9/19/2006,131.81,132.13,131.07,132.12
9/18/2006,132.14,132.39,131.65,131.79
9/15/2006,131.96,132.39,131.68,132.31
9/14/2006,132.23,132.24,131.75,131.96
9/13/2006,132.22,132.45,131.52,131.64
9/12/2006,131.69,131.84,130.3681,130.56
9/11/2006,130.41,130.69,129.48,129.86
9/8/2006,130.28,130.46,129.83,130.08
9/7/2006,129.91,130.57,129.35,130.06
9/6/2006,130.51,131.16,130.33,131.11
9/5/2006,131.67,131.85,131.2,131.51
9/1/2006,131.42,131.58,130.84,131.14
8/31/2006,130.64,130.99,130.58,130.85
8/30/2006,130.66,131.04,130.55,130.87
8/29/2006,130.58,130.83,129.81,130.49
8/28/2006,130.43,130.82,129.64,129.65
8/25/2006,129.81,130.25,129.55,129.64
8/24/2006,129.65,130.1,129.4,129.99
8/23/2006,129.76,130.44,129.19,130.18
8/22/2006,130.12,130.52,129.68,129.94
8/21/2006,130.13,130.28,129.8,130.18
8/18/2006,130.69,130.69,129.59,130.19
8/17/2006,130.03,130.37,129.49,129.58
8/16/2006,129.79,129.89,129.04,129.32
8/15/2006,128.63,128.87,127.9,128.21
8/14/2006,127.11,128.16,126.92,127.63
8/11/2006,127.01,127.2,126.39,127.17
8/10/2006,127.37,127.5,126.28,126.53
8/9/2006,126.98,128.6,126.61,128.2
8/8/2006,127.41,128.46,126.95,128.09
8/7/2006,127.95,128.08,127.4,127.9
8/4/2006,128.2,129.43,127.48,129.06
8/3/2006,128.42,128.55,127.15,127.33
8/2/2006,128.08,128.46,127.55,127.58
8/1/2006,127.22,127.38,126.6,127.34
7/31/2006,127.85,127.96,126.55,127.66
7/28/2006,127.98,128.14,126.86,126.99
7/27/2006,126.71,127.69,126.2,127.33
7/26/2006,126.83,127.45,126.18,126.59
7/25/2006,126.66,127.3,125.72,125.98
7/24/2006,126.21,126.32,124.44,124.44
7/21/2006,123.95,125.19,123.82,125.15
7/20/2006,124.83,126.3,124.66,126.12
7/19/2006,125.69,126.26,123.724,124.18
7/18/2006,123.97,124.05,122.39,123.74
7/17/2006,123.34,124.1,123.15,123.5
7/14/2006,123.52,124.26,122.83,124.16
7/13/2006,124,125.68,124,125.5
7/12/2006,126.05,127.4,125.72,127.21
7/11/2006,127.41,127.41,125.94,126.61
7/10/2006,126.85,127.43,126.41,126.94
7/7/2006,126.61,127.56,126.29,127.46
7/6/2006,127.44,127.85,127.08,127.2
7/5/2006,127.07,127.45,126.52,127.29
7/3/2006,127.8,128.01,127.31,127.43
6/30/2006,127.23,127.66,126.96,127.47
6/29/2006,127.27,127.35,125.17,125.2
6/28/2006,124.75,124.77,123.65,124.19
6/27/2006,123.91,125.29,123.77,125.01
6/26/2006,124.99,125.06,124.25,124.54
6/23/2006,124.44,125.3,124.03,124.33
6/22/2006,124.46,125.06,124.04,124.95
6/21/2006,125.01,125.7,123.96,124
6/20/2006,124.09,124.81,123.72,124.01
6/19/2006,123.67,125.48,123.55,125.4
6/16/2006,124.65,125.56,124.46,125.19
6/15/2006,126.12,126.36,123.86,123.92
6/14/2006,123.5,123.63,122.34,122.84
6/13/2006,122.55,124.84,122.55,123.78
6/12/2006,123.99,125.93,123.82,125.88
6/9/2006,125.35,126.96,125.29,126.36
6/8/2006,125.75,126.5,123.87,125.58
6/7/2006,125.86,127.65,125.79,126.91
6/6/2006,126.81,127.38,125.76,127.21
6/5/2006,127.12,128.86,126.77,128.79
6/2/2006,129,129.43,128.32,129.25
6/1/2006,128.73,128.94,127.27,127.38
5/31/2006,127.51,127.51,126.2,126.58
5/30/2006,126.1,128,126.05,127.97
5/26/2006,128.38,128.38,127.51,128
5/25/2006,127.73,127.73,126.43,126.92
5/24/2006,126.17,126.89,124.76,125.68
5/23/2006,125.17,127.63,125.17,127.18
5/22/2006,126.13,127.17,125.5,126.28
5/19/2006,127.1,127.49,125.8,126.87
5/18/2006,126.21,127.75,126.11,127.38
5/17/2006,126.85,129.1,126.77,128.67
5/16/2006,129.31,130,129.01,129.76
5/15/2006,129.5,129.74,128.61,128.79
5/12/2006,129.24,130.72,129.19,130.48
5/11/2006,130.95,132.55,130.52,132.51
5/10/2006,132.55,132.75,131.89,132.41
5/9/2006,132.62,132.77,132.31,132.42
5/8/2006,132.36,132.77,132.36,132.51
5/5/2006,132.52,132.8,131.85,132.05
5/4/2006,131.36,131.62,130.34,131.08
5/3/2006,130.89,131.32,130.45,131.22
5/2/2006,131.38,131.46,130.74,131.01
5/1/2006,130.4,131.8,130.32,131.47
4/28/2006,131.47,131.75,130.71,130.79
4/27/2006,131.03,131.63,129.59,129.9
4/26/2006,130.4,131.14,130.3,130.5
4/25/2006,130.37,131.12,129.92,131.04
4/24/2006,130.91,131.07,130.38,130.93
4/21/2006,131.15,131.79,130.62,131.73
4/20/2006,131.13,131.86,130.6,131
4/19/2006,130.95,131.07,130.24,130.72
4/18/2006,130.7,130.94,128.84,128.95
4/17/2006,128.66,129.31,128.02,128.79
4/13/2006,128.71,129.25,128.31,128.59
4/12/2006,128.88,129.13,128.61,128.77
4/11/2006,128.64,130.06,128.25,129.85
4/10/2006,129.74,130.08,129.26,129.71
4/7/2006,129.54,131.4,129.35,131.06
4/6/2006,130.87,131.21,130.19,130.85
4/5/2006,131.01,131.28,130.38,130.61
4/4/2006,130.56,130.73,129.36,129.72
4/3/2006,129.73,130.87,129.49,130.07
3/31/2006,129.83,130.24,129.37,130.02
3/30/2006,129.8,130.98,129.55,130.11
3/29/2006,130.03,130.5,129.29,129.48
3/28/2006,129.22,130.53,129.05,129.93
3/27/2006,130.02,130.28,129.74,130.03
3/24/2006,130.21,130.57,129.74,129.99
3/23/2006,130.11,130.3935,129.66,130.24
3/22/2006,130.38,130.51,129.45,129.51
3/21/2006,129.59,130.99,129.45,130.19
3/20/2006,130.41,130.9,130.21,130.68
3/17/2006,130.62,130.9,130.38,130.68
3/16/2006,131.03,131.47,130.84,130.9
3/15/2006,130.76,130.86,129.85,130.15
3/14/2006,130.18,130.23,128.61,128.77
3/13/2006,128.83,129.16,128.53,128.84
3/10/2006,128.59,128.84,127.44,127.79
3/9/2006,127.38,128.68,127.38,128.271
3/8/2006,128.24,128.44,127.18,127.64
3/7/2006,127.97,128.06,127.4,127.81
3/6/2006,128.17,129.18,127.85,129.07
3/3/2006,128.76,130.07,128.65,128.7
3/2/2006,129.36,129.42,128.61,128.9
3/1/2006,129.37,129.49,128.5,128.67
2/28/2006,128.23,129.91,128.13,129.5
2/27/2006,129.46,130.04,129.28,129.4
2/24/2006,129.41,129.48,128.76,129.08
2/23/2006,129.08,129.64,128.28,129.27
2/22/2006,129.27,129.65,128.65,128.77
2/21/2006,128.49,129.4,128.29,129.12
2/17/2006,128.81,129.16,128.58,129.09
2/16/2006,129.16,129.21,128.18,128.2
2/15/2006,128.2,128.32,127.24,127.68
2/14/2006,127.75,128.03,126.19,126.46
2/13/2006,126.41,126.79,125.95,126.57
2/10/2006,126.64,127.13,125.45,126.42
2/9/2006,126.41,127.6,126.37,126.85
2/8/2006,126.62,126.78,125.6,125.88
2/7/2006,125.48,126.66,125.4,126.3
2/6/2006,126.6,126.8,126.17,126.44
2/3/2006,126.27,128.39,126.14,127.22
2/2/2006,126.9,128.14,126.8,128.04
2/1/2006,128.39,128.43,127.72,127.99
1/31/2006,127.5,128.54,127.49,128.32
1/30/2006,128.44,128.81,128.35,128.48
1/27/2006,128.54,128.66,127.45,127.555
1/26/2006,127.36,127.67,126.76,127.28
1/25/2006,126.66,127.18,125.84,127.04
1/24/2006,126.55,127.15,126.42,126.66
1/23/2006,126.42,126.82,126.13,126.27
1/20/2006,125.97,128.31,125.97,128.05
1/19/2006,128.31,128.77,127.81,128.09
1/18/2006,127.82,128.23,127.16,127.25
1/17/2006,128.33,128.42,127.81,128.2
1/13/2006,128.68,128.9,128.2,128.62
1/12/2006,128.8,129.28,128.44,129.08
1/11/2006,129.31,129.44,128.73,129.02
1/10/2006,128.9,128.98,128.26,128.37
1/9/2006,128.77,129.06,128.38,128.41
1/6/2006,128.44,128.58,127.36,127.7
1/5/2006,127.38,127.59,126.88,127.17
1/4/2006,127.3,127.49,126.7,126.86
1/3/2006,126.7,127,124.39,125.3
12/30/2005,124.51,125.06,124.36,124.8
12/29/2005,125.19,125.96,125.06,125.72
12/28/2005,125.75,125.99,125.5,125.74
12/27/2005,125.47,127.05,125.38,126.92
12/23/2005,126.76,126.86,126.42,126.79
12/22/2005,126.69,126.69,126.08,126.37
12/21/2005,126.03,126.76,125.8,126.17
12/20/2005,125.83,126.22,125.48,125.86
12/19/2005,125.71,126.87,125.69,126.73
12/16/2005,126.36,127.38,126.36,127.27
12/15/2005,127.44,128,127.18,127.84
12/14/2005,127.81,128.09,127.14,127.19
12/13/2005,127.31,127.7,126.29,126.4
12/12/2005,126.45,126.86,125.96,126.71
12/9/2005,126.33,126.78,125.82,126.2
12/8/2005,126,126.82,125.48,126.16
12/7/2005,126.08,126.87,125.68,126.79
12/6/2005,126.82,127.74,126.63,126.87
12/5/2005,126.58,126.73,126.18,126.64
12/2/2005,126.85,127.08,126.5,126.69
12/1/2005,126.69,127.03,125.98,126.02
11/30/2005,125.41,126.52,125.29,126.04
11/29/2005,126.09,126.98,126.09,126.65
11/28/2005,126.23,127.27,126.04,127.25
11/25/2005,127.13,127.22,126.81,126.98
11/23/2005,127.03,127.41,126.21,126.25
11/22/2005,126.3,126.52,125.42,125.56
11/21/2005,125.76,125.91,124.98,125.15
11/18/2005,125.13,125.756,124.33,125.04
11/17/2005,124.64,124.65,123.14,123.75
11/16/2005,123.49,123.55,122.98,123.35
11/15/2005,123.24,124.09,122.86,123.67
11/14/2005,123.69,124.02,123.38,123.785
11/11/2005,123.76,123.84,123.28,123.35
11/10/2005,123.34,123.52,121.75,122.34
11/9/2005,122.39,122.95,121.86,122.08
11/8/2005,122.23,122.42,121.79,121.95
11/7/2005,122.23,122.62,121.85,122.4
11/4/2005,122.11,122.46,121.55,122.4
11/3/2005,122.27,122.66,121.75,122.15
11/2/2005,121.75,121.75,120.13,120.3198
11/1/2005,120.49,120.9,120.22,120.58
10/31/2005,120.13,121.3,120.13,120.29
10/28/2005,119.8,119.95,118.1,118.43
10/27/2005,118.1,119.37,117.93,119.2
10/26/2005,119.37,120.54,119.19,119.57
10/25/2005,119.72,120.24,118.94,119.72
10/24/2005,119.96,120.09,118.41,118.44
10/21/2005,118.13,118.78,117.51,118.2
10/20/2005,117.67,119.81,117.3,119.49
10/19/2005,119.78,119.8,117.12,117.56
10/18/2005,117.82,118.96,117.8,118.96
10/17/2005,119.11,119.27,118.45,118.77
10/14/2005,118.67,118.81,117.56,118.12
10/13/2005,117.43,118.08,116.88,117.5
10/12/2005,117.5,119.13,117.41,118.39
10/11/2005,118.43,119.39,118.32,118.99
10/10/2005,118.6,119.71,118.3,119.68
10/7/2005,119.61,120.05,119.13,119.7
10/6/2005,119.2,120.26,118.17,119.63
10/5/2005,119.63,121.31,119.57,121.29
10/4/2005,121.22,123.03,121.16,122.79
10/3/2005,122.6,123.34,122.45,122.96
9/30/2005,123.04,123.04,122.45,122.62
9/29/2005,122.66,122.86,121.08,121.55
9/28/2005,121.67,122.12,121.2,121.91
9/27/2005,121.55,121.99,121.02,121.52
9/26/2005,121.58,122.24,121.08,122
9/23/2005,121.44,121.89,120.9,121.24
9/22/2005,121.34,121.66,120.44,120.95
9/21/2005,120.91,121.87,120.78,121.79
9/20/2005,122.05,123.61,121.87,123.21
9/19/2005,123.09,123.55,122.64,123.47
9/16/2005,123.5,123.74,122.87,123.205
9/15/2005,123.15,123.65,122.9,123.51
9/14/2005,123.21,123.92,123.02,123.75
9/13/2005,123.66,124.42,123.52,124.11
9/12/2005,124.35,124.67,124.27,124.45
9/9/2005,124.6,124.74,123.8,123.83
9/8/2005,123.5,124,123.31,123.66
9/7/2005,123.91,124.13,123.46,123.63
9/6/2005,123.7,123.8,122.65,122.66
9/2/2005,122.27,122.88,122.04,122.85
9/1/2005,122.49,123.15,121.93,122.51
8/31/2005,122.58,122.66,120.74,121.19
8/30/2005,121.05,121.3,120.39,121.25
8/29/2005,121.69,121.78,120.38,120.476
8/26/2005,120.76,121.49,120.68,121.48
8/25/2005,121.59,121.67,121.21,121.35
8/24/2005,121.15,122.73,121.09,121.94
8/23/2005,122.24,122.61,121.15,122.5
8/22/2005,122.47,123.23,121.88,122.58
8/19/2005,122.47,122.82,122.2,122.63
8/18/2005,122.19,122.56,121.84,122.05
8/17/2005,122.2,122.87,122.03,122.19
8/16/2005,122.21,123.52,122.09,123.44
8/15/2005,123.82,123.87,122.83,123.22
8/12/2005,123.06,123.69,122.75,123.57
8/11/2005,123.82,124.03,123.01,123.27
8/10/2005,123.33,124.5,122.82,123.82
8/9/2005,123.39,123.59,122.87,123.06
8/8/2005,122.65,123.41,122.38,123.17
8/5/2005,122.88,123.98,122.67,123.45
8/4/2005,123.72,124.31,123.57,124.23
8/3/2005,124.72,124.74,124.12,124.25
8/2/2005,124.39,124.6,123.74,123.87
8/1/2005,123.65,124.04,123.45,123.83
7/29/2005,123.74,124.63,123.5,124.41
7/28/2005,124.57,124.64,123.64,123.99
7/27/2005,123.79,123.89,123.05,123.5
7/26/2005,123.34,123.53,122.37,123.23
7/25/2005,123.19,123.95,122.85,123.41
7/22/2005,123.54,123.56,122.63,122.88
7/21/2005,122.72,123.61,122.47,123.55
7/20/2005,123.44,123.73,122.3,122.59
7/19/2005,123.02,123.11,122.41,122.71
7/18/2005,122.35,122.63,122.05,122.5
7/15/2005,122.84,123.04,122.36,122.79
7/14/2005,122.91,123.44,122.49,122.91
7/13/2005,122.43,122.52,121.99,122.27
7/12/2005,122.26,122.63,121.64,121.89
7/11/2005,121.94,122.1,121.31,121.33
7/8/2005,121.32,121.32,119.72,119.97
7/7/2005,119.95,119.95,118.26,118.28
7/6/2005,119.48,120.65,119.41,120.39
7/5/2005,120.49,120.65,119.19,119.43
7/1/2005,119.53,119.8,119.21,119.45
6/30/2005,119.18,120.32,118.95,120.22
6/29/2005,119.83,120.4,119.76,120.37
6/28/2005,120.15,120.24,119.37,119.4
6/27/2005,119.15,119.41,118.75,118.97
6/24/2005,118.98,120.0078,118.84,119.88
6/23/2005,119.86,121.6,119.83,121.32
6/22/2005,121.57,121.94,121.07,121.68
6/21/2005,121.47,121.65,121.03,121.5
6/20/2005,121.4,121.84,120.94,121.08
6/17/2005,121.36,121.9,120.49,121.54
6/16/2005,121.4,121.64,120.92,121.09
6/15/2005,121.09,121.24,120.23,121.16
6/14/2005,120.86,121.2,120.38,120.45
6/13/2005,120.58,121.08,119.81,119.94
6/10/2005,120.2,120.65,119.6,120.56
6/9/2005,120.48,120.58,119.44,119.74
6/8/2005,119.91,120.59,119.67,120.43
6/7/2005,120.13,121.25,120.01,120.39
6/6/2005,120.04,120.2,119.55,120.02
6/3/2005,120.15,120.89,119.73,120.55
6/2/2005,120.76,120.84,120.1,120.23
6/1/2005,120.5,120.92,119.45,119.52
5/31/2005,119.48,120.17,119.4,120.08
5/27/2005,120.25,120.25,119.8,120.06
5/26/2005,120.05,120.21,119.62,119.79
5/25/2005,119.41,119.87,118.83,119.35
5/24/2005,119.5,119.83,119.2,119.44
5/23/2005,119.78,120.04,119.19,119.21
5/20/2005,119.12,119.39,118.74,119.34
5/19/2005,119.29,119.41,118.7,119.02
5/18/2005,118.79,119.08,118.01,118.07
5/17/2005,117.58,117.7,116.16,116.43
5/16/2005,116.8,116.84,115.66,115.7
5/13/2005,115.72,116.62,114.8,116.3
5/12/2005,115.95,117.59,115.41,117.32
5/11/2005,117.24,117.4,115.85,116.93
5/10/2005,116.6,117.5,116.39,117.36
5/9/2005,117.82,118.08,117.05,117.21
5/6/2005,117.09,117.99,117.06,117.93
5/5/2005,117.46,118,116.74,117.67
5/4/2005,117.5,117.75,116.28,116.65
5/3/2005,116.6,116.85,115.69,116.07
5/2/2005,116.4,116.41,115.52,116.07
4/29/2005,115.75,115.87,113.97,115.07
4/28/2005,114.2,115.68,114.2,115.27
4/27/2005,115.65,116.07,114.44,114.86
4/26/2005,115.2,116.77,115.15,115.96
4/25/2005,116.33,116.5,115.72,115.86
4/22/2005,115.57,116.5,114.27,115.74
4/21/2005,116.01,116.21,114.38,114.79
4/20/2005,113.8,115.63,113.55,115.4
4/19/2005,115.41,115.71,114.83,115.1
4/18/2005,114.5,114.96,113.96,114.12
4/15/2005,114.15,116.2,114.1,115.74
4/14/2005,115.77,117.5,115.77,117.44
4/13/2005,117.3,118.8,117.13,118.56
4/12/2005,118.7,119.06,117.07,117.89
4/11/2005,118.09,118.42,117.83,118.29
4/8/2005,118,119.21,118,119.17
4/7/2005,119.24,119.26,118.32,118.41
4/6/2005,118.6,118.95,118.18,118.45
4/5/2005,118.19,118.38,117.67,117.78
4/4/2005,117.63,117.86,116.74,117.36
4/1/2005,117.43,118.99,116.91,118.63
3/31/2005,117.96,118.46,117.87,118.19
3/30/2005,118.18,118.2,116.77,116.9
3/29/2005,116.53,117.9,116.25,117.14
3/28/2005,117.31,117.94,117.31,117.42
3/24/2005,117.14,117.99,117.06,117.46
3/23/2005,117,117.72,116.75,116.945
3/22/2005,116.9,118.93,116.9,118.37
3/21/2005,118.1,118.78,117.76,118.71
3/18/2005,118.54,119.53,118.15,119.1
3/17/2005,119.36,119.74,118.98,119.31
3/16/2005,119.12,119.88,118.9,119.7
3/15/2005,120.14,121.46,120.08,121.42
3/14/2005,121.14,121.16,120.28,120.4
3/11/2005,120.39,121.72,120.16,121.54
3/10/2005,121.24,121.5,120.4,120.99
3/9/2005,120.97,122.29,120.96,121.97
3/8/2005,122.33,123,122.11,122.67
3/7/2005,122.79,123.25,122.4,122.66
3/4/2005,122.73,122.83,121.79,122.05
3/3/2005,121.22,121.9,120.7,121.66
3/2/2005,121.17,121.93,120.65,120.76
3/1/2005,121.23,121.52,120.78,120.78
2/28/2005,120.63,121.3,120.04,121.15
2/25/2005,121.43,121.67,120.18,120.27
2/24/2005,120.24,120.32,118.98,119.24
2/23/2005,119.45,119.57,118.6247,118.73
2/22/2005,118.6,120.47,118.58,119.9
2/18/2005,120.39,120.48,119.9,120.17
2/17/2005,120.23,121.33,120.22,121.23
2/16/2005,121.21,121.46,120.67,120.93
2/15/2005,121.13,121.43,120.68,120.8
2/14/2005,120.68,120.86,120.48,120.69
2/11/2005,120.77,121.04,119.46,119.71
2/10/2005,119.74,120.02,119.26,119.66
2/9/2005,119.31,120.49,119.25,120.42
2/8/2005,120.21,120.65,120.07,120.17
2/7/2005,120.07,120.52,119.96,120.22
2/4/2005,120.23,120.43,118.98,119
2/3/2005,119.11,119.16,118.57,119.06
2/2/2005,119.27,119.59,118.9,119.06
2/1/2005,118.91,119.08,118.1,118.25
1/31/2005,118.16,118.25,117.71,118
1/28/2005,117.43,117.55,116.61,117.49
1/27/2005,117.43,117.75,116.98,117.19
1/26/2005,117.23,117.6,117.04,117.32
1/25/2005,116.88,117.47,116.72,116.91
1/24/2005,116.55,117.34,116.37,117.09
1/21/2005,116.78,118,116.65,117.79
1/20/2005,117.5,118.2,117.29,117.89
1/19/2005,118.22,119.52,118.21,119.43
1/18/2005,119.47,119.62,117.95,118.05
1/14/2005,118.24,118.53,117.76,117.97
1/13/2005,117.62,118.73,117.5,118.64
1/12/2005,118.57,118.84,117.52,118.4
1/11/2005,118.18,118.74,117.99,118.64
1/10/2005,119,119.46,118.34,118.34
1/7/2005,118.44,119.23,118.13,118.97
1/6/2005,118.61,119.15,118.26,118.44
1/5/2005,118.01,119.25,118,118.74
1/4/2005,118.83,120.54,118.44,120.46
1/3/2005,120.3,121.76,119.9,121.6
2/16/2005,11.1,11.4,11.5,11.03
2/15/2005,11.27,11.57,11.76,11.13
2/14/2005,11.52,11.28,11.86,11.18
2/11/2005,11.43,11.64,11.82,11.25
2/10/2005,11.51,11.98,11.99,11.38
2/9/2005,12,11.52,12.02,11.41
2/8/2005,11.6,11.66,11.67,11.45
2/7/2005,11.73,11.53,11.75,11.36
2/4/2005,11.21,11.97,11.97,10.9
2/3/2005,11.79,12.03,12.12,11.72
2/2/2005,11.66,12.01,12.06,11.52
2/1/2005,12.03,12.8,13.05,12.02
1/31/2005,12.82,13.63,13.63,12.79
1/28/2005,13.24,13.15,13.56,12.83
1/27/2005,13.24,13.5,13.57,12.96
1/26/2005,13.44,13.84,13.84,13.06
1/25/2005,14.06,14.34,14.36,13.88
1/24/2005,14.65,14.38,14.75,14.17
1/21/2005,14.36,13.75,14.46,13.4
1/20/2005,13.83,13.37,14.11,13.28
1/19/2005,13.18,12.47,13.21,12.41
1/18/2005,12.47,13.13,13.15,12.3
1/14/2005,12.43,12.68,12.82,12.29
1/13/2005,12.84,12.7,12.86,12.37
1/12/2005,12.56,13.2,13.26,12.54
1/11/2005,13.19,13.44,13.68,13.05
1/10/2005,13.23,13.92,13.93,12.94
1/7/2005,13.49,13.47,13.51,12.94
1/6/2005,13.58,14.09,14.09,13.33
1/5/2005,14.09,13.98,14.09,13.26
1/4/2005,13.98,14.01,14.45,13.93
1/3/2005,14.08,13.39,14.23,13.25
12/31/2004,13.29,12.42,13.29,12.42
12/30/2004,12.56,12.25,12.61,12.18
12/29/2004,11.62,11.61,11.79,11.61
12/28/2004,12,12.25,12.4,11.97
12/27/2004,12.14,11.53,12.16,11.53
12/23/2004,11.23,11.41,11.64,11.14
12/22/2004,11.45,11.42,11.71,11.37
12/21/2004,11.55,11.78,12,11.37
12/20/2004,11.83,12.26,12.34,11.77
12/17/2004,11.95,12.34,12.75,11.87
12/16/2004,12.27,12.34,12.59,11.96
12/15/2004,12.35,12.41,12.88,12.23
12/14/2004,12.73,12.55,12.73,12.21
12/13/2004,12.54,12.37,12.61,12.13
12/10/2004,12.76,13.05,13.15,12.68
