Date,Last Price,Open Price,High Price,Low Price
8/31/2026,14.92,15.24,15.48,14.86
8/28/2026,14.43,14.57,14.84,14.13
8/27/2026,14.51,14.92,15.13,14.42
8/26/2026,15.21,15.65,15.74,15.21
8/25/2026,15.45,15.71,16.3,15.13
8/24/2026,15.85,15.9,16.06,15.61
8/21/2026,15.13,15.82,15.88,15.08
8/20/2026,16.01,14.91,16.14,14.91
8/19/2026,14.89,15.92,15.95,14.77
8/18/2026,15.84,15.81,16.09,15.6
8/17/2026,15.19,14.98,15.47,14.89
8/14/2026,14.25,14.64,14.72,14.18
8/13/2026,14.63,14.68,14.8,14.39
8/12/2026,14.55,15.28,15.42,14.39
8/11/2026,15.28,15.42,15.61,15.23
8/10/2026,15.46,15.4,15.72,15.1
8/7/2026,14.9,15.3,15.36,14.77
8/6/2026,15.15,15.83,16.03,15.11
8/5/2026,15.81,16.15,18.43,15.48
8/4/2026,16.5,15.76,16.65,15.51
8/3/2026,15.86,16.03,16.3,15.54
7/31/2026,15.99,16.82,18.7,15.82
7/30/2026,17.09,19.56,20.08,17
7/29/2026,20.66,18.27,20.88,17.45
7/28/2026,18.21,19.05,19.52,17.88
7/27/2026,18.67,17.62,19.93,17.53
7/24/2026,18.58,18.96,19.05,17.41
7/23/2026,18.7,17.67,20.31,17.32
7/22/2026,16.64,17.42,19.49,16.64
7/21/2026,17.05,17.48,17.99,16.86
7/20/2026,18.65,18.9,18.94,17.41
7/17/2026,18.77,18.01,19.5,17.68
7/16/2026,16.73,15.82,17.23,15.77
7/15/2026,15.67,16.2,16.57,15.64
7/14/2026,16.5,17.21,17.56,16.15
7/13/2026,17.16,16.32,17.41,16.03
7/10/2026,15.03,16.06,16.16,14.96
7/9/2026,15.84,16.58,17.27,15.76
7/8/2026,16.9,16.55,18.91,16.35
7/7/2026,16.13,15.87,16.64,15.53
7/6/2026,15.57,16.4,16.5,15.56
7/3/2026,15.81,15.78,16.01,15.75
7/2/2026,16.15,17.05,17.21,15.79
7/1/2026,16.59,17.11,17.3,15.97
6/30/2026,16.45,17.54,17.75,16.27
6/29/2026,17.65,18.6,19.45,17.49
6/26/2026,18.41,19.7,20.72,18.2
6/25/2026,18.89,18.11,19.95,17.72
6/24/2026,18.63,19.13,20.34,18.04
6/23/2026,19.49,19.67,20.54,18.61
6/22/2026,17.28,17.48,17.92,16.49
6/19/2026,16.78,17.04,17.27,16.72
6/18/2026,16.4,17.23,17.6,16.35
6/17/2026,18.44,16.08,18.84,16.02
6/16/2026,16.41,16.2,16.44,15.77
6/15/2026,16.2,16.78,16.85,15.98
6/12/2026,17.68,19.51,19.85,17.59
6/11/2026,19.44,21.25,22.59,19.36
6/10/2026,22.22,20.1,22.66,20.06
6/9/2026,19.87,18.19,23.34,17.52
6/8/2026,18.92,20.29,20.35,17.94
6/5/2026,21.51,15.87,21.57,15.56
6/4/2026,15.4,16.33,16.8,15.18
6/3/2026,16.06,15.97,16.63,15.94
6/2/2026,15.77,16.28,16.29,15.71
6/1/2026,16.05,15.88,16.34,15.71
5/29/2026,15.32,15.81,15.88,15.22
5/28/2026,15.74,16.76,16.85,15.61
5/27/2026,16.29,17.01,17.18,16.29
5/26/2026,17.01,16.92,17.23,16.56
5/25/2026,16.59,16.81,16.87,16.53
5/22/2026,16.7,16.83,17.39,16.46
5/21/2026,16.76,17.58,17.87,16.6
5/20/2026,17.44,18.17,18.18,17.13
5/19/2026,18.06,18.01,18.36,17.66
5/18/2026,17.82,19.25,19.44,17.7
5/15/2026,18.43,18.07,19.27,17.8
5/14/2026,17.26,17.86,18.08,17.2
5/13/2026,17.87,17.98,18.4,17.76
5/12/2026,17.99,18.77,19.1,17.92
5/11/2026,18.38,18.21,18.47,17.9
5/8/2026,17.19,17.37,17.53,16.82
5/7/2026,17.08,17.53,17.6,16.85
5/6/2026,17.39,17.15,17.46,16.18
5/5/2026,17.38,17.95,18.02,17.2
5/4/2026,18.29,17.38,19.08,17.15
5/1/2026,16.99,17.01,17.39,16.44
4/30/2026,16.89,18.68,18.73,16.87
4/29/2026,18.81,17.83,19,17.81
4/28/2026,17.83,18.3,19.43,17.78
4/27/2026,18.02,19.21,19.27,18.02
4/24/2026,18.71,18.89,19.35,18.46
4/23/2026,19.31,19.42,21.56,18.7
4/22/2026,18.92,19.03,19.54,18.68
4/21/2026,19.5,19.18,20.85,18.75
4/20/2026,18.87,19.58,19.99,18.77
4/17/2026,17.48,18.18,18.24,16.87
4/16/2026,17.94,18.04,19.09,17.76
4/15/2026,18.17,18.18,18.5,17.4
4/14/2026,18.36,18.73,18.76,17.89
4/13/2026,19.12,21.17,21.58,18.96
4/10/2026,19.23,19.71,20.28,18.83
4/9/2026,19.49,21.25,21.63,19.45
4/8/2026,21.04,20.97,22.17,19.91
4/7/2026,25.78,25.09,28,24.34
4/6/2026,24.17,24.93,25.3,23.78
4/2/2026,23.87,26.78,27.89,23.87
4/1/2026,24.54,24.3,25.35,23.5
3/31/2026,25.25,29.53,29.64,25.08
3/30/2026,30.61,30.79,31.52,29.33
3/27/2026,31.05,27.54,31.65,27.54
3/26/2026,27.44,26.49,28.49,26.12
3/25/2026,25.33,25.79,26.67,24.82
3/24/2026,26.95,25.91,27.94,25.64
3/23/2026,26.15,30.04,31.04,20.28
3/20/2026,26.78,24.46,29.28,23.68
3/19/2026,24.06,25.6,27.52,23.54
3/18/2026,25.09,21.51,25.13,21.47
3/17/2026,22.37,24.56,24.58,21.87
3/16/2026,23.51,25.88,26.42,23.23
3/13/2026,27.19,27.85,28.47,24.67
3/12/2026,27.29,25.48,27.33,24.6
3/11/2026,24.23,24.9,26.23,23.75
3/10/2026,24.93,24.39,26.01,22.19
3/9/2026,25.5,35.12,35.3,24.76
3/6/2026,29.49,23.2,29.93,22.92
3/5/2026,23.75,22.11,25.84,20.55
3/4/2026,21.15,24.39,24.87,20.4
3/3/2026,23.57,24.57,28.15,22.18
3/2/2026,21.44,24.66,25.24,20.37
2/27/2026,19.86,19.28,21.74,18.77
2/26/2026,18.63,18.07,20.54,17.5
2/25/2026,17.93,19.59,19.62,17.86
2/24/2026,19.55,21.24,22.08,19.23
2/23/2026,21.01,20.49,22.04,19.5
2/20/2026,19.09,20.04,21.21,18.76
2/19/2026,20.23,19.34,21.11,19.23
2/18/2026,19.62,19.78,20.34,18.48
2/17/2026,20.29,21.74,22.96,19.76
2/16/2026,21.2,20.73,21.62,20.37
2/13/2026,20.6,21.48,22.4,18.92
2/12/2026,20.82,17.44,21.21,17.08
2/11/2026,17.65,17.87,18.96,16.75
2/10/2026,17.79,17.47,17.97,17.14
2/9/2026,17.36,17.95,19.2,16.9
2/6/2026,17.76,21.24,21.49,17.27
2/5/2026,21.77,19.24,23.1,19.06
2/4/2026,18.64,17.63,21.24,17.47
2/3/2026,18,16.16,20.37,16.05
2/2/2026,16.34,19.95,19.96,16.08
1/30/2026,17.44,18.72,19.27,16.67
1/29/2026,16.88,16.04,19.74,16.02
1/28/2026,16.35,16.09,17.18,16.05
1/27/2026,16.35,16.02,16.37,15.74
1/26/2026,16.15,16.9,17.39,15.8
1/23/2026,16.09,15.68,16.21,15.3
1/22/2026,15.64,16.65,16.67,15.27
1/21/2026,16.9,19.31,20.81,16.67
1/20/2026,20.09,19.94,20.99,18.64
1/19/2026,18.84,18.63,19.59,18.28
1/16/2026,15.86,15.44,16.29,15.3
1/15/2026,15.84,16.52,16.54,15.3
1/14/2026,16.75,16.33,18.1,16.22
1/13/2026,15.98,15.36,16.5,14.75
1/12/2026,15.12,16.06,16.66,15.03
1/9/2026,14.49,15.68,15.81,14.43
1/8/2026,15.45,15.69,15.85,15.15
1/7/2026,15.38,14.95,15.48,14.83
1/6/2026,14.75,15,15.21,14.63
1/5/2026,14.9,15.14,15.27,14.65
1/2/2026,14.51,14.85,15.42,14.46
12/31/2025,14.95,14.77,15.17,14.38
12/30/2025,14.33,14.43,14.62,14.04
12/29/2025,14.2,14.69,15.08,13.99
12/26/2025,13.6,14.12,14.29,13.52
12/24/2025,13.47,14.09,14.16,13.38
12/23/2025,14,14.09,14.45,13.64
12/22/2025,14.08,15.16,15.26,14.03
12/19/2025,14.91,16.31,16.53,14.91
12/18/2025,16.87,17.61,17.68,15.93
12/17/2025,17.62,16.45,18,15.82
12/16/2025,16.48,17.28,17.61,16.19
12/15/2025,16.5,16.51,17.35,15.99
12/12/2025,15.74,14.99,17.85,14.85
12/11/2025,14.85,16.84,16.88,14.85
12/10/2025,15.77,16.94,17.66,15.56
12/9/2025,16.93,16.66,17.2,16.45
12/8/2025,16.66,16.15,17.09,16.1
12/5/2025,15.41,15.58,16.18,15.28
12/4/2025,15.78,16.23,16.63,15.68
12/3/2025,16.08,16.43,17.28,15.93
12/2/2025,16.59,17.28,17.31,16.39
12/1/2025,17.24,18.05,18.33,16.58
11/28/2025,16.35,17.41,18.52,15.78
11/27/2025,17.21,17.22,17.36,17.05
11/26/2025,17.19,18.25,18.7,16.93
11/25/2025,18.56,20.55,21.77,18.39
11/24/2025,20.52,22.69,23.68,20.41
11/21/2025,23.43,25.97,27.84,22.54
11/20/2025,26.42,20.78,28.27,19.28
11/19/2025,23.66,24.52,24.79,21.93
11/18/2025,24.69,23.54,25.84,22.91
11/17/2025,22.38,19.58,23.44,19.54
11/14/2025,19.83,21.33,23.03,19.56
11/13/2025,20,17.61,21.31,17.51
11/12/2025,17.51,17.21,18.06,17.1
11/11/2025,17.28,17.9,18.01,17.25
11/10/2025,17.6,18.58,18.82,17.6
11/7/2025,19.08,19.52,22.72,19.08
11/6/2025,19.5,18.36,20.31,17.64
11/5/2025,18.01,19.37,20.02,17.31
11/4/2025,19,19.73,20.48,17.9
11/3/2025,17.17,18.06,18.83,17
10/31/2025,17.44,16.43,18.54,15.96
10/30/2025,16.91,16.26,17.41,15.73
10/29/2025,16.92,16.34,17.58,16.26
10/28/2025,16.42,15.95,16.55,15.66
10/27/2025,15.79,15.73,16.07,15.62
10/24/2025,16.37,17.02,17.22,16.02
10/23/2025,17.3,18.36,19.35,17.08
10/22/2025,18.6,17.84,21.01,17.73
10/21/2025,17.87,18.65,18.89,17.4
10/20/2025,18.23,20.53,21.02,18.23
10/17/2025,20.78,28.41,28.99,20.73
10/16/2025,25.31,20.49,25.43,19.85
10/15/2025,20.64,20.02,22.44,19.11
10/14/2025,20.81,21.46,22.94,19.18
10/13/2025,19.03,19.45,20.77,18.61
10/10/2025,21.66,16.36,22.44,16.23
10/9/2025,16.43,16.31,17.27,16.26
10/8/2025,16.3,17.17,17.2,16.23
10/7/2025,17.24,16.58,17.55,16.19
10/6/2025,16.37,16.74,17.09,16.29
10/3/2025,16.65,16.35,17.06,16.2
10/2/2025,16.63,16.12,16.92,15.93
10/1/2025,16.29,17.28,17.28,15.98
9/30/2025,16.28,16.49,16.7,16.02
9/29/2025,16.12,15.84,16.29,15.74
9/26/2025,15.29,16.89,17.05,15.29
9/25/2025,16.74,16.55,17.74,16.32
9/24/2025,16.18,16.57,17.21,16.18
9/23/2025,16.64,16.1,17.07,15.95
9/22/2025,16.1,16.14,16.35,15.78
9/19/2025,15.45,15.76,16.13,15.29
9/18/2025,15.7,14.93,15.8,14.33
9/17/2025,15.72,16.42,16.75,15.26
9/16/2025,16.36,15.6,16.38,15.44
9/15/2025,15.69,15.14,15.84,14.92
9/12/2025,14.76,14.62,14.97,14.41
9/11/2025,14.71,15.19,15.24,14.65
9/10/2025,15.35,14.98,15.63,14.63
9/9/2025,15.04,15.02,15.82,14.97
9/8/2025,15.11,15.58,15.65,14.99
9/5/2025,15.18,15.23,16.92,14.74
9/4/2025,15.3,16.22,16.35,15.28
9/3/2025,16.35,17.4,17.57,16.34
9/2/2025,17.17,16.65,19.38,16.55
9/1/2025,16.12,16.17,16.79,15.08
8/29/2025,15.36,14.31,15.97,14.31
8/28/2025,14.43,14.42,14.69,14.12
8/27/2025,14.85,14.66,15.23,14.66
8/26/2025,14.62,15.75,15.75,14.62
8/25/2025,14.79,15.05,15.19,14.24
8/22/2025,14.22,16.81,16.83,14.21
8/21/2025,16.6,15.72,17.24,15.65
8/20/2025,15.69,15.95,17.19,15.57
8/19/2025,15.57,15.23,15.91,14.76
8/18/2025,14.99,15.73,15.95,14.95
8/15/2025,15.09,14.43,15.18,14.4
8/14/2025,14.83,14.66,15.39,14.57
8/13/2025,14.49,14.62,14.81,14.3
8/12/2025,14.73,16.09,16.56,14.66
8/11/2025,16.25,15.81,16.36,15.52
8/8/2025,15.15,16.48,16.52,15.15
8/7/2025,16.57,16.41,17.64,15.98
8/6/2025,16.77,17.22,17.88,16.56
8/5/2025,17.85,17.21,18.94,17.11
8/4/2025,17.52,19.56,19.58,17.48
8/1/2025,20.38,17.4,21.9,17.39
7/31/2025,16.72,14.99,17.17,14.74
7/30/2025,15.48,15.87,17.27,15.44
7/29/2025,15.98,14.95,16.12,14.7
7/28/2025,15.03,15.15,15.54,15
7/25/2025,14.93,15.33,15.39,14.92
7/24/2025,15.39,15.39,15.54,14.95
7/23/2025,15.37,16.23,16.32,15.32
7/22/2025,16.5,16.75,17.48,16.43
7/21/2025,16.65,16.87,16.99,16.3
7/18/2025,16.41,16.43,16.81,16.28
7/17/2025,16.52,17.16,17.37,16.48
7/16/2025,17.16,17.66,19.48,16.69
7/15/2025,17.38,16.89,17.39,16.56
7/14/2025,17.2,17.73,17.85,16.91
7/11/2025,16.4,16.41,17.24,15.98
7/10/2025,15.78,16.23,16.24,15.7
7/9/2025,15.94,16.76,16.76,15.76
7/8/2025,16.81,17.41,17.44,16.54
7/7/2025,17.79,17.83,18.5,17.51
7/4/2025,17.48,16.93,17.67,16.92
7/3/2025,16.38,16.65,16.83,16.14
7/2/2025,16.64,16.75,17.37,16.54
7/1/2025,16.83,16.98,17.48,16.51
6/30/2025,16.73,17.19,17.43,16.55
6/27/2025,16.32,16.31,17.29,16.12
6/26/2025,16.59,16.67,16.78,16.11
6/25/2025,16.76,17.28,17.51,16.68
6/24/2025,17.48,18.19,18.72,17.33
6/23/2025,19.83,21.15,22.51,19.82
6/20/2025,20.62,20.74,21.07,19.11
6/19/2025,22.17,21.51,22.75,21.18
6/18/2025,20.14,20.9,21.58,19.59
6/17/2025,21.6,20.53,21.79,19.55
6/16/2025,19.11,19.78,20.22,18.67
6/13/2025,20.82,21.76,22,18.88
6/12/2025,18.02,17.87,18.87,17.43
6/11/2025,17.26,17.04,18.09,16.23
6/10/2025,16.95,17.5,17.99,16.68
6/9/2025,17.16,17.69,17.72,16.82
6/6/2025,16.77,18.16,18.35,16.65
6/5/2025,18.48,17.68,18.8,17.08
6/4/2025,17.61,17.68,18.07,17.41
6/3/2025,17.69,18.83,19.21,17.64
6/2/2025,18.36,19.81,20.45,18.36
5/30/2025,18.57,19.61,20.55,18.57
5/29/2025,19.18,18.25,20.2,18.11
5/28/2025,19.31,19.21,19.43,18.68
5/27/2025,18.96,20.63,21.01,18.95
5/26/2025,20.57,20.75,20.83,20.3
5/23/2025,22.29,20.14,25.53,19.83
5/22/2025,20.28,20.62,22.07,19.64
5/21/2025,20.87,18.77,21.05,17.77
5/20/2025,18.09,18.46,18.68,17.7
5/19/2025,18.14,19.84,19.92,17.92
5/16/2025,17.24,17.96,17.96,17.15
5/15/2025,17.83,19.19,19.38,17.77
5/14/2025,18.62,18.1,18.82,18.06
5/13/2025,18.22,18.69,18.85,17.65
5/12/2025,18.39,19.84,20.44,18.14
5/9/2025,21.9,22.4,22.82,21.83
5/8/2025,22.48,22.84,23.61,21.88
5/7/2025,23.55,24.56,25.62,23.29
5/6/2025,24.76,23.97,25.11,23.9
5/5/2025,23.64,24.25,24.63,22.81
5/2/2025,22.68,23.63,24.32,22.34
5/1/2025,24.6,23.94,25.18,23.3
4/30/2025,24.7,24.35,28.17,24.23
4/29/2025,24.17,24.76,25.99,23.76
4/28/2025,25.15,25.75,26.93,24.7
4/25/2025,24.84,26.22,27.2,24.84
4/24/2025,26.47,28.69,29.66,26.36
4/23/2025,28.45,28.75,30.29,27.11
4/22/2025,30.57,32.61,32.68,30.08
4/21/2025,33.82,32.75,35.75,31.79
4/17/2025,29.65,30.79,32.55,29.57
4/16/2025,32.64,33.24,34.96,29.48
4/15/2025,30.12,30.01,31.45,28.29
4/14/2025,30.89,34.76,35.17,29.75
4/11/2025,37.56,40.8,46.12,36.85
4/10/2025,40.72,34.44,54.87,34.44
4/9/2025,33.62,50.98,57.96,31.9
4/8/2025,52.33,44.04,57.52,36.48
4/7/2025,46.98,60.13,60.13,38.58
4/4/2025,45.31,30.12,45.61,29.99
4/3/2025,30.02,26.38,30.02,24.93
4/2/2025,21.51,22.3,23.66,20.68
4/1/2025,21.77,22.06,23.52,21.58
3/31/2025,22.28,24.11,24.8,21.67
3/28/2025,21.65,19.08,22.18,18.92
3/27/2025,18.69,18.36,19.28,17.95
3/26/2025,18.33,17.23,19.07,16.97
3/25/2025,17.15,17.58,17.77,17.02
3/24/2025,17.48,19.13,19.14,17.46
3/21/2025,19.28,20.02,21.14,19.15
3/20/2025,19.8,19.52,21.17,19.3
3/19/2025,19.9,21.84,22.1,19.42
3/18/2025,21.7,20.83,22.57,20.41
3/17/2025,20.51,22.89,22.95,20.32
3/14/2025,21.77,24.35,24.36,21.48
3/13/2025,24.66,24.92,26.13,23.46
3/12/2025,24.23,26.88,26.91,23.89
3/11/2025,26.92,27.94,29.57,26.18
3/10/2025,27.86,24.7,29.56,24.68
3/7/2025,23.37,24.85,26.56,23.09
3/6/2025,24.87,22.6,25.92,22.39
3/5/2025,21.93,23.03,24.84,21.37
3/4/2025,23.51,22.96,26.35,21.71
3/3/2025,22.78,19.83,24.31,19.25
2/28/2025,19.63,21.21,22.4,19.05
2/27/2025,21.13,18.25,21.47,17.67
2/26/2025,19.1,18.96,20.06,17.83
2/25/2025,19.43,19.09,21.48,18.85
2/24/2025,18.98,18.08,20.24,17.31
2/21/2025,18.21,15.63,19.03,15.28
2/20/2025,15.66,15.61,16.63,15.12
2/19/2025,15.27,15.14,15.96,15.05
2/18/2025,15.35,15.57,16.03,15.35
2/17/2025,15.37,15.38,15.57,15.34
2/14/2025,14.77,15.08,15.42,14.74
2/13/2025,15.1,15.97,16.33,14.98
2/12/2025,15.89,15.91,17.18,15.64
2/11/2025,16.02,16.13,16.42,15.75
2/10/2025,15.81,16.58,16.61,15.7
2/7/2025,16.54,15.38,16.66,14.79
2/6/2025,15.5,15.88,16.15,14.99
2/5/2025,15.77,17.54,17.75,15.77
2/4/2025,17.21,18.78,19.11,16.78
2/3/2025,18.62,20.36,20.42,17.66
1/31/2025,16.43,15.45,17.09,14.9
1/30/2025,15.84,15.93,16.42,15.32
1/29/2025,16.56,16.42,18.08,16.17
1/28/2025,16.41,18.29,18.39,16.25
1/27/2025,17.9,18.83,22.51,17.57
1/24/2025,14.85,15.02,15.16,14.58
1/23/2025,15.02,15.28,15.39,14.59
1/22/2025,15.1,14.89,15.29,14.59
1/21/2025,15.06,16.29,16.29,14.93
1/20/2025,15.81,16.46,16.59,15.8
1/17/2025,15.97,16.19,16.23,15.53
1/16/2025,16.6,15.87,16.6,15.64
1/15/2025,16.12,19.08,19.14,15.96
1/14/2025,18.71,18.79,19.66,18.24
1/13/2025,19.19,21.18,22.04,19.15
1/10/2025,19.54,18.29,20.31,18.05
1/9/2025,18.07,18.51,18.52,17.95
1/8/2025,17.7,17.91,19.5,17.37
1/7/2025,17.82,16.48,18.9,15.79
1/6/2025,16.04,16.77,16.87,15.71
1/3/2025,16.13,17.66,17.94,16.11
1/2/2025,17.93,17.21,19.5,16.96
12/31/2024,17.35,17.39,17.81,16.68
12/30/2024,17.4,17.21,19.22,16.44
12/27/2024,15.95,15.38,18.45,15.29
12/26/2024,14.73,14.99,15.93,14.55
12/24/2024,14.27,16.97,17.04,14.27
12/23/2024,16.78,18.09,20.02,16.74
12/20/2024,18.36,24.14,26.51,17.82
12/19/2024,24.09,21.61,24.12,20.16
12/18/2024,27.62,15.57,28.32,14.82
12/17/2024,15.87,14.98,15.94,14.78
12/16/2024,14.69,14.37,14.69,13.99
12/13/2024,13.81,13.57,14.25,13.24
12/12/2024,13.92,13.73,13.95,13.39
12/11/2024,13.58,14.42,14.43,13.52
12/10/2024,14.18,14.3,14.54,13.86
12/9/2024,14.19,13.36,14.23,13.35
12/6/2024,12.77,13.62,13.74,12.7
12/5/2024,13.54,13.46,13.7,13.26
12/4/2024,13.45,13.16,13.61,12.89
12/3/2024,13.3,13.38,13.77,13.19
12/2/2024,13.34,14.08,14.1,13.3
11/29/2024,13.51,14,14.15,13.49
11/28/2024,13.9,14.07,14.07,13.87
11/27/2024,14.1,14.28,15.13,13.96
11/26/2024,14.1,14.95,15.03,13.88
11/25/2024,14.6,15.23,15.72,14.54
11/22/2024,15.24,16.67,17.56,15.24
11/21/2024,16.87,17.1,17.99,15.73
11/20/2024,17.16,16.19,18.79,16.04
11/19/2024,16.35,15.44,17.93,15.37
11/18/2024,15.58,16.6,17,15.35
11/15/2024,16.14,15.02,17.55,14.56
11/14/2024,14.31,14.17,14.32,13.59
11/13/2024,14.02,15.09,15.26,13.77
11/12/2024,14.71,15.09,15.37,14.69
11/11/2024,14.97,15.33,15.56,14.89
11/8/2024,14.94,15.13,15.33,14.66
11/7/2024,15.2,15.86,15.86,15.13
11/6/2024,16.27,16.06,16.82,15.44
11/5/2024,20.49,21.98,22.06,20.2
11/4/2024,21.98,22.5,23.07,21.73
11/1/2024,21.88,22.96,23.09,21.16
10/31/2024,23.16,21.44,23.42,21.12
10/30/2024,20.35,19.33,20.44,19.3
10/29/2024,19.34,19.75,20.53,19.06
10/28/2024,19.8,19.11,19.88,18.91
10/25/2024,20.33,19.22,20.51,18.23
10/24/2024,19.08,18.87,20.24,18.63
10/23/2024,19.24,18.21,20.47,18.18
10/22/2024,18.2,18.79,19.44,18.05
10/21/2024,18.37,18.78,19.34,18.36
10/18/2024,18.03,19.3,19.32,17.99
10/17/2024,19.11,19.55,19.65,18.88
10/16/2024,19.58,20.77,21.01,19.45
10/15/2024,20.64,19.61,20.89,19.44
10/14/2024,19.7,20.86,20.86,19.69
10/11/2024,20.46,20.87,21.16,20.14
10/10/2024,20.93,20.91,21.39,20.64
10/9/2024,20.86,21.98,22.01,20.71
10/8/2024,21.42,22.92,23.14,21.14
10/7/2024,22.64,20.76,23.03,20.65
10/4/2024,19.21,20.48,20.48,18.48
10/3/2024,20.49,19.63,20.75,19.16
10/2/2024,18.9,19.65,20.36,18.58
10/1/2024,19.26,16.96,20.73,16.61
9/30/2024,16.73,17.01,17.79,16.47
9/27/2024,16.96,15.64,16.97,15.2
9/26/2024,15.37,15.06,15.83,14.9
9/25/2024,15.41,15.82,15.82,15.17
9/24/2024,15.39,15.87,16.67,15.27
9/23/2024,15.89,16.71,16.95,15.75
9/20/2024,16.15,16.35,16.68,15.81
9/19/2024,16.33,17.21,17.27,16.21
9/18/2024,18.23,17.58,19.39,17.11
9/17/2024,17.61,17.16,18.08,16.67
9/16/2024,17.14,17.16,17.69,16.91
9/13/2024,16.56,17.03,17.18,16.23
9/12/2024,17.07,17.62,18.59,16.89
9/11/2024,17.69,19.41,21.41,17.55
9/10/2024,19.08,19.86,20.74,18.9
9/9/2024,19.45,21.32,21.41,19.29
9/6/2024,22.38,21.98,23.76,18.83
9/5/2024,19.9,20.75,21.53,19.21
9/4/2024,21.32,23.2,23.31,19.34
9/3/2024,20.72,15.76,21.99,15.71
9/2/2024,15.55,15.87,15.99,15.48
8/30/2024,15,15.67,16.04,14.78
8/29/2024,15.65,16.54,16.57,15.19
8/28/2024,17.11,15.51,17.89,15.46
8/27/2024,15.43,16.21,16.81,15.37
8/26/2024,16.15,16.27,16.67,15.81
8/23/2024,15.86,17.12,17.21,15.61
8/22/2024,17.55,16.27,18.06,15.76
8/21/2024,16.27,16.25,17.17,15.92
8/20/2024,15.88,14.89,15.93,14.78
8/19/2024,14.65,15.94,16.07,14.46
8/16/2024,14.8,15.29,15.76,14.65
8/15/2024,15.23,16.27,16.68,14.77
8/14/2024,16.19,18.41,18.49,16.12
8/13/2024,18.12,20.06,20.79,17.95
8/12/2024,20.71,20.79,21.19,18.89
8/9/2024,20.37,23.78,24.52,20.26
8/8/2024,23.79,28.34,29.47,23.36
8/7/2024,27.85,24.77,29.76,21.97
8/6/2024,27.71,33.71,34.77,24.02
8/5/2024,38.57,23.39,65.73,23.39
8/2/2024,23.39,20.52,29.66,20.01
8/1/2024,18.59,16.2,19.48,15.95
7/31/2024,16.36,16.66,16.77,15.71
7/30/2024,17.69,16.64,18.32,16.26
7/29/2024,16.6,16.59,17.21,16.23
7/26/2024,16.39,17.97,18.05,16.37
7/25/2024,18.46,18.41,19.36,16.42
7/24/2024,18.04,15.35,18.46,15.18
7/23/2024,14.72,15.21,15.35,13.9
7/22/2024,14.91,16.79,16.89,14.75
7/19/2024,16.52,16.44,17.19,10.62
7/18/2024,15.93,14.27,16.43,14.08
7/17/2024,14.48,13.6,14.88,13.54
7/16/2024,13.19,13.38,13.47,12.95
7/15/2024,13.12,12.78,13.26,12.75
7/12/2024,12.46,12.87,12.89,12.11
7/11/2024,12.92,12.88,13.33,12.23
7/10/2024,12.85,12.51,12.92,12.39
7/9/2024,12.51,12.48,12.61,12.35
7/8/2024,12.37,12.91,12.91,12.31
7/5/2024,12.48,12.37,12.61,11.84
7/4/2024,12.26,12.1,12.35,12.09
7/3/2024,12.09,12.13,12.23,11.95
7/2/2024,12.03,12.67,12.88,11.85
7/1/2024,12.22,12.98,13.26,12.1
6/28/2024,12.44,12.24,12.76,11.87
6/27/2024,12.24,12.69,12.77,12.21
6/26/2024,12.55,12.81,13.24,12.37
6/25/2024,12.84,13.48,13.52,12.84
6/24/2024,13.33,13.85,13.88,13.15
6/21/2024,13.2,13.22,13.78,12.99
6/20/2024,13.28,12.5,13.55,12.18
6/19/2024,12.48,12.32,12.55,12.32
6/18/2024,12.3,12.7,12.74,12.24
6/17/2024,12.75,13.07,13.29,12.5
6/14/2024,12.66,12.22,13.45,12.12
6/13/2024,11.94,12.05,12.68,11.88
6/12/2024,12.04,13.1,13.15,11.94
6/11/2024,12.85,12.85,13.47,12.78
6/10/2024,12.74,13.09,13.28,12.62
6/7/2024,12.22,12.69,13.08,12.11
6/6/2024,12.58,12.75,12.98,12.54
6/5/2024,12.63,13.14,13.25,12.6
6/4/2024,13.16,13.51,14.08,13.11
6/3/2024,13.11,13.08,14.31,13
5/31/2024,12.92,14.5,14.87,12.84
5/30/2024,14.47,14.82,14.88,13.67
5/29/2024,14.28,13.75,14.32,13.69
5/28/2024,12.92,12.51,13.44,12.36
5/27/2024,12.36,12.41,12.49,12.35
5/24/2024,11.93,12.86,12.89,11.89
5/23/2024,12.77,11.53,13.37,11.52
5/22/2024,12.29,12.05,12.81,11.78
5/21/2024,11.86,12.3,12.56,11.84
5/20/2024,12.15,12.27,12.59,12.07
5/17/2024,11.99,12.28,12.48,11.91
5/16/2024,12.42,12.52,12.67,12.33
5/15/2024,12.45,13.73,13.94,12.38
5/14/2024,13.42,13.71,14.03,13.27
5/13/2024,13.6,13.26,13.66,13.25
5/10/2024,12.55,12.77,12.96,12.5
5/9/2024,12.69,13.08,13.29,12.68
5/8/2024,13,13.24,13.51,12.94
5/7/2024,13.23,13.52,13.64,13.16
5/6/2024,13.49,13.98,14.02,13.44
5/3/2024,13.49,14.51,14.58,13.48
5/2/2024,14.68,15.14,16.09,14.6
5/1/2024,15.39,15.75,16.22,14.35
4/30/2024,15.65,14.82,15.9,14.67
4/29/2024,14.67,15.37,15.42,14.63
4/26/2024,15.03,15.49,16.06,14.92
4/25/2024,15.37,16.25,17.55,15.27
4/24/2024,15.97,15.76,16.38,15.58
4/23/2024,15.69,16.72,16.76,15.69
4/22/2024,16.94,18.59,18.72,16.69
4/19/2024,18.71,21.33,21.36,18.17
4/18/2024,18,17.91,18.37,17.21
4/17/2024,18.21,18.24,19.11,17.54
4/16/2024,18.4,19.49,19.56,17.64
4/15/2024,19.23,16.94,19.46,16.26
4/12/2024,17.31,14.91,19.2,14.91
4/11/2024,14.91,16.02,17.61,14.91
4/10/2024,15.8,15.24,16.62,14.59
4/9/2024,14.98,15.34,16.63,14.94
4/8/2024,15.19,16.24,16.5,15.11
4/5/2024,16.03,16.45,16.75,15.53
4/4/2024,16.35,14.29,16.92,13.74
4/3/2024,14.33,15,15.18,14.25
4/2/2024,14.61,13.74,15.43,13.68
4/1/2024,13.65,13.61,14.15,13.55
3/28/2024,13.01,12.93,13.1,12.84
3/27/2024,12.78,13.13,13.34,12.66
3/26/2024,13.24,13.12,13.43,12.84
3/25/2024,13.19,13.67,13.67,13.11
3/22/2024,13.06,12.92,13.15,12.58
3/21/2024,12.92,12.98,13.08,12.4
3/20/2024,13.04,13.83,14.17,13.01
3/19/2024,13.82,14.5,14.86,13.8
3/18/2024,14.33,14.75,14.85,14.26
3/15/2024,14.41,14.33,15.53,14.14
3/14/2024,14.4,13.62,15.33,13.42
3/13/2024,13.75,13.89,14.04,13.67
3/12/2024,13.84,14.97,15.2,13.81
3/11/2024,15.22,15.51,16.04,15.13
3/8/2024,14.74,14.22,15.53,13.97
3/7/2024,14.44,14.98,14.98,14.25
3/6/2024,14.5,14.27,14.93,13.89
3/5/2024,14.46,13.75,15.1,13.75
3/4/2024,13.49,13.49,13.58,13.32
3/1/2024,13.11,13.34,13.66,13.08
2/29/2024,13.4,14.14,14.15,13.3
2/28/2024,13.84,13.52,13.9,13.44
2/27/2024,13.43,13.63,13.75,13.41
2/26/2024,13.74,14.17,14.2,13.66
2/23/2024,13.75,14.31,14.31,13.64
2/22/2024,14.54,14.28,14.64,14.12
2/21/2024,15.34,15.54,16.12,15.22
2/20/2024,15.42,15.09,15.91,15.07
2/19/2024,14.71,14.72,14.78,14.65
2/16/2024,14.24,13.94,14.71,13.75
2/15/2024,14.01,14.27,14.64,13.94
2/14/2024,14.38,15.38,15.47,14.22
2/13/2024,15.85,13.96,17.94,13.43
2/12/2024,13.93,13.48,13.94,13.34
2/9/2024,12.93,12.79,13.01,12.69
2/8/2024,12.79,12.95,13.17,12.74
2/7/2024,12.83,13.06,13.13,12.81
2/6/2024,13.06,13.57,13.78,12.98
2/5/2024,13.67,14.37,14.53,13.58
2/2/2024,13.85,13.95,14.23,13.39
2/1/2024,13.88,14.21,14.63,13.87
1/31/2024,14.35,13.42,14.61,13.18
1/30/2024,13.31,13.69,13.74,13.23
1/29/2024,13.6,13.98,15.35,13.59
1/26/2024,13.26,13.73,14.1,13.2
1/25/2024,13.45,13.18,13.58,13.06
1/24/2024,13.14,12.66,13.18,12.41
1/23/2024,12.55,13.2,13.29,12.53
1/22/2024,13.19,13.77,13.84,13.17
1/19/2024,13.3,13.8,14.58,13.28
1/18/2024,14.13,14.85,14.89,13.89
1/17/2024,14.79,14.59,15.4,14.38
1/16/2024,13.84,14.12,14.35,13.52
1/15/2024,13.25,13.23,13.34,13.2
1/12/2024,12.7,12.66,13.08,12.47
1/11/2024,12.44,12.64,13.31,12.35
1/10/2024,12.69,12.86,12.95,12.67
1/9/2024,12.76,13.2,13.45,12.74
1/8/2024,13.08,14,14.18,13.02
1/5/2024,13.35,14.24,14.58,13.29
1/4/2024,14.13,13.93,14.2,13.64
1/3/2024,14.04,13.35,14.22,13.33
1/2/2024,13.2,13.22,14.23,13.1
12/29/2023,12.45,12.55,13.19,12.36
12/28/2023,12.47,12.44,12.65,12.38
12/27/2023,12.43,13.02,13.04,12.37
12/26/2023,12.99,13.77,13.8,12.96
12/22/2023,13.03,13.72,13.96,13
12/21/2023,13.65,13.4,14.49,13.34
12/20/2023,13.67,12.63,13.93,12.29
12/19/2023,12.53,12.6,12.6,12.33
12/18/2023,12.56,12.62,12.64,12.4
12/15/2023,12.28,12.12,12.54,12.01
12/14/2023,12.48,11.96,12.74,11.84
12/13/2023,12.19,12.2,12.46,11.82
12/12/2023,12.07,12.69,12.74,11.81
12/11/2023,12.63,13.05,13.14,12.61
12/8/2023,12.35,13.14,13.24,12.35
12/7/2023,13.06,13.17,13.28,12.95
12/6/2023,12.97,12.78,13.03,12.64
12/5/2023,12.85,13.26,13.76,12.81
12/4/2023,13.08,13.28,13.7,12.98
12/1/2023,12.63,12.94,12.96,12.48
11/30/2023,12.92,13.07,13.39,12.82
11/29/2023,12.98,12.71,13.1,12.48
11/28/2023,12.69,12.78,14.3,12.56
11/27/2023,12.69,13.14,13.28,12.64
11/24/2023,12.46,13.03,13.17,12.45
11/23/2023,12.8,12.84,12.87,12.75
11/22/2023,12.85,13.08,13.25,12.82
11/21/2023,13.35,13.45,14.31,13.13
11/20/2023,13.41,14.26,14.31,13.39
11/17/2023,13.8,14.18,14.19,13.67
11/16/2023,14.32,14.12,14.42,13.68
11/15/2023,14.18,14.21,14.35,13.97
11/14/2023,14.16,14.83,14.86,13.91
11/13/2023,14.76,15.16,15.19,14.58
11/10/2023,14.17,15.09,15.45,14.16
11/9/2023,15.29,14.61,15.57,14.13
11/8/2023,14.45,14.91,15.09,14.3
11/7/2023,14.81,15.1,15.17,14.71
11/6/2023,14.89,15.39,15.58,14.84
11/3/2023,14.91,15.7,15.83,14.91
11/2/2023,15.66,16.59,16.62,15.58
11/1/2023,16.87,18.02,18.42,16.63
10/31/2023,18.14,19.86,19.86,17.97
10/30/2023,19.75,21.13,21.16,19.55
10/27/2023,21.27,20.39,22.07,19.72
10/26/2023,20.68,21.78,21.96,20.22
10/25/2023,20.19,19.39,21.24,18.86
10/24/2023,18.97,20.03,20.24,18.65
10/23/2023,20.37,21.83,23.08,19.48
10/20/2023,21.71,21.59,21.83,20.42
10/19/2023,21.4,19.73,21.4,18.55
10/18/2023,19.22,18.36,20.15,17.88
10/17/2023,17.88,17.41,18.54,16.97
10/16/2023,17.21,19.1,19.57,17.14
10/13/2023,19.32,16.53,20.78,16.5
10/12/2023,16.69,16.08,18.08,15.44
10/11/2023,16.09,16.95,17.78,16.09
10/10/2023,17.03,17.7,17.86,16.51
10/9/2023,17.7,19.54,19.6,17.56
10/6/2023,17.45,18.73,19.93,17.19
10/5/2023,18.49,18.67,19.58,18.26
10/4/2023,18.58,20.72,20.88,18.3
10/3/2023,19.78,17.81,20.48,17.52
10/2/2023,17.61,17.31,18.55,16.93
9/29/2023,17.52,16.87,17.74,15.83
9/28/2023,17.34,18.22,18.77,17.06
9/27/2023,18.22,18.29,19.71,18.03
9/26/2023,18.94,18.03,19.5,17.17
9/25/2023,16.9,17.25,18.41,16.79
9/22/2023,17.2,17.31,17.41,15.93
9/21/2023,17.54,15.49,17.54,15.1
9/20/2023,15.14,14.18,15.15,13.57
9/19/2023,14.11,14.11,14.88,13.86
9/18/2023,14,14.4,14.75,13.86
9/15/2023,13.79,12.7,14.17,12.68
9/14/2023,12.82,13.39,13.46,12.79
9/13/2023,13.48,14.42,14.68,13.41
9/12/2023,14.23,14.02,14.42,13.71
9/11/2023,13.8,14.17,14.33,13.74
9/8/2023,13.84,14.22,14.87,13.58
9/7/2023,14.4,14.81,15.69,14.4
9/6/2023,14.45,14.27,15.3,14.13
9/5/2023,14.01,14.15,14.47,13.7
9/4/2023,13.82,13.62,13.82,13.51
9/1/2023,13.09,13.56,13.56,13.02
8/31/2023,13.57,13.98,14,13.44
8/30/2023,13.88,14.53,14.7,13.83
8/29/2023,14.45,15.08,15.3,14.34
8/28/2023,15.08,16.24,16.28,15
8/25/2023,15.68,17.21,17.36,15.45
8/24/2023,17.2,15.57,17.32,15.48
8/23/2023,15.98,16.64,17.1,15.91
8/22/2023,16.97,16.96,17.58,16.61
8/21/2023,17.13,18.03,18.11,16.88
8/18/2023,17.3,17.8,18.88,17.14
8/17/2023,17.89,16.96,18.13,16.4
8/16/2023,16.78,16.54,16.93,15.8
8/15/2023,16.46,14.95,16.57,14.91
8/14/2023,14.82,15.88,16.06,14.77
8/11/2023,14.84,15.53,16.51,14.84
8/10/2023,15.85,15.58,16.86,14.6
8/9/2023,15.96,15.81,16.87,15.38
8/8/2023,15.99,16.28,18.14,15.96
8/7/2023,15.77,16.9,17.36,15.77
8/4/2023,17.1,16.01,17.39,14.57
8/3/2023,15.92,16.77,17.42,15.72
8/2/2023,16.09,15.7,16.48,14.95
8/1/2023,13.93,13.75,14.3,13.75
7/31/2023,13.63,13.98,14.09,13.57
7/28/2023,13.33,14.03,14.18,13.27
7/27/2023,14.41,13.14,15.02,12.74
7/26/2023,13.19,13.86,14.16,13.15
7/25/2023,13.86,14.02,14.09,13.82
7/24/2023,13.91,14.29,14.3,13.73
7/21/2023,13.6,13.87,13.89,13.37
7/20/2023,13.99,13.96,14.23,13.58
7/19/2023,13.76,13.32,13.84,13.12
7/18/2023,13.3,13.61,13.67,13.29
7/17/2023,13.48,13.78,14,13.43
7/14/2023,13.34,13.72,13.76,13.22
7/13/2023,13.61,13.44,13.61,13.12
7/12/2023,13.54,14.82,14.82,13.51
7/11/2023,14.84,15.02,15.25,14.63
7/10/2023,15.07,16.08,16.21,15.04
7/7/2023,14.83,15.97,16.06,14.33
7/6/2023,15.44,14.85,17.08,14.79
7/5/2023,14.18,14.19,14.74,14.05
7/4/2023,13.7,13.54,13.71,13.52
7/3/2023,13.57,13.85,13.85,13.47
6/30/2023,13.59,13.51,13.59,12.96
6/29/2023,13.54,13.64,13.85,13.41
6/28/2023,13.43,13.9,13.96,13.36
6/27/2023,13.74,14.11,14.34,13.59
6/26/2023,14.25,14.43,14.71,13.78
6/23/2023,13.44,13.24,13.8,12.88
6/22/2023,12.91,13.88,13.98,12.73
6/21/2023,13.2,13.88,13.89,13.1
6/20/2023,13.88,14.36,14.67,13.86
6/19/2023,14.19,14.09,14.19,14.01
6/16/2023,13.54,14.49,14.54,13.48
6/15/2023,14.5,14.09,14.52,13.79
6/14/2023,13.88,14.48,14.73,13.83
6/13/2023,14.61,14.99,15.06,14.47
6/12/2023,15.01,14.44,15.02,14.32
6/9/2023,13.83,13.78,14.14,13.5
6/8/2023,13.65,14.14,14.21,13.53
6/7/2023,13.94,14.14,14.29,13.77
6/6/2023,13.96,14.91,14.97,13.95
6/5/2023,14.73,15.28,15.29,14.66
6/2/2023,14.6,15.65,15.65,14.42
6/1/2023,15.65,17.24,17.59,15.58
5/31/2023,17.94,18.04,18.4,17.12
5/30/2023,17.46,17.56,18.34,16.98
5/29/2023,17.46,17.53,17.6,17.34
5/26/2023,17.95,19.07,19.56,17.27
5/25/2023,19.14,19.54,19.95,18.7
5/24/2023,20.03,18.8,20.81,18.8
5/23/2023,18.53,17.35,19.31,17.3
5/22/2023,17.21,17.45,18.13,16.82
5/19/2023,16.81,16.13,17.36,15.85
5/18/2023,16.05,16.92,17.15,16.05
5/17/2023,16.87,17.96,18.26,16.68
5/16/2023,17.99,17.54,18.3,17.26
5/15/2023,17.12,17.44,18.16,17.08
5/12/2023,17.03,16.83,17.92,16.38
5/11/2023,16.93,16.8,18.19,16.63
5/10/2023,16.94,17.58,18.31,16.36
5/9/2023,17.71,17.29,17.86,17.22
5/8/2023,16.98,17.73,17.88,16.83
5/5/2023,17.19,19.5,19.63,16.69
5/4/2023,20.09,19.17,21.33,18.67
5/3/2023,18.34,17.82,18.83,17.19
5/2/2023,17.78,16.27,19.81,16.26
5/1/2023,16.08,16.41,16.62,15.53
4/28/2023,15.78,17.21,17.65,15.72
4/27/2023,17.03,18.43,18.43,16.72
4/26/2023,18.84,18.66,19.61,17.87
4/25/2023,18.76,17.62,19.86,17.33
4/24/2023,16.89,18.22,18.24,16.74
4/21/2023,16.77,17.51,17.71,16.58
4/20/2023,17.17,16.85,17.69,16.33
4/19/2023,16.46,17.3,17.72,16.17
4/18/2023,16.83,16.94,17.34,16.58
4/17/2023,16.95,17.58,17.79,16.9
4/14/2023,17.07,17.94,18.12,17.07
4/13/2023,17.8,18.83,19.06,17.77
4/12/2023,19.09,19.38,19.98,18.25
4/11/2023,19.1,19.08,19.28,18.56
4/10/2023,18.97,19.39,20.05,18.93
4/6/2023,18.4,19.3,19.88,18.35
4/5/2023,19.08,19.42,20.08,19
4/4/2023,19,18.79,20.03,18.58
4/3/2023,18.55,19.79,19.83,18.54
3/31/2023,18.7,19.21,19.43,18.52
3/30/2023,19.02,19.12,20.08,18.85
3/29/2023,19.12,19.39,19.45,19.09
3/28/2023,19.97,20.53,21.4,19.91
3/27/2023,20.6,22.05,22.93,20.57
3/24/2023,21.74,22.11,25.21,21.6
3/23/2023,22.61,21.54,24.91,20.16
3/22/2023,22.26,21.8,22.38,19.94
3/21/2023,21.38,24.16,24.16,21.29
3/20/2023,24.15,27.77,28.91,24
3/17/2023,25.51,22.92,26.14,22.58
3/16/2023,22.99,26.19,27.49,22.97
3/15/2023,26.14,23.21,29.91,23.19
3/14/2023,23.73,26.85,27.24,22.27
3/13/2023,26.52,24.05,30.81,23.85
3/10/2023,24.8,23.34,28.97,21.79
3/9/2023,22.61,19.33,23.14,18.88
3/8/2023,19.11,19.71,20.01,19
3/7/2023,19.59,18.64,19.74,18.51
3/6/2023,18.61,19.05,19.19,18.49
3/3/2023,18.49,19.76,19.76,18.16
3/2/2023,19.59,21.41,21.42,19.55
3/1/2023,20.58,20.39,21.32,20.22
2/28/2023,20.7,21.3,21.37,20.1
2/27/2023,20.95,21.99,22.02,20.68
2/24/2023,21.67,21.35,22.9,21.32
2/23/2023,21.14,21.96,22.43,20.89
2/22/2023,22.29,23.03,23.63,22.02
2/21/2023,22.87,21.8,23.34,21.8
2/20/2023,21.23,21.06,21.28,20.96
2/17/2023,20.02,20.94,21.3,19.82
2/16/2023,20.17,18.26,20.27,18.23
2/15/2023,18.23,19.37,19.41,18.11
2/14/2023,18.91,20.72,20.75,18.48
2/13/2023,20.34,21.66,21.69,20.33
2/10/2023,20.53,20.74,21.94,20.44
2/9/2023,20.71,19.24,21.08,19.02
2/8/2023,19.63,18.88,20.12,18.55
2/7/2023,18.66,19.54,19.99,18.43
2/6/2023,19.43,19.23,19.81,19.21
2/3/2023,18.33,18.57,19.3,17.93
2/2/2023,18.73,17.74,19.25,17.06
2/1/2023,17.87,19.62,20.04,17.7
1/31/2023,19.4,20.12,20.7,19.13
1/30/2023,19.94,19.76,20.25,19.54
1/27/2023,18.51,18.9,19,17.97
1/26/2023,18.73,19.05,19.48,18.67
1/25/2023,19.08,19.56,20.9,18.99
1/24/2023,19.2,19.89,20.47,18.91
1/23/2023,19.81,20.21,20.33,19.55
1/20/2023,19.85,20.28,20.7,19.41
1/19/2023,20.52,20.43,21.71,20.17
1/18/2023,20.34,19.28,20.58,18.71
1/17/2023,19.36,19.89,20.22,19.21
1/16/2023,19.49,19.44,19.63,19.41
1/13/2023,18.35,19,19.41,18.01
1/12/2023,18.83,21.56,21.8,18.83
1/11/2023,21.09,20.8,21.25,20.62
1/10/2023,20.58,22.22,22.46,20.58
1/9/2023,21.97,21.75,21.98,21.27
1/6/2023,21.13,22.69,22.9,21
1/5/2023,22.46,22.2,22.92,21.97
1/4/2023,22.01,22.93,23.27,21.94
1/3/2023,22.9,23.09,23.76,22.73
12/30/2022,21.67,21.83,22.4,21.59
12/29/2022,21.44,22.25,22.31,21.36
12/28/2022,22.14,21.47,22.26,20.96
12/27/2022,21.65,21.67,22.8,21.59
12/23/2022,20.87,22.17,22.64,20.78
12/22/2022,21.97,20.08,24.3,20.01
12/21/2022,20.07,21.25,21.29,19.94
12/20/2022,21.48,23.17,23.39,21.35
12/19/2022,22.42,22.63,22.86,21.61
12/16/2022,22.62,23.26,23.83,22.09
12/15/2022,22.83,21.52,23.67,21.25
12/14/2022,21.14,22.83,23.47,21.07
12/13/2022,22.55,25.24,25.84,21.46
12/12/2022,25,24.4,25.05,24.18
12/9/2022,22.83,22.55,23.21,22.18
12/8/2022,22.29,22.81,23.28,22.06
12/7/2022,22.68,22.32,23.01,22.18
12/6/2022,22.17,20.69,22.6,20.38
12/5/2022,20.75,20.3,21.29,19.78
12/2/2022,19.06,20.42,20.96,18.95
12/1/2022,19.84,20.83,21.06,19.8
11/30/2022,20.58,21.7,22.63,20.31
11/29/2022,21.89,22.09,22.57,21.83
11/28/2022,22.21,22.09,22.5,21.65
11/25/2022,20.5,20.61,21.11,20.46
11/24/2022,20.42,20.5,20.54,20.31
11/23/2022,20.35,21.49,21.78,20.32
11/22/2022,21.29,22.59,22.71,21.28
11/21/2022,22.36,24.05,24.12,22.3
11/18/2022,23.12,24.03,24.12,22.98
11/17/2022,23.93,24.05,25.18,23.81
11/16/2022,24.11,24.29,24.72,23.99
11/15/2022,24.54,23.77,26.22,23.18
11/14/2022,23.73,23.99,24.33,22.86
11/11/2022,22.52,23.89,23.91,22.37
11/10/2022,23.53,26.51,26.59,22.84
11/9/2022,26.09,25.34,26.35,25.02
11/8/2022,25.54,24.71,26.16,24.24
11/7/2022,24.35,25.67,25.67,24.34
11/4/2022,24.55,25.63,25.71,24
11/3/2022,25.3,25.98,26.87,25.1
11/2/2022,25.86,26.04,26.62,25.39
11/1/2022,25.81,25.96,26.35,25.66
10/31/2022,25.88,26.91,27.07,25.84
10/28/2022,25.75,27.43,27.59,25.75
10/27/2022,27.39,27.51,27.67,26.94
10/26/2022,27.28,28.44,28.52,27.27
10/25/2022,28.46,29.8,30,28.22
10/24/2022,29.85,30.65,30.95,29.78
10/21/2022,29.69,30.21,30.44,29.24
10/20/2022,29.98,31.3,31.32,29.76
10/19/2022,30.76,30.94,31.9,30.76
10/18/2022,30.5,31.1,31.93,30.42
10/17/2022,31.37,32.27,32.59,30.7
10/14/2022,32.02,31.89,32.98,31.14
10/13/2022,31.94,33.6,33.87,31.63
10/12/2022,33.57,33.54,34.53,33.11
10/11/2022,33.63,33.56,34.43,32.45
10/10/2022,32.45,32.93,33.99,32.05
10/7/2022,31.36,30.37,32.02,29.88
10/6/2022,30.52,28.6,30.74,28.56
10/5/2022,28.55,29.36,30.11,28.5
10/4/2022,29.07,29.52,29.62,28.56
10/3/2022,30.1,33,33.06,29.63
9/30/2022,31.62,31.61,33.25,29.39
9/29/2022,31.84,31.67,33.46,31.16
9/28/2022,30.18,34.5,34.88,30.03
9/27/2022,32.6,31.2,34.14,30.3
9/26/2022,32.26,31.74,32.88,29.83
9/23/2022,29.92,27.68,32.31,27.58
9/22/2022,27.35,28.16,28.38,26.71
9/21/2022,27.99,28.03,30.18,25.55
9/20/2022,27.16,25.65,27.81,25.61
9/19/2022,25.76,27.69,27.95,25.56
9/16/2022,26.3,27.47,28.45,26.14
9/15/2022,26.27,26.1,26.93,25.42
9/14/2022,26.16,26.73,27.56,26.16
9/13/2022,27.27,23.67,28.15,23.53
9/12/2022,23.87,23.58,24.23,23.16
9/9/2022,22.79,23.49,23.57,22.64
9/8/2022,23.61,24.7,25.9,23.56
9/7/2022,24.64,26.93,27.15,24.54
9/6/2022,26.91,25.46,27.8,25.33
9/5/2022,25.99,26.51,26.85,25.84
9/2/2022,25.47,25.51,26.28,23.19
9/1/2022,25.56,26.88,27.45,25.25
8/31/2022,25.87,25.86,26.62,25.31
8/30/2022,26.21,25.75,27.69,25.13
8/29/2022,26.21,26.86,27.67,25.47
8/26/2022,25.56,22.07,25.9,21.67
8/25/2022,21.78,22.41,23.13,21.77
8/24/2022,22.82,24.37,24.86,22.73
8/23/2022,24.11,24.13,24.21,23.07
8/22/2022,23.8,22.41,24.62,22.39
8/19/2022,20.6,20.16,21.27,20.08
8/18/2022,19.56,20.51,20.61,19.43
8/17/2022,19.9,19.74,20.63,19.41
8/16/2022,19.69,20.23,20.39,19.5
8/15/2022,19.95,20.74,21.16,19.81
8/12/2022,19.53,20.34,20.35,19.12
8/11/2022,20.2,19.84,20.85,19.71
8/10/2022,19.74,22.28,22.34,19.54
8/9/2022,21.77,21.41,22.23,21.41
8/8/2022,21.29,21.74,22.01,20.83
8/5/2022,21.15,21.5,22.58,20.76
8/4/2022,21.44,22.06,22.66,21.44
8/3/2022,21.95,23.86,23.92,21.68
8/2/2022,23.93,24.08,24.68,22.67
8/1/2022,22.84,22.41,23.27,22.26
7/29/2022,21.33,22.13,22.16,21.21
7/28/2022,22.33,23.33,23.54,22.22
7/27/2022,23.24,24.27,24.41,23.02
7/26/2022,24.69,23.95,25.31,23.82
7/25/2022,23.36,24.33,24.57,23.19
7/22/2022,23.03,23.3,23.81,22.41
7/21/2022,23.11,24.07,24.67,22.92
7/20/2022,23.88,24.23,24.73,23.4
7/19/2022,24.5,25.12,25.41,24.23
7/18/2022,25.3,24.83,25.91,24.38
7/15/2022,24.23,26.72,26.72,24.13
7/14/2022,26.4,27.47,28.45,26.2
7/13/2022,26.82,27.35,29.06,26.23
7/12/2022,27.29,27.14,27.75,25.82
7/11/2022,26.17,26.42,26.74,25.79
7/8/2022,24.64,26.41,26.61,24.43
7/7/2022,26.08,26.73,26.79,25.66
7/6/2022,26.73,27.84,28.07,26.43
7/5/2022,27.54,27.37,29.82,27.3
7/4/2022,27.53,27.96,28.1,27.46
7/1/2022,26.7,29.53,29.59,26.69
6/30/2022,28.71,29.42,30.22,28.28
6/29/2022,28.16,28.8,29.36,27.85
6/28/2022,28.36,26.9,28.68,26.47
6/27/2022,26.95,28.3,28.66,26.93
6/24/2022,27.23,29.07,29.72,26.83
6/23/2022,29.05,29.29,29.77,28.74
6/22/2022,28.95,31.45,31.57,28.78
6/21/2022,30.19,30.63,30.65,29.33
6/20/2022,31.03,32.06,32.16,30.98
6/17/2022,31.13,32.84,33.31,30.47
6/16/2022,32.95,30.35,34.82,30.35
6/15/2022,29.62,32.39,32.77,27.76
6/14/2022,32.69,33.01,34,32.06
6/13/2022,34.02,31.37,35.05,31.29
6/10/2022,27.75,26.26,29.63,26.05
6/9/2022,26.09,24.29,26.24,23.82
6/8/2022,23.96,24.37,24.78,23.74
6/7/2022,24.02,25.54,26.24,23.88
6/6/2022,25.07,25.37,25.81,24.82
6/3/2022,24.79,24.91,25.96,24.76
6/2/2022,24.72,25.73,26.5,24.33
6/1/2022,25.69,26.05,27.73,25.38
5/31/2022,26.19,27.47,28.35,25.94
5/30/2022,26.54,26.16,26.81,26.08
5/27/2022,25.72,27.5,27.54,25.57
5/26/2022,27.5,28.42,28.46,27.11
5/25/2022,28.37,29.33,30.23,28.16
5/24/2022,29.45,29.43,31.07,29.04
5/23/2022,28.48,28.98,30.39,28.29
5/20/2022,29.43,28.78,32.91,28.06
5/19/2022,29.35,31.24,33.11,29.06
5/18/2022,30.96,26.74,31.49,26.21
5/17/2022,26.1,27.07,27.17,25.51
5/16/2022,27.47,30.01,30.23,27.36
5/13/2022,28.87,31.09,31.2,28.78
5/12/2022,31.77,33.74,34.76,31.7
5/11/2022,32.56,32.87,34.39,30.69
5/10/2022,32.99,33.66,34.84,32.24
5/9/2022,34.75,31.9,35.48,31.9
5/6/2022,30.19,32.23,35.34,29.83
5/5/2022,31.2,25.97,33.2,25.78
5/4/2022,25.42,29.12,29.42,24.94
5/3/2022,29.25,31.76,32.82,29.06
5/2/2022,32.34,33.35,36.64,31.74
4/29/2022,33.4,28.97,34.34,28.54
4/28/2022,29.99,29.91,32,28
4/27/2022,31.6,31.11,32.77,29.82
4/26/2022,33.52,27.38,33.81,27.06
4/25/2022,27.02,30.04,31.6,26.8
4/22/2022,28.21,22.71,28.27,22.62
4/21/2022,22.68,20.24,23.28,19.81
4/20/2022,20.32,21.13,21.32,19.75
4/19/2022,21.37,22.55,22.92,20.36
4/18/2022,22.17,24.52,24.6,21.98
4/14/2022,22.7,21.72,22.7,20.85
4/13/2022,21.82,23.52,24.45,21.37
4/12/2022,24.26,24.94,25.38,22.27
4/11/2022,24.37,23.09,24.42,22.09
4/8/2022,21.16,21.25,22.34,20.28
4/7/2022,21.55,21.97,23.82,21.12
4/6/2022,22.1,21.27,24.78,21.24
4/5/2022,21.03,18.79,21.57,18.55
4/4/2022,18.57,20.75,20.78,18.45
4/1/2022,19.63,20.62,20.86,19.41
3/31/2022,20.56,19.68,21.48,19.54
3/30/2022,19.33,19.38,20.51,18.72
3/29/2022,18.9,19.7,19.73,18.67
3/28/2022,19.63,22.14,23.33,19.54
3/25/2022,20.81,21.87,22.86,20.8
3/24/2022,21.67,23.61,23.79,21.49
3/23/2022,23.57,23.04,24.03,22.64
3/22/2022,22.94,24.02,24.02,22.7
3/21/2022,23.53,25.14,25.36,22.99
3/18/2022,23.87,26.36,26.82,23.85
3/17/2022,25.67,26.51,27.47,25.25
3/16/2022,26.67,29.02,29.8,26.29
3/15/2022,29.83,33.13,33.83,29.57
3/14/2022,31.77,31.03,33.18,30.06
3/11/2022,30.75,30.43,31.04,28.84
3/10/2022,30.23,33.03,34.03,30.23
3/9/2022,32.45,33.74,34.12,31.39
3/8/2022,35.13,36.19,37.52,32.78
3/7/2022,36.45,35.88,36.55,32.59
3/4/2022,31.98,31.9,34.65,31.47
3/3/2022,30.48,30.52,32.01,29.31
3/2/2022,30.74,34.2,34.41,30.12
3/1/2022,33.32,29.45,35.19,29.44
2/28/2022,30.15,32.44,33.51,28.43
2/25/2022,27.59,31.68,32,26.93
2/24/2022,30.32,37.5,37.79,29.45
2/23/2022,31.02,28.04,31.07,27.2
2/22/2022,28.81,31.8,32.04,28.4
2/18/2022,27.75,26.66,29.71,26.38
2/17/2022,28.11,24.83,28.37,24.76
2/16/2022,24.29,25.19,27.09,23.88
2/15/2022,25.7,28.09,28.09,25.33
2/14/2022,28.33,29.17,32.04,28.33
2/11/2022,27.36,24.39,30.99,23.33
2/10/2022,23.91,20.37,24.77,20.18
2/9/2022,19.96,21.27,21.3,19.93
2/8/2022,21.44,23.09,23.48,21.32
2/7/2022,22.86,24.09,24.82,22.02
2/4/2022,23.22,23.77,26.26,22.07
2/3/2022,24.35,22.63,25.81,22.3
2/2/2022,22.09,21.56,22.73,20.46
2/1/2022,21.96,24.57,25.33,21.96
1/31/2022,24.83,28.36,29.41,24.71
1/28/2022,27.66,30.27,32.82,27.28
1/27/2022,30.49,32.19,33,28.42
1/26/2022,31.96,29.35,33.04,26.9
1/25/2022,31.16,32.29,35.85,29.13
1/24/2022,29.9,28.2,38.94,28.02
1/21/2022,28.85,25.38,29.79,25.31
1/20/2022,25.59,23.46,25.89,21.68
1/19/2022,23.85,23.12,23.99,21.85
1/18/2022,22.79,21.18,23.2,21.18
1/14/2022,19.19,20.11,22.07,19.05
1/13/2022,20.31,18.06,20.61,17.45
1/12/2022,17.62,18.17,18.69,17.36
1/11/2022,18.41,19.62,21,18.2
1/10/2022,19.4,19.58,23.33,19.29
1/7/2022,18.76,19.85,20.8,18.57
1/6/2022,19.61,20.29,21.06,19.08
1/5/2022,19.73,17.07,20.17,16.58
1/4/2022,16.91,16.57,17.81,16.34
1/3/2022,16.6,17.6,18.54,16.56
12/31/2021,17.22,17.63,18.27,16.99
12/30/2021,17.33,17.3,17.79,16.62
12/29/2021,16.95,17.63,18,16.71
12/28/2021,17.54,17.78,18.47,17.51
12/27/2021,17.68,19.37,19.41,17.55
12/23/2021,17.96,18.81,18.93,17.62
12/22/2021,18.63,21.04,21.36,18.59
12/21/2021,21.01,22.28,22.68,20.9
12/20/2021,22.87,25.89,27.39,22.85
12/17/2021,21.57,20.7,23.26,20.49
12/16/2021,20.57,18.56,22.13,18.19
12/15/2021,19.29,21.6,23.47,19.02
12/14/2021,21.89,19.67,23,19.67
12/13/2021,20.31,19.29,21.18,18.96
12/10/2021,18.69,21.27,21.3,18.69
12/9/2021,21.58,20.31,22.12,19.94
12/8/2021,19.9,21.74,23.11,19.85
12/7/2021,21.89,24.58,24.69,21.58
12/6/2021,27.18,28.99,30.82,26.75
12/3/2021,30.67,26.95,35.32,25.89
12/2/2021,27.95,29.44,30.68,27.15
12/1/2021,31.12,24.92,32.61,22.38
11/30/2021,27.19,26.23,28.56,23.71
11/29/2021,22.96,25.31,25.69,21.71
11/26/2021,28.62,26.62,28.99,23.88
11/24/2021,18.58,19.17,20.96,18.52
11/23/2021,19.38,20.24,20.91,19.03
11/22/2021,19.17,18.2,19.59,17.35
11/19/2021,17.91,17.36,19.01,17.23
11/18/2021,17.59,16.81,18.15,16.38
11/17/2021,17.11,16.36,17.19,16.28
11/16/2021,16.37,16.86,17.08,16.03
11/15/2021,16.49,17.03,17.46,16.49
11/12/2021,16.29,17.49,17.69,16.15
11/11/2021,17.66,18.34,18.39,17.27
11/10/2021,18.73,17.74,19.9,17.22
11/9/2021,17.78,17.43,18.57,17.21
11/8/2021,17.22,17.23,17.69,16.44
11/5/2021,16.48,15.59,17.02,14.95
11/4/2021,15.44,15.06,16.14,14.73
11/3/2021,15.1,16.11,16.39,14.9
11/2/2021,16.03,16.54,16.65,15.89
11/1/2021,16.41,16.85,17.7,16.32
10/29/2021,16.26,17.4,18.06,16.13
10/28/2021,16.53,17.06,17.16,16.23
10/27/2021,16.98,15.79,17.29,15.54
10/26/2021,15.98,15.02,16.71,14.9
10/25/2021,15.24,16.14,16.33,15.1
10/22/2021,15.43,15.35,16.39,14.84
10/21/2021,15.01,16.06,16.11,14.92
10/20/2021,15.49,15.82,15.89,15.29
10/19/2021,15.7,16.09,16.31,15.57
10/18/2021,16.31,17.29,17.93,16.27
10/15/2021,16.3,16.64,16.85,15.72
10/14/2021,16.86,18.01,18.08,16.8
10/13/2021,18.64,20.14,20.23,18.44
10/12/2021,19.85,20.62,20.81,18.97
10/11/2021,20,19.93,20.45,18.11
10/8/2021,18.77,19.46,19.94,18.2
10/7/2021,19.54,20.54,20.76,19.07
10/6/2021,21,22.95,24.4,20.99
10/5/2021,21.3,22.92,23.17,20.62
10/4/2021,22.96,22.9,24.58,21.88
10/1/2021,21.15,24.78,24.89,20.64
9/30/2021,23.14,21.48,24.71,20.6
9/29/2021,22.56,22.07,23.79,21.45
9/28/2021,23.25,19.74,24.82,19.71
9/27/2021,18.76,17.78,19.32,17.74
9/24/2021,17.75,19.33,20.41,17.63
9/23/2021,18.63,19.91,20.21,18.42
9/22/2021,20.87,22.72,23.4,20.75
9/21/2021,24.36,23.41,25.6,21.71
9/20/2021,25.71,24.25,28.79,23.9
9/17/2021,20.81,18.37,21.51,18.35
9/16/2021,18.69,18.41,19.76,17.65
9/15/2021,18.18,19.3,20.27,18.01
9/14/2021,19.46,19.58,20.47,18.39
9/13/2021,19.37,19.64,21.18,18.76
9/10/2021,20.95,17.94,21.13,16.99
9/9/2021,18.8,19.44,19.54,17.17
9/8/2021,17.96,18.97,19.64,17.78
9/7/2021,18.14,16.94,18.39,16.89
9/3/2021,16.41,16.27,17.06,16.08
9/2/2021,16.41,16.27,16.98,15.73
9/1/2021,16.11,16.06,16.71,15.68
8/31/2021,16.48,15.98,17.07,15.91
8/30/2021,16.19,16.77,16.8,15.98
8/27/2021,16.39,17.95,18.22,16.11
8/26/2021,18.84,17.46,19.27,17.16
8/25/2021,16.79,17.42,17.5,16.46
8/24/2021,17.22,16.96,17.51,16.94
8/23/2021,17.15,18.83,18.95,16.95
8/20/2021,18.56,22.74,23.9,18.18
8/19/2021,21.67,23.12,24.74,20.37
8/18/2021,21.57,17.56,21.64,17.31
8/17/2021,17.91,17.31,19.56,16.71
8/16/2021,16.12,17.05,17.71,16.02
8/13/2021,15.45,15.68,15.72,15.19
8/12/2021,15.59,16.33,16.42,15.49
8/11/2021,16.06,16.81,17.09,15.87
8/10/2021,16.79,16.82,17.05,16.34
8/9/2021,16.72,17.12,17.39,16.59
8/6/2021,16.15,17.46,17.5,16.14
8/5/2021,17.28,17.73,17.84,17.23
8/4/2021,17.97,18.23,18.9,17.67
8/3/2021,18.04,19.17,20.44,17.7
8/2/2021,19.46,18.16,19.87,17.99
7/30/2021,18.24,19.69,19.72,17.53
7/29/2021,17.7,17.91,18.01,17.19
7/28/2021,18.31,19.41,19.62,17.52
7/27/2021,19.36,18.62,20.44,18.25
7/26/2021,17.58,18.67,19.39,17.53
7/23/2021,17.2,16.98,17.48,16.33
7/22/2021,17.69,17.59,18.45,17.4
7/21/2021,17.91,19.73,19.82,17.81
7/20/2021,19.73,20.89,22.97,19.37
7/19/2021,22.5,19.61,25.09,19.27
7/16/2021,18.45,16.8,18.7,16.03
7/15/2021,17.01,16.7,18.09,16.56
7/14/2021,16.33,17.34,17.51,15.95
7/13/2021,17.12,16.39,17.23,15.94
7/12/2021,16.17,16.85,17.52,16.14
7/9/2021,16.18,17.88,18.13,16.08
7/8/2021,19,17.74,21.29,17.74
7/7/2021,16.2,16.43,17.64,16.08
7/6/2021,16.44,15.77,17.94,15.73
7/2/2021,15.07,15.53,15.54,14.25
7/1/2021,15.48,15.62,16.01,15.31
6/30/2021,15.83,16.18,17.31,15.58
6/29/2021,16.02,15.69,16.31,14.1
6/28/2021,15.76,16.07,16.46,15.39
6/25/2021,15.62,16.04,16.17,15.21
6/24/2021,15.97,15.99,16.05,14.19
6/23/2021,16.32,16.25,16.84,14.86
6/22/2021,16.66,17.91,18.32,15.76
6/21/2021,17.89,21.74,21.82,17.81
6/18/2021,20.7,16.96,21.04,16.92
6/17/2021,17.75,18.49,19.22,16.71
6/16/2021,18.15,16.99,19.11,16.42
6/15/2021,17.02,16.27,17.35,16.14
6/14/2021,16.39,16.04,17.04,15.04
6/11/2021,15.65,16.18,16.2,15.15
6/10/2021,16.1,18.18,18.29,16.01
6/9/2021,17.89,17.18,17.96,15.55
6/8/2021,17.07,16.58,17.75,15.15
6/7/2021,16.42,17.34,17.35,15.78
6/4/2021,16.42,18.09,18.42,16.18
6/3/2021,18.04,17.73,19.27,17.45
6/2/2021,17.48,17.86,18.31,16.74
6/1/2021,17.9,17.24,18.53,15.68
5/28/2021,16.76,16.8,16.86,15.9
5/27/2021,16.74,18.03,18.17,16.52
5/26/2021,17.36,18.37,18.92,17.35
5/25/2021,18.84,18.35,19.29,16.87
5/24/2021,18.4,20.5,20.51,18.38
5/21/2021,20.15,20.42,20.89,19.53
5/20/2021,20.67,22.33,23.5,20.19
5/19/2021,22.18,22.46,25.96,21.88
5/18/2021,21.34,18.89,21.45,18.81
5/17/2021,19.72,19.89,21.58,19.67
5/14/2021,18.81,21.77,22.1,18.66
5/13/2021,23.13,26.03,28.93,22.23
5/12/2021,27.59,22.42,28.38,21.66
5/11/2021,21.84,21.17,23.73,20.71
5/10/2021,19.66,17.34,19.75,17.07
5/7/2021,16.69,18.45,18.57,16.68
5/6/2021,18.39,18.41,20.6,18.21
5/5/2021,19.15,18.84,19.58,17.89
5/4/2021,19.48,18.16,21.85,18.11
5/3/2021,18.31,18.65,19.12,17.8
4/30/2021,18.61,17.67,19.25,17.64
4/29/2021,17.61,16.88,18.87,16.77
4/28/2021,17.28,17.47,17.84,16.67
4/27/2021,17.56,17.62,18.16,16.97
4/26/2021,17.64,17.94,18.17,16.87
4/23/2021,17.33,18.56,18.78,16.8
4/22/2021,18.71,17.28,19.9,16.99
4/21/2021,17.5,18.48,19.29,16.91
4/20/2021,18.68,17.36,19.7,17.24
4/19/2021,17.29,17.04,18.61,16.78
4/16/2021,16.25,16.65,16.88,16.05
4/15/2021,16.57,16.78,16.92,15.94
4/14/2021,16.99,16.71,17.69,15.38
4/13/2021,16.65,16.99,17.86,16.43
4/12/2021,16.91,17.43,17.91,16.81
4/9/2021,16.69,17.05,17.34,16.2
4/8/2021,16.95,16.92,17.36,16.55
4/7/2021,17.16,17.99,18.17,16.87
4/6/2021,18.12,18.07,18.3,17.37
4/5/2021,17.91,18.16,18.4,17.35
4/1/2021,17.33,18.6,18.64,17.29
3/31/2021,19.4,19.8,20.11,18.85
3/30/2021,19.61,20.76,21.75,19.47
3/29/2021,20.74,20.4,21.6,19.42
3/26/2021,18.86,19.32,21.49,18.68
3/25/2021,19.81,20.8,23.55,19.81
3/24/2021,21.2,20.64,21.49,19.3
3/23/2021,20.3,19.46,21.58,18.8
3/22/2021,18.88,21.91,22.29,18.87
3/19/2021,20.95,21.43,23.17,19.9
3/18/2021,21.58,18.95,22.6,18.95
3/17/2021,19.23,20.1,20.95,19.18
3/16/2021,19.79,20.14,20.31,19.33
3/15/2021,20.03,21.84,21.86,19.87
3/12/2021,20.69,22.57,22.99,20.63
3/11/2021,21.91,22.5,22.5,21.45
3/10/2021,22.56,23.76,23.87,22.38
3/9/2021,24.03,25.11,25.25,22.9
3/8/2021,25.47,27.61,28.39,24.07
3/5/2021,24.66,29.48,30.03,24.33
3/4/2021,28.57,26.52,31.9,24.93
3/3/2021,26.67,22.8,26.79,22.45
3/2/2021,24.1,23.58,24.6,22.8
3/1/2021,23.35,25.2,25.39,23.17
2/26/2021,27.95,28.73,30.82,25.23
2/25/2021,28.89,21.73,31.16,21.52
2/24/2021,21.34,23.76,25.04,21.31
2/23/2021,23.11,22.82,27.01,22.5
2/22/2021,23.45,24.46,25.09,21.96
2/19/2021,22.05,23.1,23.19,20.84
2/18/2021,22.49,21.98,24.23,21.8
2/17/2021,21.5,22.02,23.44,21.09
2/16/2021,21.46,21.13,22.46,20.88
2/12/2021,19.97,21.6,22.45,19.95
2/11/2021,21.25,22.09,23.25,21.11
2/10/2021,21.99,21.64,23.85,19.69
2/9/2021,21.63,21.57,22.26,20.65
2/8/2021,21.24,21.89,22.07,21.23
2/5/2021,20.87,21.99,22.16,20.86
2/4/2021,21.77,23.44,23.44,21.68
2/3/2021,22.91,24.59,25.43,22.91
2/2/2021,25.56,28.01,28.08,25.31
2/1/2021,30.24,31.45,33.96,29.03
1/29/2021,33.09,35.16,37.51,29.24
1/28/2021,30.21,33.25,36.29,27.39
1/27/2021,37.21,23.82,37.21,23.71
1/26/2021,23.02,23.91,23.94,22.55
1/25/2021,23.19,22.31,26.63,22.2
1/22/2021,21.91,22.24,23.73,21.27
1/21/2021,21.32,21.34,22.22,21.09
1/20/2021,21.58,22.82,22.86,21.37
1/19/2021,23.24,23.03,23.56,22.53
1/15/2021,24.34,23.52,25.8,23.08
1/14/2021,23.25,22.22,23.47,21.66
1/13/2021,22.21,23.07,24.18,21.92
1/12/2021,23.33,23.49,25.15,22.83
1/11/2021,24.08,23.31,24.81,23.23
1/8/2021,21.56,22.43,23.34,21.42
1/7/2021,22.37,23.67,23.91,22.25
1/6/2021,25.07,25.48,26.77,22.14
1/5/2021,25.34,26.94,28.6,24.8
1/4/2021,26.97,23.04,29.19,22.56
12/31/2020,22.75,22.99,23.25,21.24
12/30/2020,22.77,22.58,23.15,22.41
12/29/2020,23.08,21.61,23.72,20.99
12/28/2020,21.7,22.11,22.12,21.15
12/24/2020,21.53,22.47,22.83,21.39
12/23/2020,23.31,23.49,23.68,22.13
12/22/2020,24.23,25.24,25.56,23.53
12/21/2020,25.16,24.25,31.46,24.23
12/18/2020,21.57,22.15,23.77,21.57
12/17/2020,21.93,21.98,22.27,21.52
12/16/2020,22.5,22.51,23.67,22.29
12/15/2020,22.89,24,24.07,22.73
12/14/2020,24.72,22.67,24.82,21.95
12/11/2020,23.31,22.49,25.14,22.48
12/10/2020,22.52,22.12,23.46,21.53
12/9/2020,22.27,20.66,22.93,20.1
12/8/2020,20.68,21.65,22.25,20.52
12/7/2020,21.3,22.04,22.62,21.17
12/4/2020,20.79,21.05,21.15,19.97
12/3/2020,21.28,21.24,21.88,20.72
12/2/2020,21.17,21,21.25,20.04
12/1/2020,20.77,20.21,20.92,20
11/30/2020,20.57,22.64,22.89,20.48
11/27/2020,20.84,21.52,21.6,19.51
11/25/2020,21.25,21.65,22.5,21.13
11/24/2020,21.64,22.04,22.48,20.8
11/23/2020,22.66,23.66,23.96,22.45
11/20/2020,23.7,23.43,23.73,22.13
11/19/2020,23.11,23.62,24.52,22.56
11/18/2020,23.84,22.86,23.92,21.66
11/17/2020,22.71,22.84,24.09,22.34
11/16/2020,22.45,23.66,24.08,22.43
11/13/2020,23.1,24.94,25.03,22.74
11/12/2020,25.35,24.39,27.27,23.53
11/11/2020,23.45,25.01,25.12,22.57
11/10/2020,24.8,25.36,26.77,24.35
11/9/2020,25.75,24.8,25.82,22.41
11/6/2020,24.86,27.87,29.44,24.56
11/5/2020,27.58,27.56,28.14,26.04
11/4/2020,29.57,36.79,36.85,28.03
11/3/2020,35.55,36.44,36.44,34.19
11/2/2020,37.13,38.57,38.78,36.13
10/30/2020,38.02,40.81,41.09,36.5
10/29/2020,37.59,38.8,41.16,35.63
10/28/2020,40.28,34.69,40.77,34.68
10/27/2020,33.35,32.04,33.77,31.85
10/26/2020,32.46,29.38,33.68,29.22
10/23/2020,27.55,28.47,28.67,27.26
10/22/2020,28.11,30.1,30.12,27.68
10/21/2020,28.65,29.12,30.55,28.37
10/20/2020,29.35,28.81,29.6,28.29
10/19/2020,29.18,27.36,29.69,27.04
10/16/2020,27.41,27.16,27.46,26.19
10/15/2020,26.97,27.1,29.06,26.82
10/14/2020,26.4,25.72,27.23,25.53
10/13/2020,26.07,25.67,26.93,25.16
10/12/2020,25.07,25.65,25.65,24.14
10/9/2020,25,26.2,26.22,24.03
10/8/2020,26.36,27.65,27.99,24.88
10/7/2020,28.06,29.26,29.76,27.94
10/6/2020,29.48,28.05,30,26.01
10/5/2020,27.96,29.52,29.69,27.27
10/2/2020,27.63,28.87,29.9,26.93
10/1/2020,26.7,25.78,27.11,25.33
9/30/2020,26.37,26.69,27.12,25.06
9/29/2020,26.27,26.81,27.43,25.98
9/28/2020,26.19,27.15,27.19,24.9
9/25/2020,26.38,28.17,30.43,26.02
9/24/2020,28.51,29.54,30.49,27.94
9/23/2020,28.58,27.02,29.73,25.19
9/22/2020,26.86,28.61,28.78,26.48
9/21/2020,27.78,28.04,31.18,27.39
9/18/2020,25.83,26.65,28.1,25.28
9/17/2020,26.46,28.22,28.92,26.26
9/16/2020,26.04,25.31,26.59,24.84
9/15/2020,25.59,25.92,26,24.92
9/14/2020,25.85,25.86,26.79,25.38
9/11/2020,26.87,28.63,29.73,26.51
9/10/2020,29.71,28.67,30.56,27.59
9/9/2020,28.81,31.68,31.78,28.12
9/8/2020,31.46,30.61,35.93,30.52
9/4/2020,30.75,34.62,38.28,29.5
9/3/2020,33.6,26.28,35.94,25.66
9/2/2020,26.57,26.01,27.07,25.53
9/1/2020,26.12,25.86,26.59,25.02
8/31/2020,26.41,23.91,26.5,21.77
8/28/2020,22.96,24.59,26.3,22.64
8/27/2020,24.47,23.42,27.09,21.44
8/26/2020,23.27,22.14,23.27,20.92
8/25/2020,22.03,22.16,23.43,21.53
8/24/2020,22.37,22.87,23.18,21.25
8/21/2020,22.54,22.58,24.47,22.06
8/20/2020,22.72,24.1,24.6,22.37
8/19/2020,22.54,21.6,22.98,20.99
8/18/2020,21.51,21.69,22.55,21.18
8/17/2020,21.35,22.52,22.82,21.34
8/14/2020,22.05,22.27,23.55,21.79
8/13/2020,22.13,22.2,22.92,21.45
8/12/2020,22.28,22.82,22.88,21.54
8/11/2020,24.03,21.85,24.93,20.28
8/10/2020,22.13,22.88,23.52,21.46
8/7/2020,22.21,23.45,24.02,22.02
8/6/2020,22.65,23.03,24.11,20.97
8/5/2020,22.99,23.44,23.61,22.86
8/4/2020,23.76,24.01,24.76,22.92
8/3/2020,24.28,25.75,26.01,22.17
7/31/2020,24.46,24.79,26.41,23.55
7/30/2020,24.76,25.04,28.29,24.64
7/29/2020,24.1,25.16,25.42,23.73
7/28/2020,25.44,24.86,25.85,24.05
7/27/2020,24.74,26.6,26.94,24.55
7/24/2020,25.84,27.96,28.58,25.53
7/23/2020,26.08,23.97,26.95,23.6
7/22/2020,24.32,24.56,26.26,24.13
7/21/2020,24.84,24.08,25.65,23.61
7/20/2020,24.46,26.94,27.08,24.35
7/17/2020,25.68,27.15,27.54,25.41
7/16/2020,28,28.41,29.29,26.98
7/15/2020,27.76,29.15,30.09,27.17
7/14/2020,29.52,31.14,33.67,29.21
7/13/2020,32.19,27.85,32.45,26.87
7/10/2020,27.29,30.86,30.91,27.13
7/9/2020,29.26,28.18,31.48,26.11
7/8/2020,28.08,28.95,30.2,27.24
7/7/2020,29.43,28.77,29.63,27.25
7/6/2020,27.94,27.76,28.33,24.92
7/2/2020,27.68,28.33,28.44,25.9
7/1/2020,28.62,30.96,31.76,28.2
6/30/2020,30.43,32.54,32.94,29.56
6/29/2020,31.78,35.05,36.31,31.78
6/26/2020,34.73,33.01,36.25,31.04
6/25/2020,32.22,36.59,36.93,31.59
6/24/2020,33.84,31.05,37.12,30.95
6/23/2020,31.37,31.71,31.71,29.26
6/22/2020,31.77,35.22,35.39,31.64
6/19/2020,35.12,32.07,35.12,30.4
6/18/2020,32.94,33.83,36.25,32.24
6/17/2020,33.47,33.28,35.17,32.25
6/16/2020,33.67,34.28,37.45,31.73
6/15/2020,34.4,44.09,44.44,34.28
6/12/2020,36.09,37.68,44.16,34.97
6/11/2020,40.79,30.45,42.58,29.49
6/10/2020,27.57,26.73,29.01,26.06
6/9/2020,27.57,25.93,27.7,25.71
6/8/2020,25.81,25.56,25.98,24.65
6/5/2020,24.52,24.79,25.09,23.54
6/4/2020,25.81,26.23,26.43,24.38
6/3/2020,25.66,26.75,26.98,25.04
6/2/2020,26.84,28.4,28.52,26.66
6/1/2020,28.23,28.94,30.6,28.11
5/29/2020,27.51,29.3,30.16,27.29
5/28/2020,28.59,27.82,29.89,27.43
5/27/2020,27.62,27.62,30.53,25.92
5/26/2020,28.01,27.72,28.58,27.18
5/22/2020,28.16,31.36,31.55,28.03
5/21/2020,29.53,28.97,30.2,27.67
5/20/2020,27.99,29.52,29.83,27.83
5/19/2020,30.53,28.73,30.74,28.37
5/18/2020,29.3,30.71,31.08,28.35
5/15/2020,31.89,32.5,35.13,31.04
5/14/2020,32.61,35.16,39.28,32.33
5/13/2020,35.28,32.74,37.42,30.77
5/12/2020,33.04,28.47,33.04,26
5/11/2020,27.57,28.46,31.46,26.97
5/8/2020,27.98,30.14,30.39,27.89
5/7/2020,31.44,32.12,32.28,30.37
5/6/2020,34.12,32.69,35.69,31.68
5/5/2020,33.61,34.82,36.22,31.95
5/4/2020,35.97,39.13,40.32,35.53
5/1/2020,37.19,38.17,39.57,36.59
4/30/2020,34.15,30.99,35.94,30.93
4/29/2020,31.23,32.48,33.19,30.71
4/28/2020,33.57,33.21,35.39,30.54
4/27/2020,33.29,36.29,36.44,32.51
4/24/2020,35.93,41.91,42.08,35.6
4/23/2020,41.38,41.3,42.47,39.06
4/22/2020,41.98,44.91,45.07,41.41
4/21/2020,45.41,44.28,47.77,43.77
4/20/2020,43.83,40.68,43.83,39.88
4/17/2020,38.15,39.5,40.26,37.63
4/16/2020,40.11,41.92,43.02,39.87
4/15/2020,40.84,39.4,43.23,39.34
4/14/2020,37.76,40.24,40.57,37.31
4/13/2020,41.17,44.6,45.04,41.17
4/9/2020,41.67,43,45.73,41.39
4/8/2020,43.35,45.9,47.28,42.53
4/7/2020,46.7,44.83,47.51,43.51
4/6/2020,45.24,44.17,45.73,43.45
4/3/2020,46.8,51.11,52.29,46.74
4/2/2020,50.91,54.46,57.24,50.45
4/1/2020,57.06,57.38,60.59,52.76
3/31/2020,53.54,56.69,58.75,50.88
3/30/2020,57.08,66.3,67.69,56.6
3/27/2020,65.54,64.95,69.1,61.8
3/26/2020,61,65.67,67.06,57.66
3/25/2020,63.95,61.44,68.86,58.03
3/24/2020,61.67,58.76,61.88,36.24
3/23/2020,61.59,74.08,76.74,60.46
3/20/2020,66.04,67.86,69.51,57.42
3/19/2020,72,80.62,84.26,68.57
3/18/2020,76.45,69.37,85.47,69.37
3/17/2020,75.91,82.69,84.83,70.37
3/16/2020,82.69,57.83,83.56,57.83
3/13/2020,57.83,71.31,77.57,55.17
3/12/2020,75.47,61.46,76.83,59.91
3/11/2020,53.9,52.24,55.82,49.98
3/10/2020,47.3,49.68,55.66,43.56
3/9/2020,54.46,41.94,62.12,41.94
3/6/2020,41.94,41.46,54.39,40.84
3/5/2020,39.62,33.61,42.84,33.54
3/4/2020,31.99,34.44,35.58,30.3
3/3/2020,36.82,33.64,41.06,24.93
3/2/2020,33.42,34.86,43.77,31.5
2/28/2020,40.11,42.02,49.48,39.37
2/27/2020,39.16,28.95,39.31,27.79
2/26/2020,27.56,26.63,29.57,24.76
2/25/2020,27.85,22.19,30.25,22.19
2/24/2020,25.03,22.25,26.35,22
2/21/2020,17.08,17.33,18.21,16.19
2/20/2020,15.56,14.54,17.21,14.49
2/19/2020,14.38,14.66,14.74,14.21
2/18/2020,14.83,14.98,15.49,14.53
2/14/2020,13.68,14.12,14.54,13.38
2/13/2020,14.15,14.43,15.44,14
2/12/2020,13.74,14.86,14.88,13.73
2/11/2020,15.18,14.91,15.27,14.38
2/10/2020,15.04,15.88,16.43,15.01
2/7/2020,15.47,15.07,16.16,14.81
2/6/2020,14.96,15.13,15.66,14.7
2/5/2020,15.15,16.29,16.32,15.02
2/4/2020,16.05,16.45,16.46,15.63
2/3/2020,17.97,18.64,18.88,17.1
1/31/2020,18.84,16.25,19.99,16.18
1/30/2020,15.49,17.82,18.39,15.3
1/29/2020,16.39,15.68,16.65,14.94
1/28/2020,16.28,16.94,18.03,15.69
1/27/2020,18.23,17.42,19.02,16.82
1/24/2020,14.56,12.75,15.98,12.62
1/23/2020,12.98,13.26,14.15,12.94
1/22/2020,12.91,12.45,13.01,12.31
1/21/2020,12.85,13.23,13.33,12.32
1/17/2020,12.1,12.21,12.48,11.75
1/16/2020,12.32,12.2,12.42,11.78
1/15/2020,12.42,12.79,12.83,11.95
1/14/2020,12.39,12.72,13.82,12.05
1/13/2020,12.32,12.84,13.09,12.32
1/10/2020,12.56,12.42,12.87,12.09
1/9/2020,12.54,12.95,13.24,12.53
1/8/2020,13.45,15.16,15.24,12.83
1/7/2020,13.79,13.84,14.46,13.39
1/6/2020,13.85,15.45,16.39,13.54
1/3/2020,14.02,15.01,16.2,13.13
1/2/2020,12.47,13.46,13.72,12.42
12/31/2019,13.78,14.84,15.39,13.75
12/30/2019,14.82,13.74,15.14,13.44
12/27/2019,13.43,12.61,13.72,11.89
12/26/2019,12.65,12.74,12.75,11.72
12/24/2019,12.67,12.65,12.84,12.56
12/23/2019,12.61,12.81,12.9,12.41
12/20/2019,12.51,12.55,12.61,12.04
12/19/2019,12.5,12.55,12.78,12.43
12/18/2019,12.58,12.24,12.7,11.93
12/17/2019,12.29,12.23,12.47,11.9
12/16/2019,12.14,12.47,12.53,11.71
12/13/2019,12.63,13.18,14.35,12.54
12/12/2019,13.94,14.94,15.55,13.6
12/11/2019,14.99,15.57,15.97,14.98
12/10/2019,15.68,15.8,16.9,14.93
12/9/2019,15.86,14.25,16.07,12.25
12/6/2019,13.62,14.37,14.47,13.19
12/5/2019,14.52,14.46,15.37,14.17
12/4/2019,14.8,16.38,16.4,14.12
12/3/2019,15.96,14.68,17.99,14.61
12/2/2019,14.91,12.69,15.27,12.55
11/29/2019,12.62,12.5,12.83,12.12
11/27/2019,11.75,11.55,11.79,11.44
11/26/2019,11.54,11.88,12.04,11.42
11/25/2019,11.87,12.51,12.59,11.73
11/22/2019,12.34,12.82,13.25,12.33
11/21/2019,13.13,13.35,13.86,12.49
11/20/2019,12.78,13.42,14.17,12.61
11/19/2019,12.86,12.33,13.01,12.16
11/18/2019,12.46,12.39,13.1,12.32
11/15/2019,12.05,12.95,12.97,11.92
11/14/2019,13.05,13.16,13.81,12.93
11/13/2019,13,12.91,13.9,12.88
11/12/2019,12.68,12.64,13.1,12.36
11/11/2019,12.69,13.15,13.49,12.66
11/8/2019,12.07,12.98,13.05,12
11/7/2019,12.73,12.59,12.89,12.26
11/6/2019,12.62,13.18,13.39,12.6
11/5/2019,13.1,12.85,13.28,12.25
11/4/2019,12.83,12.68,13.13,12.44
11/1/2019,12.3,12.99,13.12,12.25
10/31/2019,13.22,12.21,13.95,12.19
10/30/2019,12.33,13.23,13.77,12.27
10/29/2019,13.2,13.16,13.52,13.07
10/28/2019,13.11,13.01,13.14,12.66
10/25/2019,12.65,13.53,13.79,12.62
10/24/2019,13.71,13.98,14.34,13.4
10/23/2019,14.01,14.83,15.12,14.01
10/22/2019,14.46,13.99,14.61,13.7
10/21/2019,14,14.24,14.63,14
10/18/2019,14.25,14.2,15.16,13.78
10/17/2019,13.79,13.79,14.18,13.31
10/16/2019,13.68,13.94,14.26,13.6
10/15/2019,13.54,13.94,14.43,13.39
10/14/2019,14.57,15.66,16.5,14.51
10/11/2019,15.58,17.35,17.44,15.11
10/10/2019,17.57,19.28,19.8,17.56
10/9/2019,18.64,19.94,20,17.77
10/8/2019,20.28,17.61,20.38,17.42
10/7/2019,17.86,18.27,18.52,16.44
10/4/2019,17.04,19.42,19.97,16.97
10/3/2019,19.12,20.11,21.44,19.03
10/2/2019,20.56,18.75,21.46,18.75
10/1/2019,18.56,16.02,18.62,15.79
9/30/2019,16.24,17.23,17.35,16.2
9/27/2019,17.22,15.77,18.69,15.15
9/26/2019,16.07,16.23,17.09,15.35
9/25/2019,15.96,17.05,18.45,15.69
9/24/2019,17.05,14.77,17.62,14.33
9/23/2019,14.91,15.35,16,14.71
9/20/2019,15.32,13.94,15.84,13.35
9/19/2019,14.05,14.66,14.66,13.31
9/18/2019,13.95,14.61,15.8,13.8
9/17/2019,14.44,14.92,15.03,14.4
9/16/2019,14.67,14.89,15.29,14.5
9/13/2019,13.74,14.16,14.31,13.51
9/12/2019,14.22,14.69,14.94,13.85
9/11/2019,14.61,15.33,15.52,14.55
9/10/2019,15.2,15.53,16.52,15.11
9/9/2019,15.27,15.26,16.13,14.95
9/6/2019,15,15.92,16.06,14.91
9/5/2019,16.27,16.92,17.05,15.45
9/4/2019,17.33,18.23,18.83,17.26
9/3/2019,19.66,20.96,21.15,19.41
8/30/2019,18.98,17.94,19.18,17.09
8/29/2019,17.88,19.02,19.2,17.6
8/28/2019,19.35,20.55,21.64,19.1
8/27/2019,20.31,20.18,21.04,18.49
8/26/2019,19.32,20.34,21.33,19.06
8/23/2019,19.87,16.15,21.07,16.04
8/22/2019,16.68,16.12,17.68,15.63
8/21/2019,15.8,17.01,17.04,15.51
8/20/2019,17.5,16.78,17.7,16.45
8/19/2019,16.88,17.93,18.22,16.52
8/16/2019,18.47,20.48,20.5,18.41
8/15/2019,21.18,21.58,24.1,20.78
8/14/2019,22.1,17.81,22.71,17.75
8/13/2019,17.52,21.28,21.64,17.52
8/12/2019,21.09,17.87,21.26,17.77
8/9/2019,17.97,18.14,19.44,17.31
8/8/2019,16.91,19.36,19.89,16.82
8/7/2019,19.49,20.7,23.67,18.94
8/6/2019,20.17,22.29,22.87,19.77
8/5/2019,24.59,19.96,24.81,19.91
8/2/2019,17.61,17.69,20.11,17.04
8/1/2019,17.87,15.41,19.46,13.73
7/31/2019,16.12,13.83,16.55,13.46
7/30/2019,13.94,12.87,14.18,12.87
7/29/2019,12.83,12.15,13.17,12.15
7/26/2019,12.16,12.58,12.72,12.01
7/25/2019,12.74,12.24,13.54,11.69
7/24/2019,12.07,12.8,13.1,11.98
7/23/2019,12.61,13.42,13.52,12.55
7/22/2019,13.53,14.55,14.7,13.42
7/19/2019,14.45,13.31,14.45,13.09
7/18/2019,13.53,14.45,14.5,13.19
7/17/2019,13.97,12.62,13.97,12.24
7/16/2019,12.86,12.61,13.14,12.28
7/15/2019,12.68,12.58,13.02,12.49
7/12/2019,12.39,12.76,12.82,12.28
7/11/2019,12.93,13.01,13.33,12.39
7/10/2019,13.03,14.38,14.69,12.98
7/9/2019,14.09,14.47,14.71,13.99
7/8/2019,13.96,13.73,14.44,13.64
7/5/2019,13.28,13,14.47,12.04
7/3/2019,12.57,13.18,13.19,12.56
7/2/2019,12.93,14.16,14.3,12.9
7/1/2019,14.06,13.85,14.64,13.8
6/28/2019,15.08,15.7,16.13,15.08
6/27/2019,15.82,15.66,16.4,15.66
6/26/2019,16.21,16.1,16.6,15.47
6/25/2019,16.28,15.43,16.68,15.1
6/24/2019,15.26,15.46,15.56,15.23
6/21/2019,15.4,14.74,15.48,14.42
6/20/2019,14.75,14.04,16.03,13.19
6/19/2019,14.33,15.05,15.71,14.15
6/18/2019,15.15,14.89,15.54,14.62
6/17/2019,15.35,15.61,15.76,15.24
6/14/2019,15.28,16,16.4,15.21
6/13/2019,15.82,16.16,16.21,15.61
6/12/2019,15.91,16.26,16.43,15.78
6/11/2019,15.99,15.84,16.7,15.5
6/10/2019,15.94,16.3,16.47,15.84
6/7/2019,16.3,15.65,16.44,15.33
6/6/2019,15.93,16.25,16.54,15.36
6/5/2019,16.09,17.06,17.49,16.04
6/4/2019,16.97,18.74,18.74,16.97
6/3/2019,18.86,19.41,19.75,18.16
5/31/2019,18.71,19.05,19.72,18.01
5/30/2019,17.3,17.47,18.11,16.72
5/29/2019,17.9,18.55,19.04,17.62
5/28/2019,17.5,16.55,17.7,15.9
5/24/2019,15.85,16.34,16.52,15.52
5/23/2019,16.92,15.93,18.05,15.28
5/22/2019,14.75,15.06,15.44,14.42
5/21/2019,14.95,15.86,16.22,14.79
5/20/2019,16.31,15.88,17.63,15.46
5/17/2019,15.96,15.89,16.81,14.86
5/16/2019,15.29,16.69,17.13,15.16
5/15/2019,16.44,17.57,19.15,16.41
5/14/2019,18.06,19.4,19.65,17.45
5/13/2019,20.55,18.62,21.32,18.35
5/10/2019,16.04,18.79,20.19,15.57
5/9/2019,19.1,21.4,23.38,18.87
5/8/2019,19.4,18.95,21.74,18.29
5/7/2019,19.32,15.9,21.84,15.8
5/6/2019,15.44,12.89,18.8,12.89
5/3/2019,12.87,14.11,14.15,12.8
5/2/2019,14.42,14.35,15.92,13.8
5/1/2019,14.8,12.86,14.83,12.74
4/30/2019,13.12,13.11,14.05,12.88
4/29/2019,13.11,13.04,13.27,12.65
4/26/2019,12.73,13.44,13.62,12.49
4/25/2019,13.25,13.29,14.3,12.81
4/24/2019,13.14,12.53,13.23,12.26
4/23/2019,12.28,12.66,12.69,12.08
4/22/2019,12.42,13.21,13.36,12.38
4/18/2019,12.09,12.8,13.12,12.02
4/17/2019,12.6,12.12,13.02,11.03
4/16/2019,12.18,12.26,12.47,11.85
4/15/2019,12.32,12.46,13.14,12.24
4/12/2019,12.01,12.96,12.96,11.95
4/11/2019,13.02,13.37,13.58,12.91
4/10/2019,13.3,14.09,14.29,13.27
4/9/2019,14.28,13.46,14.39,13.31
4/8/2019,13.18,13.55,13.77,13.1
4/5/2019,12.82,13.46,13.47,12.17
4/4/2019,13.58,13.84,14.03,13.4
4/3/2019,13.74,13.06,14.27,12.85
4/2/2019,13.36,13.62,13.68,13.13
4/1/2019,13.4,13.9,14.01,13.32
3/29/2019,13.71,14.19,14.43,13.64
3/28/2019,14.43,15.38,15.62,14.41
3/27/2019,15.15,14.52,16.71,14.51
3/26/2019,14.68,16.22,16.3,14.67
3/25/2019,16.33,17.76,17.85,16.26
3/22/2019,16.48,13.77,17.52,13.62
3/21/2019,13.63,14.11,14.56,13.26
3/20/2019,13.91,13.54,14.3,13.05
3/19/2019,13.56,12.89,13.77,12.37
3/18/2019,13.1,13.13,13.8,13
3/15/2019,12.88,13.21,13.28,12.5
3/14/2019,13.5,13.35,13.84,13.16
3/13/2019,13.41,14,14.05,13.25
3/12/2019,13.77,13.97,14.7,13.61
3/11/2019,14.33,16.28,16.43,14.33
3/8/2019,16.05,17.38,18.33,16.02
3/7/2019,16.59,16.33,17.81,15.54
3/6/2019,15.74,14.91,16.11,14.74
3/5/2019,14.74,14.52,15.39,14.26
3/4/2019,14.63,13.77,16.98,13.38
3/1/2019,13.57,14.57,14.84,13.41
2/28/2019,14.78,15.17,15.24,14.39
2/27/2019,14.7,15.53,16.17,14.7
2/26/2019,15.17,15.16,15.28,14.52
2/25/2019,14.85,13.91,14.9,13.44
2/22/2019,13.51,14.46,14.47,13.51
2/21/2019,14.46,14,15.17,13.85
2/20/2019,14.02,14.92,15.19,13.99
2/19/2019,14.88,15.65,16.16,14.64
2/15/2019,14.91,16.82,16.82,14.79
2/14/2019,16.22,15.61,17.27,15.3
2/13/2019,15.65,15.46,15.91,15
2/12/2019,15.43,15.23,15.65,14.95
2/11/2019,15.97,16.17,16.5,15.34
2/8/2019,15.72,16.81,17.63,15.62
2/7/2019,16.37,15.66,17.89,15.51
2/6/2019,15.38,15.44,15.87,15.09
2/5/2019,15.57,15.79,15.94,15.04
2/4/2019,15.73,16.72,16.73,15.6
2/1/2019,16.14,16.63,16.83,16.08
1/31/2019,16.57,17.39,17.72,16.54
1/30/2019,17.66,19.15,19.31,17.54
1/29/2019,19.13,19.45,19.93,18.42
1/28/2019,18.87,18.56,20.42,18.42
1/25/2019,17.42,18.43,18.46,17.31
1/24/2019,18.89,19.69,20.25,18.63
1/23/2019,19.52,20.85,22.02,19.47
1/22/2019,20.8,18.53,21.15,18.2
1/18/2019,17.8,17.8,18.18,17.17
1/17/2019,18.06,19.51,19.72,17.85
1/16/2019,19.04,18.08,19.04,17.76
1/15/2019,18.6,18.53,19.2,17.98
1/14/2019,19.07,19.84,20.27,18.7
1/11/2019,18.19,19.68,20.16,18.12
1/10/2019,19.5,20.98,21.32,19.29
1/9/2019,19.98,20.44,22.8,19.48
1/8/2019,20.47,20.96,22.03,20.09
1/7/2019,21.4,22.06,22.71,20.91
1/4/2019,21.38,24.36,24.48,21.19
1/3/2019,25.45,25.68,26.6,24.05
1/2/2019,23.22,27.54,28.53,23.05
12/31/2018,25.42,27.59,27.64,25.33
12/28/2018,28.34,29.97,31.05,27.43
12/27/2018,29.96,31.2,33.8,29.66
12/26/2018,30.41,35.5,36.2,29.59
12/24/2018,36.07,29.29,36.1,29.16
12/21/2018,30.11,28.24,31.35,25.71
12/20/2018,28.38,26.09,30.3,24.68
12/19/2018,25.58,25.15,26.64,22.5
12/18/2018,25.58,24.68,26.14,23.64
12/17/2018,24.52,22.36,25.88,21.97
12/14/2018,21.63,21.57,22.47,20.95
12/13/2018,20.65,21,21.57,20.34
12/12/2018,21.46,21.91,21.91,20.5
12/11/2018,21.76,22.96,23.6,21.39
12/10/2018,22.64,23.95,25.94,22.5
12/7/2018,23.23,22.42,24.71,19.9
12/6/2018,21.19,23.53,25.94,20.94
12/4/2018,20.74,16.84,21.94,16.26
12/3/2018,16.44,16.04,17.28,15.94
11/30/2018,18.07,19.18,19.91,18.03
11/29/2018,18.79,18.65,20.48,18.59
11/28/2018,18.49,18.87,19.38,18.18
11/27/2018,19.02,19.41,19.93,18.7
11/26/2018,18.9,20.78,20.8,18.67
11/23/2018,21.52,21.23,22.65,20.65
11/21/2018,20.8,21.66,22.31,20.11
11/20/2018,22.48,20.76,23.81,20.37
11/19/2018,20.1,18.78,20.99,18.52
11/16/2018,18.14,20.04,21.36,18.1
11/15/2018,19.98,20.41,22.97,19.94
11/14/2018,21.25,20.52,22.36,19.3
11/13/2018,20.02,19.45,21.25,19.11
11/12/2018,20.45,17.26,20.71,17.25
11/9/2018,17.36,16.87,18.41,16.84
11/8/2018,16.72,16.18,17.2,16.09
11/7/2018,16.36,18.03,18.05,16.33
11/6/2018,19.91,19.84,20.6,19.69
11/5/2018,19.96,20.58,20.87,19.64
11/2/2018,19.51,18.52,21.61,18.05
11/1/2018,19.34,20.96,21.21,19.03
10/31/2018,21.23,22.72,22.8,20.39
10/30/2018,23.35,23.94,25.55,23.11
10/29/2018,24.7,24.48,27.86,22.01
10/26/2018,24.16,24.51,27.52,23.33
10/25/2018,24.22,24.78,24.78,22.06
10/24/2018,25.23,21.6,26.38,20.4
10/23/2018,20.71,22.18,24.66,20.18
10/22/2018,19.64,19.38,20.89,18.82
10/19/2018,19.89,19.24,21.08,18.39
10/18/2018,20.06,18.02,21.57,17.51
10/17/2018,17.4,17.06,19.55,17.06
10/16/2018,17.62,20.28,20.56,17.55
10/15/2018,21.3,21.97,22.89,19.47
10/12/2018,21.31,21.63,26.8,20.88
10/11/2018,24.98,23.07,28.84,20.65
10/10/2018,22.96,16.03,22.96,15.83
10/9/2018,15.95,16.12,17.49,15.27
10/8/2018,15.69,16.05,18.38,15.69
10/5/2018,14.82,14.29,17.36,11.72
10/4/2018,14.22,12.84,15.84,12.42
10/3/2018,11.61,11.66,12.14,11.34
10/2/2018,12.05,12.47,12.69,11.61
10/1/2018,12,11.99,12.4,11.57
9/28/2018,12.12,12.59,13.22,12.09
9/27/2018,12.41,12.77,13,11.94
9/26/2018,12.89,12.21,13.13,11.55
9/25/2018,12.42,12.28,12.6,11.8
9/24/2018,12.2,12.46,12.92,12.18
9/21/2018,11.68,11.76,12.03,11.1
9/20/2018,11.8,11.82,11.96,11.31
9/19/2018,11.75,12.61,12.77,11.66
9/18/2018,12.79,13.48,13.48,12.56
9/17/2018,13.68,12.72,13.75,12.32
9/14/2018,12.07,12.13,13.15,11.93
9/13/2018,12.37,12.91,12.91,12.3
9/12/2018,13.14,13.07,13.86,12.91
9/11/2018,13.22,13.96,14.92,13.21
9/10/2018,14.16,15.09,15.2,13.93
9/7/2018,14.88,14.72,15.63,14.31
9/6/2018,14.65,14.21,15.41,13.72
9/5/2018,13.91,13.69,14.3,13.23
9/4/2018,13.16,13.13,14.35,13.12
8/31/2018,12.86,13.54,14.03,12.82
8/30/2018,13.53,12.25,13.95,12.24
8/29/2018,12.25,12.34,12.55,12.09
8/28/2018,12.5,12.01,12.5,11.87
8/27/2018,12.16,12.37,12.48,12.02
8/24/2018,11.99,12.13,12.17,11.83
8/23/2018,12.41,12.03,12.68,11.65
8/22/2018,12.25,13.09,13.29,11.97
8/21/2018,12.86,12.47,12.89,12.09
8/20/2018,12.49,12.57,12.79,12.26
8/17/2018,12.64,13.18,13.96,12.4
8/16/2018,13.45,14.18,14.36,12.82
8/15/2018,14.64,13.52,16.86,13.44
8/14/2018,13.31,13.93,14.22,13.11
8/13/2018,14.78,14.5,15.02,12.95
8/10/2018,13.16,11.82,13.82,11.59
8/9/2018,11.27,10.94,11.31,10.17
8/8/2018,10.85,10.93,11.18,10.52
8/7/2018,10.93,11.12,11.24,10.52
8/6/2018,11.27,11.91,12.15,11.17
8/3/2018,11.64,12.43,12.46,11.07
8/2/2018,12.19,13.57,14.53,12.17
8/1/2018,13.15,13.09,13.63,12.45
7/31/2018,12.83,13.98,14.12,12.81
7/30/2018,14.26,13.63,14.46,12.98
7/27/2018,13.03,12.17,14.26,11.6
7/26/2018,12.14,12.45,12.53,11.78
7/25/2018,12.29,12.37,12.82,11.8
7/24/2018,12.41,12.61,13.21,11.66
7/23/2018,12.62,13.47,13.55,12.58
7/20/2018,12.86,13,13.58,12.49
7/19/2018,12.87,12.2,13.09,11.79
7/18/2018,12.1,11.87,12.47,11.44
7/17/2018,12.06,12.91,13.18,11.85
7/16/2018,12.83,12.46,12.97,12.13
7/13/2018,12.18,12.39,12.97,11.62
7/12/2018,12.58,13.07,13.33,12.42
7/11/2018,13.63,14.05,14.15,13.09
7/10/2018,12.64,12.52,13.21,11.93
7/9/2018,12.69,13.42,13.45,12.6
7/6/2018,13.37,14.99,15.45,13.34
7/5/2018,14.97,15.62,16.22,14.47
7/3/2018,16.14,15.37,16.45,14.68
7/2/2018,15.6,17.7,18.08,15.54
6/29/2018,16.09,15.73,16.51,14.66
6/28/2018,16.85,17.54,18.99,16.4
6/27/2018,17.91,16.52,18.19,14.76
6/26/2018,15.92,16.71,17.54,15.1
6/25/2018,17.33,15.07,19.61,14.56
6/22/2018,13.77,14.6,14.6,13.11
6/21/2018,14.64,12.54,15.18,12.18
6/20/2018,12.79,12.9,13.02,12.25
6/19/2018,13.35,14.61,14.68,13.21
6/18/2018,12.31,12.79,13.74,12.28
6/15/2018,11.98,12.19,13.16,11.93
6/14/2018,12.12,12.98,13.07,11.88
6/13/2018,12.94,12.13,12.95,11.98
6/12/2018,12.34,12.29,12.6,11.88
6/11/2018,12.35,12.52,12.69,12.14
6/8/2018,12.18,12.54,13.31,12.09
6/7/2018,12.13,11.66,13.28,11.22
6/6/2018,11.64,12.1,12.56,11.62
6/5/2018,12.4,12.91,13.34,12.3
6/4/2018,12.74,13.91,13.91,12.69
6/1/2018,13.46,14.92,14.93,13.37
5/31/2018,15.43,14.93,16.29,14.2
5/30/2018,14.94,16.6,16.64,14.65
5/29/2018,17.02,14.39,18.78,14.39
5/25/2018,13.22,12.44,13.52,12.29
5/24/2018,12.53,12.73,14.24,12.53
5/23/2018,12.58,13.5,14.6,12.49
5/22/2018,13.22,13.03,13.42,12.77
5/21/2018,13.08,13.44,13.59,12.78
5/18/2018,13.42,13.18,13.87,13.06
5/17/2018,13.43,13.54,13.86,12.65
5/16/2018,13.42,14.38,14.91,13.21
5/15/2018,14.63,13.13,15.01,12.5
5/14/2018,12.93,12.95,13.28,12.81
5/11/2018,12.65,13.22,13.44,12.65
5/10/2018,13.23,13.36,13.63,12.92
5/9/2018,13.42,14.54,14.63,13.38
5/8/2018,14.71,14.53,15.56,14.52
5/7/2018,14.75,15.32,15.52,14.51
5/4/2018,14.77,15.94,16.92,10.91
5/3/2018,15.9,15.78,18.66,15.43
5/2/2018,15.97,15.48,15.97,14.75
5/1/2018,15.49,15.78,16.82,15.42
4/30/2018,15.93,15.39,16.35,15.13
4/27/2018,15.41,16.22,16.77,15.25
4/26/2018,16.24,18.07,18.12,16.24
4/25/2018,17.84,18.14,19.84,17.75
4/24/2018,18.02,16.16,19.66,15.37
4/23/2018,16.34,17.29,17.56,15.79
4/20/2018,16.88,16.16,17.5,15.19
4/19/2018,15.96,15.55,16.92,15.16
4/18/2018,15.6,15.3,16.9,14.95
4/17/2018,15.25,16.16,16.27,14.57
4/16/2018,16.56,17.59,17.66,16.38
4/13/2018,17.41,18.27,18.45,17.26
4/12/2018,18.49,19.83,19.92,18.16
4/11/2018,20.24,20.95,21.66,19.64
4/10/2018,20.47,20.51,21.68,20.24
4/9/2018,21.77,21.27,22.02,20.34
4/6/2018,21.49,20.33,23.12,18.6
4/5/2018,18.94,19.76,20.21,18.57
4/4/2018,20.06,21.68,24.51,19.86
4/3/2018,21.1,23.03,23.38,20.92
4/2/2018,23.62,21.07,25.72,20.44
3/29/2018,19.97,22.87,23.05,19.6
3/28/2018,22.87,22.52,24.94,21.71
3/27/2018,22.5,20.33,24.06,19.84
3/26/2018,21.03,23.41,24.54,20.71
3/23/2018,24.87,24.02,26.01,21.63
3/22/2018,23.34,18.13,23.81,18.12
3/21/2018,17.86,17.76,18.37,16.26
3/20/2018,18.2,18.38,19.31,18.09
3/19/2018,19.02,16.63,21.87,16.56
3/16/2018,15.8,16.6,16.72,15.23
3/15/2018,16.59,16.99,17.41,15.96
3/14/2018,17.23,16.59,17.59,14.94
3/13/2018,16.35,15.7,16.98,15.03
3/12/2018,15.78,15.28,16.35,15.18
3/9/2018,14.64,16.41,16.75,13.31
3/8/2018,16.54,17.56,17.68,14.91
3/7/2018,17.76,20.11,20.49,17.52
3/6/2018,18.36,18.25,19.64,17.68
3/5/2018,18.73,21.55,21.57,17.94
3/2/2018,19.59,22.47,26.22,19.36
3/1/2018,22.47,19.96,25.3,19.57
2/28/2018,19.85,18.08,20.44,15.65
2/27/2018,18.59,15.83,18.98,15.29
2/26/2018,15.8,16.53,16.94,15.8
2/23/2018,16.49,17.96,18.8,16.47
2/22/2018,18.72,20.57,20.61,18.07
2/21/2018,20.02,20.76,21.04,16.97
2/20/2018,20.6,20.53,21.61,19.75
2/16/2018,19.46,18.74,20.99,17.44
2/15/2018,19.13,18.39,20.66,17.6
2/14/2018,19.26,23.48,25.72,18.99
2/13/2018,24.97,26.94,27.82,24.47
2/12/2018,25.61,27.25,29.7,24.42
2/9/2018,29.06,32.18,41.06,27.73
2/8/2018,33.46,27.29,36.17,24.41
2/7/2018,27.73,31.38,31.64,21.17
2/6/2018,29.98,37.32,50.3,22.42
2/5/2018,37.32,18.44,38.8,16.8
2/2/2018,17.31,13.64,17.86,13.64
2/1/2018,13.47,13.05,14.3,12.5
1/31/2018,13.54,14.23,14.44,13.41
1/30/2018,14.79,13.93,15.42,13.88
1/29/2018,13.84,11.71,13.84,11.68
1/26/2018,11.08,11.4,11.6,11.08
1/25/2018,11.58,11.27,12.01,11.2
1/24/2018,11.47,11,12.19,10.89
1/23/2018,11.1,10.77,11.57,10.76
1/22/2018,11.03,11.59,11.62,10.84
1/19/2018,11.27,12.3,12.33,11.18
1/18/2018,12.22,12.01,12.4,11.62
1/17/2018,11.91,11.35,12.81,11.18
1/16/2018,11.66,10.42,12.41,10.4
1/12/2018,10.16,9.74,10.31,9.54
1/11/2018,9.88,9.69,10.02,9.62
1/10/2018,9.82,10.11,10.85,9.82
1/9/2018,10.08,9.41,10.09,9.37
1/8/2018,9.52,9.61,9.89,9.32
1/5/2018,9.22,9.1,9.54,9
1/4/2018,9.22,9.01,9.31,8.92
1/3/2018,9.15,9.56,9.65,8.94
1/2/2018,9.77,10.95,11.07,9.52
12/29/2017,11.04,10.03,11.06,9.95
12/28/2017,10.18,10.29,10.44,10.07
12/27/2017,10.47,10.04,10.79,9.71
12/26/2017,10.25,10.19,10.46,10.13
12/22/2017,9.9,9.37,10.18,9.35
12/21/2017,9.62,9.59,9.86,9.2
12/20/2017,9.72,9.69,9.85,8.9
12/19/2017,10.03,9.4,10.15,9.18
12/18/2017,9.53,9.46,9.89,9.24
12/15/2017,9.42,10.12,10.2,9.22
12/14/2017,10.49,9.98,10.54,9.78
12/13/2017,10.18,9.78,10.21,9.65
12/12/2017,9.92,9.36,9.92,9.21
12/11/2017,9.34,9.74,10.08,9.28
12/8/2017,9.58,10,10.06,9.43
12/7/2017,10.16,10.9,11.32,10.12
12/6/2017,11.02,11.63,11.68,10.86
12/5/2017,11.33,11.38,11.67,10.65
12/4/2017,11.68,11.05,11.86,10.26
12/1/2017,11.43,11.19,14.58,10.54
11/30/2017,11.28,10.49,12.05,10.25
11/29/2017,10.7,9.91,10.93,9.81
11/28/2017,10.03,9.72,10.31,9.53
11/27/2017,9.87,10.07,10.26,9.79
11/24/2017,9.67,9.82,9.96,8.56
11/22/2017,9.88,9.6,9.88,9.32
11/21/2017,9.73,10.74,10.78,9.67
11/20/2017,10.65,11.96,12.08,10.44
11/17/2017,11.43,11.75,12.01,11.16
11/16/2017,11.76,12.47,12.52,11.38
11/15/2017,13.13,12.52,14.51,12.33
11/14/2017,11.59,11.53,12.61,11.45
11/13/2017,11.5,11.43,12.18,11
11/10/2017,11.29,10.78,11.58,10.5
11/9/2017,10.5,9.94,12.19,9.79
11/8/2017,9.78,9.79,10.27,9.5
11/7/2017,9.89,9.31,10.31,9.29
11/6/2017,9.4,9.63,9.74,9.38
11/3/2017,9.14,9.83,9.91,8.99
11/2/2017,9.93,10.44,10.89,9.67
11/1/2017,10.2,9.79,10.49,9.74
10/31/2017,10.18,10.34,10.37,9.9
10/30/2017,10.5,10.28,10.89,10.1
10/27/2017,9.8,11.12,11.12,9.74
10/26/2017,11.3,11.17,11.81,10.6
10/25/2017,11.23,11.34,13.2,10.99
10/24/2017,11.16,10.89,11.16,10.39
10/23/2017,11.07,10.25,11.08,9.94
10/20/2017,9.97,9.92,10.04,9.29
10/19/2017,10.05,10.22,11.77,9.99
10/18/2017,10.07,10.34,10.41,9.87
10/17/2017,10.31,9.85,10.46,9.78
10/16/2017,9.91,9.95,10.02,9.75
10/13/2017,9.61,9.95,9.98,9.44
10/12/2017,9.91,9.94,10.33,9.65
10/11/2017,9.85,9.95,10.38,9.72
10/10/2017,10.08,10.15,10.66,9.94
10/9/2017,10.33,9.92,10.53,9.88
10/6/2017,9.65,9.23,10.27,9.11
10/5/2017,9.19,9.48,9.62,9.13
10/4/2017,9.63,9.53,9.88,9.53
10/3/2017,9.51,9.3,9.75,9.3
10/2/2017,9.45,9.59,10.04,9.37
9/29/2017,9.51,9.59,9.83,9.36
9/28/2017,9.55,9.74,10.13,9.55
9/27/2017,9.87,9.9,10.42,9.63
9/26/2017,10.17,10.42,10.68,9.94
9/25/2017,10.21,10.08,11.21,9.79
9/22/2017,9.59,9.9,10.2,9.5
9/21/2017,9.67,9.74,10.21,9.54
9/20/2017,9.78,10.04,10.67,9.67
9/19/2017,10.18,10.16,10.3,9.85
9/18/2017,10.15,10.18,10.42,9.88
9/15/2017,10.17,10.51,10.74,10
9/14/2017,10.44,10.57,11.04,10.28
9/13/2017,10.5,10.72,10.86,10.33
9/12/2017,10.58,10.66,10.95,10.29
9/11/2017,10.73,11.38,11.39,10.51
9/8/2017,12.12,11.87,12.6,11.84
9/7/2017,11.55,11.93,12.07,11.32
9/6/2017,11.63,12.27,12.59,11.35
9/5/2017,12.23,11.75,14.06,11.41
9/1/2017,10.13,10.33,10.46,10.02
8/31/2017,10.59,11.07,11.22,10.34
8/30/2017,11.22,11.4,11.98,10.96
8/29/2017,11.7,13.33,14.34,11.48
8/28/2017,11.32,12.09,12.11,11.23
8/25/2017,11.28,12.2,12.45,11.1
8/24/2017,12.23,12.06,12.83,11.55
8/23/2017,12.25,11.51,12.59,11.39
8/22/2017,11.35,12.6,12.94,11.35
8/21/2017,13.19,14.59,14.74,13.07
8/18/2017,14.26,15.38,16.04,13.32
8/17/2017,15.55,11.81,15.77,11.54
8/16/2017,11.74,11.59,12.54,11.25
8/15/2017,12.04,11.78,12.37,11.45
8/14/2017,12.33,14.05,14.05,12.06
8/11/2017,15.51,16.17,17.28,14.5
8/10/2017,16.04,11.57,16.17,11.56
8/9/2017,11.11,11.49,12.63,11.11
8/8/2017,10.96,10.04,11.52,9.52
8/7/2017,9.93,10.19,10.32,9.76
8/4/2017,10.03,10.48,10.5,9.68
8/3/2017,10.44,10.47,10.6,9.9
8/2/2017,10.28,10.08,10.81,9.8
8/1/2017,10.09,10.19,10.56,9.95
7/31/2017,10.26,10.53,10.84,10.23
7/28/2017,10.29,10.62,11.3,10.26
7/27/2017,10.11,9.33,11.5,9.16
7/26/2017,9.6,9.25,9.66,8.84
7/25/2017,9.43,9.4,9.52,9.04
7/24/2017,9.43,9.94,9.97,9.26
7/21/2017,9.36,9.52,9.98,9.3
7/20/2017,9.58,9.66,10.28,9.5
7/19/2017,9.79,9.69,9.94,9.58
7/18/2017,9.89,9.86,10.35,9.66
7/17/2017,9.82,9.77,10.03,9.71
7/14/2017,9.51,10.09,10.14,9.5
7/13/2017,9.9,10.07,10.4,9.9
7/12/2017,10.3,10.85,10.85,10.08
7/11/2017,10.89,10.79,12.14,10.68
7/10/2017,11.11,11.26,11.73,10.61
7/7/2017,11.19,12.48,12.57,10.98
7/6/2017,12.54,11.2,13.05,11.18
7/5/2017,11.07,11.2,12.03,10.79
7/3/2017,11.22,11.07,11.45,10.28
6/30/2017,11.18,11.74,11.85,10.4
6/29/2017,11.44,9.79,15.16,9.73
6/28/2017,10.03,11.17,11.49,9.76
6/27/2017,11.06,10.04,11.31,9.8
6/26/2017,9.9,10.13,10.44,9.68
6/23/2017,10.02,10.25,10.69,9.85
6/22/2017,10.48,10.81,11.01,10.24
6/21/2017,10.75,11.03,11.4,10.4
6/20/2017,10.86,10.28,11.15,10.24
6/19/2017,10.37,10.57,10.6,10.01
6/16/2017,10.38,10.63,11.35,10.26
6/15/2017,10.9,11.06,12.01,10.74
6/14/2017,10.64,10.33,11.26,10.01
6/13/2017,10.42,11.12,11.14,10.26
6/12/2017,11.46,11.19,12.37,11.19
6/9/2017,10.7,9.93,12.11,9.37
6/8/2017,10.16,10.27,10.53,9.73
6/7/2017,10.39,10.48,10.93,10.12
6/6/2017,10.45,10.19,10.77,9.86
6/5/2017,10.07,10.08,10.28,9.6
6/2/2017,9.75,10.08,10.3,9.58
6/1/2017,9.89,10.42,10.54,9.69
5/31/2017,10.41,10.1,11.3,9.93
5/30/2017,10.38,10.61,10.84,10.14
5/26/2017,9.81,9.93,10.48,9.65
5/25/2017,9.99,9.82,10.29,9.72
5/24/2017,10.02,10.61,10.9,9.88
5/23/2017,10.72,11,11,10.56
5/22/2017,10.93,12.29,12.52,10.89
5/19/2017,12.04,14.23,14.23,11.72
5/18/2017,14.66,14.06,16.3,14.03
5/17/2017,15.59,11.89,15.59,11.53
5/16/2017,10.65,10.46,10.67,10.18
5/15/2017,10.42,10.54,10.88,10.25
5/12/2017,10.4,10.72,10.87,10.28
5/11/2017,10.6,10.34,11.23,10.32
5/10/2017,10.21,9.75,10.24,9.62
5/9/2017,9.96,9.87,10.14,9.56
5/8/2017,9.77,10.53,10.55,9.67
5/5/2017,10.57,10.51,10.98,9.99
5/4/2017,10.46,10.71,11.24,10.27
5/3/2017,10.68,10.56,11.15,10.4
5/2/2017,10.59,10.16,10.59,10.14
5/1/2017,10.11,10.92,11.04,9.9
4/28/2017,10.82,10.39,11.16,10.29
4/27/2017,10.36,10.72,11.08,10.33
4/26/2017,10.85,10.61,10.89,10.39
4/25/2017,10.76,10.81,11.15,10.22
4/24/2017,10.84,11.56,12.01,10.82
4/21/2017,14.63,13.85,15.33,13.85
4/20/2017,14.15,14.59,14.81,13.83
4/19/2017,14.93,14,15.15,13.46
4/18/2017,14.42,14.5,15.5,14.29
4/17/2017,14.66,16.19,16.28,14.6
4/13/2017,15.96,15.89,16.22,14.97
4/12/2017,15.77,15.16,16.16,14.84
4/11/2017,15.07,14.32,15.88,14.17
4/10/2017,14.05,13.24,14.11,12.94
4/7/2017,12.87,13.17,13.43,12.23
4/6/2017,12.39,13.11,13.22,11.7
4/5/2017,12.89,11.89,12.89,10.9
4/4/2017,11.79,12.71,13.07,11.7
4/3/2017,12.38,12.59,13.59,12.27
3/31/2017,12.37,11.61,12.54,11.5
3/30/2017,11.54,11.37,11.64,11.12
3/29/2017,11.42,11.54,11.7,11.03
3/28/2017,11.53,12.44,12.67,11.34
3/27/2017,12.5,14.78,15.11,12.48
3/24/2017,12.96,12.86,14.16,12.27
3/23/2017,13.12,12.65,13.17,12.18
3/22/2017,12.81,12.95,13.16,11.99
3/21/2017,12.47,11.15,12.85,10.92
3/20/2017,11.34,11.71,11.72,11.03
3/17/2017,11.28,11.38,11.38,10.78
3/16/2017,11.21,11.29,11.55,11.16
3/15/2017,11.63,12.12,12.25,10.6
3/14/2017,12.3,11.39,12.54,11.28
3/13/2017,11.35,12.16,12.23,11.29
3/10/2017,11.66,11.97,12.09,11.46
3/9/2017,12.3,11.75,12.43,11.62
3/8/2017,11.86,11.49,11.86,11.09
3/7/2017,11.45,11.27,11.58,11.04
3/6/2017,11.24,11.59,11.72,11.06
3/3/2017,10.96,11.96,11.97,10.94
3/2/2017,11.81,12.43,12.71,11.32
3/1/2017,12.54,12.31,12.58,11.78
2/28/2017,12.92,12.19,12.96,12.13
2/27/2017,12.09,11.78,12.14,11.53
2/24/2017,11.47,11.81,12.59,11.34
2/23/2017,11.71,11.66,12.46,11.54
2/22/2017,11.74,11.48,12.07,11.44
2/21/2017,11.57,12.05,12.09,11.5
2/17/2017,11.49,11.84,12.26,11.37
2/16/2017,11.76,12.02,12.86,11.69
2/15/2017,11.97,10.84,12.01,10.8
2/14/2017,10.74,11.17,11.34,10.73
2/13/2017,11.07,11.36,11.4,11.07
2/10/2017,10.85,10.85,10.95,10.55
2/9/2017,10.88,11.44,11.53,10.74
2/8/2017,11.45,11.19,11.82,11.15
2/7/2017,11.29,11.39,11.67,11.06
2/6/2017,11.37,11.37,11.84,11.09
2/3/2017,10.97,11.84,11.84,10.72
2/2/2017,11.93,12.37,12.47,11.62
2/1/2017,11.81,11.79,12.05,9.97
1/31/2017,11.99,12.29,12.99,11.79
1/30/2017,11.88,11.1,12.9,11.1
1/27/2017,10.58,10.57,10.82,10.3
1/26/2017,10.63,10.61,11.01,10.6
1/25/2017,10.81,10.79,11.05,10.51
1/24/2017,11.07,11.82,11.89,11.04
1/23/2017,11.77,12.3,12.62,11.59
1/20/2017,11.54,12.58,12.59,11.53
1/19/2017,12.78,12.58,13.28,12.17
1/18/2017,12.48,11.79,12.81,11.69
1/17/2017,11.87,12.2,12.75,11.79
1/13/2017,11.23,11.45,11.62,10.94
1/12/2017,11.54,11.48,12.6,11.32
1/11/2017,11.26,11.56,12.23,11.21
1/10/2017,11.49,11.59,11.79,11.31
1/9/2017,11.56,11.71,12.08,11.46
1/6/2017,11.32,11.7,11.74,10.98
1/5/2017,11.67,11.96,12.09,11.4
1/4/2017,11.85,12.78,12.8,11.63
1/3/2017,12.85,14.07,14.07,12.85
12/30/2016,14.04,13.2,14.68,13.05
12/29/2016,13.37,13.15,13.71,12.95
12/28/2016,12.95,11.89,13.04,11.85
12/27/2016,11.99,12.26,12.33,11.84
12/23/2016,11.44,11.38,11.81,11.35
12/22/2016,11.43,11.32,11.67,11.14
12/21/2016,11.27,11.44,11.49,10.93
12/20/2016,11.45,11.65,11.75,11.38
12/19/2016,11.71,12.5,12.52,11.67
12/16/2016,12.2,12.88,12.95,12.15
12/15/2016,12.79,13.07,13.24,12.46
12/14/2016,13.19,12.88,13.39,12.48
12/13/2016,12.72,12.46,13.42,12.34
12/12/2016,12.64,12.23,12.78,12.07
12/9/2016,11.75,12.59,12.72,11.67
12/8/2016,12.64,12.1,13.4,11.3
12/7/2016,12.22,11.59,12.24,11.33
12/6/2016,11.79,12.19,12.3,11.54
12/5/2016,12.14,13.75,13.77,12.14
12/2/2016,14.12,14.16,14.48,12.39
12/1/2016,14.07,13.4,14.72,13.05
11/30/2016,13.33,12.6,13.42,12.23
11/29/2016,12.9,13.07,13.55,12.62
11/28/2016,13.15,13.4,13.5,12.74
11/25/2016,12.34,12.52,12.74,12.31
11/23/2016,12.43,12.34,13.01,12.19
11/22/2016,12.41,12.26,12.83,12.2
11/21/2016,12.42,13.27,13.44,12.16
11/18/2016,12.85,13.56,13.74,12.85
11/17/2016,13.35,13.37,13.55,12.97
11/16/2016,13.72,13.51,14.49,13.51
11/15/2016,13.37,14.16,14.65,13.3
11/14/2016,14.48,14.69,15.56,14.39
11/11/2016,14.17,14.83,16,14.15
11/10/2016,14.74,14.01,16.3,13.26
11/9/2016,14.38,20.7,21.48,14.33
11/8/2016,18.74,18.92,19.91,17.7
11/7/2016,18.71,19.78,19.86,18.39
11/4/2016,22.51,21.86,23.01,19.2
11/3/2016,22.08,19.85,22.57,18.84
11/2/2016,19.32,19.09,19.82,18.56
11/1/2016,18.56,16.54,20.43,16.51
10/31/2016,17.06,16.31,17.63,16.25
10/28/2016,16.19,15.67,17.35,14.65
10/27/2016,15.36,14.37,15.43,13.6
10/26/2016,14.24,13.66,14.8,13.66
10/25/2016,13.46,12.91,13.86,12.73
10/24/2016,13.02,13.19,13.26,12.83
10/21/2016,13.34,14.04,14.53,13.27
10/20/2016,13.75,14.43,14.72,13.74
10/19/2016,14.41,15.45,15.68,13.87
10/18/2016,15.28,15.82,15.85,15.03
10/17/2016,16.21,17.01,17.11,16.13
10/14/2016,16.12,16.49,16.5,15.25
10/13/2016,16.69,16.88,17.95,16.14
10/12/2016,15.91,15.53,16.34,15.26
10/11/2016,15.36,13.71,16.47,13.69
10/10/2016,13.38,14.19,14.36,13.29
10/7/2016,13.48,13.52,14.15,12.21
10/6/2016,12.84,13.11,13.84,12.8
10/5/2016,12.99,13.56,13.68,12.7
10/4/2016,13.63,13.4,14.57,12.92
10/3/2016,13.57,13.75,14.42,13.42
9/30/2016,13.29,14.91,15.2,12.53
9/29/2016,14.02,12.53,15.69,12.14
9/28/2016,12.39,12.9,13.57,12.24
9/27/2016,13.1,13.36,14.76,12.97
9/26/2016,14.5,13.26,14.63,13.26
9/23/2016,12.29,12,12.58,11.93
9/22/2016,12.02,13.39,13.39,11.76
9/21/2016,13.3,15.07,15.65,12.98
9/20/2016,15.92,14.98,16.09,14.69
9/19/2016,15.53,15.14,15.96,14.6
9/16/2016,15.37,16.41,17.1,15.28
9/15/2016,16.3,17.97,18.07,15.74
9/14/2016,18.14,17.63,18.14,16.34
9/13/2016,17.85,15.98,18.97,15.83
9/12/2016,15.16,20.13,20.51,14.76
9/9/2016,17.5,12.52,17.54,12.52
9/8/2016,12.51,11.74,12.6,11.65
9/7/2016,11.94,11.89,12.45,11.77
9/6/2016,12.02,12.42,12.93,11.85
9/2/2016,11.98,13.47,13.9,11.9
9/1/2016,13.48,13.07,14.61,12.99
8/31/2016,13.42,13.14,14.34,12.97
8/30/2016,13.12,12.94,13.6,12.7
8/29/2016,12.94,14.09,14.43,12.9
8/26/2016,13.65,13.54,14.93,12.13
8/25/2016,13.63,13.62,14.09,13.29
8/24/2016,13.45,12.7,14.01,12.3
8/23/2016,12.38,12.15,12.44,11.72
8/22/2016,12.27,12.53,13.02,11.94
8/19/2016,11.34,11.67,12.28,11.33
8/18/2016,11.43,12.2,12.53,11.42
8/17/2016,12.19,12.57,13.71,12.14
8/16/2016,12.64,12.04,12.78,11.87
8/15/2016,11.81,11.81,12.17,11.58
8/12/2016,11.55,11.61,12,11.28
8/11/2016,11.68,11.93,12.11,11.38
8/10/2016,12.05,11.55,12.5,11.37
8/9/2016,11.66,11.4,11.92,11.02
8/8/2016,11.5,11.66,11.78,11.41
8/5/2016,11.39,12.08,12.26,11.18
8/4/2016,12.42,12.73,12.98,11.79
8/3/2016,12.86,13.53,13.91,12.73
8/2/2016,13.37,12.39,14.24,12.35
8/1/2016,12.44,11.89,12.98,11.86
7/29/2016,11.87,12.85,12.9,11.77
7/28/2016,12.72,12.51,13.52,12.36
7/27/2016,12.83,12.61,13.74,12.5
7/26/2016,13.05,12.88,13.5,12.8
7/25/2016,12.87,12.64,13.72,12.39
7/22/2016,12.02,12.8,12.88,11.97
7/21/2016,12.74,11.8,13.06,11.69
7/20/2016,11.77,11.94,11.97,11.4
7/19/2016,11.97,12.53,12.83,11.94
7/18/2016,12.44,12.75,13.12,12.33
7/15/2016,12.67,13.12,13.22,12.27
7/14/2016,12.82,12.5,13.37,12.14
7/13/2016,13.04,13.32,13.79,12.92
7/12/2016,13.55,12.93,13.93,12.75
7/11/2016,13.54,13.25,13.67,13
7/8/2016,13.2,14.64,14.75,13.19
7/7/2016,14.76,14.8,15.98,14.33
7/6/2016,14.96,15.87,17.04,14.96
7/5/2016,15.58,16.05,16.62,15.49
7/1/2016,14.77,15.59,15.86,14.61
6/30/2016,15.63,16.91,16.99,15.29
6/29/2016,16.64,18.12,18.27,16.48
6/28/2016,18.75,21.76,22.07,18.75
6/27/2016,23.85,24.38,26.72,22.93
6/24/2016,25.76,26.06,26.24,19.48
6/23/2016,17.25,19.54,19.79,17.25
6/22/2016,21.17,18.26,21.22,17.83
6/21/2016,18.48,17.67,18.96,16.91
6/20/2016,18.37,17.42,18.55,16.59
6/17/2016,19.41,19.42,20.03,18.71
6/16/2016,19.37,20.8,22.89,19.24
6/15/2016,20.14,20.25,20.45,18.63
6/14/2016,20.5,21.28,22.16,20.27
6/13/2016,20.97,18.24,21.01,17.89
6/10/2016,17.03,14.89,17.33,14.85
6/9/2016,14.64,14.01,14.85,13.99
6/8/2016,14.08,13.84,14.27,13.7
6/7/2016,14.05,12.77,14.05,12.72
6/6/2016,13.65,13.84,14.27,13.42
6/3/2016,13.47,13.78,14.66,12.9
6/2/2016,13.63,14.42,14.92,13.62
6/1/2016,14.2,14.45,15.25,14.18
5/31/2016,14.19,13.94,15,13.45
5/27/2016,13.12,13.49,13.76,13.04
5/26/2016,13.43,13.8,14.11,13.43
5/25/2016,13.9,14.19,14.33,13.64
5/24/2016,14.42,16.03,16.06,14.36
5/23/2016,15.82,16.33,16.47,15.4
5/20/2016,15.2,16.13,16.3,15.11
5/19/2016,16.33,16.37,17.65,16.28
5/18/2016,15.95,15.72,16.47,14.86
5/17/2016,15.57,14.57,16.12,14.48
5/16/2016,14.68,15.72,15.98,14.28
5/13/2016,15.04,15.15,15.47,13.97
5/12/2016,14.41,14.55,15.42,13.95
5/11/2016,14.69,13.92,14.69,13.29
5/10/2016,13.63,13.98,14.35,13.55
5/9/2016,14.57,15.2,15.39,14.17
5/6/2016,14.72,16.2,16.58,14.71
5/5/2016,15.91,15.54,16.45,15.22
5/4/2016,16.05,15.47,16.85,15.39
5/3/2016,15.6,14.92,16.42,14.91
5/2/2016,14.68,16.33,16.5,14.48
4/29/2016,15.7,15.21,17.09,14.91
4/28/2016,15.22,14.53,15.61,13.3
4/27/2016,13.77,14.15,14.95,13.5
4/26/2016,13.96,14.01,14.43,13.66
4/25/2016,14.08,14.07,14.76,13.86
4/22/2016,13.22,13.7,14.19,13.15
4/21/2016,13.95,13.2,14.14,13.16
4/20/2016,13.28,13.39,13.5,12.5
4/19/2016,13.24,13.18,13.88,12.98
4/18/2016,13.35,14.87,14.94,13.23
4/15/2016,13.62,13.77,14.19,13.58
4/14/2016,13.72,13.9,14.12,13.38
4/13/2016,13.84,14.49,14.53,13.6
4/12/2016,14.85,15.98,16.57,14.84
4/11/2016,16.26,15.34,16.26,14.83
4/8/2016,15.36,15.34,15.93,14.84
4/7/2016,16.16,15.14,16.77,14.68
4/6/2016,14.09,15.61,15.98,14
4/5/2016,15.42,15.39,15.72,14.93
4/4/2016,14.12,13.88,14.24,13.66
4/1/2016,13.1,15.23,15.28,13
3/31/2016,13.95,13.73,14.28,13.49
3/30/2016,13.56,13.69,13.89,13.06
3/29/2016,13.82,15.74,15.89,13.79
3/28/2016,15.24,15.65,16.04,14.89
3/24/2016,14.74,16.3,16.44,14.71
3/23/2016,14.94,14.57,15.03,14.33
3/22/2016,14.17,14.57,14.76,13.75
3/21/2016,13.79,14.57,14.73,13.79
3/18/2016,14.02,14.05,14.36,13.75
3/17/2016,14.44,15.34,15.38,13.82
3/16/2016,14.99,15.96,16.33,14.89
3/15/2016,16.84,17.6,17.85,16.84
3/14/2016,16.92,17.01,17.67,16.69
3/11/2016,16.5,17.09,17.27,16.28
3/10/2016,18.05,18.17,19.59,17.06
3/9/2016,18.34,18.56,19.11,18.31
3/8/2016,18.67,18.38,18.89,17.82
3/7/2016,17.35,17.98,18.04,16.87
3/4/2016,16.86,16.48,17.35,16.05
3/3/2016,16.7,17.25,17.56,16.32
3/2/2016,17.09,17.98,18.41,16.78
3/1/2016,17.7,19.84,20.17,17.66
2/29/2016,20.55,20.49,20.81,18.38
2/26/2016,19.81,18.89,20.13,18.46
2/25/2016,19.11,20.54,21.26,19.1
2/24/2016,20.72,22.28,22.87,20.26
2/23/2016,20.98,19.75,21.16,19.54
2/22/2016,19.38,20.14,20.35,19.02
2/19/2016,20.53,22.39,23.44,20.52
2/18/2016,21.64,22.16,22.53,21.29
2/17/2016,22.31,23.4,24.16,21.83
2/16/2016,24.11,24.96,25.52,23.32
2/12/2016,25.4,27.16,27.57,24.92
2/11/2016,28.14,29.01,30.9,26.67
2/10/2016,26.29,25.75,26.6,24.47
2/9/2016,26.54,28.3,28.31,25.99
2/8/2016,26,25.89,27.72,25.56
2/5/2016,23.38,22.09,24.11,21.91
2/4/2016,21.84,22.29,23.14,21.24
2/3/2016,21.65,21.49,27.7,21.42
2/2/2016,21.98,21.34,22.42,21.06
2/1/2016,19.98,21.32,23.66,19.61
1/29/2016,20.2,21.59,21.74,19.5
1/28/2016,22.42,22.15,23.81,21.9
1/27/2016,23.11,22.88,27.22,20.42
1/26/2016,22.5,23.75,24.02,22.33
1/25/2016,24.15,23.3,24.31,22.38
1/22/2016,22.34,24.21,24.55,22.22
1/21/2016,26.69,27.79,28.43,25.01
1/20/2016,27.59,27.78,32.09,26.59
1/19/2016,26.05,25.4,27.59,25.21
1/15/2016,27.02,28.96,30.95,26.67
1/14/2016,23.95,24.75,26.28,23.07
1/13/2016,25.22,21.72,26.11,21.44
1/12/2016,22.47,22.97,23.93,21.91
1/11/2016,24.3,25.58,27.39,23.83
1/8/2016,27.01,22.96,27.08,22.48
1/7/2016,24.99,23.22,25.86,22.4
1/6/2016,20.59,21.67,21.86,19.8
1/5/2016,19.34,20.75,21.06,19.25
1/4/2016,20.7,22.48,23.36,20.67
12/31/2015,18.21,17.97,20.39,17.51
12/30/2015,17.29,16.5,17.42,16.5
12/29/2015,16.08,15.91,16.48,15.63
12/28/2015,16.91,17.65,18.13,16.88
12/24/2015,15.74,15.44,15.88,14.45
12/23/2015,15.57,15.86,16.25,15.33
12/22/2015,16.6,17.61,18.22,16.6
12/21/2015,18.7,19.64,20.21,18.7
12/18/2015,20.7,19.34,23.3,18.75
12/17/2015,18.94,16.18,19.05,16.13
12/16/2015,17.86,19.25,20.24,17.12
12/15/2015,20.95,20.76,21.62,20.02
12/14/2015,22.73,24.7,26.81,21.47
12/11/2015,24.39,21.36,25.27,20.88
12/10/2015,19.34,19.25,19.72,18.13
12/9/2015,19.61,18.05,20.13,15.72
12/8/2015,17.6,17.69,18.33,16.52
12/7/2015,15.84,15.65,17.18,15.58
12/4/2015,14.81,17.43,17.65,14.69
12/3/2015,18.11,15.87,19.35,15.86
12/2/2015,15.91,15.04,16.49,14.71
12/1/2015,14.67,15.61,16.34,14.63
11/30/2015,16.13,15.55,16.57,15.52
11/27/2015,15.12,15.31,16.09,15.12
11/25/2015,15.19,15.55,15.89,15.05
11/24/2015,15.93,16.53,17.21,15.48
11/23/2015,15.62,16.15,16.74,15.38
11/20/2015,15.47,16.13,16.38,15.47
11/19/2015,16.99,16.25,18.26,16
11/18/2015,16.85,19.01,19.45,16.8
11/17/2015,18.84,17.82,19.59,16.86
11/16/2015,18.16,20.51,20.55,17.25
11/13/2015,20.08,18.68,20.67,18.2
11/12/2015,18.37,17.06,18.5,16.65
11/11/2015,16.06,15.07,16.15,15.02
11/10/2015,15.29,16.69,16.96,15.24
11/9/2015,16.52,15.34,17.09,15.14
11/6/2015,14.33,14.91,16,14.32
11/5/2015,15.05,15.39,16.39,15
11/4/2015,15.51,14.04,15.88,13.96
11/3/2015,14.54,14.33,14.73,13.81
11/2/2015,14.15,15.41,15.51,13.67
10/30/2015,15.07,14.6,15.39,14
10/29/2015,14.61,14.8,15.46,14.33
10/28/2015,14.33,15.14,15.73,12.8
10/27/2015,15.43,15.75,15.99,14.78
10/26/2015,15.29,14.76,15.43,14.68
10/23/2015,14.46,13.46,15.12,13.24
10/22/2015,14.45,15.02,15.92,14.45
10/21/2015,16.7,14.98,16.7,14.41
10/20/2015,15.75,15.17,16.34,14.72
10/19/2015,14.98,15.68,16.23,14.82
10/16/2015,15.05,15.64,16.86,15.05
10/15/2015,16.05,17.62,17.85,16.04
10/14/2015,18.03,17.67,18.78,17.3
10/13/2015,17.67,17.08,17.7,16.14
10/12/2015,16.17,17.68,17.81,16.15
10/9/2015,17.08,17.15,18.2,16.89
10/8/2015,17.42,18.62,19.02,16.34
10/7/2015,18.4,18.96,19.73,18.33
10/6/2015,19.4,19.54,20.32,18.82
10/5/2015,19.54,20.31,20.42,19.14
10/2/2015,20.94,23.99,24.47,20.35
10/1/2015,22.55,23.14,25.23,22.55
9/30/2015,24.5,24.64,25.88,23.25
9/29/2015,26.83,26.57,28.2,25.76
9/28/2015,27.63,25.02,28.33,24.94
9/25/2015,23.62,21.12,24.29,20.81
9/24/2015,23.47,23.53,25.3,21.81
9/23/2015,22.13,22.09,23.2,21.14
9/22/2015,22.44,22.97,26.29,22.25
9/21/2015,20.14,21.97,22.48,20.05
9/18/2015,22.28,23.07,23.99,20.98
9/17/2015,21.14,21.54,23.33,17.87
9/16/2015,21.35,22.57,22.94,21.09
9/15/2015,22.54,23.28,23.77,22.13
9/14/2015,24.25,24.03,25.32,23.64
9/11/2015,23.2,25.38,25.81,23.15
9/10/2015,24.37,26.87,27.22,23.53
9/9/2015,26.23,22.39,26.82,21.51
9/8/2015,24.9,25.05,26.25,24.13
9/4/2015,27.8,27.43,29.47,25.68
9/3/2015,25.61,25.21,26.31,23.45
9/2/2015,26.09,29.14,30.45,24.77
9/1/2015,31.4,31.91,33.82,29.91
8/31/2015,28.43,27.03,29.37,26.63
8/28/2015,26.05,26.69,29.2,25.77
8/27/2015,26.1,27.11,29.9,24.49
8/26/2015,30.32,31.13,35.62,28.67
8/25/2015,36.02,31.13,38.06,28.08
8/24/2015,40.74,28.03,53.29,28.03
8/21/2015,28.03,22.55,28.38,20.8
8/20/2015,19.14,16.55,19.24,16.13
8/19/2015,15.25,14.84,15.96,13.73
8/18/2015,13.79,13.41,13.94,13.17
8/17/2015,13.02,14.32,14.52,13.01
8/14/2015,12.83,13.69,13.87,12.8
8/13/2015,13.49,13.87,14.33,13.06
8/12/2015,13.61,15.19,16.28,13.45
8/11/2015,13.71,13.24,14.33,13.02
8/10/2015,12.23,12.73,12.78,12.18
8/7/2015,13.39,13.57,14.58,13.29
8/6/2015,13.77,12.2,14.25,12.16
8/5/2015,12.51,12.02,12.72,10.88
8/4/2015,13,12.66,13.22,12.29
8/3/2015,12.56,12.85,13.55,12.32
7/31/2015,12.12,12.03,12.63,11.82
7/30/2015,12.13,12.72,13.42,12.09
7/29/2015,12.5,13.57,13.59,11.85
7/28/2015,13.44,14.87,15.62,13.32
7/27/2015,15.6,15.6,16.27,15.03
7/24/2015,13.74,12.87,14.73,12.86
7/23/2015,12.64,12.06,13.08,11.73
7/22/2015,12.12,12.77,12.83,12.05
7/21/2015,12.22,12.42,12.79,12.21
7/20/2015,12.25,12.25,12.37,11.71
7/17/2015,11.95,11.77,12.22,11.77
7/16/2015,12.11,12.59,12.61,11.87
7/15/2015,13.23,13.35,13.97,12.81
7/14/2015,13.37,13.91,13.95,12.9
7/13/2015,13.9,15.29,15.36,13.82
7/10/2015,16.83,17.45,18.17,16.6
7/9/2015,19.97,17.46,20.05,17.2
7/8/2015,19.66,17.38,19.76,16.94
7/7/2015,16.09,17.22,19.2,15.93
7/6/2015,17.01,18.65,18.95,16.57
7/2/2015,16.79,15.43,17.48,15.39
7/1/2015,16.09,16.63,17.26,15.65
6/30/2015,18.23,17.6,19.8,17.49
6/29/2015,18.85,16.7,19.5,15.82
6/26/2015,14.02,14.13,14.91,13.64
6/25/2015,14.01,12.96,14.16,12.92
6/24/2015,13.26,12.57,13.33,12.01
6/23/2015,12.11,12.5,12.68,11.93
6/22/2015,12.74,13.42,13.46,12.43
6/19/2015,13.96,13.35,14,12.96
6/18/2015,13.19,14.03,14.03,12.54
6/17/2015,14.5,14.66,15.49,14.07
6/16/2015,14.81,15.62,15.62,14.81
6/15/2015,15.39,15.48,15.57,14.91
6/12/2015,13.78,13.31,14.02,13.3
6/11/2015,12.85,13.04,13.22,12.56
6/10/2015,13.22,14.24,14.37,12.96
6/9/2015,14.47,15.18,15.74,14.47
6/8/2015,15.29,14.84,15.5,14.67
6/5/2015,14.21,15.01,15.65,14.21
6/4/2015,14.71,14.57,15.49,13.99
6/3/2015,13.66,13.73,14.2,13.4
6/2/2015,14.24,14.72,15.05,13.59
6/1/2015,13.97,13.92,14.86,13.47
5/29/2015,13.84,13.59,14.43,13.4
5/28/2015,13.31,13.49,13.99,13.31
5/27/2015,13.27,14.16,14.41,13.05
5/26/2015,14.06,13.45,14.63,13.34
5/22/2015,12.13,12.37,12.37,11.82
5/21/2015,12.11,13.03,13.09,12.09
5/20/2015,12.88,12.9,13.27,12.62
5/19/2015,12.85,12.95,13.13,12.55
5/18/2015,12.73,13.08,13.22,12.55
5/15/2015,12.38,12.46,13.09,12.35
5/14/2015,12.74,13.14,13.29,12.72
5/13/2015,13.76,13.63,14.04,13.06
5/12/2015,13.86,14.73,15.13,13.73
5/11/2015,13.85,13.35,13.85,13
5/8/2015,12.86,13.36,13.42,12.7
5/7/2015,15.13,15.48,15.97,14.81
5/6/2015,15.15,13.93,16.36,13.89
5/5/2015,14.31,13.21,14.41,12.97
5/4/2015,12.85,13.12,13.18,12.1
5/1/2015,12.7,13.98,13.98,12.68
4/30/2015,14.55,13.89,15.29,12.49
4/29/2015,13.39,13.44,14.34,12.61
4/28/2015,12.41,13.26,14.23,12.41
4/27/2015,13.12,12.34,13.4,12.33
4/24/2015,12.29,12.21,13.02,12.16
4/23/2015,12.48,12.96,12.96,12.12
4/22/2015,12.71,12.97,13.8,12.57
4/21/2015,13.25,12.75,13.51,12.66
4/20/2015,13.3,13.67,13.67,12.83
4/17/2015,13.89,13.97,15.02,13.73
4/16/2015,12.6,13.27,13.35,12.5
4/15/2015,12.84,13.58,13.58,12.83
4/14/2015,13.67,14.34,14.74,13.64
4/13/2015,13.94,13.17,14.31,12.71
4/10/2015,12.58,13.2,13.26,12.51
4/9/2015,13.09,14.14,14.59,13.09
4/8/2015,13.98,14.59,14.77,13.75
4/7/2015,14.78,14.57,14.81,14.01
4/6/2015,14.74,15.75,15.76,14.04
4/2/2015,14.67,15.3,15.51,14.27
4/1/2015,15.11,15.32,16.66,15.08
3/31/2015,15.29,14.97,15.74,14.33
3/30/2015,14.51,14.76,14.76,14.08
3/27/2015,15.07,15.73,15.83,14.19
3/26/2015,15.8,16.64,17.19,15.23
3/25/2015,15.44,13.26,15.55,13.2
3/24/2015,13.62,13.36,13.68,12.59
3/23/2015,13.41,13.52,13.53,12.89
3/20/2015,13.02,13.52,13.53,12.54
3/19/2015,14.07,14.68,14.97,13.84
3/18/2015,13.97,14.6,16.29,13.38
3/17/2015,15.66,16.31,16.37,15.66
3/16/2015,15.61,15.78,15.89,15.36
3/13/2015,16,15.47,16.74,15.32
3/12/2015,15.42,16.45,16.45,15.3
3/11/2015,16.87,16.44,17.19,16.29
3/10/2015,16.69,16.47,16.91,16.03
3/9/2015,15.06,15.72,15.76,14.71
3/6/2015,15.2,14.61,15.83,14.18
3/5/2015,14.04,14.01,14.58,13.88
3/4/2015,14.23,14.31,15.33,14.13
3/3/2015,13.86,13.35,14.69,13.25
3/2/2015,13.04,13.9,13.9,12.87
2/27/2015,13.34,14.07,14.17,13.29
2/26/2015,13.91,13.55,14.57,13.55
2/25/2015,13.84,13.64,14.06,12.86
2/24/2015,13.69,14.5,14.63,13.53
2/23/2015,14.56,15.05,15.48,14.49
2/20/2015,14.3,15.73,16.29,14.27
2/19/2015,15.29,16.11,16.22,15.1
2/18/2015,15.45,16.74,16.74,15.44
2/17/2015,15.8,15.86,16.33,15.53
2/13/2015,14.69,15.11,15.64,14.69
2/12/2015,15.34,16.39,16.47,15.28
2/11/2015,16.96,17.43,17.81,16.82
2/10/2015,17.23,17.72,18.36,16.97
2/9/2015,18.55,19.16,19.28,18.21
2/6/2015,17.29,16.29,18.74,16.06
2/5/2015,16.85,17.29,17.43,16.67
2/4/2015,18.33,17.82,18.38,16.82
2/3/2015,17.33,18.41,18.89,17.2
2/2/2015,19.43,20.89,22.81,19.35
1/30/2015,20.97,20.23,22.18,19.24
1/29/2015,18.76,20.46,21.56,18.66
1/28/2015,20.44,16.97,20.44,16.92
1/27/2015,17.22,17.6,18.41,16.67
1/26/2015,15.52,16.96,17.43,15.52
1/23/2015,16.66,16.79,17.09,15.81
1/22/2015,16.4,17.98,19.23,16.07
1/21/2015,18.85,20.92,21.28,18.64
1/20/2015,19.89,20.07,21.37,19.58
1/16/2015,20.95,22.8,23.43,20.95
1/15/2015,22.39,21.23,23.31,20.86
1/14/2015,21.48,22.87,23.34,21.32
1/13/2015,20.56,18.21,21.58,17.65
1/12/2015,19.6,18.02,20.44,18.02
1/9/2015,17.55,16.44,18.42,16.44
1/8/2015,17.01,17.93,18.09,16.99
1/7/2015,19.31,20.15,20.72,19.04
1/6/2015,21.12,20.33,22.9,19.52
1/5/2015,19.92,19.19,21.29,19.19
1/2/2015,17.79,17.76,20.14,17.05
12/31/2014,19.2,15.91,19.91,15.86
12/30/2014,15.92,15.9,16.2,15.48
12/29/2014,15.06,16.04,16.14,15.06
12/26/2014,14.5,14.6,14.84,14.13
12/24/2014,14.37,14.52,14.54,14.01
12/23/2014,14.8,14.47,15.21,14.32
12/22/2014,15.25,16.32,16.88,15.03
12/19/2014,16.49,16.57,17.2,16.11
12/18/2014,16.81,17.14,18.51,16.07
12/17/2014,19.44,23.9,24.61,19.26
12/16/2014,23.57,23.55,25.2,19.6
12/15/2014,20.42,19.59,24.83,17.77
12/12/2014,21.08,20.51,23.06,18.34
12/11/2014,20.08,17.68,20.13,15.94
12/10/2014,18.53,15.56,18.92,15.4
12/9/2014,14.89,16.23,16.68,14.84
12/8/2014,14.21,13.05,14.67,12.55
12/5/2014,11.82,12.08,12.28,11.53
12/4/2014,12.38,12.7,13.23,12.09
12/3/2014,12.47,12.75,12.88,12.21
12/2/2014,12.85,14.1,14.17,12.85
12/1/2014,14.29,14.16,14.75,13.94
11/28/2014,13.33,12.64,13.49,12.36
11/26/2014,12.07,12.27,12.4,11.91
11/25/2014,12.25,12.55,13.02,12.23
11/24/2014,12.62,12.92,13.02,12.43
11/21/2014,12.9,13.16,13.8,12.9
11/20/2014,13.58,14.66,15.74,13.58
11/19/2014,13.96,14.01,14.78,13.83
11/18/2014,13.86,13.86,13.99,13.13
11/17/2014,13.99,14.7,14.73,13.84
11/14/2014,13.31,13.79,14.15,13.31
11/13/2014,13.79,13.33,14.31,12.87
11/12/2014,13.02,13.76,13.76,12.99
11/11/2014,12.92,12.71,13.18,12.6
11/10/2014,12.67,13.16,13.25,12.38
11/7/2014,13.12,13.71,14.16,13.01
11/6/2014,13.67,14.46,15.08,13.67
11/5/2014,14.17,14.15,14.99,14.15
11/4/2014,14.89,15.05,15.93,14.83
11/3/2014,14.73,14.41,14.99,14.23
10/31/2014,14.03,13.84,14.83,13.72
10/30/2014,14.52,15.31,15.75,14.07
10/29/2014,15.15,14.61,16.28,14.19
10/28/2014,14.39,15.69,15.78,14.39
10/27/2014,16.04,17.24,17.87,16
10/24/2014,16.11,16.43,18.06,16.09
10/23/2014,16.53,16.07,17.06,15.68
10/22/2014,17.87,16.06,18.43,15.56
10/21/2014,16.08,17.72,17.75,16.03
10/20/2014,18.57,22.11,22.16,18.51
10/17/2014,21.99,21.68,23.08,20.23
10/16/2014,25.2,29.26,29.41,24.61
10/15/2014,26.25,26.36,31.06,24.64
10/14/2014,22.79,23.77,24.55,21.48
10/13/2014,24.64,21.16,24.64,20.52
10/10/2014,21.24,19.11,22.06,18.14
10/9/2014,18.76,15.64,19.38,15.34
10/8/2014,15.11,17.35,18.03,14.97
10/7/2014,17.2,16.18,17.46,15.97
10/6/2014,15.46,14.46,15.77,14.05
10/3/2014,14.55,15.16,15.43,14.44
10/2/2014,16.16,16.7,17.98,15.9
10/1/2014,16.71,16.44,17.56,16.08
9/30/2014,16.31,15.49,16.43,15.18
9/29/2014,15.98,16.96,17.08,15.45
9/26/2014,14.85,15.77,15.98,14.31
9/25/2014,15.64,14.11,16.69,14.03
9/24/2014,13.27,14.62,14.93,13.24
9/23/2014,14.93,14.82,14.94,13.83
9/22/2014,13.69,13.14,13.98,13.13
9/19/2014,12.11,11.73,12.61,11.52
9/18/2014,12.03,12.55,12.58,11.98
9/17/2014,12.65,13.06,14.53,11.73
9/16/2014,12.73,14.48,14.53,12.72
9/15/2014,14.12,13.54,14.19,13.54
9/12/2014,13.31,12.85,14.27,12.85
9/11/2014,12.8,13.53,13.67,12.66
9/10/2014,12.88,13.36,14.06,12.86
9/9/2014,13.5,12.7,13.91,12.7
9/8/2014,12.66,12.64,13.09,12.4
9/5/2014,12.09,12.37,13.18,11.96
9/4/2014,12.64,12.4,12.99,11.7
9/3/2014,12.36,12.03,12.55,11.91
9/2/2014,12.25,12.32,13.41,12.23
8/29/2014,11.98,11.86,12.44,11.78
8/28/2014,12.05,12.38,12.73,12.05
8/27/2014,11.78,11.69,11.93,11.54
8/26/2014,11.63,11.33,11.93,11.33
8/25/2014,11.7,11.58,11.77,11.24
8/22/2014,11.47,11.88,12.48,11.47
8/21/2014,11.76,11.93,13.51,11.52
8/20/2014,11.78,12.23,12.24,11.6
8/19/2014,12.21,12.14,12.46,11.91
8/18/2014,12.32,12.85,12.85,12.26
8/15/2014,13.15,11.91,14.94,11.89
8/14/2014,12.42,13.05,13.13,12.42
8/13/2014,12.9,13.57,13.93,12.84
8/12/2014,14.13,14.42,14.74,13.76
8/11/2014,14.23,15.16,15.16,13.72
8/8/2014,15.77,16.43,17.09,15.53
8/7/2014,16.66,15.5,17.25,15.44
8/6/2014,16.37,17.22,17.3,15.7
8/5/2014,16.87,15.54,17.14,15.1
8/4/2014,15.12,16.64,16.8,14.69
8/1/2014,17.03,16.67,17.57,15.52
7/31/2014,16.95,14.35,17.11,14.26
7/30/2014,13.33,12.63,14.07,12.53
7/29/2014,13.28,12.35,13.35,12.12
7/28/2014,12.56,12.93,13.64,12.54
7/25/2014,12.69,12.03,12.75,12.03
7/24/2014,11.84,11.43,12.06,11.43
7/23/2014,11.52,11.54,12.16,11.41
7/22/2014,12.24,11.97,12.24,11.69
7/21/2014,12.81,12.85,13.62,12.46
7/18/2014,12.06,13.34,13.55,12.04
7/17/2014,14.54,11.35,15.38,10.85
7/16/2014,11,10.81,11.45,10.59
7/15/2014,11.96,11.53,12.47,11.46
7/14/2014,11.82,11.6,11.83,11.4
7/11/2014,12.08,12.5,12.68,12.07
7/10/2014,12.59,13.22,13.23,12.05
7/9/2014,11.65,11.74,12.05,11.5
7/8/2014,11.98,11.72,12.51,11.72
7/7/2014,11.33,11.15,11.54,11.01
7/3/2014,10.32,10.47,10.76,10.28
7/2/2014,10.82,11.18,11.18,10.56
7/1/2014,11.15,11.28,11.42,10.92
6/30/2014,11.57,11.75,11.81,11.3
6/27/2014,11.26,11.72,12.04,11.19
6/26/2014,11.63,11.51,12.51,11.5
6/25/2014,11.59,12.31,12.33,11.37
6/24/2014,12.13,11.02,12.27,10.87
6/23/2014,10.98,11.26,11.35,10.92
6/20/2014,10.85,10.4,11.02,10.34
6/19/2014,10.62,10.53,10.82,10.42
6/18/2014,10.61,11.8,11.91,10.57
6/17/2014,12.06,12.81,12.89,12.06
6/16/2014,12.65,12.65,12.87,12.28
6/13/2014,12.18,12.45,12.69,11.89
6/12/2014,12.56,11.81,12.81,11.71
6/11/2014,11.6,11.42,11.87,11.19
6/10/2014,10.99,11.3,11.66,10.93
6/9/2014,11.15,11.23,11.51,10.99
6/6/2014,10.73,11.32,11.39,10.73
6/5/2014,11.68,12.09,12.34,11.44
6/4/2014,12.08,12.15,12.33,11.91
6/3/2014,11.87,12.03,12.13,11.72
6/2/2014,11.58,11.69,12.17,11.29
5/30/2014,11.4,11.66,11.7,11.32
5/29/2014,11.57,11.58,11.82,11.41
5/28/2014,11.68,11.6,11.86,11.5
5/27/2014,11.51,11.69,11.84,11.5
5/23/2014,11.36,11.96,11.97,11.36
5/22/2014,12.03,11.93,12.09,11.68
5/21/2014,11.91,12.38,12.46,11.8
5/20/2014,12.96,12.69,13.3,12.32
5/19/2014,12.42,13.17,13.21,12.28
5/16/2014,12.44,13.31,13.66,12.26
5/15/2014,13.17,12.73,13.77,12.72
5/14/2014,12.17,12.42,12.51,12.03
5/13/2014,12.13,12.36,12.74,12.05
5/12/2014,12.23,12.46,12.58,11.88
5/9/2014,12.92,13.55,14.03,12.87
5/8/2014,13.43,13.69,13.88,12.92
5/7/2014,13.4,13.64,14.49,13.39
5/6/2014,13.8,13.65,13.9,13.28
5/5/2014,13.29,13.95,14.2,13.08
5/2/2014,12.91,13.15,13.5,12.83
5/1/2014,13.25,13.64,13.75,13.1
4/30/2014,13.41,14.05,14.18,13.34
4/29/2014,13.71,13.88,14.24,13.61
4/28/2014,13.97,14.27,15.28,13.82
4/25/2014,14.06,13.93,14.67,13.91
4/24/2014,13.32,13.36,14.08,13.09
4/23/2014,13.27,13.35,13.75,13.27
4/22/2014,13.19,13.13,13.26,12.9
4/21/2014,13.25,14.1,14.11,13.17
4/17/2014,13.36,14.09,14.17,13.07
4/16/2014,14.18,14.89,15.27,14.05
4/15/2014,15.61,16.14,17.5,15.47
4/14/2014,16.11,16.14,17.4,16.1
4/11/2014,17.03,16.66,17.85,15.89
4/10/2014,15.89,13.98,16.38,13.81
4/9/2014,13.82,14.58,14.94,13.7
4/8/2014,14.89,15.59,16.2,14.81
4/7/2014,15.57,14.96,16.01,14.57
4/4/2014,13.96,12.88,14.55,12.6
4/3/2014,13.37,13.02,13.7,13.02
4/2/2014,13.09,13.17,13.35,12.92
4/1/2014,13.1,13.43,13.56,13.06
3/31/2014,13.88,13.88,14.16,13.57
3/28/2014,14.41,14.15,14.86,13.73
3/27/2014,14.62,15,15.63,14.49
3/26/2014,14.93,13.64,15.28,13.46
3/25/2014,14.02,14.16,15.05,13.96
3/24/2014,15.09,14.7,16.07,14.56
3/21/2014,15,13.96,15.17,13.77
3/20/2014,14.52,15.58,15.62,14.5
3/19/2014,15.12,14.56,15.95,13.89
3/18/2014,14.52,15.42,15.47,14.16
3/17/2014,15.64,16.39,16.4,15.37
3/14/2014,17.82,16.74,18.22,16.09
3/13/2014,16.22,14.28,16.66,14.24
3/12/2014,14.47,15.37,15.64,14.43
3/11/2014,14.8,14.22,14.93,13.84
3/10/2014,14.2,14.76,15.28,14.2
3/7/2014,14.11,13.51,14.43,13.51
3/6/2014,14.21,13.82,14.42,13.73
3/5/2014,13.89,14.13,14.32,13.81
3/4/2014,14.1,14.53,14.54,14
3/3/2014,16,16.47,16.78,15.38
2/28/2014,14,14.22,14.79,13.49
2/27/2014,14.04,14.56,14.69,13.92
2/26/2014,14.35,13.83,14.54,13.73
2/25/2014,13.67,14.17,14.83,13.66
2/24/2014,14.23,14.83,14.83,13.97
2/21/2014,14.68,14.74,14.79,14.19
2/20/2014,14.79,15.28,15.8,14.59
2/19/2014,15.5,14.85,15.73,14.12
2/18/2014,13.87,13.95,14.51,13.77
2/14/2014,13.57,14.21,14.22,13.44
2/13/2014,14.14,15.24,15.24,13.98
2/12/2014,14.3,14.31,14.64,14.02
2/11/2014,14.51,15.29,15.29,14.08
2/10/2014,15.26,15.63,15.76,15.1
2/7/2014,15.29,16.15,16.31,15.09
2/6/2014,17.23,19.09,19.09,17.09
2/5/2014,19.95,19.59,20.72,19.13
2/4/2014,19.11,19.99,20.07,18.44
2/3/2014,21.44,18.57,21.48,18.34
1/31/2014,18.41,18.71,18.99,17.27
1/30/2014,17.29,16.37,17.39,15.96
1/29/2014,17.35,17.95,18.04,16.71
1/28/2014,15.8,17.27,17.28,15.8
1/27/2014,17.42,17.29,18.99,16.85
1/24/2014,18.14,14.95,18.14,14.92
1/23/2014,13.77,13.67,14.66,13.67
1/22/2014,12.84,12.57,13.12,12.55
1/21/2014,12.87,12.63,13.42,12.61
1/17/2014,12.44,12.34,12.93,12.04
1/16/2014,12.53,12.32,12.66,12.28
1/15/2014,12.28,12.15,12.4,11.81
1/14/2014,12.28,12.89,12.9,11.96
1/13/2014,13.28,12.18,13.65,11.82
1/10/2014,12.14,12.6,12.9,12.14
1/9/2014,12.89,12.83,13.26,12.83
1/8/2014,12.87,13.04,13.24,12.86
1/7/2014,12.92,12.38,13.28,12.16
1/6/2014,13.55,13.41,14,13.22
1/3/2014,13.76,14.06,14.22,13.57
1/2/2014,14.23,14.32,14.59,14
12/31/2013,13.72,13.43,14.35,13.38
12/30/2013,13.56,12.87,13.58,12.83
12/27/2013,12.46,12.21,12.59,12.2
12/26/2013,12.33,12.48,12.5,11.69
12/24/2013,12.48,12.85,12.89,12.48
12/23/2013,13.04,13.37,13.53,13.02
12/20/2013,13.79,13.61,13.87,13.12
12/19/2013,14.15,13.59,14.21,12.89
12/18/2013,13.8,15.95,16.75,13.74
12/17/2013,16.21,16.04,16.67,15.81
12/16/2013,16.03,15.64,16.08,15.3
12/13/2013,15.76,15.17,15.8,15.06
12/12/2013,15.54,15.44,16.09,15.21
12/11/2013,15.42,13.98,15.43,13.98
12/10/2013,13.91,14.14,14.22,13.69
12/9/2013,13.49,13.97,14.07,13.49
12/6/2013,13.79,13.97,14.09,13.62
12/5/2013,15.08,14.82,15.38,14.7
12/4/2013,14.7,15.03,15.71,14.22
12/3/2013,14.55,14.74,15.04,14.43
12/2/2013,14.23,13.91,14.31,13.78
11/29/2013,13.7,13.06,13.78,12.93
11/27/2013,12.98,12.81,12.98,12.44
11/26/2013,12.81,12.84,12.99,12.49
11/25/2013,12.79,12.55,12.92,12.49
11/22/2013,12.26,12.69,12.91,12.24
11/21/2013,12.66,13.09,13.09,12.44
11/20/2013,13.4,13.56,13.94,12.97
11/19/2013,13.39,13.03,13.68,12.88
11/18/2013,13.1,12.41,13.22,12.41
11/15/2013,12.19,12.12,12.45,11.99
11/14/2013,12.37,12.8,12.94,12.28
11/13/2013,12.52,13.35,13.35,12.46
11/12/2013,12.82,12.8,13.06,12.63
11/11/2013,12.53,12.85,12.93,12.4
11/8/2013,12.9,13.76,13.8,12.84
11/7/2013,13.91,12.99,14.14,12.93
11/6/2013,12.67,13.01,13.33,12.67
11/5/2013,13.27,13.22,13.64,12.86
11/4/2013,12.93,13.35,13.67,12.91
11/1/2013,13.28,13.46,13.92,13.22
10/31/2013,13.75,13.83,14.02,13.28
10/30/2013,13.65,13.72,14.36,13.64
10/29/2013,13.41,13.25,13.63,13.06
10/28/2013,13.31,13.62,13.72,13.22
10/25/2013,13.09,13.16,13.44,13.08
10/24/2013,13.2,13.5,13.62,13.15
10/23/2013,13.42,13.71,14.21,13.42
10/22/2013,13.33,12.99,13.92,12.93
10/21/2013,13.16,13.34,13.63,13.07
10/18/2013,13.04,12.86,13.53,12.34
10/17/2013,13.48,14.52,14.59,12.89
10/16/2013,14.71,17.14,17.15,14.67
10/15/2013,18.66,16.41,18.67,16.16
10/14/2013,16.07,17.08,17.74,15.8
10/11/2013,15.72,16.31,16.38,15.46
10/10/2013,16.48,17.66,17.92,16.29
10/9/2013,19.6,20.19,21.34,19.04
10/8/2013,20.34,19.01,21.01,18.98
10/7/2013,19.41,18.76,19.41,18.08
10/4/2013,16.74,17.72,17.87,16.66
10/3/2013,17.67,16.63,18.71,16.63
10/2/2013,16.6,16.4,16.81,16.13
10/1/2013,15.54,16.31,16.46,15.47
9/30/2013,16.6,17.49,17.49,16.16
9/27/2013,15.46,14.62,15.79,14.62
9/26/2013,14.06,13.8,14.4,13.58
9/25/2013,14.01,14.24,14.62,13.89
9/24/2013,14.08,14.17,14.37,13.75
9/23/2013,14.31,14.04,14.71,14.02
9/20/2013,13.12,13.3,13.47,12.52
9/19/2013,13.16,13.02,13.39,13.02
9/18/2013,13.59,14.68,14.68,13.23
9/17/2013,14.53,14.44,14.61,14.28
9/16/2013,14.38,14.1,14.49,13.87
9/13/2013,14.16,14.27,14.55,14.11
9/12/2013,14.29,13.93,14.39,13.73
9/11/2013,13.82,14.74,14.74,13.82
9/10/2013,14.53,14.89,15.09,14.5
9/9/2013,15.63,15.86,16.02,15.22
9/6/2013,15.85,15.35,16.81,15.17
9/5/2013,15.77,16.12,16.12,15.63
9/4/2013,15.88,16.88,17.01,15.77
9/3/2013,16.61,16.47,17.37,16.11
8/30/2013,17.01,16.75,17.81,16.7
8/29/2013,16.81,16.79,16.98,15.99
8/28/2013,16.49,16.96,17.11,16.1
8/27/2013,16.77,16.56,17.13,15.82
8/26/2013,14.99,14.37,15.01,13.9
8/23/2013,13.98,14.29,14.82,13.98
8/22/2013,14.76,15.26,15.26,14.66
8/21/2013,15.94,16,16.56,14.67
8/20/2013,14.91,15.22,15.25,14.29
8/19/2013,15.1,14.94,15.2,14.35
8/16/2013,14.37,14.56,14.88,13.62
8/15/2013,14.73,14.14,14.85,13.91
8/14/2013,13.04,12.48,13.09,12.35
8/13/2013,12.31,12.86,13.37,12.29
8/12/2013,12.81,13.52,13.57,12.8
8/9/2013,13.41,12.88,13.66,12.71
8/8/2013,12.73,12.5,13.13,12.37
8/7/2013,12.98,13.17,13.91,12.96
8/6/2013,12.72,12.19,12.93,12.06
8/5/2013,11.84,12.29,12.42,11.83
8/2/2013,11.98,12.66,12.74,11.98
8/1/2013,12.94,12.89,13.25,12.82
7/31/2013,13.45,13.55,13.83,12.94
7/30/2013,13.39,13.45,14.14,13.35
7/29/2013,13.39,13.54,13.86,13.38
7/26/2013,12.72,13.41,13.73,12.71
7/25/2013,12.97,13.47,13.54,12.91
7/24/2013,13.18,12.69,13.49,12.69
7/23/2013,12.66,12.15,13.06,12.07
7/22/2013,12.29,13.23,13.37,12.29
7/19/2013,12.54,13.89,13.97,12.54
7/18/2013,13.77,13.63,13.8,13.2
7/17/2013,13.78,14.2,14.44,13.76
7/16/2013,14.42,13.78,14.56,13.78
7/15/2013,13.79,13.98,14.11,13.5
7/12/2013,13.84,13.9,14.04,13.74
7/11/2013,14.01,13.57,14.2,13.57
7/10/2013,14.21,14.46,14.62,14.06
7/9/2013,14.35,14.33,14.65,14.26
7/8/2013,14.78,14.66,15.27,14.66
7/5/2013,14.89,15.59,16.28,14.89
7/3/2013,16.2,17.22,17.32,16.2
7/2/2013,16.44,16.49,16.93,15.88
7/1/2013,16.37,16.9,16.9,16
6/28/2013,16.86,17.25,17.69,16.19
6/27/2013,16.86,16.6,16.97,16.34
6/26/2013,17.21,17.23,18.06,17.08
6/25/2013,18.47,18.65,19.22,17.82
6/24/2013,20.11,20.87,21.91,18.58
6/21/2013,18.9,18.97,20.93,18.25
6/20/2013,20.49,18.4,21.32,18.01
6/19/2013,16.64,16.89,17.18,15.36
6/18/2013,16.61,16.81,16.95,16.46
6/17/2013,16.8,16.53,17.62,16.33
6/14/2013,17.15,16.63,17.26,16.03
6/13/2013,16.41,18.38,18.58,16.37
6/12/2013,18.59,16.51,18.6,16.43
6/11/2013,17.07,16.91,17.14,16
6/10/2013,15.44,15.16,15.6,15.1
6/7/2013,15.14,15.9,16.21,14.96
6/6/2013,16.63,17.7,18.51,16.6
6/5/2013,17.5,16.86,17.84,16.57
6/4/2013,16.27,16.16,17.25,15.82
6/3/2013,16.28,16.4,17.58,16.15
5/31/2013,16.3,15.02,16.35,14.36
5/30/2013,14.53,14.9,14.98,14.27
5/29/2013,14.83,15.3,15.65,14.59
5/28/2013,14.48,13.67,14.56,13.56
5/24/2013,13.99,14.59,14.79,13.99
5/23/2013,14.07,14.94,15.11,13.87
5/22/2013,13.82,13.45,14.45,13.05
5/21/2013,13.37,13.08,13.44,12.89
5/20/2013,13.02,13.28,13.28,12.84
5/17/2013,12.45,12.73,12.94,12.26
5/16/2013,13.07,13.07,13.46,12.79
5/15/2013,12.81,12.98,13.43,12.78
5/14/2013,12.77,12.61,13.21,12.54
5/13/2013,12.55,12.57,12.87,12.49
5/10/2013,12.59,13.08,13.45,12.54
5/9/2013,13.13,12.91,13.53,12.78
5/8/2013,12.66,12.87,13.04,12.62
5/7/2013,12.83,12.63,12.96,12.49
5/6/2013,12.66,13.06,13.19,12.66
5/3/2013,12.85,12.92,13.15,12.77
5/2/2013,13.59,14.48,14.48,13.58
5/1/2013,14.49,13.88,14.67,13.87
4/30/2013,13.52,13.71,14.28,13.51
4/29/2013,13.71,13.72,13.94,13.36
4/26/2013,13.61,13.94,14.18,13.49
4/25/2013,13.62,13.61,13.87,13.13
4/24/2013,13.61,13.57,13.75,13.36
4/23/2013,13.48,13.81,14.87,13.46
4/22/2013,14.39,15.08,16,14.04
4/19/2013,14.97,16.67,16.98,14.87
4/18/2013,17.56,16.34,18.2,16.32
4/17/2013,16.51,15.35,17.9,14.98
4/16/2013,13.96,14.72,14.87,13.91
4/15/2013,17.27,13.12,17.27,12.66
4/12/2013,12.06,12.61,13.12,11.99
4/11/2013,12.24,12.55,12.62,12.15
4/10/2013,12.36,12.66,12.88,12.32
4/9/2013,12.84,13.11,13.68,12.75
4/8/2013,13.19,14.04,14.5,13.19
4/5/2013,13.92,15.64,15.65,13.86
4/4/2013,13.89,14.1,14.79,13.89
4/3/2013,14.21,12.65,14.66,12.62
4/2/2013,12.78,13.11,13.18,12.76
4/1/2013,13.58,13.46,14.05,13.26
3/28/2013,12.7,12.91,13.07,12.54
3/27/2013,13.15,13.72,13.97,12.97
3/26/2013,12.77,12.95,13.21,12.69
3/25/2013,13.74,12.85,14.61,12.39
3/22/2013,13.57,13.34,13.85,13.19
3/21/2013,13.99,13.07,14.21,12.62
3/20/2013,12.67,13.18,13.18,12.3
3/19/2013,14.39,13.03,15.4,12.92
3/18/2013,13.36,13.47,13.64,12.57
3/15/2013,11.3,11.52,11.99,11.21
3/14/2013,11.3,11.7,11.75,11.05
3/13/2013,11.83,12.18,12.55,11.79
3/12/2013,12.27,11.79,12.93,11.74
3/11/2013,11.56,12.31,12.34,11.5
3/8/2013,12.59,12.67,13.3,12.49
3/7/2013,13.06,13.45,13.56,13.03
3/6/2013,13.53,13.18,13.77,13.17
3/5/2013,13.48,13.44,13.66,13.24
3/4/2013,14.01,16.16,16.16,14.01
3/1/2013,15.36,16.1,16.82,15.14
2/28/2013,15.51,15,15.6,14.16
2/27/2013,14.73,16.57,16.6,14.42
2/26/2013,16.87,17.5,18.23,16.75
2/25/2013,18.99,13.69,19.28,13.57
2/22/2013,14.17,14.6,15.02,14.16
2/21/2013,15.22,14.68,16.21,14.67
2/20/2013,14.68,12.32,14.68,12.32
2/19/2013,12.31,12.81,12.85,12.08
2/15/2013,12.46,12.47,12.89,12.24
2/14/2013,12.66,13.3,13.32,12.64
2/13/2013,12.98,12.88,13.19,12.67
2/12/2013,12.64,12.82,13.13,12.63
2/11/2013,12.94,13.37,13.42,12.91
2/8/2013,13.02,13.2,13.2,12.89
2/7/2013,13.5,13.47,14.41,13.43
2/6/2013,13.41,14.06,14.08,13.34
2/5/2013,13.72,14.21,14.21,13.39
2/4/2013,14.67,14,14.75,13.8
2/1/2013,12.9,13.37,13.38,12.72
1/31/2013,14.28,14.43,14.43,14.04
1/30/2013,14.32,13.64,14.33,13.6
1/29/2013,13.31,13.87,13.88,13.04
1/28/2013,13.57,13.29,13.91,13.29
1/25/2013,12.89,12.63,12.99,12.5
1/24/2013,12.69,12.73,13.5,12.4
1/23/2013,12.46,12.67,12.67,12.3
1/22/2013,12.43,13.28,13.32,12.43
1/18/2013,12.46,13.52,13.53,12.29
1/17/2013,13.57,13.45,13.7,13.16
1/16/2013,13.42,13.7,13.76,13.2
1/15/2013,13.55,13.97,13.99,13.33
1/14/2013,13.52,13.66,13.85,13.41
1/11/2013,13.36,13.55,13.79,13.36
1/10/2013,13.49,13.33,13.88,13.33
1/9/2013,13.81,13.32,13.93,13.22
1/8/2013,13.62,13.88,14.29,13.62
1/7/2013,13.79,14.53,14.53,13.71
1/4/2013,13.83,14.23,14.31,13.64
1/3/2013,14.56,14.77,14.92,14.24
1/2/2013,14.68,15.24,15.93,14.6
12/31/2012,18.02,22.14,22.19,17.88
12/28/2012,22.72,20.32,22.72,19.94
12/27/2012,19.47,19.39,20.9,19.11
12/26/2012,19.48,18.71,19.63,18.61
12/24/2012,17.84,18.46,18.66,17.84
12/21/2012,17.84,19.85,19.93,17.76
12/20/2012,17.67,17.26,17.96,17.11
12/19/2012,17.36,16.05,17.46,16.04
12/18/2012,15.57,16.39,16.43,15.46
12/17/2012,16.34,17.2,17.2,16.21
12/14/2012,17,16.68,17.15,16.61
12/13/2012,16.56,15.87,16.67,15.71
12/12/2012,15.95,15.6,16.09,15.41
12/11/2012,15.57,15.94,16.01,15.42
12/10/2012,16.05,16.47,16.47,15.96
12/7/2012,15.9,16.12,16.65,15.73
12/6/2012,16.58,16.59,16.85,16.31
12/5/2012,16.46,16.95,17.53,16.27
12/4/2012,17.12,16.66,17.37,16.38
12/3/2012,16.64,15.81,16.69,15.76
11/30/2012,15.87,15.26,16.17,14.89
11/29/2012,15.06,15.21,15.51,15.02
11/28/2012,15.51,16.43,16.98,15.47
11/27/2012,15.92,15.3,15.93,15.01
11/26/2012,15.5,15.63,15.84,15.47
11/23/2012,15.14,15,15.26,15
11/21/2012,15.31,14.96,15.43,14.77
11/20/2012,15.08,15.11,15.65,15.06
11/19/2012,15.24,15.88,15.98,15.1
11/16/2012,16.41,17.65,18.5,16.41
11/15/2012,17.99,17.74,18.64,17.62
11/14/2012,17.92,16.32,18.05,15.93
11/13/2012,16.65,17.36,17.38,16.12
11/12/2012,16.68,18.15,18.15,16.45
11/9/2012,18.61,18.8,18.81,17.67
11/8/2012,18.49,18.69,18.69,17.96
11/7/2012,19.08,17.72,19.4,17.62
11/6/2012,17.58,18.16,18.17,17.19
11/5/2012,18.42,18.33,18.7,18.13
11/2/2012,17.59,16.06,17.6,16.05
11/1/2012,16.69,17.77,17.79,16.45
10/31/2012,18.6,17.68,18.84,17.56
10/26/2012,17.81,18.03,18.64,17.52
10/25/2012,18.12,17.56,18.64,17.3
10/24/2012,18.33,18.22,18.67,17.93
10/23/2012,18.83,18.23,19.65,18.17
10/22/2012,16.62,17.44,17.98,16.62
10/19/2012,17.06,14.91,17.6,14.9
10/18/2012,15.03,15.25,15.5,14.68
10/17/2012,15.07,15.43,15.63,14.9
10/16/2012,15.22,14.84,15.23,14.5
10/15/2012,15.27,16.05,16.21,15.23
10/12/2012,16.14,15.41,16.18,14.96
10/11/2012,15.59,15.33,15.8,15.31
10/10/2012,16.29,16.52,16.79,16.13
10/9/2012,16.37,15.28,16.4,15.18
10/8/2012,15.11,15.19,15.46,15.04
10/5/2012,14.33,13.68,14.78,13.67
10/4/2012,14.55,15.23,15.33,14.53
10/3/2012,15.43,15.63,16.02,15.13
10/2/2012,15.71,15.85,16.5,15.7
10/1/2012,16.32,16.03,16.53,15.13
9/28/2012,15.73,15.23,15.77,14.95
9/27/2012,14.84,16.38,16.5,14.83
9/26/2012,16.81,15.83,17.08,15.83
9/25/2012,15.43,14.19,15.72,14.03
9/24/2012,14.15,15.06,15.06,13.87
9/21/2012,13.98,13.94,14.18,13.69
9/20/2012,14.07,14.63,14.67,14.07
9/19/2012,13.88,13.95,14.08,13.61
9/18/2012,14.18,14.51,14.88,14.17
9/17/2012,14.59,14.67,14.92,14.5
9/14/2012,14.51,13.82,14.71,13.51
9/13/2012,14.05,15.6,15.99,13.91
9/12/2012,15.8,15.59,16.31,15.59
9/11/2012,16.41,16.11,16.41,15.78
9/10/2012,16.28,14.27,16.28,13.97
9/7/2012,14.38,15.6,15.6,14.33
9/6/2012,15.6,17.3,17.3,15.6
9/5/2012,17.74,17.38,17.84,16.99
9/4/2012,17.98,18.65,18.96,17.85
8/31/2012,17.47,17.25,18.04,16.92
8/30/2012,17.83,17.48,18.05,17.44
8/29/2012,17.06,16.61,17.06,16.5
8/28/2012,16.49,16.32,16.92,16.01
8/27/2012,16.35,16.15,16.38,15.75
8/24/2012,15.18,15.99,16,15.18
8/23/2012,15.96,15,16.45,15
8/22/2012,15.11,15.32,15.52,14.75
8/21/2012,15.02,14.1,15.44,14.04
8/20/2012,14.02,14.11,14.78,13.99
8/17/2012,13.45,14.23,14.3,13.32
8/16/2012,14.29,14.88,15.15,14.28
8/15/2012,14.63,14.82,14.98,14.36
8/14/2012,14.85,13.91,15.06,13.91
8/13/2012,13.7,14.09,14.67,13.67
8/10/2012,14.74,15.34,15.5,14.73
8/9/2012,15.28,15.39,15.67,15.28
8/8/2012,15.32,16.46,16.47,15.27
8/7/2012,15.99,15.55,16.03,15.48
8/6/2012,15.95,15.85,16.27,15.82
8/3/2012,15.64,16.05,16.45,15.64
8/2/2012,17.57,19.05,19.25,17.56
8/1/2012,18.96,18.8,19.18,18.2
7/31/2012,18.93,18.4,18.94,18.26
7/30/2012,18.03,17.55,18.08,17.23
7/27/2012,16.7,17.11,17.3,16.52
7/26/2012,17.53,17.68,18.47,17.07
7/25/2012,19.34,19.79,20.67,18.99
7/24/2012,20.47,18.38,21,18.37
7/23/2012,18.62,20.41,20.49,18.34
7/20/2012,16.27,16.65,17.05,15.97
7/19/2012,15.45,16.06,16.7,15.45
7/18/2012,16.16,16.81,16.81,15.69
7/17/2012,16.48,16.72,17.46,16.09
7/16/2012,17.11,17.31,17.32,16.46
7/13/2012,16.74,17.78,17.82,16.36
7/12/2012,18.33,18.82,19.51,17.75
7/11/2012,17.95,17.98,19.17,17.84
7/10/2012,18.72,17.51,19.19,17.29
7/9/2012,17.98,18.17,18.32,17.73
7/6/2012,17.1,18.2,18.25,16.95
7/5/2012,17.5,17.61,18.22,17.18
7/3/2012,16.66,16.67,16.92,16.27
7/2/2012,16.8,17.62,18.19,16.74
6/29/2012,17.08,17.52,18.31,16.87
6/28/2012,19.71,20.33,21.19,19.6
6/27/2012,19.45,19.55,20.12,19.38
6/26/2012,19.72,20.01,20.57,19.42
6/25/2012,20.38,20.47,21.36,19.89
6/22/2012,18.11,18.65,19.37,17.9
6/21/2012,20.08,16.89,20.48,16.77
6/20/2012,17.24,17.96,20.05,17.09
6/19/2012,18.38,17.66,18.42,17.44
6/18/2012,18.32,21.76,21.98,18.24
6/15/2012,21.11,22.47,23.09,20.71
6/14/2012,21.68,24.19,24.81,21.55
6/13/2012,24.27,22.93,24.93,22.66
6/12/2012,22.09,23.15,23.9,22.09
6/11/2012,23.56,19.87,23.56,19.87
6/8/2012,21.23,22.54,22.64,21.23
6/7/2012,21.72,21,22.48,20.74
6/6/2012,22.16,23.76,23.89,22.06
6/5/2012,24.68,25.9,25.9,24.5
6/4/2012,26.12,26.35,27.73,25.72
6/1/2012,26.66,25.87,26.71,24.94
5/31/2012,24.06,23.83,25.46,22.78
5/30/2012,24.14,22.68,24.14,22.66
5/29/2012,21.03,21.7,22.47,20.99
5/25/2012,21.76,22.05,22.29,21.46
5/24/2012,21.54,22,23.22,21.48
5/23/2012,22.33,23.32,24.62,21.99
5/22/2012,22.48,21.76,23.19,20.25
5/21/2012,22.01,24.88,24.88,22.01
5/18/2012,25.1,23.27,25.14,23.07
5/17/2012,24.49,21.99,24.51,21.87
5/16/2012,22.27,21.54,22.69,20.83
5/15/2012,21.97,21.43,22.7,20.76
5/14/2012,21.87,21.47,21.87,20.94
5/11/2012,19.89,19.93,19.94,18.62
5/10/2012,18.83,19.25,19.88,18.77
5/9/2012,20.08,20.65,21.59,19.38
5/8/2012,19.05,19.44,20.91,17.95
5/7/2012,18.94,19.8,19.87,18.41
5/4/2012,19.16,18.03,19.28,17.81
5/3/2012,17.56,16.9,17.92,16.73
5/2/2012,16.88,17.25,17.63,16.78
5/1/2012,16.6,17.27,17.49,16.12
4/30/2012,17.15,17.04,17.41,16.92
4/27/2012,16.32,15.83,16.47,15.83
4/26/2012,16.24,16.97,17.04,15.75
4/25/2012,16.82,17.05,17.38,16.82
4/24/2012,18.1,19.22,19.22,18.09
4/23/2012,18.97,20.22,20.27,18.95
4/20/2012,17.44,17.92,18.05,16.97
4/19/2012,18.36,18.51,19.69,17.69
4/18/2012,18.64,19.02,19.17,18.19
4/17/2012,18.46,18.66,18.66,17.58
4/16/2012,19.55,18.87,20.42,18.6
4/13/2012,19.55,17.95,19.62,17.85
4/12/2012,17.2,19.63,19.74,17.2
4/11/2012,20.02,19.22,20.12,18.73
4/10/2012,20.39,19.1,21.06,18.62
4/9/2012,18.81,18.94,18.94,17.93
4/5/2012,16.7,17.02,17.13,16.29
4/4/2012,16.44,17.07,17.74,16.31
4/3/2012,15.66,15.61,16.65,15.56
4/2/2012,15.64,16.35,16.58,15.02
3/30/2012,15.5,14.88,15.98,14.67
3/29/2012,15.48,16.84,17.2,15.39
3/28/2012,15.47,15.58,17.27,15.4
3/27/2012,15.59,14.52,15.59,14.14
3/26/2012,14.26,14.51,15.03,14.26
3/23/2012,14.82,15.65,16.39,14.69
3/22/2012,15.57,16.04,16.58,15.56
3/21/2012,15.13,14.72,15.31,14.19
3/20/2012,15.58,15.82,15.95,15.11
3/19/2012,15.04,15.42,15.43,14.56
3/16/2012,14.47,14.43,15.24,13.66
3/15/2012,15.42,15.32,15.64,14.94
3/14/2012,15.31,14.42,16.19,14.39
3/13/2012,14.8,14,16.08,13.99
3/12/2012,15.64,15.79,16.67,15.23
3/9/2012,17.11,17.16,17.54,16.63
3/8/2012,17.95,18.08,18.46,17.76
3/7/2012,19.07,20.43,20.44,19.07
3/6/2012,20.87,20.57,21.24,20.3
3/5/2012,18.05,18.27,18.9,18.02
3/2/2012,17.29,17.65,17.65,17.14
3/1/2012,17.26,18.02,18.03,17.26
2/29/2012,18.43,17.8,18.75,17.53
2/28/2012,17.96,18.67,18.67,17.88
2/27/2012,18.19,19.1,19.25,17.58
2/24/2012,17.31,16.68,17.62,16.42
2/23/2012,16.8,18.73,18.97,16.64
2/22/2012,18.19,18.85,18.94,17.92
2/21/2012,18.19,18.41,18.94,17.65
2/17/2012,17.78,18.73,18.79,17.78
2/16/2012,19.22,21.59,21.76,19.22
2/15/2012,21.14,19.74,21.77,19.44
2/14/2012,19.54,19.45,20.76,19.22
2/13/2012,19.04,19.64,19.68,18.99
2/10/2012,20.79,20.1,21.98,20.03
2/9/2012,18.63,18.12,18.72,18.07
2/8/2012,18.16,17.79,18.46,17.53
2/7/2012,17.65,17.93,18.1,17.5
2/6/2012,17.76,17.98,18.02,17.75
2/3/2012,17.1,16.84,17.32,16.81
2/2/2012,17.98,18.38,18.5,17.98
2/1/2012,18.55,18.68,18.82,18.09
1/31/2012,19.44,19.07,19.84,18.99
1/30/2012,19.4,20.33,20.33,19.38
1/27/2012,18.53,19.16,19.16,18.26
1/26/2012,18.57,17.96,19.17,17.9
1/25/2012,18.31,19.35,19.55,18.02
1/24/2012,18.91,19.76,20,18.91
1/23/2012,18.67,19.22,19.31,18.55
1/20/2012,18.28,19.91,19.94,18.16
1/19/2012,19.87,20.49,20.87,19.45
1/18/2012,20.89,23.2,23.44,20.78
1/17/2012,22.2,20.9,22.25,20.69
1/13/2012,20.91,21.41,22.43,20.91
1/12/2012,20.47,21.01,22.03,20.46
1/11/2012,21.05,21.18,21.22,20.98
1/10/2012,20.69,20.14,20.69,20.05
1/9/2012,21.07,21.67,21.78,21
1/6/2012,20.63,21.24,21.72,20.58
1/5/2012,21.48,22.75,23.09,21.34
1/4/2012,22.22,23.44,23.73,22.22
1/3/2012,22.97,22.95,23.1,22.54
12/30/2011,23.4,22.86,23.46,22.79
12/29/2011,22.65,23.52,23.52,22.65
12/28/2011,23.52,22.12,23.56,22.11
12/27/2011,21.91,22.58,22.66,21.82
12/23/2011,20.73,21.1,21.21,20.72
12/22/2011,21.16,21.08,21.33,20.34
12/21/2011,21.43,22.52,22.88,21.12
12/20/2011,23.22,23.56,23.58,22.54
12/19/2011,24.92,25.14,25.38,24.38
12/16/2011,24.29,24.16,25.02,23.51
12/15/2011,25.11,24.38,25.28,24.14
12/14/2011,26.04,26.16,27.55,25.76
12/13/2011,25.41,24.72,26.28,23.27
12/12/2011,25.67,26.78,27.73,25.64
12/9/2011,26.38,29.61,29.61,26.29
12/8/2011,30.59,29.63,30.91,29.47
12/7/2011,28.67,28.61,29.58,28.44
12/6/2011,28.13,27.91,28.13,27.41
12/5/2011,27.84,26.74,28.31,26.52
12/2/2011,27.52,26.26,27.62,25.29
12/1/2011,27.41,27.63,27.89,26.64
11/30/2011,27.8,27.72,28.33,27.51
11/29/2011,30.64,31.76,32.02,30.56
11/28/2011,32.13,31.93,33.11,31.57
11/25/2011,34.47,34.61,34.77,33.12
11/23/2011,33.98,32.91,34.57,32.68
11/22/2011,31.97,33.12,33.39,31.28
11/21/2011,32.91,34.59,35.29,32.53
11/18/2011,32,33.16,33.99,31.92
11/17/2011,34.51,33.15,36.46,32.89
11/16/2011,33.51,32.66,33.51,30.54
11/15/2011,31.22,31.74,32.55,30.4
11/14/2011,31.13,31.42,32.85,31.13
11/11/2011,30.04,29.91,30.42,29.45
11/10/2011,32.81,33.09,35.5,32.12
11/9/2011,36.16,31.32,36.43,30.98
11/8/2011,27.48,29.34,30.49,27.47
11/7/2011,29.85,31.4,32.15,29.85
11/4/2011,30.16,31.46,32.56,30.14
11/3/2011,30.5,31.38,34.65,30.21
11/2/2011,32.74,33.53,34.27,32.55
11/1/2011,34.77,36.03,37.53,33.87
10/31/2011,29.96,27.09,29.97,27.01
10/28/2011,24.53,26.02,26.02,24.44
10/27/2011,25.46,24.72,26.46,24.7
10/26/2011,29.86,30.44,33.3,29.63
10/25/2011,32.22,30.68,32.46,30.32
10/24/2011,29.26,31.67,31.7,28.84
10/21/2011,31.32,32.76,32.98,31.32
10/20/2011,34.78,34.44,36.87,34.16
10/19/2011,34.44,32.92,35.47,31.91
10/18/2011,31.56,33.37,34.71,29.69
10/17/2011,33.39,30.35,33.39,30.12
10/14/2011,28.24,29.07,29.96,28.08
10/13/2011,30.7,31.99,32.76,30.48
10/12/2011,31.26,31.57,31.93,29.79
10/11/2011,32.86,33.95,34.24,32.62
10/10/2011,33.02,35.45,35.45,32.96
10/7/2011,36.2,35.67,37.82,35.19
10/6/2011,36.27,38.24,38.74,36.15
10/5/2011,37.81,40.73,41.2,37.51
10/4/2011,40.82,46.18,46.88,40.02
10/3/2011,45.45,44.25,45.55,41.51
9/30/2011,42.96,40.93,42.99,39.88
9/29/2011,38.84,38.62,42,38.03
9/28/2011,41.08,37.7,41.24,36.65
9/27/2011,37.71,36.59,38.57,35.32
9/26/2011,39.02,40.99,43.34,39.02
9/23/2011,41.25,42.17,42.82,40.42
9/22/2011,41.35,41,43.87,39.33
9/21/2011,37.32,33,37.32,32.45
9/20/2011,32.86,32.42,33.14,31.45
9/19/2011,32.73,34.8,35.33,32.35
9/16/2011,30.98,31.81,32.48,30.43
9/15/2011,31.97,33.43,33.98,31.75
9/14/2011,34.6,36.59,37.76,33.4
9/13/2011,36.91,38.68,39.43,36.69
9/12/2011,38.59,42.56,43.18,38.58
9/9/2011,38.52,35.53,40.74,35.53
9/8/2011,34.32,34.41,34.71,32.79
9/7/2011,33.38,34.24,34.7,33.38
9/6/2011,37,39.84,39.86,37
9/2/2011,33.92,34.29,34.74,32.7
9/1/2011,31.82,31.91,32.38,30.76
8/31/2011,31.62,31.2,32.53,30.16
8/30/2011,32.89,32.97,33.55,31.55
8/29/2011,32.28,33.81,33.81,32.21
8/26/2011,35.59,41.18,43.84,34.33
8/25/2011,39.76,34.43,40.14,34.05
8/24/2011,35.9,37.12,37.38,34.55
8/23/2011,36.27,41.89,42.54,35.83
8/22/2011,42.44,38.8,43.58,38.78
8/19/2011,43.05,45.34,45.4,39.99
8/18/2011,42.67,36.77,45.28,36.69
8/17/2011,31.58,32.09,33.32,30.81
8/16/2011,32.85,33.36,34.49,31.68
8/15/2011,31.87,34.73,34.83,31.47
8/12/2011,36.36,37.08,37.85,34.01
8/11/2011,39,41.94,42.88,37.5
8/10/2011,42.99,39.33,44.41,37.34
8/9/2011,35.06,42.12,47.56,34.28
8/8/2011,48,36.9,48,35.29
8/5/2011,32,28.48,39.25,27.54
8/4/2011,31.66,24.57,32.07,24.31
8/3/2011,23.38,23.58,25.23,22.76
8/2/2011,24.79,24.22,24.79,22.65
8/1/2011,23.66,22.63,25.63,22.46
7/29/2011,25.25,25.28,25.94,23.65
7/28/2011,23.74,22.83,23.99,21.2
7/27/2011,22.98,20.87,23.2,20.87
7/26/2011,20.23,19.75,20.5,19.56
7/25/2011,19.35,19.26,19.5,18.73
7/22/2011,17.52,17.22,17.95,17.14
7/21/2011,17.56,18.61,18.63,17.15
7/20/2011,19.09,18.81,19.65,18.61
7/19/2011,19.21,20.14,20.43,19.12
7/18/2011,20.95,21.25,21.93,20.9
7/15/2011,19.53,20.25,21.68,19.52
7/14/2011,20.8,20.08,21.58,19.35
7/13/2011,19.91,19.08,20.16,18.09
7/12/2011,19.87,19.55,20.13,18.25
7/11/2011,18.39,17.44,19.06,17.16
7/8/2011,15.95,17.14,17.14,15.95
7/7/2011,15.95,15.3,16.13,15.3
7/6/2011,16.34,16.46,17.08,16.32
7/5/2011,16.06,16.32,16.5,15.89
7/1/2011,15.87,16.06,16.29,15.12
6/30/2011,16.52,16.67,16.77,15.88
6/29/2011,17.27,18.62,18.83,16.32
6/28/2011,19.17,20.3,20.45,19.17
6/27/2011,20.56,21.6,21.82,20.27
6/24/2011,21.1,19.2,21.28,19.1
6/23/2011,19.29,20.23,21.5,19.22
6/22/2011,18.52,18.86,18.9,17.72
6/21/2011,18.86,19.46,19.46,17.72
6/20/2011,19.99,22.99,23.08,19.99
6/17/2011,21.85,21.56,22.39,21.01
6/16/2011,22.73,21.37,24.65,20.81
6/15/2011,21.32,19.31,21.66,19.03
6/14/2011,18.26,18.56,18.56,17.8
6/13/2011,19.61,19.1,20.02,18.41
6/10/2011,18.86,17.93,19.16,17.93
6/9/2011,17.77,18.2,18.31,17.26
6/8/2011,18.79,18.15,18.83,17.72
6/7/2011,18.07,18.13,18.48,17.39
6/6/2011,18.49,18.42,18.65,17.65
6/3/2011,17.95,18.23,19.87,17.12
6/2/2011,18.09,17.92,18.72,17.39
6/1/2011,18.3,15.95,18.48,15.95
5/31/2011,15.45,15.85,16.5,15.15
5/27/2011,15.98,16.11,16.27,15.36
5/26/2011,16.09,17.17,17.46,15.9
5/25/2011,17.07,18.26,18.26,16.7
5/24/2011,17.82,18.07,18.19,17
5/23/2011,18.27,20.03,20.03,17.47
5/20/2011,17.43,15.88,17.43,15.7
5/19/2011,15.52,15.9,16.56,15.5
5/18/2011,16.23,17.56,17.68,16.03
5/17/2011,17.55,18.54,19.09,17.47
5/16/2011,18.24,17.86,18.25,16.61
5/13/2011,17.07,16.02,17.56,15.98
5/12/2011,16.03,17.27,17.89,16.03
5/11/2011,16.95,16.27,17.49,16.23
5/10/2011,15.91,16.84,16.9,15.79
5/9/2011,17.16,18.59,18.59,17.04
5/6/2011,18.4,17.17,19.29,16.12
5/5/2011,18.2,17.68,19.11,16.74
5/4/2011,17.08,16.84,17.72,16.83
5/3/2011,16.7,16.35,17.29,16.13
5/2/2011,15.99,15.07,16.13,15.07
4/29/2011,14.75,14.56,14.99,14.49
4/28/2011,14.62,15.54,15.54,14.27
4/27/2011,15.35,15.37,16.42,15.13
4/26/2011,15.62,15.36,15.66,15.07
4/25/2011,15.77,15.64,16.06,15.5
4/21/2011,14.69,14.71,15.23,14.4
4/20/2011,15.07,14.31,15.39,14.3
4/19/2011,15.83,16.62,16.72,15.69
4/18/2011,16.96,18.3,19.07,16.81
4/15/2011,15.32,15.97,15.98,14.92
4/14/2011,16.27,17.77,18.08,16.08
4/13/2011,16.92,16.33,17.38,16.2
4/12/2011,17.09,17.58,18.46,16.88
4/11/2011,16.59,16.74,17.05,16.22
4/8/2011,17.87,16.51,18.33,16.51
4/7/2011,17.11,16.92,17.77,16.49
4/6/2011,16.9,16.75,17.15,16.5
4/5/2011,17.25,17.87,17.87,16.5
4/4/2011,17.5,17.63,17.85,17.39
4/1/2011,17.4,16.68,17.62,16.44
3/31/2011,17.74,17.9,17.95,17.41
3/30/2011,17.71,17.82,17.89,17.37
3/29/2011,18.16,19.17,19.78,18.15
3/28/2011,19.44,18.31,19.44,17.96
3/25/2011,17.91,17.87,18.08,17.07
3/24/2011,18,18.45,18.99,17.87
3/23/2011,19.17,20.59,21.05,18.19
3/22/2011,20.21,20.53,20.59,19.97
3/21/2011,20.61,22.1,22.16,20.48
3/18/2011,24.44,23.9,24.85,23.09
3/17/2011,26.37,26.94,27.54,25.44
3/16/2011,29.4,24.65,31.28,24.04
3/15/2011,24.32,25.66,25.72,23.31
3/14/2011,21.13,21.79,22.74,20.92
3/11/2011,20.08,21.72,21.75,19.97
3/10/2011,21.88,21.37,22.25,20.34
3/9/2011,20.22,20.05,20.96,19.41
3/8/2011,19.82,20.58,21.06,19.15
3/7/2011,20.66,19.37,21.77,18.95
3/4/2011,19.06,18.56,20.33,18.31
3/3/2011,18.6,19.27,19.27,18.25
3/2/2011,20.7,20.73,21.14,19.62
3/1/2011,21.01,17.63,21.01,17.63
2/28/2011,18.35,19.12,19.27,18.14
2/25/2011,19.22,20.41,20.44,18.88
2/24/2011,21.32,22.28,22.71,20.81
2/23/2011,22.13,20.84,23.22,20.3
2/22/2011,20.8,19.46,21.45,18.38
2/18/2011,16.43,16.59,16.91,16.05
2/17/2011,16.59,17.01,17.3,15.88
2/16/2011,16.72,16.31,16.74,15.84
2/15/2011,16.37,16.3,16.75,16.27
2/14/2011,15.95,16.07,16.26,15.22
2/11/2011,15.69,16.53,16.53,15.55
2/10/2011,16.09,16.74,17.07,16
2/9/2011,15.87,16.27,16.52,15.86
2/8/2011,15.81,16.29,16.6,15.81
2/7/2011,16.28,16.14,16.54,15.9
2/4/2011,15.93,16.64,16.74,15.89
2/3/2011,16.69,17.53,17.8,16.61
2/2/2011,17.3,17.82,17.84,17.28
2/1/2011,17.63,18.59,18.63,17.4
1/31/2011,19.53,19.61,19.96,18.93
1/28/2011,20.04,15.94,20.08,15.92
1/27/2011,16.15,16.84,16.89,16.13
1/26/2011,16.64,17,17.42,16.59
1/25/2011,17.59,18.22,18.55,17.59
1/24/2011,17.65,18.78,18.93,17.56
1/21/2011,18.47,17.03,18.61,16.6
1/20/2011,17.99,17.81,18.85,17.65
1/19/2011,17.31,15.89,17.67,15.86
1/18/2011,15.87,16.19,16.2,15.71
1/14/2011,15.46,16.67,16.71,15.37
1/13/2011,16.39,16.51,16.78,16.14
1/12/2011,16.24,16.26,16.5,16.17
1/11/2011,16.89,16.61,17.35,16.6
1/10/2011,17.54,18.35,18.63,17.54
1/7/2011,17.14,17.31,18.07,16.57
1/6/2011,17.4,16.8,17.56,16.79
1/5/2011,17.02,17.81,17.95,16.86
1/4/2011,17.38,17.34,18.24,17.33
1/3/2011,17.61,17.94,17.95,17.29
12/31/2010,17.75,17.91,18.13,17.75
12/30/2010,17.52,17.65,17.89,17.46
12/29/2010,17.28,17.49,17.49,17.02
12/28/2010,17.52,17.3,17.99,17.3
12/27/2010,17.67,18.26,18.32,17.66
12/23/2010,16.47,15.44,16.86,15.4
12/22/2010,15.45,16.52,16.56,15.45
12/21/2010,16.49,16.2,16.62,16.08
12/20/2010,16.41,16.22,16.86,15.78
12/17/2010,16.11,17.62,17.64,15.54
12/16/2010,17.39,18.03,18.27,17.22
12/15/2010,17.94,17.99,18.14,17.37
12/14/2010,17.61,17.6,17.95,17.22
12/13/2010,17.55,16.82,17.67,16.68
12/10/2010,17.61,17.06,17.63,17.06
12/9/2010,17.25,17.32,17.84,17.24
12/8/2010,17.74,17.97,18.32,17.69
12/7/2010,17.99,17.13,18.15,17.13
12/6/2010,18.02,18.8,18.85,17.95
12/3/2010,18.01,19.26,19.28,17.71
12/2/2010,19.39,21.13,21.13,19.1
12/1/2010,21.36,21.19,21.43,20.4
11/30/2010,23.54,23.27,23.79,22.42
11/29/2010,21.53,23.15,23.84,21.38
11/26/2010,22.22,21.17,22.22,20.28
11/24/2010,19.56,19.42,19.61,18.73
11/23/2010,20.63,20.25,21.45,20.24
11/22/2010,18.37,19.45,20.14,18.35
11/19/2010,18.04,19.15,19.72,17.76
11/18/2010,18.75,20.31,20.31,18.75
11/17/2010,21.76,22.19,22.21,21.22
11/16/2010,22.58,21.26,23.07,20.95
11/15/2010,20.2,20.33,20.37,19.14
11/12/2010,20.61,19.59,21.23,19.29
11/11/2010,18.64,19.44,19.75,18.48
11/10/2010,18.47,18.94,19.96,18.41
11/9/2010,19.08,18.51,19.39,17.83
11/8/2010,18.29,19.33,19.35,18.21
11/5/2010,18.26,18.07,18.44,17.92
11/4/2010,18.52,18.03,18.8,17.97
11/3/2010,19.56,21.66,22.02,19.54
11/2/2010,21.57,21.34,21.82,21.22
11/1/2010,21.83,21.65,22.54,20.92
10/29/2010,21.2,21.2,21.4,20.86
10/28/2010,20.88,20.28,21.41,20.18
10/27/2010,20.71,21.11,22.37,20.69
10/26/2010,20.22,20.52,21.01,20.22
10/25/2010,19.85,19.22,19.88,18.86
10/22/2010,18.78,19.36,19.36,18.76
10/21/2010,19.27,19.7,20.53,18.93
10/20/2010,19.79,21.2,21.2,19.67
10/19/2010,20.63,20.7,21.35,19.33
10/18/2010,19.09,20.43,20.71,18.88
10/15/2010,19.03,20.2,21.59,19.02
10/14/2010,19.88,19.59,21.02,19.4
10/13/2010,19.07,17.92,19.16,17.9
10/12/2010,18.93,20,20.1,18.55
10/11/2010,18.96,19.33,19.51,18.8
10/8/2010,20.71,21.58,21.64,20.29
10/7/2010,21.56,21.31,22.16,21.28
10/6/2010,21.49,21.82,22.13,21.46
10/5/2010,21.76,22.52,23.08,21.71
10/4/2010,23.53,23.63,24.34,23.3
10/1/2010,22.5,22.9,23.67,22.46
9/30/2010,23.7,22.85,24.52,22.39
9/29/2010,23.25,23.14,23.45,22.72
9/28/2010,22.6,22.92,24.28,22.4
9/27/2010,22.54,22.58,22.75,21.97
9/24/2010,21.71,22.61,22.61,21.71
9/23/2010,23.87,23.91,24.06,22.56
9/22/2010,22.51,22.56,23.19,21.91
9/21/2010,22.35,21.54,22.59,21.42
9/20/2010,21.5,22.47,22.58,21.25
9/17/2010,22.01,21.65,22.56,21.63
9/16/2010,21.72,22.65,22.83,21.71
9/15/2010,22.1,22.55,22.8,22.1
9/14/2010,21.56,21.69,21.97,20.85
9/13/2010,21.21,21.06,22.05,20.93
9/10/2010,21.99,22.64,22.87,21.76
9/9/2010,22.81,22.22,23.24,22.14
9/8/2010,23.25,23.51,23.56,22.92
9/7/2010,23.8,22.77,23.94,22.77
9/3/2010,21.31,21.99,22.78,21.24
9/2/2010,23.19,24.23,24.31,23.15
9/1/2010,23.89,25.13,25.13,23.86
8/31/2010,26.05,27.58,27.83,25.93
8/30/2010,27.21,25.88,27.21,25.41
8/27/2010,24.45,26.5,28.11,24.41
8/26/2010,27.37,26.45,27.55,25.86
8/25/2010,26.7,28.3,28.92,26.46
8/24/2010,27.46,27.91,28.77,26.32
8/23/2010,25.66,25.97,25.97,24.62
8/20/2010,25.49,26.73,27,25.49
8/19/2010,26.44,24.48,26.78,24.26
8/18/2010,24.59,24.3,25.23,23.4
8/17/2010,24.33,24.72,24.89,23.71
8/16/2010,26.1,27.41,28.1,25.38
8/13/2010,26.24,26.08,26.26,25.45
8/12/2010,25.73,27.21,27.21,25.18
8/11/2010,25.39,24.96,26.1,24.96
8/10/2010,22.37,23.3,24.11,22.17
8/9/2010,22.14,21.85,22.81,21.85
8/6/2010,21.74,23.34,23.89,21.72
8/5/2010,22.1,23.04,23.13,22.07
8/4/2010,22.21,22.69,23.08,22.16
8/3/2010,22.63,22.44,23.06,21.98
8/2/2010,22.01,23.07,23.24,21.74
7/30/2010,23.5,25.47,26.34,23.35
7/29/2010,24.13,23.4,25.54,23.04
7/28/2010,24.25,23.93,24.54,23.14
7/27/2010,23.19,21.89,23.57,21.86
7/26/2010,22.73,24.37,24.61,22.7
7/23/2010,23.47,24.79,25.17,23.32
7/22/2010,24.63,24.37,24.85,23.72
7/21/2010,25.64,23.61,26.63,23.59
7/20/2010,23.93,27.35,27.4,23.79
7/19/2010,25.97,27.02,27.3,25.12
7/16/2010,26.25,25.77,28.16,25.71
7/15/2010,25.14,25.08,27.24,24.74
7/14/2010,24.89,24.61,25.8,24.18
7/13/2010,24.56,23.29,24.57,23.12
7/12/2010,24.43,24.66,25.14,23.53
7/9/2010,24.98,25.35,25.67,24.77
7/8/2010,25.71,26.5,27.42,25.71
7/7/2010,26.84,29.56,29.56,26.84
7/6/2010,29.65,28.82,31.15,27.96
7/2/2010,30.12,31.71,31.88,29.35
7/1/2010,32.86,34.41,37.58,32.72
6/30/2010,34.54,33.95,34.63,31.74
6/29/2010,34.13,31.22,35.39,31.22
6/28/2010,29,29.2,29.9,28.47
6/25/2010,28.53,29.64,30.41,28.07
6/24/2010,29.74,27.61,30.27,27.53
6/23/2010,26.91,26.93,28.55,26.54
6/22/2010,27.05,25.14,27.05,24.41
6/21/2010,24.88,22.9,25.64,22.87
6/18/2010,23.95,24.87,24.88,23.3
6/17/2010,25.05,25.59,26.64,25.05
6/16/2010,25.92,26.72,26.72,25.34
6/15/2010,25.87,27.68,27.84,25.68
6/14/2010,28.58,27.94,28.72,26.98
6/11/2010,28.79,31.79,31.79,28.6
6/10/2010,30.57,31,31.77,29.69
6/9/2010,33.73,32.33,34.12,30.23
6/8/2010,33.7,36.53,37.38,33.36
6/7/2010,36.57,35.66,36.8,34.43
6/4/2010,35.48,32.93,36.12,31.81
6/3/2010,29.46,29.65,31.2,29.12
6/2/2010,30.17,34.39,34.57,29.94
6/1/2010,35.54,34.87,35.68,31.82
5/28/2010,32.07,30.23,33.3,29.53
5/27/2010,29.68,30.24,31.03,29.54
5/26/2010,35.02,32.54,35.02,29.39
5/25/2010,34.61,43.15,43.74,34.59
5/24/2010,38.32,41.74,41.74,35.57
5/21/2010,40.1,47.66,48.2,38.95
5/20/2010,45.79,41.79,46.37,40.3
5/19/2010,35.32,34.65,38.42,33.07
5/18/2010,33.55,28.67,34.17,28.09
5/17/2010,30.84,31.33,35.25,30.76
5/14/2010,31.24,28.4,33.24,28.4
5/13/2010,26.68,26.17,26.85,24.3
5/12/2010,25.52,26.56,26.67,24.98
5/11/2010,28.32,31.04,31.04,25.86
5/10/2010,28.84,28.65,30.6,25.68
5/7/2010,40.95,32.76,42.15,31.71
5/6/2010,32.8,25.88,40.71,24.43
5/5/2010,24.91,25.96,27.23,23.75
5/4/2010,23.84,22.46,25.7,22.46
5/3/2010,20.19,22.41,22.41,19.61
4/30/2010,22.05,18.75,22.39,18.41
4/29/2010,18.44,20.37,20.37,18.44
4/28/2010,21.08,22.08,23.03,20.86
4/27/2010,22.81,18.13,23.2,17.94
4/26/2010,17.47,17.52,17.53,17.07
4/23/2010,16.62,16.62,16.71,16.12
4/22/2010,16.47,17.48,18.19,16.2
4/21/2010,16.32,15.94,16.85,15.5
4/20/2010,15.73,16.84,16.89,15.73
4/19/2010,17.34,19.14,19.55,17.34
4/16/2010,18.36,16.19,19.7,16.11
4/15/2010,15.89,15.87,16.25,15.68
4/14/2010,15.59,15.8,16.2,15.55
4/13/2010,16.2,15.98,16.77,15.81
4/12/2010,15.58,15.67,16,15.23
4/9/2010,16.14,16.32,16.65,16.06
4/8/2010,16.48,17.21,17.8,16.3
4/7/2010,16.62,16.72,17.21,16.16
4/6/2010,16.23,17.39,17.54,16.08
4/5/2010,17.02,17.96,18.16,17.02
4/1/2010,17.47,17.01,18.09,16.79
3/31/2010,17.59,17.66,17.92,17.29
3/30/2010,17.13,17.64,18.08,17.13
3/29/2010,17.59,18.17,18.28,17.57
3/26/2010,17.77,18.27,18.69,17.35
3/25/2010,18.4,17.07,18.54,16.62
3/24/2010,17.55,16.85,17.92,16.83
3/23/2010,16.35,16.84,17.09,16.21
3/22/2010,16.87,18.3,18.34,16.77
3/19/2010,16.97,16.17,17.57,16.17
3/18/2010,16.62,16.96,16.99,16.31
3/17/2010,16.91,16.97,17.17,16.52
3/16/2010,17.69,17.78,18.01,17.42
3/15/2010,18,18.28,18.78,17.96
3/12/2010,17.58,17.97,18.53,17.58
3/11/2010,18.06,18.9,19.34,18.06
3/10/2010,18.57,18,18.6,17.43
3/9/2010,17.92,18.18,18.19,17.51
3/8/2010,17.79,17.95,17.96,17.56
3/5/2010,17.42,18.06,18.15,17.23
3/4/2010,18.72,18.86,19.27,18.58
3/3/2010,18.83,18.95,19.3,18.42
3/2/2010,19.06,18.83,19.36,18.6
3/1/2010,19.26,19.93,19.94,19.18
2/26/2010,19.5,19.88,20.53,19.32
2/25/2010,20.1,22.03,22.68,20.06
2/24/2010,20.27,21.23,21.58,20.22
2/23/2010,21.37,20.39,21.94,20.06
2/22/2010,19.94,20.16,21,19.59
2/19/2010,20.02,21.07,21.14,19.71
2/18/2010,20.63,21.72,22.21,20.6
2/17/2010,21.72,22.25,22.6,21.7
2/16/2010,22.25,23.51,23.57,22.13
2/12/2010,22.73,23.96,25.54,22.73
2/11/2010,23.96,25.82,26.11,23.87
2/10/2010,25.4,26.36,26.77,24.8
2/9/2010,26,26.51,26.56,24.78
2/8/2010,26.51,26.11,27.11,25.48
2/5/2010,26.11,25.69,29.22,25.37
2/4/2010,26.08,22.63,26.32,22.63
2/3/2010,21.6,22.11,22.11,21.33
2/2/2010,21.48,22.59,22.99,21.08
2/1/2010,22.59,24.33,24.33,22.58
1/29/2010,24.62,23.73,25.03,22.11
1/28/2010,23.73,22.79,25.3,22.69
1/27/2010,23.14,24.81,25.69,23.14
1/26/2010,24.55,26.03,26.22,22.77
1/25/2010,25.41,27.32,27.32,24.61
1/22/2010,27.31,22.27,28.01,22.27
1/21/2010,22.27,18.59,22.3,18.27
1/20/2010,18.68,18.51,19.69,18.44
1/19/2010,17.58,18.63,18.85,17.33
1/15/2010,17.91,17.63,19.02,17.63
1/14/2010,17.63,18.16,18.27,17.38
1/13/2010,17.85,17.94,18.72,17.56
1/12/2010,18.25,17.95,19.46,17.95
1/11/2010,17.55,16.93,17.74,16.86
1/8/2010,18.13,19.27,19.27,18.11
1/7/2010,19.06,19.68,19.71,18.7
1/6/2010,19.16,19.59,19.68,18.77
1/5/2010,19.35,20.05,20.13,19.34
1/4/2010,20.04,21.68,21.68,20.03
12/31/2009,21.68,19.96,21.83,19.89
12/30/2009,19.96,20.36,20.44,19.93
12/29/2009,20.01,19.87,20.12,19.62
12/28/2009,19.93,20.29,20.53,19.9
12/24/2009,19.47,19.67,19.67,19.25
12/23/2009,19.71,19.54,19.97,19.35
12/22/2009,19.54,20.39,20.4,19.54
12/21/2009,20.49,21.46,21.51,20.28
12/18/2009,21.68,21.84,23.02,21.68
12/17/2009,22.51,21.89,22.86,21.4
12/16/2009,20.54,21.5,21.5,20.46
12/15/2009,21.49,21.09,21.87,20.91
12/14/2009,21.15,21.59,21.59,20.57
12/11/2009,21.59,21.45,22.31,21.39
12/10/2009,22.32,22.66,22.66,21.77
12/9/2009,22.66,23.21,24.2,22.54
12/8/2009,23.69,23.28,23.97,22.84
12/7/2009,22.1,22.32,22.46,21.6
12/4/2009,21.25,21.18,22.76,20.62
12/3/2009,22.46,21.15,22.5,20.61
12/2/2009,21.12,21.89,22.19,21.01
12/1/2009,21.92,24.51,24.51,21.88
11/30/2009,24.51,24.95,25.57,24.19
11/27/2009,24.85,25.75,25.93,23.12
11/25/2009,20.48,20.23,20.57,20.05
11/24/2009,20.47,21.28,21.87,20.35
11/23/2009,21.16,21.98,21.98,20.9
11/20/2009,22.19,23.45,23.45,22.14
11/19/2009,22.63,21.63,24.2,21.63
11/18/2009,21.63,22.35,22.65,21.63
11/17/2009,22.41,22.81,23.33,22.27
11/16/2009,22.89,23.36,23.42,22.76
11/13/2009,23.36,24.25,24.43,23.22
11/12/2009,24.24,23.04,24.61,22.91
11/11/2009,23.04,22.84,23.68,22.07
11/10/2009,22.84,23.15,23.53,22.78
11/9/2009,23.15,24.19,24.24,23.14
11/6/2009,24.19,26.17,26.17,24.06
11/5/2009,25.43,27.28,27.39,25.41
11/4/2009,27.72,27.88,28.19,26.61
11/3/2009,28.81,30.62,30.8,28.77
11/2/2009,29.78,30.7,31.84,28.07
10/30/2009,30.69,24.76,31.59,24.76
10/29/2009,24.76,27.16,27.19,24.68
10/28/2009,27.91,24.83,27.94,24.83
10/27/2009,24.83,24.38,25.22,24.03
10/26/2009,24.31,23.06,24.86,21.89
10/23/2009,22.27,20.7,22.59,20.34
10/22/2009,20.69,22.22,22.77,20.33
10/21/2009,22.22,20.9,22.48,20.1
10/20/2009,20.9,21.55,21.76,20.9
10/19/2009,21.49,21.41,22.46,20.91
10/16/2009,21.43,21.72,22.6,20.98
10/15/2009,21.72,23.51,23.53,21.49
10/14/2009,22.86,22.08,22.89,22.08
10/13/2009,22.99,23,24.07,22.74
10/12/2009,23.01,23.12,23.53,22.67
10/9/2009,23.12,24.39,24.54,22.99
10/8/2009,24.18,24.68,24.69,23.9
10/7/2009,24.68,25.78,25.82,24.57
10/6/2009,25.7,26.39,26.41,25.19
10/5/2009,26.84,29.34,29.34,26.57
10/2/2009,28.68,29.34,29.56,27.98
10/1/2009,28.27,25.98,28.42,25.98
9/30/2009,25.61,25.19,26.45,24.76
9/29/2009,25.19,24.88,25.28,24.54
9/28/2009,24.88,26.26,26.4,24.85
9/25/2009,25.61,25.18,26.34,24.81
9/24/2009,24.95,23.67,25.37,23.44
9/23/2009,23.49,22.9,23.69,22.19
9/22/2009,23.08,23.81,23.98,23.06
9/21/2009,24.06,25.34,25.51,23.71
9/18/2009,23.92,23.65,24.43,23.14
9/17/2009,23.65,23.99,24.07,23.33
9/16/2009,23.69,23.29,23.92,22.78
9/15/2009,23.42,23.9,24.27,23.07
9/14/2009,23.86,25.39,25.39,23.75
9/11/2009,24.15,23.49,24.33,23.21
9/10/2009,23.55,24.4,24.76,22.86
9/9/2009,24.32,25.66,25.93,24.23
9/8/2009,25.62,25.26,26.15,25.26
9/4/2009,25.26,26.98,26.98,24.86
9/3/2009,27.1,28.9,28.9,26.98
9/2/2009,28.9,29.14,29.57,28.41
9/1/2009,29.15,26.01,29.23,26
8/31/2009,26.01,24.76,27.01,24.76
8/28/2009,24.76,24.44,25.5,24.28
8/27/2009,24.68,25.13,25.89,24.43
8/26/2009,24.95,24.91,25.56,24.69
8/25/2009,24.92,25.13,25.13,23.68
8/24/2009,25.14,25.01,25.7,25.01
8/21/2009,25.01,24.49,25.06,23.91
8/20/2009,25.09,26.45,26.45,24.75
8/19/2009,26.26,28.08,28.14,26.14
8/18/2009,26.18,27.89,27.89,26.08
8/17/2009,27.89,24.27,28.39,24.27
8/14/2009,24.27,24.77,25.94,24.26
8/13/2009,24.71,25.34,26.15,24.71
8/12/2009,25.45,25.99,26.5,25.11
8/11/2009,25.99,24.98,26.98,24.98
8/10/2009,24.99,24.76,25.82,24.76
8/7/2009,24.76,24.71,24.95,23.98
8/6/2009,25.67,24.9,26.15,24.47
8/5/2009,24.9,24.91,25.85,24.86
8/4/2009,24.89,25.55,26.16,24.89
8/3/2009,25.56,25.92,26.49,25.56
7/31/2009,25.92,25.4,26.22,24.93
7/30/2009,25.4,25.4,25.76,25.03
7/29/2009,25.61,25.47,26.18,25.41
7/28/2009,25.01,24.28,25.61,24.28
7/27/2009,24.28,24.06,24.86,24.02
7/24/2009,23.09,23.87,23.87,23
7/23/2009,23.43,23.71,24.05,23.21
7/22/2009,23.47,24.05,24.14,23.24
7/21/2009,23.87,24.28,25.14,23.81
7/20/2009,24.4,25.06,25.42,24.26
7/17/2009,24.34,25.42,25.55,23.88
7/16/2009,25.42,25.96,26.18,24.51
7/15/2009,25.89,25.05,26.06,23.83
7/14/2009,25.02,26.31,26.84,24.99
7/13/2009,26.31,28.36,29.24,25.42
7/10/2009,29.02,29.78,30.34,28.82
7/9/2009,29.78,30.23,30.49,29.28
7/8/2009,31.3,30.85,33.05,30.43
7/7/2009,30.85,29,30.94,28.9
7/6/2009,29,30.32,30.6,28.99
7/2/2009,27.95,26.22,28.62,26.22
7/1/2009,26.22,25.73,26.31,24.8
6/30/2009,26.35,25.36,27.38,25.02
6/29/2009,25.35,25.93,27.18,25.29
6/26/2009,25.93,27.09,27.22,25.76
6/25/2009,26.36,29.45,29.56,26.3
6/24/2009,29.05,30.58,30.58,28.79
6/23/2009,30.58,31.3,31.54,30.19
6/22/2009,31.17,30.4,32.05,30.3
6/19/2009,27.99,29.16,29.32,27.56
6/18/2009,30.03,31.54,31.54,29.6
6/17/2009,31.54,31.19,32.77,30.64
6/16/2009,32.68,30.81,32.75,30.07
6/15/2009,30.81,29.7,31.09,29.64
6/12/2009,28.15,28.08,28.5,27.73
6/11/2009,28.11,27.36,28.11,26.81
6/10/2009,28.46,26.9,29.74,26.9
6/9/2009,28.27,29.77,29.77,27.79
6/8/2009,29.77,30.84,31.82,29.33
6/5/2009,29.62,29.39,30.81,29.1
6/4/2009,30.18,31.02,31.02,29.92
6/3/2009,31.02,29.62,31.79,29.62
6/2/2009,29.63,30.04,30.13,28.3
6/1/2009,30.04,28.7,30.05,28.45
5/29/2009,28.92,31.67,31.67,28.85
5/28/2009,31.67,31.54,33.32,31.1
5/27/2009,32.36,30.8,32.53,29.62
5/26/2009,30.62,34.57,34.57,30.38
5/22/2009,32.63,31.36,32.71,30.57
5/21/2009,31.35,29.03,32.77,29.03
5/20/2009,29.03,27.47,29.16,26.57
5/19/2009,28.8,30.23,30.32,28.35
5/18/2009,30.24,32.91,32.91,30
5/15/2009,33.12,31.36,33.61,30.59
5/14/2009,31.37,33.65,33.96,31.32
5/13/2009,33.65,32.97,33.99,32.56
5/12/2009,31.8,32.68,33.29,31.57
5/11/2009,32.87,32.05,34.08,32.05
5/8/2009,32.05,32.36,32.72,31.19
5/7/2009,33.44,32.1,34.56,31.91
5/6/2009,32.45,33.36,33.7,32.43
5/5/2009,33.36,34.54,35.14,33.36
5/4/2009,34.53,35.3,36.24,34.31
5/1/2009,35.3,36.5,36.88,34.88
4/30/2009,36.5,36.09,36.71,34.5
4/29/2009,36.08,37.95,37.95,35.37
4/28/2009,37.95,39.43,39.64,37.42
4/27/2009,38.32,39.46,39.52,37.97
4/24/2009,36.82,36.86,37.53,36.37
4/23/2009,37.15,38.1,38.52,37.01
4/22/2009,38.1,37.14,38.19,36.01
4/21/2009,37.14,40.27,40.29,36.95
4/20/2009,39.18,33.94,39.58,33.94
4/17/2009,33.94,35.36,35.52,33.68
4/16/2009,35.79,36.04,36.8,34.88
4/15/2009,36.17,37.85,38.06,36.1
4/14/2009,37.67,37.95,38.5,36.88
4/13/2009,37.81,38.32,38.91,37.51
4/9/2009,36.53,37.22,37.74,36.53
4/8/2009,38.85,40.39,40.86,38.7
4/7/2009,40.39,41.48,42.5,40.36
4/6/2009,40.93,41.96,43.02,40.83
4/3/2009,39.7,42.03,42.03,39.64
4/2/2009,42.04,42.28,42.68,40.3
4/1/2009,42.28,45.42,45.6,42.26
3/31/2009,44.14,45.54,45.54,42.27
3/30/2009,45.54,44.86,46.28,44.86
3/27/2009,41.04,40.36,42.13,40.36
3/26/2009,40.36,42.25,42.25,40.17
3/25/2009,42.25,42.35,44.2,40.81
3/24/2009,42.93,43.24,44,41.63
3/23/2009,43.23,45.89,45.89,42.06
3/20/2009,45.89,43.6,47.63,43.07
3/19/2009,43.68,40.06,44.17,38.79
3/18/2009,40.06,41.14,42.39,38.98
3/17/2009,40.8,44.23,44.59,40.74
3/16/2009,43.74,42.36,44.23,42.36
3/13/2009,42.36,40.99,43.52,40.03
3/12/2009,41.18,43.53,43.98,40.75
3/11/2009,43.61,43.35,44.26,42.36
3/10/2009,44.37,49.68,49.68,43.88
3/9/2009,49.68,49.35,51.34,48.4
3/6/2009,49.33,50.17,51.95,47.65
3/5/2009,50.17,47.56,51.95,46.98
3/4/2009,47.56,48.02,48.83,45.02
3/3/2009,50.93,52.65,52.76,48.5
3/2/2009,52.65,49.96,53.25,48.35
2/27/2009,46.35,44.66,47.34,44.46
2/26/2009,44.66,43.75,45.33,41.91
2/25/2009,44.67,45.73,47.23,42.84
2/24/2009,45.49,52.5,52.56,44.28
2/23/2009,52.62,49.3,53.16,48.97
2/20/2009,49.3,47.08,52.04,47.08
2/19/2009,47.08,48.54,48.54,44.81
2/18/2009,48.46,48.66,50.29,46
2/17/2009,48.66,48.14,51.18,46.96
2/13/2009,42.93,41.6,43.02,40.73
2/12/2009,41.25,44.52,47.58,41.21
2/11/2009,44.53,46.67,46.67,44.5
2/10/2009,46.67,45.14,48.12,44.18
2/9/2009,43.64,45.4,45.45,43.04
2/6/2009,43.37,43.71,43.71,41.2
2/5/2009,43.73,43.83,46.23,42.32
2/4/2009,43.85,43.06,44.52,41.39
2/3/2009,43.06,45.52,45.52,42.43
2/2/2009,45.52,49.42,49.54,45.26
1/30/2009,44.84,42.63,45.53,42.09
1/29/2009,42.63,41.34,43.03,41.12
1/28/2009,39.66,42.25,42.25,39.46
1/27/2009,42.25,45.11,45.93,42.2
1/26/2009,45.69,47.89,47.93,44.29
1/23/2009,47.27,50.39,51.11,46.43
1/22/2009,47.29,50.65,51.76,46.53
1/21/2009,46.42,51.52,54.12,46.15
1/20/2009,56.65,50.12,57.36,49.27
1/16/2009,46.11,51,51,45.96
1/15/2009,51,49.14,55.16,49.14
1/14/2009,49.14,46.24,51.55,46.14
1/13/2009,43.27,45.84,47.08,43.23
1/12/2009,45.84,42.06,46.62,41.94
1/9/2009,42.82,41.18,43.13,41.05
1/8/2009,42.56,43.38,44.6,42.56
1/7/2009,43.39,38.56,43.82,38.56
1/6/2009,38.56,38.06,39.33,37.34
1/5/2009,39.08,39.24,40.22,38.3
1/2/2009,39.19,39.58,39.82,36.88
12/31/2008,40,41.63,41.63,38.71
12/30/2008,41.63,43.99,44.29,41.63
12/29/2008,43.9,44.86,46.24,43.87
12/26/2008,43.38,44.27,44.36,42.92
12/24/2008,44.21,45.02,45.02,44.15
12/23/2008,45.02,43.19,45.39,41.68
12/22/2008,44.56,44.93,46.69,42.75
12/19/2008,44.93,46.01,46.01,41.29
12/18/2008,47.34,49.84,49.84,44.5
12/17/2008,49.84,52,52.19,49.36
12/16/2008,52.37,56.76,56.76,50.91
12/15/2008,56.76,55.68,58.49,55.68
12/12/2008,54.28,55.78,58.84,54.26
12/11/2008,55.78,55.08,56.44,52.94
12/10/2008,55.73,58.91,58.91,53.79
12/9/2008,58.91,59.48,59.57,56.37
12/8/2008,58.49,58.86,59.87,57.35
12/5/2008,59.93,63.64,66.54,59.26
12/4/2008,63.64,62.19,65.08,60.21
12/3/2008,60.72,62.98,65.37,60.18
12/2/2008,62.98,66.68,67.01,62.31
12/1/2008,68.51,60.47,68.6,60.36
11/28/2008,55.84,56.02,56.82,50.5
11/26/2008,54.92,60.9,62.5,54.62
11/25/2008,60.9,64.76,65.49,60.25
11/24/2008,64.7,71.19,71.35,61.81
11/21/2008,72.67,80.74,80.74,71.63
11/20/2008,80.86,74.26,81.48,72.76
11/19/2008,74.26,68.46,75,67.34
11/18/2008,67.64,70.09,73.13,67.18
11/17/2008,69.15,69.57,69.59,65.1
11/14/2008,66.31,62.6,66.31,59.75
11/13/2008,59.83,66.45,69.99,58.66
11/12/2008,66.46,61.52,67.19,61.52
11/11/2008,61.44,59.98,64.73,58.58
11/10/2008,59.98,56.09,62.09,54.63
11/7/2008,56.1,63.68,63.68,56.03
11/6/2008,63.68,56.71,64.78,55.6
11/5/2008,54.56,47.73,55.62,46.87
11/4/2008,47.73,53.68,53.68,44.25
11/3/2008,53.68,60.17,60.77,53.63
10/31/2008,59.89,62.93,65.85,56.73
10/30/2008,62.9,69.83,69.83,62.67
10/29/2008,69.96,66.96,71.14,62.72
10/28/2008,66.96,73.3,78.98,65.66
10/27/2008,80.06,79.13,81.65,71.29
10/24/2008,79.13,67.8,89.53,67.8
10/23/2008,67.8,68.03,79.43,64.4
10/22/2008,69.65,63.12,72.56,59.47
10/21/2008,53.11,52.95,56.37,50.91
10/20/2008,52.97,70.4,70.4,52.7
10/17/2008,70.33,67.65,74.48,62.44
10/16/2008,67.61,69.21,81.17,66.51
10/15/2008,69.25,55.69,69.47,55.69
10/14/2008,55.13,55.1,59.81,50.67
10/13/2008,54.99,69.95,71.42,54.69
10/10/2008,69.95,65.85,76.94,64.53
10/9/2008,63.92,57.57,64.92,52.54
10/8/2008,57.53,53.68,59.06,51.9
10/7/2008,53.68,52.05,54.19,47.03
10/6/2008,52.05,45.12,58.24,45.12
10/3/2008,45.14,45.22,45.52,41.51
10/2/2008,45.26,39.82,46.48,39.82
10/1/2008,39.81,39.39,42.38,39.39
9/30/2008,39.39,43.77,43.8,38.86
9/29/2008,46.72,36.92,48.4,36.92
9/26/2008,34.74,32.82,36.4,32.82
9/25/2008,32.82,35.19,35.19,32.45
9/24/2008,35.19,35.7,36.71,34.61
9/23/2008,35.72,33.85,36.08,32.63
9/22/2008,33.85,32.4,34.22,30.81
9/19/2008,32.07,33.07,33.08,27.95
9/18/2008,33.1,36.1,42.16,33.1
9/17/2008,36.22,30.25,36.4,30.25
9/16/2008,30.3,31.7,33.7,30.24
9/15/2008,31.7,30.58,31.87,26.86
9/12/2008,25.66,24.8,26.67,24.8
9/11/2008,24.39,25.38,26.25,24.39
9/10/2008,24.52,25.47,25.48,23.8
9/9/2008,25.47,22.69,25.68,22.58
9/8/2008,22.64,22.22,24.06,22.12
9/5/2008,23.06,24.54,24.71,22.97
9/4/2008,24.03,22.02,24.15,21.91
9/3/2008,21.43,21.99,22.3,21.39
9/2/2008,21.99,20.65,22.3,20.47
8/29/2008,20.65,19.43,20.71,19.43
8/28/2008,19.43,19.36,19.66,19.22
8/27/2008,19.76,20.48,20.67,19.53
8/26/2008,20.49,20.98,21.27,20.48
8/25/2008,20.97,18.78,21.22,18.78
8/22/2008,18.81,19.83,19.83,18.64
8/21/2008,19.82,20.43,21.08,19.25
8/20/2008,20.42,21.3,21.67,20.39
8/19/2008,21.28,21.76,22.14,21.28
8/18/2008,20.98,19.58,21.44,19.58
8/15/2008,19.58,20.24,20.65,19.57
8/14/2008,20.34,22.3,22.3,20.07
8/13/2008,21.55,21.57,22.11,20.8
8/12/2008,21.17,20.64,21.51,20.38
8/11/2008,20.12,20.66,20.96,19.66
8/8/2008,20.66,21.15,21.69,20.11
8/7/2008,21.15,20.23,21.46,20.23
8/6/2008,20.23,21.66,21.66,19.75
8/5/2008,21.14,22.99,22.99,21.08
8/4/2008,23.49,23.53,23.86,22.94
8/1/2008,22.57,22.66,23.37,22.35
7/31/2008,22.94,22.33,22.96,21.45
7/30/2008,21.21,22.03,22.31,20.99
7/29/2008,22.03,24.2,24.22,21.96
7/28/2008,24.23,22.91,24.46,22.91
7/25/2008,22.91,23.45,23.45,22.31
7/24/2008,23.44,21.31,23.61,21.31
7/23/2008,21.31,21.23,22.08,20.73
7/22/2008,21.18,24.02,24.08,21.05
7/21/2008,23.05,24.05,24.58,23.04
7/18/2008,24.05,25.01,25.19,24.03
7/17/2008,25.01,24.58,25.26,23.99
7/16/2008,25.1,28.19,28.33,24.87
7/15/2008,28.54,28.47,30.81,27.01
7/14/2008,28.48,27.49,29.3,26.9
7/11/2008,27.49,25.56,29.44,25.56
7/10/2008,25.59,25.22,26.62,25.07
7/9/2008,25.23,23.16,25.39,22.59
7/8/2008,23.15,25.72,26.05,23.02
7/7/2008,25.78,25.48,26.91,24.73
7/3/2008,24.78,25.92,26.08,24.44
7/2/2008,25.92,23.4,25.96,22.7
7/1/2008,23.65,25.14,25.57,23.64
6/30/2008,23.95,24.25,24.26,23.27
6/27/2008,23.44,23.75,24.56,23.3
6/26/2008,23.93,22.23,23.99,22.15
6/25/2008,21.14,22.42,22.42,20.34
6/24/2008,22.42,22.69,23.48,21.68
6/23/2008,22.64,22.89,23.14,22.52
6/20/2008,22.87,21.58,23.7,21.58
6/19/2008,21.58,22.24,22.61,21.07
6/18/2008,22.24,21.67,22.86,21.26
6/17/2008,21.13,20.96,21.42,20.02
6/16/2008,20.95,21.22,22.84,20.73
6/13/2008,21.22,23.02,23.14,21.04
6/12/2008,23.33,23.61,23.98,21.91
6/11/2008,24.12,23.44,24.3,22.86
6/10/2008,23.18,24.37,24.42,22.31
6/9/2008,23.12,23.56,24.47,20.78
6/6/2008,23.56,18.63,23.79,18.63
6/5/2008,18.63,20.54,20.59,18.62
6/4/2008,20.8,20.64,21.31,19.76
6/3/2008,20.24,19.8,21,18.89
6/2/2008,19.83,17.83,20.45,17.83
5/30/2008,17.83,18.14,18.21,17.56
5/29/2008,18.14,19.08,19.17,17.54
5/28/2008,19.07,19.64,20.03,19.01
5/27/2008,19.64,20.78,20.95,19.42
5/23/2008,19.55,18.58,19.8,18.38
5/22/2008,18.05,18.92,19.11,17.82
5/21/2008,18.59,17.64,18.89,17.01
5/20/2008,17.58,17.02,18.42,17.02
5/19/2008,17.01,16.47,17.89,15.82
5/16/2008,16.47,16.3,17.92,16.3
5/15/2008,16.3,17.65,17.84,16.25
5/14/2008,17.66,17.98,17.98,16.19
5/13/2008,17.98,17.79,19.63,17.76
5/12/2008,17.79,19.17,19.48,16.92
5/9/2008,19.41,19.98,20.01,19.3
5/8/2008,19.4,19.73,19.92,18.62
5/7/2008,19.73,18.48,19.98,18.42
5/6/2008,18.21,18.9,19.57,18.11
5/5/2008,18.9,19.16,19.29,18.68
5/2/2008,18.18,18.87,19.11,17.97
5/1/2008,18.88,20.78,20.83,18.87
4/30/2008,20.79,20.24,20.81,19.69
4/29/2008,20.24,19.86,20.54,19.63
4/28/2008,19.64,20.14,20.25,19.37
4/25/2008,19.59,19.6,20.36,19.28
4/24/2008,20.06,20.26,20.77,19.21
4/23/2008,20.26,20.63,20.95,19.88
4/22/2008,20.87,20.47,21.6,20.47
4/21/2008,20.5,20.15,21.12,20.15
4/18/2008,20.13,20.37,20.37,19.21
4/17/2008,20.37,21.13,21.54,20.35
4/16/2008,20.53,22.03,22.09,20.5
4/15/2008,22.78,23.84,23.99,22.72
4/14/2008,23.82,23.46,24.35,23.46
4/11/2008,23.46,23.03,23.59,22.65
4/10/2008,21.98,22.8,23.22,21.63
4/9/2008,22.81,22.36,23.57,22.36
4/8/2008,22.36,22.42,23.16,22.36
4/7/2008,22.42,22.45,22.73,21.21
4/4/2008,22.45,23,23.31,21.75
4/3/2008,23.21,23.84,24.15,23
4/2/2008,23.43,22.64,23.65,22.39
4/1/2008,22.68,25.61,25.61,22.52
3/31/2008,25.61,25.71,26.77,25.35
3/28/2008,25.71,25.81,25.96,25.04
3/27/2008,25.88,25.55,25.98,24.91
3/26/2008,26.08,25.75,26.85,25.51
3/25/2008,25.72,25.75,26.42,25.17
3/24/2008,25.73,26.64,27.04,24.75
3/20/2008,26.62,29.84,29.84,25.8
3/19/2008,29.84,25.78,29.95,25.16
3/18/2008,25.79,32.24,32.24,25.58
3/17/2008,32.24,35.14,35.6,31.1
3/14/2008,31.16,27.31,32.89,26.02
3/13/2008,27.29,27.22,29.62,25.65
3/12/2008,27.22,26.39,27.25,24.9
3/11/2008,26.36,27.25,28.64,26.35
3/10/2008,29.38,28.13,29.73,27.92
3/7/2008,27.49,28.52,29.29,22.29
3/6/2008,27.55,25.45,27.9,25.04
3/5/2008,24.6,25.52,25.77,23.3
3/4/2008,25.52,27.19,27.42,25.51
3/3/2008,26.28,27.54,28.13,26.27
2/29/2008,26.54,23.54,26.91,23.54
2/28/2008,23.53,22.69,23.79,22.69
2/27/2008,22.69,21.9,23.01,21.83
2/26/2008,21.9,23.44,23.45,21.64
2/25/2008,23.03,24.06,25.07,22.69
2/22/2008,24.06,24.99,25.93,23.62
2/21/2008,25.12,24.42,25.45,23.74
2/20/2008,24.4,25.6,26.95,24.21
2/19/2008,25.59,25.39,26.59,24.73
2/15/2008,25.02,25.58,25.67,24.45
2/14/2008,25.54,24.64,25.64,23.98
2/13/2008,24.88,25.67,26.06,24.57
2/12/2008,26.33,26.56,27.17,25.25
2/11/2008,27.6,29.14,29.57,27.32
2/8/2008,28.01,27.98,28.89,27.22
2/7/2008,27.66,29.51,29.7,26.78
2/6/2008,28.97,27.75,29.31,27.04
2/5/2008,28.24,27.2,28.49,27.2
2/4/2008,25.99,25.09,26.03,24.85
2/1/2008,24.02,25.66,25.75,24.02
1/31/2008,26.2,28.78,28.81,25.45
1/30/2008,27.62,27.53,28.34,24.74
1/29/2008,27.32,26.61,27.96,26.55
1/28/2008,27.78,29.67,30.26,27.57
1/25/2008,29.08,26.19,29.76,25.93
1/24/2008,27.78,28.07,28.48,27.03
1/23/2008,29.02,33.84,34.42,22.82
1/22/2008,31.01,35.12,37.57,29.71
1/18/2008,27.18,27.55,29.3,26.27
1/17/2008,28.46,24.11,28.51,23.87
1/16/2008,24.38,23.9,24.38,22.85
1/15/2008,23.34,24.1,24.59,22.97
1/14/2008,22.9,23.76,23.93,22.65
1/11/2008,23.68,24.04,24.41,23.22
1/10/2008,23.45,24.56,24.61,22.62
1/9/2008,24.12,25.61,25.95,23.9
1/8/2008,25.43,23.27,25.6,22.63
1/7/2008,23.79,24.62,24.88,23.3
1/4/2008,23.94,23.5,24.3,23.25
1/3/2008,22.49,23.11,23.27,22.11
1/2/2008,23.17,22.58,24.05,22.4
12/31/2007,22.5,21.87,22.75,21.79
12/28/2007,20.74,19.59,21.05,19.44
12/27/2007,20.26,19.15,20.51,19.15
12/26/2007,18.66,19.37,19.47,18.6
12/24/2007,18.6,19.08,19.42,18.48
12/21/2007,18.47,19.82,19.82,18.28
12/20/2007,20.58,21.02,21.67,20.58
12/19/2007,21.68,22.62,22.68,21.3
12/18/2007,22.64,23.7,24.6,22.41
12/17/2007,24.52,24.13,24.86,23.42
12/14/2007,23.27,23.53,23.53,22.26
12/13/2007,22.56,23.53,24.04,22.41
12/12/2007,22.47,20.82,24.22,20.49
12/11/2007,23.59,20.69,23.7,19.77
12/10/2007,20.74,21.16,21.46,20.36
12/7/2007,20.85,20.69,21.01,20.29
12/6/2007,20.96,22.68,22.75,19.65
12/5/2007,22.53,22.72,23.03,21.87
12/4/2007,23.79,24.3,24.59,23.32
12/3/2007,23.61,23.59,24.49,23.4
11/30/2007,22.87,22.67,23.39,22
11/29/2007,23.97,24.59,24.61,23.35
11/28/2007,24.11,25.14,25.14,23.55
11/27/2007,26.28,28.14,28.24,26.23
11/26/2007,28.91,26.46,28.95,25.84
11/23/2007,25.61,26.42,26.42,25.35
11/21/2007,26.84,26.3,27.77,24.55
11/20/2007,24.88,26.12,27.35,23.62
11/19/2007,26.01,26.74,27.18,25.74
11/16/2007,25.49,27.04,28.12,25.12
11/15/2007,28.06,26.96,29.31,25.98
11/14/2007,25.94,23.35,27.03,23.07
11/13/2007,24.1,27.47,27.5,23.82
11/12/2007,31.09,30.57,31.09,24.47
11/9/2007,28.5,27.96,28.84,26.21
11/8/2007,26.16,26.45,29.15,25.32
11/7/2007,26.49,23.15,26.85,22.75
11/6/2007,21.39,23.5,23.74,21.24
11/5/2007,24.31,25.25,25.46,23.61
11/2/2007,23.01,22.56,25.17,22.56
11/1/2007,23.21,19.89,24.15,17.38
10/31/2007,18.53,20.53,22.09,18.3
10/30/2007,21.07,20.46,21.15,20.31
10/29/2007,19.87,19.93,20.24,16.84
10/26/2007,19.56,19.84,20.97,19.48
10/25/2007,21.17,20.84,22.4,20.04
10/24/2007,20.8,21.16,24.15,20.59
10/23/2007,20.41,21.29,21.43,20.13
10/22/2007,21.64,23.89,23.94,21.38
10/19/2007,22.96,19.15,22.96,19.02
10/18/2007,18.5,19.16,19.56,17.73
10/17/2007,18.54,18.76,20.11,18.28
10/16/2007,20.02,20.07,20.75,19.73
10/15/2007,19.25,18.14,20.01,17.95
10/12/2007,17.73,18.68,18.74,17.49
10/11/2007,18.88,16.15,19.73,16.08
10/10/2007,16.67,16.42,17.35,16.39
10/9/2007,16.12,17.15,17.28,16.09
10/8/2007,17.46,17.73,17.83,17.32
10/5/2007,16.91,17.55,17.56,16.44
10/4/2007,18.44,18.65,18.65,18.26
10/3/2007,18.8,18.88,18.99,18.31
10/2/2007,18.49,17.67,18.89,17.6
10/1/2007,17.84,18.44,18.44,17.11
9/28/2007,18,17.23,18.22,16.91
9/27/2007,17,17.12,17.47,16.95
9/26/2007,17.63,17.92,18.18,17.3
9/25/2007,18.6,20.25,20.46,18.44
9/24/2007,19.37,19.04,19.62,18.32
9/21/2007,19,19.44,19.81,18.37
9/20/2007,20.45,20.47,20.82,19.55
9/19/2007,20.03,19.96,20.57,19.17
9/18/2007,20.35,25.79,26.23,20.27
9/17/2007,26.48,26.45,27.08,25.8
9/14/2007,24.92,26.38,26.48,24.68
9/13/2007,24.76,25.01,25.32,23.83
9/12/2007,24.96,25.97,26.21,24.57
9/11/2007,25.27,27.11,27.21,25.19
9/10/2007,27.38,26.91,28.82,26.56
9/7/2007,26.23,25.98,26.97,25.6
9/6/2007,23.99,24.43,25.14,23.66
9/5/2007,24.58,24.03,25.45,23.8
9/4/2007,22.78,21.93,24.81,21.71
8/31/2007,23.38,23.53,24.07,22.47
8/30/2007,25.06,25.4,25.58,23.69
8/29/2007,23.81,25.87,26.02,23.44
8/28/2007,26.3,23.87,26.57,23.72
8/27/2007,22.72,22.24,22.83,21.96
8/24/2007,20.72,22.75,23.03,20.44
8/23/2007,22.62,22.47,23.61,22.05
8/22/2007,22.89,24.33,24.44,22.87
8/21/2007,25.25,26.39,26.72,24.77
8/20/2007,26.33,29.87,29.95,25.8
8/17/2007,29.99,25.25,31.46,25.23
8/16/2007,30.83,32.68,37.5,30.44
8/15/2007,30.67,28.22,31.76,26.16
8/14/2007,27.68,25.56,28.29,25.31
8/13/2007,26.57,28.02,28.02,25.48
8/10/2007,28.3,28.04,29.84,26.91
8/9/2007,26.48,24.46,26.9,23.84
8/8/2007,21.45,20.97,22.95,19.33
8/7/2007,21.56,23.33,23.74,20.79
8/6/2007,22.94,25.32,26.47,22.44
8/3/2007,25.16,21.52,25.55,21.09
8/2/2007,21.22,22.94,23,21.2
8/1/2007,23.67,23.71,26.22,23.26
7/31/2007,23.52,20.08,23.93,19.68
7/30/2007,20.87,23.64,23.64,20.86
7/27/2007,24.17,20.34,24.17,19.6
7/26/2007,20.74,19.41,23.36,19.3
7/25/2007,18.1,17.77,19.46,17.38
7/24/2007,18.55,17.63,19.09,17.48
7/23/2007,16.81,16.62,17.09,16.39
7/20/2007,16.95,15.39,17.63,15.36
7/19/2007,15.23,15.43,15.62,15.06
7/18/2007,16,16.38,17.06,15.95
7/17/2007,15.63,15.58,15.78,15.31
7/16/2007,15.59,15.57,15.83,15.27
7/13/2007,15.15,15.39,15.51,14.79
7/12/2007,15.54,16.39,16.39,14.93
7/11/2007,16.64,17.69,17.91,16.64
7/10/2007,17.57,15.88,17.68,15.83
7/9/2007,15.16,15.34,15.69,15.03
7/6/2007,14.72,15.36,15.59,14.67
7/5/2007,15.48,15.37,15.95,15.17
7/3/2007,14.92,15.29,15.3,14.85
7/2/2007,15.4,16.48,16.48,15.31
6/29/2007,16.23,15.25,17.13,14.62
6/28/2007,15.54,15.7,15.71,14.98
6/27/2007,15.53,18.87,18.98,15.44
6/26/2007,18.89,16.46,18.89,16.21
6/25/2007,16.65,16.5,17.24,15.41
6/22/2007,15.75,14.45,16.58,14.31
6/21/2007,14.21,14.8,15.56,14.17
6/20/2007,14.67,12.77,14.76,12.75
6/19/2007,12.85,13.78,13.8,12.79
6/18/2007,13.42,14.42,14.51,13.35
6/15/2007,13.94,13.01,13.97,12.58
6/14/2007,13.64,14.76,14.82,13.59
6/13/2007,14.73,16.05,16.1,14.67
6/12/2007,16.67,15.46,16.7,14.77
6/11/2007,14.71,15.31,15.47,14.24
6/8/2007,14.84,16.75,16.78,14.73
6/7/2007,17.06,15.08,17.09,14.89
6/6/2007,14.87,14.07,15.06,14.06
6/5/2007,13.63,13.58,14.17,13.54
6/4/2007,13.29,13.47,13.54,13.21
6/1/2007,12.78,12.77,13.01,12.43
5/31/2007,13.05,12.78,13.18,12.62
5/30/2007,12.83,14.18,14.29,12.82
5/29/2007,13.53,13.86,13.95,13.31
5/25/2007,13.34,13.81,13.87,13.23
5/24/2007,14.08,13.15,14.36,12.92
5/23/2007,13.24,12.77,13.28,12.55
5/22/2007,13.06,12.09,13.38,12.08
5/21/2007,13.3,13.24,13.3,12.7
5/18/2007,12.76,13.01,13.22,12.69
5/17/2007,13.51,13.62,13.82,13.25
5/16/2007,13.5,14.02,14.18,13.47
5/15/2007,14.01,13.88,14.3,13.27
5/14/2007,13.96,13.26,14.43,13.01
5/11/2007,12.95,13.47,13.47,12.63
5/10/2007,13.6,13.31,13.85,12.89
5/9/2007,12.88,13.43,13.5,12.54
5/8/2007,13.21,13.48,13.69,13.16
5/7/2007,13.15,13.34,13.37,13.11
5/4/2007,12.91,12.91,13.36,12.59
5/3/2007,13.09,13.01,13.36,12.89
5/2/2007,13.08,13.52,13.52,12.55
5/1/2007,13.51,14.1,14.6,13.48
4/30/2007,14.22,12.9,14.31,12.78
4/27/2007,12.45,13.12,13.26,12.41
4/26/2007,12.79,13.16,13.67,12.67
4/25/2007,13.21,12.74,13.23,12.58
4/24/2007,13.12,13.12,13.89,13.04
4/23/2007,13.04,12.6,13.08,12.48
4/20/2007,12.07,12.03,12.67,11.97
4/19/2007,12.54,13.16,13.27,12.41
4/18/2007,12.42,12.48,12.57,11.95
4/17/2007,12.14,11.7,12.17,11.5
4/16/2007,11.98,11.86,12.1,11.46
4/13/2007,12.2,12.67,13,12.13
4/12/2007,12.71,13.65,14.15,12.58
4/11/2007,13.49,12.72,14.08,12.72
4/10/2007,12.68,13.33,13.33,12.56
4/9/2007,13.14,13.26,13.56,12.89
4/5/2007,13.23,13.57,13.66,12.69
4/4/2007,13.24,13.82,13.91,13.2
4/3/2007,13.46,14.02,14.06,12.81
4/2/2007,14.53,14.91,15.46,14.4
3/30/2007,14.64,14.94,15.82,14.14
3/29/2007,15.14,14.45,16.05,14.34
3/28/2007,14.98,14.28,15.51,14.22
3/27/2007,13.48,13.35,13.9,13.35
3/26/2007,13.16,13.39,14.7,12.91
3/23/2007,12.95,13.13,13.18,12.46
3/22/2007,12.93,12.29,12.95,12.04
3/21/2007,12.19,13.27,13.67,11.21
3/20/2007,13.27,15.01,15.16,13.25
3/19/2007,14.59,15.82,15.82,14.58
3/16/2007,16.79,15.38,17.71,15.29
3/15/2007,16.43,16.91,16.91,15.27
3/14/2007,17.27,17.63,21.25,16.75
3/13/2007,18.13,14.87,18.42,14.6
3/12/2007,13.99,14.96,14.96,13.76
3/9/2007,14.09,13.7,14.62,13.67
3/8/2007,14.29,14.34,14.7,13.48
3/7/2007,15.24,16.25,16.27,14.52
3/6/2007,15.96,18.31,18.34,15.76
3/5/2007,19.63,20.4,20.41,18.13
3/2/2007,18.61,16.7,18.63,16.04
3/1/2007,15.82,17.76,19.4,15.36
2/28/2007,15.42,17.21,17.29,14.5
2/27/2007,18.31,12.12,19.01,12.1
2/26/2007,11.15,10.59,11.44,10.52
2/23/2007,10.58,10.41,10.7,10.36
2/22/2007,10.18,10.23,10.52,10.01
2/21/2007,10.2,10.48,10.53,10.17
2/20/2007,10.24,10.62,10.72,10.14
2/16/2007,10.02,10.42,10.44,9.98
2/15/2007,10.22,10.28,10.32,10.05
2/14/2007,10.23,10.19,10.26,9.7
2/13/2007,10.34,11.42,11.42,10.33
2/12/2007,11.61,11.33,11.88,11.3
2/9/2007,11.1,10.42,11.56,10.25
2/8/2007,10.44,10.49,10.91,10.4
2/7/2007,10.32,10.31,10.56,10.24
2/6/2007,10.65,10.55,10.88,10.44
2/5/2007,10.55,10.53,10.7,10.44
2/2/2007,10.08,10.3,10.36,9.96
2/1/2007,10.31,10.32,10.43,10.14
1/31/2007,10.42,11.09,11.26,10.27
1/30/2007,10.96,11.28,11.49,10.95
1/29/2007,11.45,11.5,11.6,10.92
1/26/2007,11.13,10.95,11.6,10.92
1/25/2007,11.22,9.99,11.38,9.95
1/24/2007,9.89,10.41,10.41,9.87
1/23/2007,10.34,10.77,10.94,10.22
1/22/2007,10.77,10.77,11.08,10.62
1/19/2007,10.4,10.8,10.81,10.24
1/18/2007,10.85,10.65,11.04,10.45
1/17/2007,10.59,10.9,10.9,10.35
1/16/2007,10.74,10.64,10.89,10.4
1/12/2007,10.15,10.93,10.93,10.14
1/11/2007,10.87,11.42,11.48,10.5
1/10/2007,11.47,12.34,12.5,11.43
1/9/2007,11.91,11.86,12.47,11.69
1/8/2007,12,12.48,12.83,11.78
1/5/2007,12.14,11.84,12.25,11.68
1/4/2007,11.51,12.4,12.42,11.28
1/3/2007,12.04,12.16,12.75,11.53
12/29/2006,11.56,10.95,11.65,10.71
12/28/2006,10.99,10.84,11.06,10.73
12/27/2006,10.64,11.12,11.12,10.59
12/26/2006,11.26,12.03,12.03,11.24
12/22/2006,11.36,10.59,11.46,10.59
12/21/2006,10.53,10.36,10.89,10.13
12/20/2006,10.26,10.3,10.33,10.03
12/19/2006,10.3,11.06,11.31,10.27
12/18/2006,10.6,10.64,10.91,10.4
12/15/2006,10.05,9.68,10.07,9.39
12/14/2006,9.97,10.74,10.75,9.64
12/13/2006,10.18,10.45,10.58,10.15
12/12/2006,10.65,11.2,11.39,10.62
12/11/2006,10.71,11.88,11.93,10.71
12/8/2006,12.07,12.58,12.67,11.91
12/7/2006,12.67,11.35,12.68,11.17
12/6/2006,11.33,11.39,11.55,11.19
12/5/2006,11.27,11.13,11.59,10.85
12/4/2006,11.23,12.01,12.01,10.98
12/1/2006,11.66,11.07,12.28,10.96
11/30/2006,10.91,10.88,11.3,10.58
11/29/2006,10.83,11.41,11.43,10.67
11/28/2006,11.62,12.48,12.55,11.56
11/27/2006,12.3,11.26,12.33,11.14
11/24/2006,10.73,10.81,10.86,10.56
11/22/2006,10.14,10.02,10.15,9.81
11/21/2006,9.9,10.05,10.06,9.84
11/20/2006,9.97,10.42,10.48,9.91
11/17/2006,10.05,10.37,10.48,10.05
11/16/2006,10.16,10.13,10.35,10.04
11/15/2006,10.31,10.47,10.61,10.13
11/14/2006,10.5,10.89,11.31,10.39
11/13/2006,10.86,11.19,11.26,10.69
11/10/2006,10.79,11.01,11.12,10.77
11/9/2006,11.01,10.65,11.07,10.57
11/8/2006,10.75,11.41,11.49,10.7
11/7/2006,11.09,11.06,11.19,10.87
11/6/2006,11.16,11.39,11.41,10.99
11/3/2006,11.16,11.16,11.43,10.97
11/2/2006,11.42,11.61,11.76,11.41
11/1/2006,11.51,10.93,11.68,10.89
10/31/2006,11.1,11.1,11.39,10.99
10/30/2006,11.2,11.36,11.43,10.92
10/27/2006,10.8,10.66,10.99,10.53
10/26/2006,10.56,10.56,10.96,10.47
10/25/2006,10.66,10.88,10.88,10.6
10/24/2006,10.78,11.25,11.27,10.78
10/23/2006,11.08,11.15,11.25,10.8
10/20/2006,10.63,11.06,11.23,10.44
10/19/2006,10.9,11.51,11.57,10.78
10/18/2006,11.34,11.44,11.83,11.33
10/17/2006,11.73,11.36,12.03,11.35
10/16/2006,11.09,11.07,11.2,10.91
10/13/2006,10.75,11.17,11.35,10.75
10/12/2006,11.09,11.5,11.51,11.09
10/11/2006,11.62,11.75,12.03,11.31
10/10/2006,11.52,11.77,11.89,11.47
10/9/2006,11.68,12.07,12.09,11.58
10/6/2006,11.56,11.99,12.17,11.55
10/5/2006,11.98,11.94,12.06,11.65
10/4/2006,11.86,12.64,12.64,11.62
10/3/2006,12.24,12.68,12.91,11.97
10/2/2006,12.57,12.45,12.72,12.11
9/29/2006,11.98,11.75,12.1,11.72
9/28/2006,11.72,11.64,12.06,11.59
9/27/2006,11.58,11.65,11.9,11.42
9/26/2006,11.53,12.23,12.23,11.51
9/25/2006,12.12,12.97,13.41,11.93
9/22/2006,12.59,12.47,13.28,12.47
9/21/2006,12.25,11.43,12.6,11.28
9/20/2006,11.39,11.75,11.75,11.34
9/19/2006,11.98,11.96,12.69,11.86
9/18/2006,11.78,12.28,12.41,11.58
9/15/2006,11.76,11.49,11.85,11.4
9/14/2006,11.55,11.36,11.91,11.15
9/13/2006,11.18,11.4,11.56,10.99
9/12/2006,11.92,13.04,13.14,11.55
9/11/2006,12.99,13.95,13.95,12.75
9/8/2006,13.16,13.79,13.8,13.05
9/7/2006,13.88,14.07,14.49,13.67
9/6/2006,13.74,13.06,13.88,13.06
9/5/2006,12.63,12.8,12.86,12.43
9/1/2006,11.96,12.14,12.33,11.91
8/31/2006,12.31,12.23,12.33,12.07
8/30/2006,12.22,12.14,12.35,12.1
8/29/2006,12.28,12.27,12.83,12.21
8/28/2006,12.18,12.92,12.92,12.07
8/25/2006,12.31,12.41,12.47,12.08
8/24/2006,12.4,12.24,12.58,12.21
8/23/2006,12.4,12.26,12.73,12.16
8/22/2006,12.19,12.42,12.42,11.93
8/21/2006,12.22,12.4,12.62,12.21
8/18/2006,11.64,12.11,12.52,11.57
8/17/2006,12.24,12.69,12.72,12.21
8/16/2006,12.41,12.69,12.95,12.11
8/15/2006,13.42,13.57,13.72,13.15
8/14/2006,14.26,14.15,14.43,13.41
8/11/2006,14.3,14.72,14.85,14.3
8/10/2006,14.46,15.56,15.73,14.45
8/9/2006,15.2,14.76,15.41,14.07
8/8/2006,15.23,15.2,15.55,14.86
8/7/2006,15.23,14.98,15.53,14.97
8/4/2006,14.34,14.03,14.91,13.65
8/3/2006,14.46,15.1,15.19,14.2
8/2/2006,14.34,14.93,14.93,13.92
8/1/2006,15.05,15.49,16.15,15.03
7/31/2006,14.95,15.01,15.13,14.86
7/28/2006,14.33,14.73,14.75,14.06
7/27/2006,14.94,14.26,15.39,14.07
7/26/2006,14.62,15.04,15.21,14.09
7/25/2006,14.85,15.44,15.68,14.31
7/24/2006,14.98,17.08,17.08,14.89
7/21/2006,17.4,16.23,17.56,16.23
7/20/2006,16.21,15.1,16.37,14.87
7/19/2006,15.55,17.62,17.62,14.47
7/18/2006,17.74,18.2,19.58,17.66
7/17/2006,18.64,18.73,18.76,17.75
7/14/2006,18.05,17.57,18.79,17.28
7/13/2006,17.79,15.17,17.83,15.17
7/12/2006,14.49,13.39,14.85,13.26
7/11/2006,13.14,14.31,14.68,13.1
7/10/2006,14.02,14.17,14.5,13.67
7/7/2006,13.97,13.9,14.45,13.43
7/6/2006,13.65,14.04,14.04,13.25
7/5/2006,14.15,13.92,14.77,13.86
7/3/2006,13.05,13.29,13.51,12.77
6/30/2006,13.08,12.9,13.47,12.74
6/29/2006,13.03,15.28,15.3,12.93
6/28/2006,15.79,16.02,17,15.78
6/27/2006,16.4,15.58,16.55,15.27
6/26/2006,15.62,16.55,16.61,15.49
6/23/2006,15.89,16.41,16.58,14.94
6/22/2006,15.88,15.95,16.66,15.56
6/21/2006,15.52,16.67,16.72,14.88
6/20/2006,16.69,17.52,17.65,16.39
6/19/2006,17.83,16.06,18.1,15.73
6/16/2006,17.25,16.56,18.13,16.52
6/15/2006,15.9,21.05,21.14,15.65
6/14/2006,21.46,23.45,23.49,21.45
6/13/2006,23.81,20.95,23.81,20.27
6/12/2006,20.96,18.13,21.25,17.89
6/9/2006,18.12,17.9,18.45,17.07
6/8/2006,18.35,17.92,20.75,17.88
6/7/2006,17.8,15.83,17.86,15.83
6/6/2006,17.34,16.72,18.56,16.65
6/5/2006,16.65,14.97,17.14,14.97
6/2/2006,14.32,14.17,14.97,13.92
6/1/2006,14.52,16.47,16.56,14.48
5/31/2006,16.44,18.09,18.09,16.41
5/30/2006,18.66,15.39,18.72,15.39
5/26/2006,14.26,14.92,15.04,14.26
5/25/2006,15.5,16.67,16.67,15.31
5/24/2006,17.36,17.87,19.87,17.13
5/23/2006,18.26,16.7,18.26,15.36
5/22/2006,17.72,18.55,19.58,16.73
5/19/2006,17.18,16.16,18.01,15.9
5/18/2006,16.99,15.54,17.09,14.96
5/17/2006,16.26,13.83,16.26,13.39
5/16/2006,13.35,13.49,13.61,12.98
5/15/2006,13.57,15.12,15.13,13.44
5/12/2006,14.19,12.71,14.26,12.71
5/11/2006,12.49,12.33,12.92,11.99
5/10/2006,11.78,12.22,12.32,11.78
5/9/2006,11.99,12.1,12.15,11.88
5/8/2006,12,11.98,12.06,11.81
5/5/2006,11.62,11.39,11.62,11.18
5/4/2006,11.86,11.92,12.16,11.71
5/3/2006,11.99,12.21,12.45,11.95
5/2/2006,11.99,12.2,12.27,11.93
5/1/2006,12.54,11.83,12.59,11.75
4/28/2006,11.59,12.13,12.13,11.42
4/27/2006,11.84,12.27,12.52,11.55
4/26/2006,11.76,11.76,11.79,11.34
4/25/2006,11.75,11.71,12.19,11.59
4/24/2006,11.75,12.26,12.42,11.67
4/21/2006,11.59,11.24,11.98,11.19
4/20/2006,11.64,11.3,11.67,11.02
4/19/2006,11.32,11.52,11.8,11.23
4/18/2006,11.4,12.55,12.55,11.31
4/17/2006,12.58,12.8,13.02,12.27
4/13/2006,12.38,12.93,13,12.28
4/12/2006,12.76,13.08,13.09,12.66
4/11/2006,13,12.09,13.06,12.06
4/10/2006,12.19,12.44,12.49,12.04
4/7/2006,12.26,11.44,12.31,11.2
4/6/2006,11.45,11.34,11.74,11.25
4/5/2006,11.13,11.24,11.36,11.06
4/4/2006,11.14,11.66,11.8,11.09
4/3/2006,11.57,11.47,11.62,11.03
3/31/2006,11.39,11.42,11.65,11.27
3/30/2006,11.57,11.03,11.73,10.7
3/29/2006,10.95,11.46,11.57,10.79
3/28/2006,11.58,11.69,11.9,11.38
3/27/2006,11.46,11.46,11.72,11.41
3/24/2006,11.19,11.23,11.48,11.09
3/23/2006,11.17,11.19,11.57,11.11
3/22/2006,11.21,11.71,11.79,11.11
3/21/2006,11.62,11.71,11.89,11.17
3/20/2006,11.79,11.23,12.21,11.13
3/17/2006,12.12,11.56,12.2,11.53
3/16/2006,11.98,10.59,12.05,10.57
3/15/2006,11.35,11.17,11.54,10.98
3/14/2006,10.74,11.61,11.72,10.53
3/13/2006,11.37,11.72,11.75,11.13
3/10/2006,11.85,12.52,12.6,11.79
3/9/2006,12.68,12.21,12.69,12.01
3/8/2006,12.32,12.83,13.34,12.26
3/7/2006,12.66,12.92,13.34,12.64
3/6/2006,12.74,12.22,12.91,12.22
3/3/2006,11.96,12.03,12.1,11.36
3/2/2006,11.72,11.79,11.95,11.56
3/1/2006,11.54,12.05,12.07,11.52
2/28/2006,12.34,11.74,12.36,11.71
2/27/2006,11.59,11.79,11.83,11.4
2/24/2006,11.46,11.94,12.06,11.42
2/23/2006,11.87,11.86,11.97,11.58
2/22/2006,11.88,12.27,12.3,11.68
2/21/2006,12.41,12.36,12.64,12.28
2/17/2006,12.01,11.64,12.21,11.52
2/16/2006,11.48,12.19,12.29,11.13
2/15/2006,12.31,12.43,12.95,12.21
2/14/2006,12.25,13.09,13.15,12.01
2/13/2006,13.35,13.34,13.7,13.05
2/10/2006,12.87,13.35,13.73,12.69
2/9/2006,13.12,12.56,13.15,12.27
2/8/2006,12.83,13.48,13.61,12.76
2/7/2006,13.59,13.2,13.67,12.97
2/6/2006,13.04,13.43,13.43,12.99
2/3/2006,12.96,13.37,13.7,12.64
2/2/2006,13.23,12.54,13.47,12.48
2/1/2006,12.36,13.03,13.03,12.34
1/31/2006,12.95,12.45,13.06,12.45
1/30/2006,12.39,12.22,12.46,12.07
1/27/2006,11.97,12.27,12.33,11.72
1/26/2006,12.42,12.89,12.91,12.19
1/25/2006,12.87,12.95,13.38,12.62
1/24/2006,13.31,13.79,13.83,13.14
1/23/2006,13.93,14.44,14.48,13.58
1/20/2006,14.56,12.1,14.56,11.89
1/19/2006,11.98,12.12,12.34,11.65
1/18/2006,12.25,12.62,12.7,12.2
1/17/2006,11.91,12.13,12.46,11.87
1/13/2006,11.23,11.4,11.61,11.11
1/12/2006,11.2,10.98,11.38,10.94
1/11/2006,10.94,11.03,11.16,10.83
1/10/2006,10.86,11.39,11.39,10.84
1/9/2006,11.13,11.35,11.35,10.98
1/6/2006,11,11.23,11.5,10.81
1/5/2006,11.31,11.43,11.84,11.31
1/4/2006,11.37,11.22,11.71,10.97
1/3/2006,11.14,12.25,12.51,10.99
12/30/2005,12.07,11.96,12.07,11.55
12/29/2005,11.61,11.36,11.67,11.14
12/28/2005,11.35,11.55,11.64,11.26
12/27/2005,11.57,10.97,11.65,10.83
12/23/2005,10.27,10.37,10.48,10.24
12/22/2005,10.29,10.82,10.89,10.28
12/21/2005,10.81,10.71,11.07,10.34
12/20/2005,11.19,11.32,11.45,11
12/19/2005,11.38,11.11,11.38,10.65
12/16/2005,10.68,10.7,10.75,10.15
12/15/2005,10.73,10.66,11.11,10.37
12/14/2005,10.48,10.75,10.79,10.39
12/13/2005,11.11,11.18,11.42,10.74
12/12/2005,11.47,11.43,11.81,11.37
12/9/2005,11.69,11.91,12.2,11.56
12/8/2005,12.21,11.88,12.41,11.73
12/7/2005,12.18,11.49,12.44,11.45
12/6/2005,11.52,11.16,11.59,10.96
12/5/2005,11.6,11.45,11.68,11.4
12/2/2005,11.01,11.1,11.23,10.94
12/1/2005,11.24,12.09,12.23,11.14
11/30/2005,12.06,11.84,12.13,11.55
11/29/2005,11.89,11.77,11.96,11.61
11/28/2005,11.84,11.34,11.99,11.33
11/25/2005,10.88,11.04,11.24,10.88
11/23/2005,10.96,10.96,11.03,10.67
11/22/2005,10.6,11.01,11.1,10.5
11/21/2005,10.82,11.18,11.38,10.71
11/18/2005,11.12,11.19,11.67,10.96
11/17/2005,11.25,11.92,12.2,11.25
11/16/2005,12.26,12.22,12.68,12.17
11/15/2005,12.23,12.16,12.69,11.7
11/14/2005,12.18,11.99,12.34,11.77
11/11/2005,11.63,11.82,11.96,11.63
11/10/2005,11.9,12.68,13.17,11.73
11/9/2005,12.8,13.14,13.36,12.42
11/8/2005,13.08,13.61,13.61,13.04
11/7/2005,13.1,13.11,13.65,12.76
11/4/2005,13.17,12.88,13.62,12.69
11/3/2005,13,13.12,13.23,12.5
11/2/2005,13.48,14.99,14.99,13.38
11/1/2005,14.85,14.85,15.66,14.65
10/31/2005,15.32,14.04,15.39,13.93
10/28/2005,14.25,15.45,15.61,14.11
10/27/2005,16.02,14.73,16.3,14.57
10/26/2005,14.59,14.8,14.88,13.72
10/25/2005,14.53,14.96,15.3,14.2
10/24/2005,14.74,16.18,16.44,14.61
10/21/2005,16.13,15.53,16.27,15.26
10/20/2005,16.11,14.18,16.19,13.98
10/19/2005,13.5,15.63,15.86,13.47
10/18/2005,15.33,14.92,15.4,14.79
10/17/2005,14.67,15.3,15.3,14.58
10/14/2005,14.87,15.99,16.03,14.83
10/13/2005,16.47,16.32,17.19,15.98
10/12/2005,16.22,15.56,16.27,15.04
10/11/2005,15.63,15.35,15.7,15.06
10/10/2005,15.55,14.93,15.61,14.87
10/7/2005,14.59,14.56,14.82,14.3
10/6/2005,14.96,14.53,15.63,14.04
10/5/2005,14.55,13.15,14.58,12.97
10/4/2005,13.2,12.5,13.21,12.11
10/3/2005,12.46,12.37,12.62,11.98
9/30/2005,11.92,12.42,12.44,11.92
9/29/2005,12.24,12.92,13.23,12.15
9/28/2005,12.63,12.6,12.98,12.37
9/27/2005,12.76,13.06,13.46,12.51
9/26/2005,13.04,13.27,13.47,12.64
9/23/2005,12.96,13.64,13.88,12.75
9/22/2005,13.33,13.85,14.39,13.31
9/21/2005,13.79,13.07,13.91,12.96
9/20/2005,12.64,12.23,12.96,11.83
9/19/2005,12.14,12.17,12.46,12.04
9/16/2005,11.22,11.89,11.93,11.07
9/15/2005,12.49,12.72,13.17,12.28
9/14/2005,12.91,12.79,13.26,12.67
9/13/2005,12.39,11.76,12.48,11.75
9/12/2005,11.65,11.66,11.89,11.45
9/9/2005,11.98,12.46,12.65,11.96
9/8/2005,12.93,12.72,12.94,12.37
9/7/2005,12.52,13.06,13.2,12.44
9/6/2005,12.93,14.17,14.18,12.9
9/2/2005,13.57,13.21,13.72,13.03
9/1/2005,13.15,12.86,13.33,12.31
8/31/2005,12.6,13.37,13.63,12.56
8/30/2005,13.65,13.49,14.18,13.47
8/29/2005,13.52,14.34,14.41,13.38
8/26/2005,13.72,13.79,14.2,13.65
8/25/2005,13.73,13.92,14.12,13.66
8/24/2005,14.17,13.56,14.18,13
8/23/2005,13.34,13.63,14.05,13.3
8/22/2005,13.42,13.67,13.89,13.2
8/19/2005,13.42,12.84,13.85,12.61
8/18/2005,13.42,13.47,13.88,13.01
8/17/2005,13.3,13.35,13.76,12.78
8/16/2005,13.52,12.37,13.89,12.28
8/15/2005,12.26,12.87,12.99,12.08
8/12/2005,12.74,12.36,12.98,12.18
8/11/2005,12.42,12.34,12.94,11.88
8/10/2005,12.38,12.03,12.56,11.51
8/9/2005,12.4,12.25,12.78,12.24
8/8/2005,13.21,12.56,13.29,12.56
8/5/2005,12.48,11.82,12.92,11.82
8/4/2005,12.52,12.12,12.57,11.99
8/3/2005,11.83,11.9,12.01,11.62
8/2/2005,11.75,12,12.03,11.69
8/1/2005,12.08,11.75,12.23,11.36
7/29/2005,11.57,10.24,11.73,10.24
7/28/2005,10.52,10.4,10.58,10.27
7/27/2005,10.36,11.03,11.03,10.34
7/26/2005,10.99,11.11,11.25,10.92
7/25/2005,11.1,11.12,11.26,10.7
7/22/2005,10.52,11.01,11.05,10.51
7/21/2005,10.97,10.23,11.21,10.23
7/20/2005,10.23,10.8,10.94,9.88
7/19/2005,10.45,10.63,10.79,10.36
7/18/2005,10.77,11.09,11.09,10.77
7/15/2005,10.33,10.61,10.9,10.13
7/14/2005,10.81,10.87,11.13,10.5
7/13/2005,10.84,11.09,11.44,10.8
7/12/2005,10.95,11.03,11.37,10.85
7/11/2005,11.28,10.96,11.41,10.53
7/8/2005,11.45,12.24,12.29,11.09
7/7/2005,12.49,13.91,13.92,12.48
7/6/2005,12.27,11.67,12.33,11.54
7/5/2005,11.68,12.41,12.41,11.53
7/1/2005,11.4,11.75,11.92,11.38
6/30/2005,12.04,11.72,12.1,11.5
6/29/2005,11.77,11.54,11.78,11.44
6/28/2005,11.58,12.31,12.31,11.55
6/27/2005,12.52,12.73,12.78,12.38
6/24/2005,12.18,12.27,12.32,11.95
6/23/2005,12.13,11.19,12.13,10.96
6/22/2005,11.05,10.96,11.31,10.81
6/21/2005,11.08,11.52,11.67,11.01
6/20/2005,11.47,12.51,12.53,11.31
6/17/2005,11.48,10.83,11.64,10.78
6/16/2005,11.15,11.24,11.36,11.04
6/15/2005,11.46,11.22,11.96,11.05
6/14/2005,11.79,11.65,12.02,11.52
6/13/2005,11.65,12.12,12.12,11.31
6/10/2005,11.96,12.16,12.4,11.9
6/9/2005,12.08,12.69,13.07,12.06
6/8/2005,12.7,12.05,12.83,12.05
6/7/2005,12.39,12.22,12.43,11.47
6/6/2005,12.28,12.68,12.98,12.21
6/3/2005,12.15,11.78,12.49,11.52
6/2/2005,11.84,12.35,12.43,11.8
6/1/2005,12.36,13.34,13.34,12.17
5/31/2005,13.29,12.69,13.45,12.67
5/27/2005,12.15,12.06,12.43,12.06
5/26/2005,12.24,12.23,12.38,11.65
5/25/2005,12.58,12.83,13.11,12.58
5/24/2005,12.69,13.12,13.3,12.53
5/23/2005,12.95,13.38,13.45,12.75
5/20/2005,13.14,13.57,13.73,13.07
5/19/2005,13.32,13.35,14.02,13.25
5/18/2005,13.63,14.11,14.18,13.3
5/17/2005,14.57,15.92,16.21,14.45
5/16/2005,15.68,16.87,16.87,15.67
5/13/2005,16.32,15.88,17.7,15.4
5/12/2005,16.12,14.43,16.23,14.16
5/11/2005,14.45,14.69,15.8,14.31
5/10/2005,14.91,14.05,15.11,14.03
5/9/2005,13.75,14.11,14.56,13.53
5/6/2005,14.05,13.29,14.06,13.11
5/5/2005,13.98,13.48,14.62,13.43
5/4/2005,13.85,14.44,14.94,13.7
5/3/2005,14.53,15.19,15.2,14.53
5/2/2005,15.12,15.45,15.79,15.08
4/29/2005,15.31,15.75,16.92,15.26
4/28/2005,16.86,14.99,16.87,14.99
4/27/2005,14.87,15.37,15.93,14.43
4/26/2005,14.91,14.27,15.15,14.27
4/25/2005,14.62,15.29,15.47,14.6
4/22/2005,15.38,14.54,16.32,14.2
4/21/2005,14.41,16.22,16.22,14.26
4/20/2005,16.92,14.86,17.25,14.52
4/19/2005,14.96,15.28,15.97,14.81
4/18/2005,16.56,18.33,18.59,16.41
4/15/2005,17.74,14.92,18.05,14.71
4/14/2005,14.53,13.4,14.6,12.67
4/13/2005,13.31,11.68,13.44,11.27
4/12/2005,11.3,11.66,12.83,11.19
4/11/2005,11.98,12.09,12.46,11.82
4/8/2005,12.62,12.06,12.65,11.52
4/7/2005,12.33,12.92,12.96,12.3
4/6/2005,13.15,13.75,13.76,12.89
4/5/2005,13.68,14.1,14.11,13.66
4/4/2005,14.11,14.53,14.76,13.96
4/1/2005,14.09,13.64,14.38,12.92
3/31/2005,14.02,13.71,14.1,13.57
3/30/2005,13.64,14.47,14.47,13.64
3/29/2005,14.49,13.96,14.68,13.38
3/28/2005,13.75,14.01,14.01,13.44
3/24/2005,13.42,13.86,13.88,12.97
3/23/2005,14.06,14.61,14.67,13.88
3/22/2005,14.27,13.76,14.28,13.15
3/21/2005,13.61,13.62,13.98,13.33
3/18/2005,13.14,13.65,13.67,13.08
3/17/2005,13.29,13.25,13.67,13.2
3/16/2005,13.49,13.3,13.81,13.19
3/15/2005,13.15,12.44,13.22,12.33
3/14/2005,12.39,12.82,12.99,12.36
3/11/2005,12.8,12.29,12.98,12.11
3/10/2005,12.49,12.62,12.97,12.42
3/9/2005,12.7,12.23,12.72,12.2
3/8/2005,12.4,12.06,12.5,11.95
3/7/2005,12.26,12.36,12.6,12.05
3/4/2005,11.94,12.49,12.5,11.94
3/3/2005,12.93,12.28,13.07,12.23
3/2/2005,12.5,12.88,12.91,12.2
3/1/2005,12.04,11.95,12.1,11.66
2/28/2005,12.08,11.89,12.5,11.73
2/25/2005,11.49,11.75,11.78,10.92
2/24/2005,11.57,12.51,12.51,11.48
2/23/2005,12.39,12.94,12.94,12.3
2/22/2005,13.14,12.18,13.2,12.09
2/18/2005,11.18,11.99,12.12,11.18
2/17/2005,11.77,11.25,11.91,11.21
2/16/2005,11.1,11.4,11.5,11.03
2/15/2005,11.27,11.57,11.76,11.13
2/14/2005,11.52,11.28,11.86,11.18
2/11/2005,11.43,11.64,11.82,11.25
2/10/2005,11.51,11.98,11.99,11.38
2/9/2005,12,11.52,12.02,11.41
2/8/2005,11.6,11.66,11.67,11.45
2/7/2005,11.73,11.53,11.75,11.36
2/4/2005,11.21,11.97,11.97,10.9
2/3/2005,11.79,12.03,12.12,11.72
2/2/2005,11.66,12.01,12.06,11.52
2/1/2005,12.03,12.8,13.05,12.02
1/31/2005,12.82,13.63,13.63,12.79
1/28/2005,13.24,13.15,13.56,12.83
1/27/2005,13.24,13.5,13.57,12.96
1/26/2005,13.44,13.84,13.84,13.06
1/25/2005,14.06,14.34,14.36,13.88
1/24/2005,14.65,14.38,14.75,14.17
1/21/2005,14.36,13.75,14.46,13.4
1/20/2005,13.83,13.37,14.11,13.28
1/19/2005,13.18,12.47,13.21,12.41
1/18/2005,12.47,13.13,13.15,12.3
1/14/2005,12.43,12.68,12.82,12.29
1/13/2005,12.84,12.7,12.86,12.37
1/12/2005,12.56,13.2,13.26,12.54
1/11/2005,13.19,13.44,13.68,13.05
1/10/2005,13.23,13.92,13.93,12.94
1/7/2005,13.49,13.47,13.51,12.94
1/6/2005,13.58,14.09,14.09,13.33
1/5/2005,14.09,13.98,14.09,13.26
1/4/2005,13.98,14.01,14.45,13.93
1/3/2005,14.08,13.39,14.23,13.25
12/31/2004,13.29,12.42,13.29,12.42
12/30/2004,12.56,12.25,12.61,12.18
12/29/2004,11.62,11.61,11.79,11.61
12/28/2004,12,12.25,12.4,11.97
12/27/2004,12.14,11.53,12.16,11.53
12/23/2004,11.23,11.41,11.64,11.14
12/22/2004,11.45,11.42,11.71,11.37
12/21/2004,11.55,11.78,12,11.37
12/20/2004,11.83,12.26,12.34,11.77
12/17/2004,11.95,12.34,12.75,11.87
12/16/2004,12.27,12.34,12.59,11.96
12/15/2004,12.35,12.41,12.88,12.23
12/14/2004,12.73,12.55,12.73,12.21
12/13/2004,12.54,12.37,12.61,12.13
12/10/2004,12.76,13.05,13.15,12.68
