Date,SPY_Return,Portfolio_PnL,Historical_VaR,Parametric_VaR,EWMA_VaR
2010-12-31,0.0002386255170219,238.6255170219176,32058.950211861476,25844.083987701804,26293.9058236182
2011-01-03,0.010337972166998,10337.972166998055,32058.950211861476,25851.79135300958,25493.25017222781
2011-01-04,-0.0005509641873278,-550.964187327807,32058.950211861476,25853.259398385428,25408.951115195152
2011-01-05,0.0051976689242401,5197.668924240117,32058.950211861476,25867.087584584293,24636.892652016657
2011-01-06,-0.0019586336571607,-1958.6336571607576,32058.950211861476,25865.421215992978,24069.2807945972
2011-01-07,-0.0019624774315095,-1962.4774315095683,32058.950211861476,25880.973281137314,23362.70837743022
2011-01-10,-0.0012584552461852,-1258.455246185286,32058.950211861476,25814.20603415037,22678.57468281201
2011-01-11,0.0035438651756183,3543.8651756183326,32058.950211861476,25828.16738327874,21999.384919067343
2011-01-12,0.0090245625049047,9024.562504904798,32058.950211861476,25826.64750092782,21424.58011649017
2011-01-13,-0.0016526675999378,-1652.6675999378738,32058.950211861476,25718.58180074977,21399.005632881723
2011-01-14,0.0072642997643483,7264.299764348392,32058.950211861476,25717.86252858419,20768.468631506097
2011-01-18,0.0017014694508894,1701.469450889448,32058.950211861476,25619.38340757057,20556.86475777654
2011-01-19,-0.009805435453984,-9805.435453984046,32058.950211861476,25372.28412608798,19954.18885491235
2011-01-20,-0.001325536062378,-1325.5360623780632,32058.950211861476,25147.322267663567,20137.02006470317
2011-01-21,0.0022642098688319,2264.2098688319124,32058.950211861476,25166.57277819583,19538.171338715176
2011-01-24,0.00568668692062,5686.686920620021,32058.950211861476,25131.769291890723,18986.848686097648
2011-01-25,0.000542215336948,542.2153369480931,32058.950211861476,25131.581812946748,18691.471870886453
2011-01-26,0.0038708678485717,3870.867848571713,32058.950211861476,25020.81936341665,18124.68809262372
2011-01-27,0.0024678028842448,2467.802884244863,32058.950211861476,24908.557200535022,17710.433220115337
2011-01-28,-0.0174628817601354,-17462.88176013544,32058.950211861476,24869.862287332555,17228.389389711705
2011-01-31,0.0075164422173505,7516.442217350594,32058.950211861476,25072.8130881615,19443.00687816228
2011-02-01,0.0160087037612681,16008.703761268172,32058.950211861476,25029.12294386604,19331.16660102249
2011-02-02,-0.0019504359798072,-1950.4359798072635,32058.950211861476,24514.101925111157,20844.412307719977
2011-02-03,0.0022607962601064,2260.796260106445,32058.950211861476,24532.976384534973,20239.94636555853
2011-02-04,0.0028291787735128,2829.178773512853,32058.950211861476,24467.749745957462,19665.59888610156
2011-02-07,0.0062523827678231,6252.382767823139,32058.950211861476,24449.841357836387,19134.54266394727
2011-02-08,0.0045464878381449,4546.487838144931,32058.950211861476,24425.916062404107,18890.650609844542
2011-02-09,-0.0022704986045107,-2270.4986045107844,32058.950211861476,24415.937090207648,18497.49416113276
2011-02-10,0.0003931382258881,393.1382258881566,32058.950211861476,24424.684130405,17980.595234836244
2011-02-11,0.0059627723490602,5962.772349060286,32058.950211861476,24390.6071721963,17434.273247972
2011-02-14,0.0024040267447975,2404.0267447975607,32058.950211861476,24390.504928673985,17241.279904080595
2011-02-15,-0.0031477179045193,-3147.717904519398,32058.950211861476,24394.39808996269,16772.079803501154
2011-02-16,0.006315314637997,6315.31463799706,32058.950211861476,24421.250518140365,16359.761790616683
2011-02-17,0.0029884198729921,2988.419872992143,32058.950211861476,24409.714036034875,16264.498677829615
2011-02-18,0.0020856610800745,2085.6610800745743,32058.950211861476,24278.50153912689,15860.699460943102
2011-02-22,-0.0200698728908049,-20069.87289080497,32058.950211861476,24277.459215981224,15423.37767139101
2011-02-23,-0.0061442767200182,-6144.276720018272,32058.950211861476,24538.063389015188,18825.576831442675
2011-02-24,-0.000686918027782,-686.9180277820908,32058.950211861476,24585.548502836777,18584.855045518107
2011-02-25,0.0106927365767968,10692.736576796811,32058.950211861476,24590.46276331484,18022.93663788025
2011-02-28,0.006196629638026,6196.62963802603,32058.950211861476,24599.802691462308,18505.747282511573
2011-03-01,-0.0166729252722492,-16672.925272249282,32058.950211861476,24591.393894961995,18286.15180805713
2011-03-02,0.0021385473153594,2138.547315359451,32058.950211861476,24797.06911993708,20114.33175953213
2011-03-03,0.0172242969285876,17224.296928587624,32058.950211861476,24766.99507064681,19539.60598604651
2011-03-04,-0.007492320371619,-7492.320371619066,32058.950211861476,24816.09591044072,21335.962900808376
2011-03-07,-0.0078508341511285,-7850.834151128527,32058.950211861476,24880.621603803,21121.971304342707
2011-03-08,0.008749904892338,8749.904892338067,32058.950211861476,24954.122243886413,20961.47256471829
2011-03-09,-0.001433096998039,-1433.0969980390628,32058.950211861476,24958.61000932774,20925.59871912598
2011-03-10,-0.0185248130523452,-18524.813052345213,32058.950211861476,24966.3471972528,20304.54941785048
2011-03-11,0.006945646945647,6945.646945647032,32058.950211861476,25195.915925847337,22337.63213901711
2011-03-14,-0.0060379088963619,-6037.90889636191,32058.950211861476,25194.02714338639,22015.822978123342
2011-03-15,-0.0114571318723568,-11457.131872356862,32058.950211861476,25247.547115881716,21620.65093313165
2011-03-16,-0.0185516490354699,-18551.64903546991,32058.950211861476,25350.7298576762,21955.163767480582
2011-03-17,0.0132752129978204,13275.212997820418,32058.950211861476,25501.50397405463,23766.828015359377
2011-03-18,-0.0007039499413373,-703.9499413373784,32058.950211861476,25528.90632420663,24252.733703444523
2011-03-21,0.0154978083907326,15497.80839073267,32058.950211861476,25542.07262102712,23517.319085456023
2011-03-22,-0.0034684754123632,-3468.475412363281,32058.950211861476,25543.75620499821,24451.39746359219
2011-03-23,0.0028617835872843,2861.7835872843943,32058.950211861476,25555.77925344336,23788.75779656094
2011-03-24,0.0095634737004473,9563.4737004473,32058.950211861476,25543.89451592034,23121.635741336468
2011-03-25,0.00305576776165,3055.767761650063,32058.950211861476,25551.072263925667,23070.148641945405
2011-03-28,-0.0024371667936026,-2437.166793602619,32058.950211861476,25544.276828882244,22435.015869216877
2011-03-29,0.0067185829897695,6718.582989769573,32058.950211861476,25537.61784804903,21795.845228162045
2011-03-30,0.006901258910966,6901.258910966046,32058.950211861476,25537.471894587958,21475.86327183031
2011-03-31,-0.0013557279505912,-1355.7279505912456,32058.950211861476,25535.15927571693,21189.742812542856
2011-04-01,0.0042235462704578,4223.546270457845,32058.950211861476,25550.013517552605,20558.738083648608
2011-04-04,0.000826135936913,826.1359369130528,32058.950211861476,25499.8364437747,20077.210032199317
2011-04-05,-0.0001500825453998,-150.08254539983224,32058.950211861476,25506.85930246437,19471.269043997625
2011-04-06,0.003152206544581,3152.2065445810376,32058.950211861476,25518.607276106388,18878.289466831888
2011-04-07,-0.002543767768966,-2543.767768966032,32058.950211861476,25514.79934508597,18391.109570986348
2011-04-08,-0.0034503450345032,-3450.3450345032547,32058.950211861476,25531.812169478024,17889.664026451166
2011-04-11,-0.0030106879421948,-3010.6879421948342,32058.950211861476,25547.832618468037,17455.754115629727
2011-04-12,-0.0074739544013288,-7473.954401328809,32058.950211861476,25568.03766516577,17010.71526572132
2011-04-13,-7.606298014750656e-05,-76.06298014750656,32058.950211861476,25448.559538751244,17033.527860512517
2011-04-14,0.0007606876616461,760.6876616461644,32058.950211861476,25459.404064287854,16514.67486050709
2011-04-15,0.0036485253876556,3648.525387655699,32058.950211861476,25461.691042028036,16017.437709442964
2011-04-18,-0.0112087246289002,-11208.724628900212,32058.950211861476,25442.128836795146,15668.034822956744
2011-04-19,0.0057444852941177,5744.485294117751,32058.950211861476,25552.58585053841,16478.884749977093
2011-04-20,0.0136318635290533,13631.863529053324,32058.950211861476,25551.90267965753,16308.761033427989
2011-04-21,0.0051089406461308,5108.940646130877,32058.950211861476,25548.18328662518,17616.9787423389
2011-04-25,-0.0010464942442817,-1046.4942442817148,32058.950211861476,25197.245279023773,17326.624141548145
2011-04-26,0.0086126908111343,8612.69081113436,32058.950211861476,25211.77741841388,16809.366440503327
2011-04-27,0.0065212069055053,6521.206905505394,32058.950211861476,25195.04512023171,17020.231087751814
2011-04-28,0.0032431635586351,3243.163558635187,32058.950211861476,24987.116590349637,16914.957551147876
2011-04-29,0.0023510396003232,2351.039600323235,32058.950211861476,24963.863289086246,16503.460716859256
2011-05-02,-0.0015392508978964,-1539.2508978964158,32058.950211861476,24612.747665927305,16056.686484329268
2011-05-03,-0.0035971223021583,-3597.122302158362,32058.950211861476,24578.308834203417,15592.225367993167
2011-05-04,-0.0066308111692329,-6630.811169232919,29238.280016575463,23967.767131495897,15255.556572247047
2011-05-05,-0.0090484313580063,-9048.43135800637,29238.280016575463,23850.666993892846,15265.810982581392
2011-05-06,0.0044158371379385,4415.837137938583,29238.280016575463,23265.586794540595,15673.159485856972
2011-05-09,0.0038748137108792,3874.8137108792766,29238.280016575463,23237.619714517743,15402.624610635054
2011-05-10,0.0085362232779098,8536.223277909816,29238.280016575463,23201.47196698057,15095.751191984067
2011-05-11,-0.0105247663207478,-10524.766320747836,29238.280016575463,23067.959753605333,15423.026535612433
2011-05-12,0.0047604879500149,4760.487950014935,29238.280016575463,22933.26375069988,16111.06218463472
2011-05-13,-0.00769914124963,-7699.141249630004,29238.280016575463,22923.798395608937,15854.05582349059
2011-05-16,-0.0063413906296627,-6341.390629662768,29238.280016575463,22838.300917126635,15984.930407126743
2011-05-17,-0.0001501614235304,-150.16142353041494,29238.280016575463,22844.92934144784,15913.664163379308
2011-05-18,0.0089359465345049,8935.946534504912,27450.900952432003,21998.9663434466,15429.107118346305
2011-05-19,0.002381661208693,2381.6612086930977,27450.900952432003,21962.674458784608,15801.982857407937
2011-05-20,-0.0079447579447579,-7944.757944757907,27450.900952432003,21812.05999778394,15380.584485089268
2011-05-23,-0.011600928074246,-11600.928074246063,27450.900952432003,21885.380994773943,15584.103961777044
2011-05-24,-0.0008329547175527,-832.9547175527363,27450.900952432003,21959.403671314605,16492.20728668217
2011-05-25,0.0033345964380446,3334.596438044679,27450.900952432003,21584.09353864936,15996.831494413418
2011-05-26,0.0046075987612359,4607.598761235954,27450.900952432003,21436.98248989679,15625.47168067322
2011-05-27,0.0038345864661653,3834.5864661653018,27450.900952432003,21205.226793240825,15375.295233809327
2011-05-31,0.0104112051531721,10411.205153172175,27450.900952432003,20984.29104778035,15066.198206145984
2011-06-01,-0.0224610822831726,-22461.082283172676,27450.900952432003,20998.81853496049,15766.028658269
2011-06-02,-0.0010616516266021,-1061.6516266021004,24961.43643666339,20570.60586545428,19936.692681401943
2011-06-03,-0.0099445836180065,-9944.583618006542,24961.43643666339,20436.441422208038,19338.805503370448
2011-06-06,-0.010542861524306,-10542.861524306058,24961.43643666339,20529.695683837774,19587.30479270806
2011-06-07,-0.0006586849548605,-658.6849548605445,24961.43643666339,20596.833740103648,19918.21550421751
2011-06-08,-0.0041873449131515,-4187.344913151536,24961.43643666339,20302.47097345966,19315.073712444544
2011-06-09,0.007631210091886,7631.210091886053,24961.43643666339,20341.97035490192,18878.06216978477
2011-06-10,-0.0139103554868624,-13910.35548686248,24961.43643666339,20327.49627571439,18812.447396923824
2011-06-13,0.0007836990595611,783.6990595611048,24961.43643666339,20330.352161069724,19887.31072905485
2011-06-14,0.0126859827721221,12685.982772122185,24961.43643666339,20325.372297480997,19286.63408581757
2011-06-15,-0.0177853386947107,-17785.338694710772,24961.43643666339,20356.50698056297,20047.775931406624
2011-06-16,0.002204377263423,2204.377263423041,24961.43643666339,20577.85103233456,21920.569938905755
2011-06-17,-0.0019638648860957,-1963.8648860957896,24961.43643666339,20552.982205852863,21289.870304819044
2011-06-20,0.005116096025187,5116.096025187034,24961.43643666339,20346.90481316252,20671.608726371964
2011-06-21,0.0137039937353169,13703.993735316944,24961.43643666339,20317.070637878216,20252.79439450108
2011-06-22,-0.0060254924681344,-6025.492468134441,24961.43643666339,20128.143744169163,21131.639452341064
2011-06-23,-0.0028678013522965,-2867.801352296584,24961.43643666339,20186.86517662637,20773.604665822862
2011-06-24,-0.0116211097341406,-11621.109734140657,24961.43643666339,20184.80602941772,20206.945077461103
2011-06-27,0.0089109691664694,8910.969166469496,21289.389680912496,19662.55071661245,20680.28129266951
2011-06-28,0.0130529935907457,13052.993590745742,21289.389680912496,19566.326446430543,20683.26863790341
2011-06-29,0.0085641540004628,8564.154000462842,21289.389680912496,19558.780766284755,21388.189923574217
2011-06-30,0.0095624235006119,9562.423500611983,21289.389680912496,19511.05647954761,21303.13182328204
2011-07-01,0.0147760854739713,14776.085473971356,21289.389680912496,19521.38713574274,21360.84780891822
2011-07-05,-0.0008213859020309,-821.3859020309577,21289.389680912496,19193.90319795318,22356.30295893476
2011-07-06,0.0011957252821164,1195.7252821164222,21289.389680912496,19195.126567997424,21680.292922369983
2011-07-07,0.0103754571919087,10375.4571919088,21289.389680912496,19197.05014162962,21030.86439968244
2011-07-08,-0.0070921985815602,-7092.198581560294,21289.389680912496,19206.38238355398,21230.046736476008
2011-07-11,-0.0180803571428571,-18080.357142857163,21289.389680912496,19220.72507830416,20976.292694371605
2011-07-12,-0.0043191634462377,-4319.163446237728,21289.389680912496,19484.67235409041,22798.097259185222
2011-07-13,0.0033485540334854,3348.5540334854404,21289.389680912496,19516.75482749239,22240.180617354923
2011-07-14,-0.0069023058252426,-6902.305825242649,19325.94320169079,18961.08192633167,21646.917790646225
2011-07-15,0.0058046284274038,5804.628427403813,19325.94320169079,19031.33900466246,21352.837252179
2011-07-18,-0.0082010782899232,-8201.078289923225,19325.94320169079,19008.32751106718,20964.91945295353
2011-07-19,0.0162315289794041,16231.528979404164,19325.94320169079,18928.97524379601,20856.54972186588
2011-07-20,-0.0006027273412189,-602.7273412189115,19325.94320169079,18829.11689188704,22236.137507077838
2011-07-21,0.0138710893328308,13871.089332830878,19325.94320169079,18832.870490568628,21561.47083620849
2011-07-22,0.000669194735668,669.1947356680661,19325.94320169079,18862.54897434819,22349.05868672827
2011-07-25,-0.0055728934462773,-5572.893446277316,19325.94320169079,18859.0978859866,21671.57152869572
2011-07-26,-0.0037360830904878,-3736.083090487896,19325.94320169079,18848.9359829802,21249.99458812561
2011-07-27,-0.0204755118877972,-20475.51188779728,19325.94320169079,18837.981148262068,20712.339076797245
2011-07-28,-0.0029096477794793,-2909.647779479329,20276.74877927105,19166.58717632736,23224.90100770252
2011-07-29,-0.006834587620949,-6834.587620949018,20276.74877927105,19011.24147469261,22578.33712664764
2011-08-01,-0.0042526869249208,-4252.686924920868,20276.74877927105,19033.96325307309,22234.260048882006
2011-08-02,-0.0255474452554744,-25547.44525547448,20276.74877927105,19070.033085004343,21692.697843987196
2011-08-03,0.0054187584668101,5418.75846681017,21488.152789438725,19539.01458760389,25578.70707844698
2011-08-04,-0.0468415629705951,-46841.562970595165,21488.152789438725,19503.160972354875,24990.970157702854
2011-08-05,-0.0014967570264428,-1496.7570264428075,24035.12739904659,20876.924020137245,36049.13766175554
2011-08-08,-0.0651232511658893,-65123.25116588935,24035.12739904659,20845.689491395595,34961.34088727862
2011-08-09,0.0464991982896847,46499.19828968474,24035.12739904659,22728.95726277236,50260.12912949849
2011-08-10,-0.0441777323799795,-44177.73237997957,24035.12739904659,23493.541972002105,55467.14035519677
2011-08-11,0.044883783061715,44883.78306171503,35048.89168897204,24537.88445259769,59377.95905663061
2011-08-12,0.0067331458280064,6733.145828006437,35048.89168897204,25214.833971473847,62994.846685894256
2011-08-15,0.0211649170335253,21164.9170335253,35048.89168897204,25193.928731667125,61196.16526017782
2011-08-16,-0.0085392140606864,-8539.214060686472,35048.89168897204,25298.43893574544,60545.2648544452
2011-08-17,0.0006689522535328,668.9522535328063,35048.89168897204,25162.39900620415,58902.14664174512
2011-08-18,-0.0431185760842316,-43118.57608423164,35048.89168897204,25140.877011124205,57109.02218296857
2011-08-19,-0.0163304514889529,-16330.451488952956,43658.74579506308,26082.194756636345,60576.11249668791
2011-08-22,0.0007990056818181,799.0056818181213,43658.74579506308,26107.068278811457,59463.37784857948
2011-08-23,0.032910494100949,32910.49410094904,43658.74579506308,26114.27976352155,57653.68164593151
2011-08-24,0.0140845070422535,14084.507042253505,43658.74579506308,26366.75899074261,58959.37381238709
2011-08-25,-0.0152439024390244,-15243.902439024405,43658.74579506308,26356.07981845808,57723.9103727543
2011-08-26,0.0145338837289301,14533.883728930165,43658.74579506308,26368.36958825248,56635.52493061859
2011-08-29,0.0287361193523776,28736.11935237763,43658.74579506308,26389.83283885418,55531.23640759059
2011-08-30,0.0026367831245881,2636.783124588149,43658.74579506308,26367.172702804142,56274.61381363111
2011-08-31,0.0044378698224851,4437.869822485174,43658.74579506308,26364.33084867231,54580.94761647109
2011-09-01,-0.0104729176894124,-10472.917689412498,43658.74579506308,26341.549491221,52978.58233918709
2011-09-02,-0.0255498594344303,-25549.85943443033,43658.74579506308,26331.003318561565,51710.16941927013
2011-09-06,-0.0072974119643615,-7297.411964361511,43658.74579506308,26715.2943881882,52206.098154981584
2011-09-07,0.0282075391059066,28207.539105906675,43658.74579506308,26778.70037777557,50786.21670800456
2011-09-08,-0.010391553745116,-10391.553745116022,43658.74579506308,26987.60629856394,51796.223831658506
2011-09-09,-0.0262096774193548,-26209.67741935487,43658.74579506308,27073.14630902037,50566.21284920861
2011-09-12,0.0064699792960662,6469.979296066297,43658.74579506308,27451.60484729994,51250.234238046985
2011-09-13,0.0091711665380989,9171.166538098909,43658.74579506308,27451.324953548712,49825.53600503656
2011-09-14,0.01384406319008,13844.063190080024,43658.74579506308,27445.001957120247,48589.51284322106
2011-09-15,0.0172572673200972,17257.267320097246,43658.74579506308,27431.35555881256,47765.241676475474
2011-09-16,0.0007494029482004,749.4029482004727,43658.74579506308,27448.07524923757,47342.700113654224
2011-09-19,-0.0099653557821282,-9965.355782128205,43658.74579506308,27434.95780267176,45902.43718534772
2011-09-20,-0.0011636605435957,-1163.660543595735,43658.74579506308,27485.82973329198,44864.89142387999
2011-09-21,-0.0294582674544395,-29458.267454439578,43658.74579506308,27430.89538477069,43503.1800010752
2011-09-22,-0.0323244448255165,-32324.44482551655,43658.74579506308,27812.81769859001,45395.57452759824
2011-09-23,0.0060251639199009,6025.163919900933,43658.74579506308,28319.223178952725,47711.593737073024
2011-09-26,0.0237801655804121,23780.165580412184,43658.74579506308,28318.28575396414,46385.34635773406
2011-09-27,0.0111837577426017,11183.757742601718,43658.74579506308,28429.28412068864,46969.444363553375
2011-09-28,-0.0203760421984006,-20376.042198400613,43658.74579506308,28415.08215951178,45982.33367329986
2011-09-29,0.0078596552173346,7859.655217334671,43658.74579506308,28666.68831076673,46068.73272014233
2011-09-30,-0.0249892287806978,-24989.22878069787,43658.74579506308,28605.83791751497,44889.27897461679
2011-10-03,-0.0284577993813521,-28457.79938135218,43658.74579506308,28871.27258835736,45792.09239138992
2011-10-04,0.0219230419357772,21923.04193577721,43658.74579506308,29286.537643087107,47265.938663290566
2011-10-05,0.0185152216485668,18515.22164856689,43658.74579506308,29373.672898552348,47498.30130563239
2011-10-06,0.0180912427897219,18091.24278972196,43658.74579506308,29437.370077658557,47244.4654509197
2011-10-07,-0.0066958537213495,-6695.853721349509,43658.74579506308,29488.55413621751,46950.970980013306
2011-10-10,0.0334456831734508,33445.68317345087,43658.74579506308,29541.06093504763,45680.28476614705
2011-10-11,0.0010035122930256,1003.5122930256434,43658.74579506308,29823.00619749193,48215.31161361227
2011-10-12,0.0087719298245614,8771.92982456143,43658.74579506308,29797.704054484264,46749.97643003208
2011-10-13,-0.0019875776397515,-1987.577639751548,43658.74579506308,29796.337473506155,45600.57390679721
2011-10-14,0.017094017094017,17094.017094017032,43658.74579506308,29817.489536167428,44225.901575011805
2011-10-17,-0.0190911315982702,-19091.13159827025,43658.74579506308,29735.567408856597,43971.10006767965
2011-10-18,0.0195458704150377,19545.87041503775,43658.74579506308,29952.872742608724,43997.7158096736
2011-10-19,-0.0118290096263664,-11829.00962636646,43658.74579506308,30016.84155614969,44087.46995040443
2011-10-20,0.0043754643771154,4375.464377115445,43658.74579506308,30122.53505957084,43272.60586251495
2011-10-21,0.018987341772152,18987.341772152,43658.74579506308,30120.45880557809,42028.369645208186
2011-10-24,0.0122610308945712,12261.0308945712,43658.74579506308,30171.21047350628,42160.00851226632
2011-10-25,-0.0194517491433579,-19451.749143357894,43658.74579506308,30158.308765294423,41468.46366575833
2011-10-26,0.01016668156588,10166.681565880075,43658.74579506308,30375.299469085872,41705.12626412208
2011-10-27,0.0348350764279967,34835.07642799677,43658.74579506308,30372.40277456557,40847.53807725587
2011-10-28,-0.0002332270854388,-233.2270854388252,43658.74579506308,30653.250255360734,44299.48591285331
2011-10-31,-0.0241057542768273,-24105.75427682737,43658.74579506308,30666.150404249765,42950.15073050669
2011-11-01,-0.0278725099601594,-27872.50996015944,43658.74579506308,30982.091270788937,43848.82595074445
2011-11-02,0.0162948148391008,16294.81483910089,43658.74579506308,31317.246728195623,45383.02416546001
2011-11-03,0.0182272763932576,18227.27639325761,43658.74579506308,31353.119520413136,44969.545735899
2011-11-04,-0.0060910891089109,-6091.0891089109855,43658.74579506308,31383.353776023672,44819.69692871528
2011-11-07,0.006208111188148,6208.111188148014,43658.74579506308,31373.82732099176,43592.70855946376
2011-11-08,0.012830666877871,12830.666877871045,43658.74579506308,31372.45119786535,42412.49178185098
2011-11-09,-0.0369017829214888,-36901.782921488826,43658.74579506308,31354.514487515095,41765.375703113226
2011-11-10,0.0094104464887423,9410.446488742342,43658.74579506308,31875.92215396761,45627.42500371156
2011-11-11,0.0188223938223939,18822.39382239392,43658.74579506308,31860.45580346569,44561.25788714309
2011-11-14,-0.009474182851729,-9474.182851729074,43658.74579506308,31753.509870216592,44515.20790169005
2011-11-15,0.0049657261278495,4965.7261278495125,43658.74579506308,31826.01759011875,43495.44636851705
2011-11-16,-0.0158863605720042,-15886.36057200421,43658.74579506308,31802.189847491885,42265.22867144142
2011-11-17,-0.0159171502256608,-15917.15022566087,43658.74579506308,31962.805961116857,41965.68436650844
2011-11-18,-0.0010318987756439,-1031.8987756439135,43658.74579506308,32110.28314119474,41685.96398412238
2011-11-21,-0.0190032710548536,-19003.271054853667,43658.74579506308,31984.221577235927,40420.318871794414
2011-11-22,-0.003936119537694,-3936.119537694016,43658.74579506308,32170.704951121807,40657.54598869416
2011-11-23,-0.0220656095310008,-22065.609531000897,43658.74579506308,32098.853901790317,39482.71373548069
2011-11-25,-0.0018874399450926,-1887.4399450926612,43658.74579506308,32361.04579573768,40292.08116522297
2011-11-28,0.0289668213855938,28966.82138559381,43658.74579506308,32336.678494793097,39079.42509690731
2011-11-29,0.0028401971430958,2840.197143095802,43658.74579506308,32435.52421778721,41328.30824654268
2011-11-30,0.0411495210329029,41149.52103290292,43658.74579506308,32423.408933452494,40101.95372960655
2011-12-01,-0.000160012801024,-160.01280102406756,43658.74579506308,32827.27578086368,45403.84177587203
2011-12-02,-0.0008802112507001,-880.2112507001469,43658.74579506308,32823.22357503151,44020.75227807845
2011-12-05,0.0108921992631747,10892.19926317475,43658.74579506308,32829.33499166886,42682.65001457324
2011-12-06,0.000316906987799,316.90698779907046,43658.74579506308,32834.19692267597,41845.24018814483
2011-12-07,0.0037224774275304,3722.4774275304017,43658.74579506308,32843.9909458856,40570.86750151416
2011-12-08,-0.0219364002209421,-21936.40022094212,43658.74579506308,32846.037272337824,39392.06870887328
2011-12-09,0.016942315449778,16942.31544977809,43658.74579506308,33096.10090695032,40185.63206783411
2011-12-12,-0.0145973819912733,-14597.381991273362,43658.74579506308,33124.29580660731,40139.73592877004
2011-12-13,-0.0093390226229771,-9339.022622977143,43658.74579506308,33227.822634830605,39795.950053149136
2011-12-14,-0.0106460788297439,-10646.078829744,43658.74579506308,33306.59589023861,38948.8799010518
2011-12-15,0.0036553310333498,3655.331033349807,43658.74579506308,33363.91431475643,38246.52992346618
2011-12-16,-0.0048696648524777,-4869.664852477751,43658.74579506308,33361.38222348663,37139.84210912433
2011-12-19,-0.0106916687227567,-10691.66872275673,43658.74579506308,33400.87274523887,36115.17605080776
2011-12-20,0.0302602045057776,30260.2045057776,43658.74579506308,33489.700624519406,35541.04925111528
2011-12-21,0.0019365770999757,1936.5770999757449,43658.74579506308,33659.00609985704,38531.93497555054
2011-12-22,0.0088588225819441,8858.822581944149,43658.74579506308,33653.95590126756,37374.39224744062
2011-12-23,0.0089406881136744,8940.688113674432,43658.74579506308,33648.531742699764,36585.75682792444
2011-12-27,0.0007912018355882,791.2018355882288,43658.74579506308,33640.65535454969,35835.21769036847
2011-12-28,-0.0131235670804016,-13123.567080401632,43658.74579506308,33630.335248163254,34746.457778712786
2011-12-29,0.0103340543138668,10334.054313866804,43658.74579506308,33740.04490038261,34508.00107098908
2011-12-30,-0.0049159530605772,-4915.953060577238,43658.74579506308,33740.03473696841,33971.03253926303
2012-01-03,0.0158964143426294,15896.41434262945,43658.74579506308,33765.3520339888,33055.05123526751
2012-01-04,0.0016079061923996,1607.9061923996996,43658.74579506308,33794.43696221674,33303.63446169076
2012-01-05,0.0026624902114329,2662.490211432944,43658.74579506308,33779.520983548886,32302.06876864249
2012-01-06,-0.0025773195876288,-2577.319587628857,43658.74579506308,33761.68790389719,31354.745665370618
2012-01-09,0.0024273745203979,2427.3745203979847,43658.74579506308,33768.69665434393,30435.00955286176
2012-01-10,0.0086705202312138,8670.52023121384,43658.74579506308,33771.11609303761,29540.238299076347
2012-01-11,0.0005420893673042,542.0893673042659,43658.74579506308,33770.551799846726,29063.369322672715
2012-01-12,0.0023993808049536,2399.38080495361,43658.74579506308,33760.81159779521,28179.67513736104
2012-01-13,-0.0051733456875916,-5173.345687591646,43658.74579506308,33765.57559636159,27355.398574010796
2012-01-17,0.0038807823657249,3880.782365724978,43658.74579506308,33801.166186303635,26685.374970013425
2012-01-18,0.0110561311272614,11056.131127261448,43658.74579506308,33719.41927478161,25966.767685850165
2012-01-19,0.0052764395503555,5276.439550355505,43658.74579506308,33707.23276057985,25952.052004109904
2012-01-20,0.0006085501293167,608.5501293167094,43658.74579506308,33702.08795762463,25340.45690021841
2012-01-23,0.0005321575186256,532.1575186256755,43658.74579506308,33712.774823288215,24570.931663808104
2012-01-24,-0.0011397310234785,-1139.7310234785296,43658.74579506308,33712.812757721666,23824.3320588102
2012-01-25,0.0083675642781073,8367.564278107364,43658.74579506308,33729.01679439298,23107.67554154224
2012-01-26,-0.0051297525648763,-5129.752564876355,43658.74579506308,33725.256812815496,22905.501166132184
2012-01-27,-0.0004549590536851,-454.95905368519993,43658.74579506308,33584.851310606035,22399.26109046705
2012-01-30,-0.0034137460172962,-3413.746017296271,43658.74579506308,33599.76134676056,21718.4367601122
2012-01-31,-0.0003806043997869,-380.6043997869324,43658.74579506308,33600.75557924948,21146.46941812152
2012-02-01,0.0087572342369783,8757.234236978384,43658.74579506308,33593.16808710883,20503.409878545703
2012-02-02,0.0015852645882086,1585.2645882086235,43658.74579506308,33589.63898366382,20495.571305973022
2012-02-03,0.0140186915887849,14018.691588784994,43658.74579506308,33592.96976744005,19891.71593233041
2012-02-06,-0.0006689460383528,-668.94603835288,43658.74579506308,33611.73134950446,20874.709016549103
2012-02-07,0.002528821123094,2528.821123094049,43658.74579506308,33626.66732642637,20242.370752050385
2012-02-08,0.0029675791972698,2967.5791972698653,43658.74579506308,33607.33949377306,19678.538625713478
2012-02-09,0.0012574894592796,1257.489459279615,43658.74579506308,33599.515998741255,19153.84527798254
2012-02-10,-0.0073803191489363,-7380.319148936332,43658.74579506308,33607.96020707856,18584.161663581057
2012-02-13,0.0074351932480409,7435.193248040983,43658.74579506308,33663.72001600936,18502.31513834355
2012-02-14,-0.0012559101654847,-1255.9101654847636,43658.74579506308,33634.92353476258,18432.210351840047
2012-02-15,-0.0046601079961535,-4660.107996153573,43658.74579506308,33653.67590127302,17885.01523541816
2012-02-16,0.0110656956004757,11065.695600475769,43658.74579506308,33689.020750312535,17542.32090378082
2012-02-17,0.0026534557402111,2653.4557402111413,43658.74579506308,33690.28004544015,18139.187028049048
2012-02-21,0.0004398504508467,439.8504508467127,43658.74579506308,33469.184049056705,17651.474514632315
2012-02-22,-0.0032094965926576,-3209.4965926576792,43658.74579506308,33429.655564411434,17115.574814415937
2012-02-23,0.0044033756763113,4403.375676311327,43658.74579506308,33443.34329503545,16694.644646918474
2012-02-24,0.0021883759908074,2188.375990807456,43658.74579506308,33438.86695939875,16379.395486200943
2012-02-27,0.0016796903527349,1679.690352734964,43658.74579506308,33444.63271118918,15929.299138150447
2012-02-28,0.0029090113735783,2909.011373578352,43658.74579506308,33279.259129717335,15473.659903703428
2012-02-29,-0.0039183186850731,-3918.318685073197,43658.74579506308,33277.290719001256,15093.572855306687
2012-03-01,0.005181725295577,5181.725295577034,43658.74579506308,33274.112725969244,14803.120813634352
2012-03-02,-0.0030349234008565,-3034.923400856537,43658.74579506308,33211.98493495561,14652.750409407498
2012-03-05,-0.0040928687951526,-4092.868795152693,43658.74579506308,33174.854461777075,14311.24622622668
2012-03-06,-0.0146252285191955,-14625.228519195563,43658.74579506308,33208.90241933298,14069.915698174083
2012-03-07,0.0069758812615954,6975.881261595429,43658.74579506308,33332.171283505064,15985.62340009563
2012-03-08,0.0099491487950476,9949.148795047602,43658.74579506308,33130.77423591091,16000.28940683429
2012-03-09,0.0038674839462931,3867.483946293105,43658.74579506308,33134.71117777531,16516.375814880914
2012-03-12,7.269026677336754e-05,72.69026677336754,43658.74579506308,33086.11249213415,16164.161359495283
2012-03-13,0.018040412850705,18040.41285070501,43658.74579506308,32994.63920737488,15671.79062694611
2012-03-14,-0.0010852336822265,-1085.2336822265718,43658.74579506308,32831.51121474326,18345.268927043
2012-03-15,0.0057894360660424,5789.436066042431,43658.74579506308,32836.47617409303,17797.14539490585
2012-03-16,-0.0029846503695279,-2984.650369527997,43658.74579506308,32819.26023915145,17567.518156200098
2012-03-19,0.0039201710620098,3920.171062009814,43658.74579506308,32823.11342652649,17117.044914603837
2012-03-20,-0.0029108981185658,-2910.898118565819,43658.74579506308,32792.57268484727,16745.26048106344
2012-03-21,-0.0016377100541156,-1637.710054115615,43658.74579506308,32817.39129888035,16319.648556704453
2012-03-22,-0.0072034804935455,-7203.480493545578,43658.74579506308,32836.08464474138,15849.983782966168
2012-03-23,0.0032327586206897,3232.758620689724,43658.74579506308,32893.43297840037,15905.914041510923
2012-03-26,0.0140350877192982,14035.08771929829,43658.74579506308,32870.941130439816,15530.991909832952
2012-03-27,-0.0031071252030225,-3107.125203022587,43658.74579506308,32889.51386763618,17049.994203394224
2012-03-28,-0.0049585606006941,-4958.560600694106,43658.74579506308,32919.54891271299,16625.132289540652
2012-03-29,-0.0017085498682993,-1708.5498682993805,43658.74579506308,32942.192140854124,16364.44811431376
2012-03-30,0.0041360621835557,4136.062183555778,43658.74579506308,32962.293415183936,15895.76477785083
2012-04-02,0.0073148213905263,7314.821390526305,43658.74579506308,32953.73428661978,15590.69266116404
2012-04-03,-0.0040891144952059,-4089.114495205992,43658.74579506308,32939.69069385655,15679.91849207147
2012-04-04,-0.0099108027750246,-9910.802775024653,43658.74579506308,32972.469100801995,15379.783619121956
2012-04-05,-0.0005005005005006,-500.5005005006557,43658.74579506308,33033.35482429212,15944.910110061346
2012-04-09,-0.011231132412905,-11231.132412905075,43658.74579506308,33017.17757999575,15461.79452489327
2012-04-10,-0.0167848357690637,-16784.835769063757,43658.74579506308,33089.76824397189,16299.751709386392
2012-04-11,0.0080941869021338,8094.186902133815,43658.74579506308,33202.04386560669,18472.217074661745
2012-04-12,0.0130656934306567,13065.693430656778,43658.74579506308,33189.30790714295,18493.872796921496
2012-04-13,-0.0118884645867858,-11888.464586785827,43658.74579506308,33192.9624784034,19414.802663505856
2012-04-16,-0.0006562636721596,-656.2636721596515,43658.74579506308,33299.487593670325,20005.30145576522
2012-04-17,0.0148267055819042,14826.705581904243,43658.74579506308,33214.809956932804,19399.46415469568
2012-04-18,-0.003393681425346,-3393.681425346018,43658.74579506308,33237.15274706235,20618.948839055556
2012-04-19,-0.0064208931534522,-6420.89315345229,43658.74579506308,33252.09587855483,20084.13153083904
2012-04-20,0.0016700551844321,1670.0551844321951,43658.74579506308,33304.93597498033,19813.05759920788
2012-04-23,-0.0084088437839796,-8408.843783979659,43658.74579506308,33294.221875674746,19233.03070598593
2012-04-24,0.0038014474742307,3801.4474742307234,43658.74579506308,33363.35506257173,19252.92102792221
2012-04-25,0.013691646638992,13691.646638992028,43658.74579506308,33365.40997247039,18791.6712441392
2012-04-26,0.0069688914433507,6968.891443350778,43658.74579506308,33379.76829761963,19819.447598756964
2012-04-27,0.0016409817351596,1640.9817351596969,43658.74579506308,33374.618459390775,19621.715969062425
2012-04-30,-0.0037039675190538,-3703.9675190538856,43658.74579506308,33361.55251507241,19046.9270254456
2012-05-01,0.0062200614856653,6220.06148566534,43658.74579506308,33362.24783376958,18586.908619767877
2012-05-02,-0.0029486997299986,-2948.6997299986715,43658.74579506308,33307.056007243766,18365.938099546405
2012-05-03,-0.0076607874576873,-7660.78745768739,43658.74579506308,33257.830338030166,17885.540290829027
2012-05-04,-0.0161579892280071,-16157.989228007153,43658.74579506308,33320.983497232206,17881.713706375773
2012-05-07,0.0007299270072991,729.9270072991249,43658.74579506308,33483.41114825033,19630.251853820864
2012-05-08,-0.0040116703136395,-4011.670313639581,43658.74579506308,33492.05947295898,19036.779819168933
2012-05-09,-0.005931893079458,-5931.893079458073,43658.74579506308,33434.754269843535,18597.87153659478
2012-05-10,0.0020627670546633,2062.7670546633503,43658.74579506308,33482.57883562328,18345.40245807129
2012-05-11,-0.0030142626084399,-3014.262608439955,43658.74579506308,33424.82842346384,17825.325329100113
2012-05-14,-0.0110611311850158,-11061.131185015838,43658.74579506308,33401.081975964786,17367.43983242386
2012-05-15,-0.0057415554395645,-5741.55543956456,43658.74579506308,33485.38242181218,17979.392600153627
2012-05-16,-0.0038323083845807,-3832.3083845807073,43658.74579506308,33529.91281021719,17736.047467498018
2012-05-17,-0.0148235701541078,-14823.570154107843,43658.74579506308,33557.93064226397,17333.847601355985
2012-05-18,-0.0085587650924652,-8558.765092465226,43658.74579506308,33636.20927472839,18809.214316046877
2012-05-21,0.017188222599044,17188.222599044067,43658.74579506308,33604.17890635064,18877.11379914822
2012-05-22,0.0017428203379554,1742.8203379554752,43658.74579506308,33626.37135673782,20758.04616228131
2012-05-23,0.0005295007564298,529.5007564298793,43658.74579506308,33630.23980394921,20150.16090050993
2012-05-24,0.0019656762682391,1965.6762682391804,43658.74579506308,33640.04160490139,19538.635714124062
2012-05-25,-0.003244548404135,-3244.548404135017,43658.74579506308,33644.11939357614,18976.49715070395
2012-05-29,0.0121120363361089,12112.036336108911,43658.74579506308,33667.6125590615,18491.059700846366
2012-05-30,-0.0145100972326103,-14510.09723261032,43658.74579506308,33411.68590280229,19210.416152971207
2012-05-31,-0.0022009714632664,-2200.971463266477,43658.74579506308,33534.3515745379,20378.023637507693
2012-06-01,-0.0251768464288431,-25176.846428843102,43658.74579506308,33472.37490776517,19796.99519993754
2012-06-04,-0.0004681647940074,-468.164794007464,43658.74579506308,33700.5168409532,23963.16291505842
2012-06-05,0.0075722092115535,7572.209211553549,43658.74579506308,33699.67609283844,23234.68003784331
2012-06-06,0.0224684279848144,22468.42798481441,43658.74579506308,33664.66849201009,22936.387720330466
2012-06-07,0.0006061983784193,606.1983784193536,43658.74579506308,33747.16747461649,25660.056349463863
2012-06-08,0.0079515335100339,7951.53351003397,43658.74579506308,33625.197719698044,24880.745707859955
2012-06-11,-0.0126596543951915,-12659.654395191566,43658.74579506308,33615.427227337925,24544.633837607897
2012-06-12,0.0114522695278316,11452.269527831626,43658.74579506308,33720.18993715317,24866.31342591397
2012-06-13,-0.0063948239542581,-6394.823954258167,43658.74579506308,33539.513735871304,24976.41251106485
2012-06-14,0.010600439161051,10600.439161051025,43658.74579506308,33586.97721486737,24488.174249648197
2012-06-15,0.0050198546489848,5019.8546489848,43658.74579506308,33569.307532535924,24498.536448308405
2012-06-18,0.0019382734456538,1938.273445653893,43658.74579506308,33569.398243181895,23923.83813755899
2012-06-19,0.0096726190476188,9672.619047618848,43658.74579506308,33559.47534682951,23221.303740577023
2012-06-20,-0.0016212232866616,-1621.2232866616994,43658.74579506308,33512.18128780539,23178.76782801226
2012-06-21,-0.0224387363448479,-22438.73634484794,43658.74579506308,33505.14024052266,22491.63016235127
2012-06-22,0.0077016007248567,7701.600724856706,43658.74579506308,33668.65665096185,25278.71322311161
2012-06-25,-0.0160347669713772,-16034.76697137729,43658.74579506308,33667.277536930895,24898.45015927357
2012-06-26,0.0050258909533962,5025.890953396228,43658.74579506308,33815.429420577646,25811.338593982266
2012-06-27,0.0090392483709653,9039.24837096537,43658.74579506308,33814.54249626162,25188.366735299114
2012-06-28,-0.0028759583399038,-2875.9583399038397,43658.74579506308,33813.568959122385,24958.331223921625
2012-06-29,0.024964229234129,24964.229234129,43658.74579506308,33818.10083372436,24253.43172927265
2012-07-02,0.0029756438044157,2975.6438044157285,43658.74579506308,33911.96098047192,27482.73835397455
2012-07-03,0.006607574536664,6607.574536664051,43658.74579506308,33907.00519191765,26699.401039545977
2012-07-05,-0.0045265333449772,-4526.533344977212,43658.74579506308,33902.09205729366,26158.43166106801
2012-07-06,-0.0095036186855762,-9503.618685576252,43658.74579506308,33882.03702859989,25492.370547760383
2012-07-09,-0.0012547051442911,-1254.7051442911572,43658.74579506308,33771.09293086244,25302.115268657508
2012-07-10,-0.0087200709429501,-8720.070942950131,43658.74579506308,33752.94486388349,24541.727866992176
2012-07-11,0.0001490979573579,149.09795735795765,43658.74579506308,33823.4912228036,24307.400758987733
2012-07-12,-0.00484496124031,-4844.961240310086,43658.74579506308,33779.20428177535,23567.052556664323
2012-07-13,0.0167777694554716,16777.769455471604,43658.74579506308,33819.78009750819,23015.29541392975
2012-07-16,-0.0023572744014732,-2357.274401473264,43658.74579506308,33784.93526453297,24276.045713147003
2012-07-17,0.0068670161707156,6867.016170715612,43658.74579506308,33779.53840525884,23574.799299250604
2012-07-18,0.0074068641830447,7406.864183044703,43658.74579506308,33763.661363634994,23189.158264946545
2012-07-19,0.002620659532649,2620.659532649005,43658.74579506308,33746.346751327845,22875.4707197148
2012-07-20,-0.0091483336963623,-9148.333696362366,43658.74579506308,33740.35282166108,22228.8105357295
2012-07-23,-0.0101121125522092,-10112.11255220923,43658.74579506308,33771.942916658576,22173.153946734496
2012-07-24,-0.0086238803760455,-8623.880376045556,43658.74579506308,33826.3941929085,22256.535402673104
2012-07-25,0.000261340302408,261.3403024080974,43658.74579506308,33667.13986347263,22131.00873520217
2012-07-26,0.0164974619289337,16497.461928933753,43658.74579506308,33651.328407384804,21457.325842658367
2012-07-27,0.0183961224939415,18396.122493941515,43658.74579506308,33626.28616242917,22829.10254854675
2012-07-30,3.605552550922653e-05,36.05552550922653,43658.74579506308,33632.931185722424,24490.54056699622
2012-07-31,-0.0069945197577155,-6994.51975771559,43658.74579506308,33314.0972011034,23744.46892975142
2012-08-01,-0.0008713964127514,-871.3964127514683,43658.74579506308,33373.86890710067,23363.601664044658
2012-08-02,-0.0069045715531653,-6904.571553165373,40072.347434487645,32461.377150374825,22657.29408238642
2012-08-03,0.0198258196721312,19825.819672131263,40072.347434487645,32500.153022812123,22316.62847289957
2012-08-06,0.00194475740766,1944.7574076600915,34658.8872544624,30826.92698716768,24408.66568385436
2012-08-07,0.0050136083655636,5013.608365563638,34658.8872544624,30285.511644667786,23691.01256480935
2012-08-08,0.0012115165336374,1211.5165336374912,30920.01791368883,29376.41668735103,23146.280948943247
2012-08-09,0.000854153320521,854.1533205210783,30920.01791368883,28850.068361609283,22451.76848689688
2012-08-10,0.0016357300334257,1635.730033425764,30920.01791368883,28860.63812005963,21773.23810577258
2012-08-13,-0.0004970178926441,-497.0178926441138,30920.01791368883,28785.68210037827,21130.505715102845
2012-08-14,0.0001420757263619,142.07572636193433,30920.01791368883,28722.467559379267,20488.742968824507
2012-08-15,0.0011364443497408,1136.444349740806,30920.01791368883,28724.701707696368,19864.73829798943
2012-08-16,0.0073785030152537,7378.503015253779,28968.038098626752,27826.649613407928,19270.462567322647
2012-08-17,0.001338122402986,1338.1224029860305,28968.038098626752,27634.257523195534,19150.66173547665
2012-08-20,7.033338022210955e-05,70.33338022210955,28968.038098626752,27632.127827268665,18582.90605016431
2012-08-21,-0.0030241226527886,-3024.122652788619,28968.038098626752,27373.195991532324,18016.84044780237
2012-08-22,0.000423250564334,423.2505643340101,28968.038098626752,27379.80044415287,17552.770636363966
2012-08-23,-0.0081441263573543,-8144.126357354397,28968.038098626752,27217.327068714152,17019.751500415798
2012-08-24,0.00600718017986,6007.180179860016,28968.038098626752,27266.35830268532,17141.436378929662
2012-08-27,0.0002119991520033,211.99915200331708,28968.038098626752,27062.581572766965,16968.11119149363
2012-08-28,-0.0009891196834815,-989.1196834815876,28968.038098626752,27070.8680236862,16451.637711082923
2012-08-29,0.0007779349363505,777.9349363505883,28968.038098626752,27088.071747582613,15960.409972963802
2012-08-30,-0.0072079711681152,-7207.971168115224,28968.038098626752,26994.334036371634,15480.539926920545
2012-08-31,0.0047690227062422,4769.022706242243,28968.038098626752,26673.491733801133,15560.807778316364
2012-09-04,-0.0009209407764239,-920.9407764239064,28968.038098626752,26605.527496879866,15329.565057083331
2012-09-05,-0.0008508827908956,-850.882790895624,28968.038098626752,26423.07639307265,14871.826753019148
2012-09-06,0.0202966432474629,20296.643247462944,28968.038098626752,26336.37282954985,14426.92102641463
2012-09-07,0.0038951102455311,3895.11024553113,28968.038098626752,26008.43299752895,18149.79041701955
2012-09-10,-0.0056814245132683,-5681.424513268363,28968.038098626752,26009.881895657,17736.30504546103
2012-09-11,0.0027872622116926,2787.262211692676,28968.038098626752,26059.02241006474,17498.091986487238
2012-09-12,0.0033354179695641,3335.4179695641583,28968.038098626752,26036.39489979059,17039.21580510788
2012-09-13,0.0152365122238382,15236.51222383826,28968.038098626752,25984.7011576308,16629.107808362805
2012-09-14,0.0044341360256499,4434.136025649904,28968.038098626752,26011.451233252654,18311.69828583404
2012-09-17,-0.0033958163542515,-3395.816354251569,28968.038098626752,25911.69455916459,17932.751446272956
2012-09-18,-0.000817772931716,-817.7729317160321,28968.038098626752,25926.3270681332,17493.79941343046
2012-09-19,0.0005456281544127,545.628154412725,28171.00756496773,25435.970619917814,16967.268193205433
2012-09-20,6.816632583506177e-05,68.16632583506177,26551.63482981443,24842.44217273816,16453.314835501387
2012-09-21,-0.0057255810783177,-5725.581078317777,26551.63482981443,24856.55472078448,15952.127875667906
2012-09-24,-0.0015424693219989,-1542.4693219989738,26551.63482981443,24776.104028991453,15806.549738096572
2012-09-25,-0.0106079851694188,-10607.985169418856,26551.63482981443,24785.32753153737,15350.203785913343
2012-09-26,-0.00558639833449,-5586.398334490039,26551.63482981443,24610.18866966396,16063.33864547054
2012-09-27,0.0093862312013677,9386.231201367724,26551.63482981443,24661.6204319726,15895.993574647871
2012-09-28,-0.0046321902654866,-4632.190265486669,26551.63482981443,24266.400737933,16313.471821028535
2012-10-01,0.0026047093144405,2604.709314440568,24652.011274355395,23807.667795019435,16035.243771836997
2012-10-02,0.0010738162042329,1073.816204232969,24652.011274355395,23696.28072770389,15617.436523483995
2012-10-03,0.0040830449826989,4083.044982698958,24652.011274355395,23631.38756019337,15154.025385612264
2012-10-04,0.0071335033427526,7133.503342752645,24652.011274355395,23561.890106187733,14875.45632988164
2012-10-05,0.0001026518391786,102.65183917868016,24652.011274355395,23497.46008600616,14984.195375252968
2012-10-08,-0.0034076912549608,-3407.691254960876,24652.011274355395,23157.101697108366,14527.834181974204
2012-10-09,-0.0099009900990099,-9900.99009900991,24652.011274355395,23182.92565963504,14218.480226162856
2012-10-10,-0.0063800277392509,-6380.027739250949,24652.011274355395,23280.67129101149,14895.194578410064
2012-10-11,0.0005583472920156,558.3472920156485,24652.011274355395,23317.840858628268,14892.018067116154
2012-10-12,-0.0032784598214287,-3278.4598214287143,24652.011274355395,23262.499108997188,14441.85237500697
2012-10-15,0.0083280845405557,8328.08454055578,24652.011274355395,23027.87196624856,14125.975843303042
2012-10-16,0.0101332593003884,10133.25930038844,24652.011274355395,22936.793222460863,14494.54259633058
2012-10-17,0.0045348357839769,4534.835783976954,24652.011274355395,22816.815066592128,15193.051515610166
2012-10-18,-0.0025991792065662,-2599.179206566271,24652.011274355395,22816.716034135567,14955.157510865469
2012-10-19,-0.0166671238513235,-16667.12385132352,24652.011274355395,22754.49039220939,14575.013231057836
2012-10-22,0.0001422697322539,142.26973225395233,24652.011274355395,22946.351735764547,17026.107573371562
2012-10-23,-0.0138762987239384,-13876.298723938477,24652.011274355395,22681.214596138943,16507.622820332283
2012-10-24,-0.0028284542497523,-2828.4542497523103,24652.011274355395,22832.601116477486,17851.489347732455
2012-10-25,0.0029073890228337,2907.3890228337173,24652.011274355395,22434.13675567778,17382.545577912322
2012-10-26,-0.0005656508520116,-565.6508520116565,24652.011274355395,22424.307140199955,16934.24025509954
2012-10-31,0.0,0.0,23835.172487685468,22041.50273042463,16421.51878203528
2012-11-01,0.0104704633887513,10470.46338875135,22255.90420606289,21536.903507569205,15921.25316557127
2012-11-02,-0.00889168942099,-8891.689420990057,22255.90420606289,21487.224446631077,16549.189690077874
2012-11-05,0.0020387115004238,2038.7115004238956,22255.90420606289,21485.7696810228,16826.04220223085
2012-11-06,0.0078351143402191,7835.114340219107,22255.90420606289,21432.790805230667,16354.766164808889
2012-11-07,-0.0226636821488528,-22663.68214885284,22255.90420606289,21436.716999040415,16473.11526067652
2012-11-08,-0.0120240480961923,-12024.048096192397,22553.45870489044,21766.97348188105,20539.436462726204
2012-11-09,0.0008693132425383,869.313242538361,22255.90420606289,21051.21495713504,21059.50400068996
2012-11-12,0.0007599884192239,759.9884192239781,22255.90420606289,21045.21671313193,20423.954909307427
2012-11-13,-0.0034354319603658,-3435.431960365887,22255.90420606289,20945.90646288569,19806.494060957903
2012-11-14,-0.0134995282676535,-13499.528267653548,22255.90420606289,20879.518595942893,19302.634738346725
2012-11-15,-0.0016913129488067,-1691.3129488067557,22255.90420606289,21040.767587642506,20233.91052770025
2012-11-16,0.0049373618275609,4937.361827560993,22255.90420606289,20851.415414424253,19641.164003001577
2012-11-19,0.0202390555107427,20239.055510742783,22255.90420606289,20641.112285522304,19249.53311010759
2012-11-20,0.0004312513476605,431.2513476605329,22255.90420606289,20753.78117458168,21939.02595925429
2012-11-21,0.0018679502837846,1867.950283784614,22255.90420606289,20479.14800712385,21272.094347928964
2012-11-23,0.0136249551810685,13624.955181068544,22255.90420606289,20445.82836963255,20651.51039071256
2012-11-26,-0.0021223912274495,-2122.391227449505,22192.59164413409,20120.025070531825,21474.995688759474
2012-11-27,-0.0051045728465083,-5104.5728465083375,22192.59164413409,20121.65191870477,20855.876884159097
2012-11-28,0.0080524478016104,8052.447801610408,22192.59164413409,19858.312782172616,20428.66856749647
2012-11-29,0.0046656298600311,4665.629860031162,22192.59164413409,19863.716571418325,20330.905675584
2012-11-30,0.0002462707571067,246.27075710670357,22192.59164413409,19131.3614579558,19890.03223351955
2012-12-03,-0.0049593753297457,-4959.375329745774,22192.59164413409,19129.50876584936,19284.61233645483
2012-12-04,-0.00141392718275,-1413.9271827500188,22192.59164413409,19161.418473055022,18909.4939190754
2012-12-05,0.0017699115044247,1769.9115044247371,22192.59164413409,19153.131310868022,18351.13040109628
2012-12-06,0.0033922261484098,3392.226148409838,22192.59164413409,19148.21164101046,17820.643689272994
2012-12-07,0.0030638118044794,3063.811804479455,22192.59164413409,19148.41182669508,17385.550481218146
2012-12-10,0.0004072604711584,407.260471158466,19668.32506271368,18770.412309590647,16946.090764599423
2012-12-11,0.0067872509177175,6787.250917717591,19668.32506271368,18685.273834638247,16431.48350067399
2012-12-12,0.0004880089235916,488.0089235916873,19668.32506271368,18491.23046369921,16393.673853721975
2012-12-13,-0.0061319768657236,-6131.976865723643,19668.32506271368,18395.317193062445,15896.68900482782
2012-12-14,-0.0036801514407909,-3680.151440790924,19668.32506271368,18330.595942533968,15803.545239558527
2012-12-17,0.0117159764146397,11715.976414639728,19668.32506271368,18365.51431955689,15464.950174303924
2012-12-18,0.011128886415803,11128.886415803008,19668.32506271368,18351.31429132213,16412.992812091627
2012-12-19,-0.0074293182912569,-7429.318291256925,19668.32506271368,18250.86487973208,17130.079587004748
2012-12-20,0.0057523043869984,5752.304386998475,19668.32506271368,17935.631922988778,17139.304106335607
2012-12-21,-0.016055678059537,-16055.678059537004,19668.32506271368,17934.634215656424,16937.38034333548
2012-12-24,-0.0030814482806919,-3081.448280691901,19668.32506271368,18156.35356631749,18798.10119314633
2012-12-26,-0.0042149631190726,-4214.963119072657,19668.32506271368,18170.930928361948,18309.826685801323
2012-12-27,-0.0013291005291005,-1329.100529100513,19668.32506271368,18203.82316700648,17913.78249174313
2012-12-28,-0.0108193182331931,-10819.318233193151,19668.32506271368,18050.222689475428,17384.562011466856
2012-12-31,0.0169963579233021,16996.35792330212,19668.32506271368,18153.018117731805,17947.140001557418
2013-01-02,0.0256302225967277,25630.22259672776,19668.32506271368,18206.809787329224,19914.213226550277
2013-01-03,-0.0022312748185676,-2231.2748185676637,19668.32506271368,18394.552031143645,24209.26353111316
2013-01-04,0.0043634262674281,4363.426267428139,19668.32506271368,18413.783257317053,23506.1640769808
2013-01-07,-0.0027362164377945,-2736.2164377945364,19668.32506271368,18412.72195921886,22925.307998774755
2013-01-08,-0.0028766283367416,-2876.6283367416268,19668.32506271368,18413.94429304132,22281.531688982435
2013-01-09,0.0025448369490537,2544.8369490537198,19668.32506271368,18439.907866930404,21664.84843407476
2013-01-10,0.0079495614035089,7949.561403508997,19668.32506271368,18428.801462125077,21054.848070266984
2013-01-11,-6.79902094099516e-05,-67.9902094099516,19668.32506271368,18430.654723144264,20910.013885813834
2013-01-14,-0.0006799483239273,-679.9483239273707,19668.32506271368,18438.775624562742,20273.04764721601
2013-01-15,0.0006804109682247,680.4109682247984,19668.32506271368,18402.90077432292,19659.267484603155
2013-01-16,-0.0001359896647853,-135.98966478534092,19668.32506271368,18409.365607460782,19064.310092189557
2013-01-17,0.0064603876232574,6460.387623257402,19668.32506271368,18390.69455309583,18483.696846812363
2013-01-18,0.0022297297297297,2229.72972972979,19668.32506271368,18393.262941509165,18294.82640640702
2013-01-22,0.0053933796265084,5393.379626508432,19668.32506271368,18388.472627437917,17782.941546527563
2013-01-23,0.0016093341380005,1609.3341380005731,19668.32506271368,18382.659349787875,17512.98024708782
2013-01-24,0.0002677913905066,267.79139050669977,19668.32506271368,18370.70403755579,17004.211323474774
2013-01-25,0.0056221136470115,5622.113647011595,19668.32506271368,18367.795672363583,16486.900755147853
2013-01-28,-0.001198003327787,-1198.0033277870782,19668.32506271368,18321.237472351684,16302.528172900702
2013-01-29,0.0039314986339709,3931.498633970909,19668.32506271368,18325.38989523778,15820.623005422314
2013-01-30,-0.0039161024824106,-3916.1024824106994,19668.32506271368,18293.409346925942,15501.40578327516
2013-01-31,-0.0024655160924902,-2465.5160924902384,19668.32506271368,18318.63090891064,15193.937253542425
2013-02-01,0.0102872411489647,10287.241148964731,19668.32506271368,18329.89114209859,14797.913537732924
2013-02-04,-0.0112734726262894,-11273.472626289416,19668.32506271368,18349.151434340027,15498.488016164874
2013-02-05,0.0101314073628249,10131.407362824915,19668.32506271368,18425.10885437384,16341.94564726964
2013-02-06,0.0007282356835482,728.235683548295,19668.32506271368,18434.72417955469,16863.155260031173
2013-02-07,-0.0013231013495632,-1323.1013495632603,19668.32506271368,18439.58368414825,16354.701143622457
2013-02-08,0.005564387917329,5564.38791732905,19668.32506271368,18455.07497590492,15874.385574110762
2013-02-11,-0.000197628458498,-197.62845849802255,19668.32506271368,18452.32093886555,15714.015047375842
2013-02-12,0.0016472293602161,1647.229360216107,19668.32506271368,18388.16350961244,15235.719054863255
2013-02-13,0.0008617287199053,861.728719905308,19668.32506271368,18384.468264594067,14801.370665123408
2013-02-14,0.0009135661283854,913.5661283854456,19668.32506271368,18374.294966397327,14358.86011677477
2013-02-15,-0.0011819554796768,-1181.955479676811,19668.32506271368,18336.65844594603,13931.16143918454
2013-02-19,0.0074945762934717,7494.576293471722,19668.32506271368,18322.914503593373,13523.544453414028
2013-02-20,-0.012463295269168,-12463.295269168006,19668.32506271368,18329.19335941432,13789.554571877765
2013-02-21,-0.0060790273556231,-6079.027355623157,19668.32506271368,18477.14479874812,15138.74799771297
2013-02-22,0.009772636617471,9772.636617471077,19668.32506271368,18505.3750279745,15080.79721178294
2013-02-25,-0.0190269273816576,-19026.927381657675,19668.32506271368,18524.77734375797,15645.964664775704
2013-02-26,0.0068456375838927,6845.637583892783,20766.949952884705,18823.02653493289,18645.711750158374
2013-02-27,0.0125983202239701,12598.320223970117,20766.949952884705,18825.048076455103,18493.77704231492
2013-02-28,-0.0019748535316962,-1974.853531696241,20766.949952884705,18866.576883743062,19314.150232330263
2013-03-01,0.0032979354923816,3297.935492381665,20766.949952884705,18851.399459420143,18759.54726618021
2013-03-04,0.0053250936822035,5325.093682203575,20766.949952884705,18850.85787772017,18284.886807198047
2013-03-05,0.0089589327753074,8958.93277530746,20766.949952884705,18823.98337431324,17985.67883998859
2013-03-06,0.0013610733035194,1361.0733035194223,20766.949952884705,18800.315119630643,18169.69696229804
2013-03-07,0.0017864077669904,1786.407766990461,20766.949952884705,18606.77020214797,17633.24000785091
2013-03-08,0.0042900708120121,4290.070812012159,20766.949952884705,18605.11640971229,17126.340162164066
2013-03-11,0.0037956767884714,3795.67678847148,20766.949952884705,18585.5384017334,16783.596032257676
2013-03-12,-0.0022431583669806,-2243.1583669806355,20766.949952884705,18585.556794987264,16415.418133785854
2013-03-13,0.0014452723535456,1445.2723535456346,20766.949952884705,18599.07851140072,15966.586248049183
2013-03-14,0.0052916840383565,5291.684038356559,20766.949952884705,18490.266834406702,15502.07178703394
2013-03-15,-0.0057423594717027,-5742.359471702763,20766.949952884705,18476.666398436064,15329.317727509508
2013-03-18,-0.0055188346274787,-5518.834627478708,20766.949952884705,18528.616857908328,15218.279675760305
2013-03-19,-0.0023230302639219,-2323.030263921999,20766.949952884705,18552.35994209681,15086.094662465735
2013-03-20,0.006985317896643,6985.317896643029,20766.949952884705,18574.61598443063,14686.291038374013
2013-03-21,-0.0085490397584944,-8549.039758494415,20766.949952884705,18553.28256161612,14784.79660683476
2013-03-22,0.0080396996611793,8039.699661179345,20766.949952884705,18624.56243911191,15139.578834326809
2013-03-25,-0.0041773778920308,-4177.377892030876,20766.949952884705,18563.06161293984,15376.699229310056
2013-03-26,0.0080025814778961,8002.58147789612,20766.949952884705,18600.62083615814,15097.1095821238
2013-03-27,0.0,0.0,20766.949952884705,18551.781949937773,15331.094002325488
2013-03-28,0.0030731801011587,3073.1801011587568,20766.949952884705,18532.28842241257,14864.04711744591
2013-04-01,-0.003957362609306,-3957.3626093060143,20766.949952884705,18487.30741755005,14517.239418059626
2013-04-02,0.004934315924383,4934.315924383092,20766.949952884705,18504.804479000504,14254.489654862504
2013-04-03,-0.01013901288101,-10139.012881010043,20766.949952884705,18505.33693962068,14103.368541665037
2013-04-04,0.0040584938478387,4058.49384783874,20766.949952884705,18611.93565128625,14844.22895116136
2013-04-05,-0.0045040420890544,-4504.0420890544165,20766.949952884705,18575.378235397668,14576.6438129894
2013-04-08,0.0067801853594402,6780.185359440249,20766.949952884705,18506.414118994508,14363.742614401302
2013-04-09,0.0034568849625502,3456.8849625502558,20766.949952884705,18499.6264866351,14452.178369629504
2013-04-10,0.012248803827751,12248.803827751064,20766.949952884705,18366.81372626666,14149.695324495044
2013-04-11,0.0032772420747464,3277.242074746445,20766.949952884705,18154.885667962397,15392.16924047838
2013-04-12,-0.0024499026320747,-2449.9026320747853,20766.949952884705,18146.05963658752,15039.656536910525
2013-04-15,-0.0231863979848867,-23186.397984886757,20766.949952884705,18123.42631195497,14648.164782113625
2013-04-16,0.0147758480640545,14775.84806405452,22553.45870489044,18404.688665052043,19397.51565312309
2013-04-17,-0.0146115240454861,-14611.524045486158,22553.45870489044,18457.83326413136,20605.36654756332
2013-04-18,-0.0062536264586424,-6253.6264586424695,22553.45870489044,18589.727137897156,21643.279273346183
2013-04-19,0.0086933956143766,8693.395614376654,22553.45870489044,18618.404194771385,21284.37212589252
2013-04-22,0.0044378698224851,4437.869822485174,22553.45870489044,18569.09656656263,21222.236065555066
2013-04-23,0.0103092783505156,10309.27835051565,22553.45870489044,18565.99592215359,20730.543647613304
2013-04-24,0.0006337938902267,633.7938902267748,22553.45870489044,18499.279096244907,20939.939783196285
2013-04-25,0.0040537116797567,4053.7116797567664,22553.45870489044,18506.11353186036,20305.23698934632
2013-04-26,-0.0017663386323492,-1766.338632349207,22553.45870489044,18453.411375584597,19821.7146838538
2013-04-29,0.0066986855409505,6698.685540950544,22553.45870489044,18467.71218015168,19244.2054066192
2013-04-30,0.0023854362837414,2385.436283741438,22553.45870489044,18468.55101210663,19044.415266007065
2013-05-01,-0.0087675350701402,-8767.535070140275,22553.45870489044,18435.7642936324,18514.213131037344
2013-05-02,0.0092873388931007,9287.338893100738,22553.45870489044,18526.670605217823,18632.502658549016
2013-05-03,0.010128325508607,10128.325508607097,22553.45870489044,18514.60747100524,18824.133819498427
2013-05-06,0.0025531703931387,2553.1703931387374,22553.45870489044,18456.54642700274,19141.50537250092
2013-05-07,0.0050679935715167,5067.993571516771,22553.45870489044,18221.959482351747,18615.318918109955
2013-05-08,0.0045516633159061,4551.663315906174,22553.45870489044,18215.5281049798,18277.812226163354
2013-05-09,-0.0028100893841067,-2810.089384106762,22553.45870489044,18176.725589993715,17909.802206531367
2013-05-10,0.0032477698442421,3247.769844242132,22553.45870489044,18145.849253044275,17437.87512480528
2013-05-13,0.0007955449482894,795.5449482894838,22553.45870489044,18143.68436044901,17007.63952444736
2013-05-14,0.0103338632750398,10333.863275039825,22553.45870489044,18120.1938972174,16495.748624023032
2013-05-15,0.0053561701870121,5356.170187012177,22553.45870489044,18005.349256598765,17042.85478899923
2013-05-16,-0.0046654426150558,-4665.442615055859,22553.45870489044,17947.11587532089,16803.182215939345
2013-05-17,0.0096770291520502,9677.029152050263,22553.45870489044,17955.401582860417,16506.78495300947
2013-05-20,-5.990176111170253e-05,-59.90176111170253,22553.45870489044,17757.455427168767,16927.294204310347
2013-05-21,0.0014377283891451,1437.728389145132,22553.45870489044,17670.88538128424,16411.656128462833
2013-05-22,-0.0074175988514684,-7417.598851468421,22553.45870489044,17581.352585514924,15932.76853044724
2013-05-23,-0.0028927861146267,-2892.7861146267333,22553.45870489044,17658.682104658248,16015.240337599864
2013-05-24,-0.0008582653369597,-858.2653369597626,22553.45870489044,17680.8314513407,15614.60599315016
2013-05-28,0.0060009194957293,6000.91949572934,22553.45870489044,17693.341634082084,15146.819979258637
2013-05-29,-0.0064942874323512,-6494.287432351253,22553.45870489044,17661.147353998545,15078.257899193342
2013-05-30,0.0036920469676795,3692.046967679552,22553.45870489044,17694.40483901951,15080.042382008716
2013-05-31,-0.0143821986371586,-14382.198637158615,22553.45870489044,17486.396000214594,14771.237523693208
2013-06-03,0.0055370308054696,5537.030805469633,22553.45870489044,17667.023293383016,16500.43469716159
2013-06-04,-0.0048068147246729,-4806.814724672925,20766.949952884705,17152.362985456377,16305.943292064048
2013-06-05,-0.0139887503056982,-13988.75030569824,20766.949952884705,17188.665668276302,16044.731864238973
2013-06-06,0.009040627015229,9040.627015229007,20766.949952884705,17382.072596321977,17479.389375427305
2013-06-07,0.0127204571990415,12720.45719904158,20766.949952884705,17197.31148191314,17712.6257596349
2013-06-10,0.0,0.0,20766.949952884705,17232.76341178737,18640.139835226462
2013-06-11,-0.0103276699029125,-10327.66990291256,20766.949952884705,17235.26767472726,18072.28608373021
2013-06-12,-0.0082649695275234,-8264.969527523424,20766.949952884705,17191.268840412355,18483.649018634133
2013-06-13,0.0152086553323029,15208.655332302978,20766.949952884705,17252.626574257563,18529.10316760836
2013-06-14,-0.0063029048170025,-6302.904817002574,20766.949952884705,17258.18511566189,19945.809418856254
2013-06-17,0.00775241305347,7752.413053470075,20766.949952884705,17299.872906543504,19668.883228454182
2013-06-18,0.0078752128435903,7875.212843590384,20766.949952884705,17307.09814063974,19574.685971970222
2013-06-19,-0.0137870697197334,-13787.069719733425,20766.949952884705,17312.11412611378,19501.70865667131
2013-06-20,-0.0247782196390332,-24778.21963903326,20766.949952884705,17486.524571627528,20474.86958410716
2013-06-21,-0.0020702634880803,-2070.2634880803707,22553.45870489044,17959.08266480735,24360.384324108003
2013-06-24,-0.0126359464386747,-12635.946438674717,20881.6723129272,17566.8233428896,23647.71330960819
2013-06-25,0.0096459951610847,9645.995161084777,20881.6723129272,17724.9487386086,24031.387542419878
2013-06-26,0.0098691470912817,9869.147091281728,20881.6723129272,17502.71914526926,23938.8844209191
2013-06-27,0.0058698638691145,5869.863869114589,20881.6723129272,17521.597204405487,23881.229198185
2013-06-28,-0.0040973429351875,-4097.3429351875975,20881.6723129272,17509.238721547765,23394.06824185972
2013-07-01,0.0058596185014339,5859.618501433905,20881.6723129272,17520.326029019358,22801.246618267243
2013-07-02,-0.0009295984134853,-929.5984134853884,20881.6723129272,17261.10148379069,22357.372880237213
2013-07-03,0.0004342162396873,434.2162396873129,20881.6723129272,17275.210942720947,21682.748837184132
2013-07-05,0.0107886904761904,10788.690476190466,20881.6723129272,17278.701660568873,21023.661052208012
2013-07-08,0.0056741504109925,5674.150410992506,20881.6723129272,17262.448073973603,21290.13821479174
2013-07-09,0.0072280337918204,7228.033791820465,20881.6723129272,17152.596299153185,20893.25876262024
2013-07-10,0.0003754617574034,375.4617574034392,20881.6723129272,17141.020434072652,20671.26169839832
2013-07-11,0.0136084071867885,13608.407186788574,20881.6723129272,17049.354786783217,20042.673773081053
2013-07-12,0.0004180602006689,418.0602006689238,20881.6723129272,17093.062136104498,20922.226513887177
2013-07-15,0.0038505163870814,3850.516387081449,20881.6723129272,17052.05140534955,20286.250027403825
2013-07-16,-0.0037465433677261,-3746.543367726174,20881.6723129272,16956.308290862915,19790.25980837243
2013-07-17,0.0025375317116846,2537.5317116846927,20881.6723129272,16968.523607991738,19305.776129797527
2013-07-18,0.00547722210347,5477.222103470014,20881.6723129272,16965.635588153214,18773.4137962897
2013-07-19,0.0017765144785928,1776.514478592839,20881.6723129272,16960.216421797693,18467.160021508316
2013-07-22,0.0019507004788084,1950.7004788084091,20881.6723129272,16962.207910905126,17933.17141034774
2013-07-23,-0.0021238938053098,-2123.8938053098623,20881.6723129272,16857.13700636979,17422.351436341018
2013-07-24,-0.0036656024595008,-3665.602459500872,20881.6723129272,16756.297253788016,16934.89854580125
2013-07-25,0.0024329456444338,2432.94564443386,20881.6723129272,16693.249338896454,16551.326306800318
2013-07-26,0.0010655301012254,1065.5301012254536,20881.6723129272,16685.618706479967,16106.882735422136
2013-07-29,-0.0030749216486311,-3074.9216486311016,20881.6723129272,16597.36589497797,15628.001671796075
2013-07-30,-1.1863099828035573e-05,-11.863099828035573,20881.6723129272,16500.66297420045,15252.887735454804
2013-07-31,0.0007236576743303,723.657674330358,20881.6723129272,16500.902604876188,14788.224873599176
2013-08-01,0.0115582952996264,11558.295299626488,20881.6723129272,16431.611678034355,14343.644774235418
2013-08-02,0.0016992851283252,1699.2851283252896,20881.6723129272,16451.80464957233,15387.51428703137
2013-08-05,-0.001462415911085,-1462.415911085091,20881.6723129272,16379.503391920269,14950.140253543395
2013-08-06,-0.0056824838898652,-5682.483889865253,20881.6723129272,16241.270181216156,14518.634378262126
2013-08-07,-0.0032404406999351,-3240.440699935121,20881.6723129272,16297.891805776642,14443.978197709472
2013-08-08,0.0036647357843717,3664.735784371764,20881.6723129272,16329.91486615413,14125.170347417115
2013-08-09,-0.0028857479387515,-2885.747938751515,20881.6723129272,16325.268924125094,13853.166037874526
2013-08-12,-0.0011753588092847,-1175.3588092847656,20881.6723129272,16348.746653457352,13531.432412578752
2013-08-13,0.0029507246719611,2950.724671961113,20881.6723129272,16361.898264302868,13136.295710507846
2013-08-14,-0.005129414539237,-5129.414539237098,20881.6723129272,16350.124757060488,12846.623613861191
2013-08-15,-0.013986013986014,-13986.013986014068,20881.6723129272,16392.98288810333,12793.635162265102
2013-08-16,-0.0033056857795407,-3305.685779540712,20881.6723129272,16589.92958228101,14743.58355539102
2013-08-19,-0.0063920882831816,-6392.088283181607,20881.6723129272,16614.293198622912,14418.01610008223
2013-08-20,0.004915943436305,4915.943436305081,20881.6723129272,16675.941757673303,14445.547594358595
2013-08-21,-0.0061601642710472,-6160.164271047263,20881.6723129272,16667.918889925728,14282.878118445096
2013-08-22,0.0091152163344676,9115.216334467656,20881.6723129272,16701.02241013068,14285.751046252495
2013-08-23,0.0033722750812958,3372.275081295895,20881.6723129272,16711.20199541231,14792.47312498022
2013-08-26,-0.0037210418917297,-3721.041891729726,20881.6723129272,16620.869115019585,14470.001623066337
2013-08-27,-0.0160843373493975,-16084.337349397516,20881.6723129272,16654.200360749783,14188.520894513797
2013-08-28,0.0035510928794464,3551.092879446438,20881.6723129272,16893.756437726523,16529.991573524207
2013-08-29,0.001586236349216,1586.2363492160637,20881.6723129272,16879.37873315236,16153.665469327338
2013-08-30,-0.0031674483766825,-3167.448376682591,20881.6723129272,16876.70893265802,15687.621888654152
2013-09-03,0.0045218454017719,4521.845401771918,20881.6723129272,16831.323627877642,15316.434179449094
2013-09-04,0.0082730093071354,8273.009307135482,20881.6723129272,16831.080004915846,15071.728992173274
2013-09-05,0.0012669683257919,1266.968325791984,20881.6723129272,16828.815579324906,15354.213376849935
2013-09-06,0.0004820438659915,482.0438659915993,20881.6723129272,16819.106392629288,14903.958854294417
2013-09-09,0.0096000963623223,9600.096362322396,20881.6723129272,16656.88479663186,14452.534818090237
2013-09-10,0.0073732059128817,7373.205912881708,20881.6723129272,16678.063095994064,15042.2547886986
2013-09-11,0.0031385089121809,3138.508912180926,20881.6723129272,16629.013522369325,15177.155557943966
2013-09-12,-0.0026564344746163,-2656.434474616387,20881.6723129272,16628.61571006916,14823.083172306831
2013-09-13,0.0022491861497486,2249.186149748672,20881.6723129272,16655.05563816218,14451.012276977832
2013-09-16,0.0057875155022735,5787.515502273522,20881.6723129272,16574.21192702509,14069.275902503518
2013-09-17,0.0044624508249662,4462.450824966213,20881.6723129272,16576.508853579526,14033.682560056506
2013-09-18,0.0115800549482667,11580.054948266748,20881.6723129272,16544.161317373913,13841.740006692226
2013-09-19,-0.0016815851974273,-1681.5851974273378,20881.6723129272,16568.346589119534,14954.647681685894
2013-09-20,-0.0118082889557767,-11808.28895577679,20881.6723129272,16580.77271965938,14530.698545608231
2013-09-23,-0.0046274601686971,-4627.460168697195,20881.6723129272,16725.618925407238,15612.475832906275
2013-09-24,-0.002353910433708,-2353.9104337080284,20881.6723129272,16713.232696435316,15364.81881199471
2013-09-25,-0.0028903438919365,-2890.343891936542,20881.6723129272,16719.105822704987,14957.011794069364
2013-09-26,0.0038452437292948,3845.243729294845,20881.6723129272,16616.56304788355,14594.593388593248
2013-09-27,-0.004602510460251,-4602.510460251064,20881.6723129272,16560.374587903894,14318.631582127226
2013-09-30,-0.0053223925308893,-5322.392530889397,20881.6723129272,16586.085279231753,14127.995634224466
2013-10-01,0.0079161954645556,7916.195464555686,20881.6723129272,16593.74067041607,14029.350982865302
2013-10-02,-0.0009448446911538,-944.8446911538566,20881.6723129272,16603.302184278862,14330.452999050513
2013-10-03,-0.0092209481026126,-9220.948102612649,20881.6723129272,16612.8959433443,13904.317756847904
2013-10-04,0.0075766614962413,7576.661496241366,20881.6723129272,16719.616190940178,14468.56301103954
2013-10-07,-0.0086446799692105,-8644.679969210589,20881.6723129272,16721.59528732078,14677.17289679578
2013-10-08,-0.0116466583049633,-11646.658304963365,20881.6723129272,16809.829387866233,15058.560752021232
2013-10-09,0.0007251631617113,725.1631617113396,20881.6723129272,16925.85574533713,16037.465767910278
2013-10-10,0.0215579710144926,21557.97101449264,20881.6723129272,16815.13852447609,15554.389869517816
2013-10-11,0.0064432227936395,6443.222793639514,20881.6723129272,16944.356773211905,19450.76132231859
2013-10-14,0.0039938916950545,3993.8916950545968,20881.6723129272,16941.07968713687,19212.306364683376
2013-10-15,-0.0072540072540072,-7254.007254007266,20881.6723129272,16908.645217591733,18765.540654828685
2013-10-16,0.0139658220388922,13965.822038892296,20881.6723129272,16974.38245188212,18657.529845270925
2013-10-17,0.0066833265531469,6683.326553146962,20881.6723129272,17012.552175168625,19762.356314981684
2013-10-18,0.0067428703382981,6742.870338298124,20881.6723129272,17016.88782236867,19535.138119251937
2013-10-21,6.881207422537727e-05,68.81207422537727,20881.6723129272,16994.928179130362,19325.83382764602
2013-10-22,0.0057912844036696,5791.284403669605,20881.6723129272,16740.866972730168,18737.13210440556
2013-10-23,-0.0047887805712331,-4788.780571233109,20881.6723129272,16733.25903728182,18463.636582861003
2013-10-24,0.0033224494472132,3322.4494472132715,20881.6723129272,16582.022161799403,18107.95386755323
2013-10-25,0.0045675135598057,4567.5135598057805,20881.6723129272,16552.545551183484,17658.10071276492
2013-10-28,0.001591361182154,1591.361182154083,20881.6723129272,16551.774555026474,17316.877447148585
2013-10-29,0.005333938602962,5333.938602962052,20881.6723129272,16542.089575374128,16813.80696365446
2013-10-30,-0.004966980865835,-4966.980865835025,20881.6723129272,16532.345552944327,16582.528597947447
2013-10-31,-0.0028362357479153,-2836.235747915361,20881.6723129272,16558.50463639963,16324.595475802931
2013-11-01,0.0023892144035497,2389.2144035497777,20881.6723129272,16483.263704759174,15909.586570960442
2013-11-04,0.0035185290278645,3518.5290278645366,20881.6723129272,16482.43981935207,15484.88378870415
2013-11-05,-0.0031668834473788,-3166.8834473788097,20881.6723129272,16473.829660514177,15146.441782865537
2013-11-06,0.0051058035967548,5105.803596754832,17585.05826585019,16054.684291615473,14795.486442581723
2013-11-07,-0.0126432240221255,-12643.224022125589,17585.05826585019,15888.492513642112,14636.83945691472
2013-11-08,0.0134911107300061,13491.110730006196,17585.05826585019,16061.675085475266,15915.045907679398
2013-11-11,0.0001692142816853,169.21428168537034,17585.05826585019,16110.030456876031,17239.27265606184
2013-11-12,-0.0020302278366793,-2030.227836679388,17585.05826585019,16083.43279751312,16714.373098847114
2013-11-13,0.008024412296564,8024.412296564032,17585.05826585019,15908.581553809005,16246.42929785996
2013-11-14,0.0049893485816796,4989.348581679654,17585.05826585019,15895.361785532605,16401.77969816597
2013-11-15,0.0043509789702682,4350.97897026826,17585.05826585019,15895.408956070463,16154.27393931626
2013-11-18,-0.0034990280477646,-3499.028047764696,17585.05826585019,15730.029826047628,15857.17795729415
2013-11-19,-0.0021736707167538,-2173.670716753895,17585.05826585019,15758.89321742538,15502.8584678279
2013-11-20,-0.0031279673797687,-3127.9673797687256,17585.05826585019,15781.263880515517,15081.52926509572
2013-11-21,0.0080685829551185,8068.582955118586,17585.05826585019,15755.815486181427,14730.323499763348
2013-11-22,0.0050025012506254,5002.501250625402,17585.05826585019,15741.452055774222,15003.433063571836
2013-11-25,-0.0009955201592832,-995.5201592832808,17585.05826585019,15686.965775342504,14823.049249468437
2013-11-26,0.0002768089464653,276.80894646531226,17585.05826585019,15693.66395362351,14382.67125955977
2013-11-27,0.0024352446313924,2435.244631392441,17585.05826585019,15702.7844652876,13945.409251964276
2013-11-29,-0.0006625441696113,-662.5441696113121,17585.05826585019,15695.02643363499,13591.60255844048
2013-12-02,-0.0025966850828729,-2596.6850828729184,17585.05826585019,15656.480614208602,13182.954841841489
2013-12-03,-0.0043206115327092,-4320.61153270924,17585.05826585019,15665.861084256489,12866.714854051848
2013-12-04,-0.0001112656467315,-111.26564673158424,17585.05826585019,15708.241233616973,12715.378963190617
2013-12-05,-0.0043954821120569,-4395.482112056981,17585.05826585019,15719.224349505135,12328.180336789956
2013-12-06,0.0111769308147982,11176.930814798205,17585.05826585019,15764.79288622459,12212.229199239666
2013-12-09,0.0025422792085774,2542.2792085774136,17585.05826585019,15789.277146124554,13444.504038568277
2013-12-10,-0.0035832414553472,-3583.2414553472745,17585.05826585019,15785.941090804674,13115.185532201716
2013-12-11,-0.0112309820193637,-11230.982019363788,17585.05826585019,15815.452656202306,12878.540519464594
2013-12-12,-0.0033012533572067,-3301.253357206768,17585.05826585019,15899.32550033334,14030.792631797613
2013-12-13,-0.0001122775501037,-112.27755010378982,17585.05826585019,15895.646648181046,13732.813687583044
2013-12-16,0.0062096457245521,6209.6457245521815,17585.05826585019,15867.998792881172,13314.610579820968
2013-12-17,-0.0031582001606998,-3158.200160699898,17585.05826585019,15837.84064144798,13385.177815340005
2013-12-18,0.0170724881052335,17072.48810523354,17585.05826585019,15786.4504910042,13101.601973049956
2013-12-19,-0.0011557512383048,-1155.7512383048029,17585.05826585019,15895.59611629464,15999.909353502091
2013-12-20,0.0003856961816077,385.6961816077753,17585.05826585019,15650.906615722834,15526.461708569968
2013-12-23,0.0053425864727914,5342.5864727914,17585.05826585019,15626.434941781352,15055.067495793048
2013-12-24,0.0021914205883963,2191.420588396387,17585.05826585019,15582.526106372865,14910.53757531177
2013-12-26,0.0050565790192969,5056.579019296903,17585.05826585019,15565.620558936966,14510.136568337311
2013-12-27,-5.4390688314143176e-05,-54.390688314143176,17585.05826585019,15419.587821978275,14360.153911459169
2013-12-30,-0.0001359841170551,-135.98411705517677,17585.05826585019,15321.316290282626,13922.720271370805
2013-12-31,0.0047328908715047,4732.890871504746,17585.05826585019,15017.236830947237,13498.80053452082
2014-01-02,-0.0095836266175755,-9583.626617575504,17585.05826585019,14992.160669060486,13362.568172364136
2014-01-03,-0.000191340476711,-191.3404767110993,17585.05826585019,15115.28802895106,14059.457780345854
2014-01-06,-0.0028706564234353,-2870.6564234353136,17585.05826585019,15096.878875658214,13631.58611616847
2014-01-07,0.0061416977407324,6141.697740732477,17585.05826585019,15096.82420868296,13317.16145630442
2014-01-08,0.0002180074122521,218.0074122521969,17585.05826585019,15099.06645382309,13377.38120355728
2014-01-09,0.0006538796861377,653.879686137726,17585.05826585019,15096.862917148586,12970.44721414938
2014-01-10,0.0027227183620126,2722.718362012655,17585.05826585019,15093.369765820207,12580.834034895292
2014-01-13,-0.0133322472032149,-13332.247203214907,17585.05826585019,15080.231791306787,12295.84920725354
2014-01-14,0.0109255029308967,10925.50293089678,17585.05826585019,15273.148599085203,14136.269053173392
2014-01-15,0.0053901018130342,5390.101813034232,17585.05826585019,15295.823712340474,15053.372628346851
2014-01-16,-0.0012996859092386,-1299.6859092386792,17585.05826585019,15292.908881910049,14914.481423156603
2014-01-17,-0.0042565882225354,-4256.588222535495,17585.05826585019,15309.098757707698,14479.079794961512
2014-01-21,0.0029678438206224,2967.843820622429,17585.05826585019,15351.684408419656,14245.998217750532
2014-01-22,0.000651536540341,651.5365403410023,17585.05826585019,15348.85289900594,13915.159602202906
2014-01-23,-0.0081931633206728,-8193.16332067288,17585.05826585019,15347.110259675695,13496.355347140792
2014-01-24,-0.0213359592975546,-21335.959297554607,17585.05826585019,15441.62722393352,13893.15895936383
2014-01-27,-0.004919224104198,-4919.224104198094,20204.533658765107,15843.172795246946,18145.40863993944
2014-01-28,0.0059547216448514,5954.721644851446,20204.533658765107,15892.550862631471,17814.549485629264
2014-01-29,-0.0096051823309319,-9605.182330931992,20204.533658765107,15857.0347579793,17602.005869823137
2014-01-30,0.0106005074711024,10600.507471102415,20204.533658765107,15948.64496176063,17922.01728109903
2014-01-31,-0.0058583942420352,-5858.39424203527,20204.533658765107,15951.373617125522,18396.062138240133
2014-02-03,-0.0225053316870581,-22505.33168705815,20204.533658765107,15863.99858791989,18145.374709728763
2014-02-04,0.0069759430441522,6975.943044152277,21932.339216201413,16284.812029598024,21770.704071141008
2014-02-05,-0.0012258745046611,-1225.8745046611618,21932.339216201413,16285.89162502337,21478.53666446197
2014-02-06,0.0131871895872581,13187.189587258175,21932.339216201413,16285.2657630038,20835.927011195297
2014-02-07,0.0123957629028623,12395.762902862372,21932.339216201413,16340.19691841584,21553.562329091208
2014-02-10,0.0018365983971504,1836.5983971504463,21932.339216201413,16376.93602935204,22058.48009966597
2014-02-11,0.0109438364535303,10943.836453530364,21932.339216201413,16376.428973147134,21412.08166574629
2014-02-12,0.0004945598417409,494.5598417409602,21932.339216201413,16402.42429336272,21676.225894966832
2014-02-13,0.0051628494535069,5162.849453506979,21932.339216201413,16404.12079805863,21017.770206170608
2014-02-14,0.0055188241079724,5518.824107972442,21932.339216201413,16388.67941027075,20588.76178982921
2014-02-18,0.001195522225845,1195.5222258450692,21932.339216201413,16382.200118301853,20207.751623223485
2014-02-19,-0.0066217976552322,-6621.797655232298,21932.339216201413,16216.007768467913,19603.9826751794
2014-02-20,0.0059009944268384,5900.994426838446,21932.339216201413,16223.140189712332,19377.70057690126
2014-02-21,-0.0011406844106464,-1140.6844106464089,21932.339216201413,16203.85068550442,19085.928223850537
2014-02-24,0.0055467942791886,5546.7942791886935,21932.339216201413,15880.828733391292,18515.906716381745
2014-02-25,-0.0003785625439403,-378.5625439403084,21932.339216201413,15877.036256739597,18227.97067746792
2014-02-26,5.41008439731705e-05,54.1008439731705,21932.339216201413,15839.857687552489,17673.989778852316
2014-02-27,0.0052474979713281,5247.497971328175,21932.339216201413,15827.03988450097,17135.59658213435
2014-02-28,0.0025293294586159,2529.329458615948,21932.339216201413,15828.021524564056,16880.531443344855
2014-03-03,-0.007032046808739,-7032.0468087390345,21932.339216201413,15827.867672225046,16429.624445409612
2014-03-04,0.0140555735755218,14055.573575521896,21932.339216201413,15888.071961022488,16425.394773769254
2014-03-05,0.0009062799872054,906.279987205494,21932.339216201413,15951.834488137907,17825.71550350674
2014-03-06,0.0022902796271637,2290.279627163772,21932.339216201413,15954.73172183489,17290.386538493814
2014-03-07,0.0004251248804334,425.1248804334473,21932.339216201413,15956.255475325514,16814.37674938822
2014-03-10,-0.0005311802825879,-531.1802825879175,21932.339216201413,15963.934353205525,16303.942940924791
2014-03-11,-0.0049426020408163,-4942.602040816313,21932.339216201413,15952.267546072728,15810.1568893507
2014-03-12,0.0002670512204241,267.05122042414155,21932.339216201413,15998.710483318511,15585.118851668703
2014-03-13,-0.0112131567706108,-11213.156770610854,21932.339216201413,16005.568282396029,15111.099603875668
2014-03-14,-0.0028080786262015,-2808.078626201582,21932.339216201413,16092.69408328759,15983.505457878004
2014-03-17,0.0090436477851187,9043.647785118792,21932.339216201413,16064.71877149775,15578.978348950992
2014-03-18,0.0071378736650029,7137.873665002959,21932.339216201413,16057.610058033331,15959.318047813977
2014-03-19,-0.0053287861025258,-5328.786102525851,21932.339216201413,16058.238659982162,15998.80486911824
2014-03-20,0.005823422265081,5823.422265081035,21932.339216201413,16013.230124482849,15805.840961611138
2014-03-21,-0.0082398120875434,-8239.81208754343,21932.339216201413,16004.452945532652,15679.505795615938
2014-03-24,-0.0041353383458645,-4135.338345864548,21932.339216201413,16057.375783644406,15910.448168214913
2014-03-25,0.0047457261500296,4745.726150029661,21932.339216201413,16087.146270045245,15604.702983499032
2014-03-26,-0.0071923138854597,-7192.313885459711,21932.339216201413,16078.295139864962,15369.1094088778
2014-03-27,-0.0021084500189219,-2108.4500189219034,21932.339216201413,16156.091861451509,15454.261188339364
2014-03-28,0.0049301116047242,4930.11160472423,21932.339216201413,16139.803200885815,15031.555877902432
2014-03-31,0.0081945118335218,8194.511833521823,21932.339216201413,16139.797038915833,14841.944019824616
2014-04-01,0.006630661461954,6630.661461954012,21932.339216201413,16026.020405091644,15128.477605754148
2014-04-02,0.0033466135458166,3346.613545816668,21932.339216201413,16030.928495194916,15146.446412530304
2014-04-03,-0.0013235916984328,-1323.59169843288,21932.339216201413,15985.55496014368,14808.331571237311
2014-04-04,-0.0118220855643322,-11822.085564332285,21932.339216201413,15997.706111241176,14377.00758610065
2014-04-07,-0.0110515021459227,-11051.502145922765,21932.339216201413,16156.167598530044,15481.569124593829
2014-04-08,0.004122816534664,4122.816534664064,21932.339216201413,16251.595749485608,16277.511308007222
2014-04-09,0.0107509454349001,10750.945434900184,21932.339216201413,16251.558274754729,15955.54104941672
2014-04-10,-0.0210326580789994,-21032.65807899945,21932.339216201413,16258.043070042497,16638.385032102902
2014-04-11,-0.0089814637875024,-8981.46378750242,21187.34170046258,16186.319158379469,20096.52129320387
2014-04-14,0.0078789047435403,7878.90474354036,21187.34170046258,16212.258121418416,20145.26086203341
2014-04-15,0.0068869537077982,6886.953707798238,21187.34170046258,16005.348563350752,20040.931584370297
2014-04-16,0.0104505971769817,10450.597176981712,21187.34170046258,15946.015545885626,19822.7600064639
2014-04-17,0.0014237743451981,1423.7743451981366,21187.34170046258,15959.186698929256,20120.36039390392
2014-04-21,0.0034873115510489,3487.311551048977,21187.34170046258,15962.647554791763,19524.277352842502
2014-04-22,0.004544482463644,4544.482463644028,21187.34170046258,15934.976984940386,19033.510335115017
2014-04-23,-0.002341795731545,-2341.7957315450267,21187.34170046258,15928.908624615906,18634.4877995645
2014-04-24,0.0020272072552682,2027.2072552682816,21187.34170046258,15953.26457983448,18116.02107296748
2014-04-25,-0.0081989032635895,-8198.903263589518,21187.34170046258,15935.250317325876,17602.08054871365
2014-04-28,0.0031402651779484,3140.265177948409,21187.34170046258,16022.666895143691,17693.81677572973
2014-04-29,0.0046822742474916,4682.27424749168,21187.34170046258,16021.722908813144,17247.868581411552
2014-04-30,0.0029826897470039,2982.689747003997,21187.34170046258,15920.09835574823,16933.946817145745
2014-05-01,7.965588656988487e-05,79.65588656988487,21187.34170046258,15900.43737962877,16505.8122052467
2014-05-02,-0.0014071419089339,-1407.1419089339845,21187.34170046258,15882.047845470512,16003.043044663647
2014-05-05,0.0019142826757416,1914.2826757416744,21187.34170046258,15898.213899079832,15536.23159736366
2014-05-06,-0.0087039592399956,-8703.959239995673,21187.34170046258,15898.920429628675,15102.381562183296
2014-05-07,0.0058892815076561,5889.281507656107,21187.34170046258,15998.362983884826,15459.526685977416
2014-05-08,-0.0010911219927612,-1091.1219927612904,21187.34170046258,15974.527082854009,15359.667907993677
2014-05-09,0.0015185826561876,1518.5826561876504,21187.34170046258,15989.091688312465,14904.724797724964
2014-05-12,0.0097095126622686,9709.512662268604,21187.34170046258,15986.74619958255,14476.55318168406
2014-05-13,0.0009220960560634,922.0960560634152,21187.34170046258,15981.509773225149,15086.703390712604
2014-05-14,-0.0047378395451674,-4737.839545167488,21187.34170046258,15984.293619535283,14636.53625206414
2014-05-15,-0.0087802813921505,-8780.281392150591,21187.34170046258,15985.083739873558,14445.185690339276
2014-05-16,0.0034685165421557,3468.5165421557417,21187.34170046258,16060.763610240265,14872.015590567416
2014-05-19,0.0036692369050783,3669.236905078366,21187.34170046258,16052.253776095997,14553.787801293767
2014-05-20,-0.0063049697997245,-6304.969799724502,21187.34170046258,16049.324322521084,14264.490608755306
2014-05-21,0.0084244201546253,8424.4201546253,21187.34170046258,16034.101700875124,14288.994982349055
2014-05-22,0.0024321894992862,2432.1894992862526,21187.34170046258,16021.913088899206,14661.857366200771
2014-05-23,0.004008650245266,4008.650245266088,21187.34170046258,16009.699300530689,14282.601873981528
2014-05-27,0.006146572104019,6146.572104019033,21187.34170046258,16006.083954224516,14034.638117426006
2014-05-28,-0.0007309941520469,-730.9941520469155,21187.34170046258,15942.83465378854,14050.644062216115
2014-05-29,0.005172954331696,5172.954331696067,21187.34170046258,15955.457565726718,13628.971868498087
2014-05-30,0.0016114778811664,1611.4778811664455,21187.34170046258,15742.089204719889,13538.57832134457
2014-06-02,0.0011158397342745,1115.8397342745377,21187.34170046258,15742.687430961692,13158.219979462743
2014-06-03,-0.000492495917468,-492.4959174680277,21187.34170046258,15699.221653290382,12773.20352471127
2014-06-04,0.0020228215767634,2022.8215767634783,21187.34170046258,15502.234665605609,12387.259770022849
2014-06-05,0.006522076712045,6522.076712045077,21187.34170046258,15485.098296837914,12065.082595120257
2014-06-06,0.0047570069426587,4757.0069426587925,21187.34170046258,15435.49911548372,12273.742197015205
2014-06-09,0.0010492642354447,1049.2642354447134,21187.34170046258,15427.261274801827,12204.673103840356
2014-06-10,0.0001022599447795,102.25994477952582,21187.34170046258,15299.27928843594,11847.965990532435
2014-06-11,-0.0034764826175869,-3476.482617586929,21187.34170046258,15210.77749154735,11487.177015617037
2014-06-12,-0.0070798276215883,-7079.82762158832,21187.34170046258,15154.999352097922,11312.046177768923
2014-06-13,0.0030484654335021,3048.4654335021232,21187.34170046258,15165.98069287852,11685.913739538342
2014-06-16,0.0008241899757894,824.18997578948,21187.34170046258,15154.468954607935,11462.31020239223
2014-06-17,0.0027793504555047,2779.3504555047034,21187.34170046258,15147.06704076251,11123.041684917518
2014-06-18,0.0073140686752553,7314.068675255303,21187.34170046258,14939.019212540306,10899.86593882642
2014-06-19,0.0011464676059207,1146.4676059207425,18607.98092149449,14380.768666980744,11359.991435264192
2014-06-20,-0.0027483713355048,-2748.371335504873,18607.98092149449,14361.83337643699,11033.27878834245
2014-06-23,-0.0003062161886291,-306.2161886291381,18607.98092149449,14200.738959984112,10811.197235205593
2014-06-24,-0.0060240963855422,-6024.096385542243,18607.98092149449,14186.274358713908,10483.296923441272
2014-06-25,0.0045197740112996,4519.77401129966,18607.98092149449,14224.859205900424,10727.968919678518
2014-06-26,-0.0007158196134574,-715.8196134574579,18607.98092149449,14221.67571491073,10715.284636391623
2014-06-27,0.0019443307408923,1944.330740892397,18607.98092149449,14192.429805501586,10396.858558731905
2014-06-30,-0.0005106730671023,-510.67306710239626,18607.98092149449,14190.503945091046,10140.835395209064
2014-07-01,0.0066932352340078,6693.235234007888,18607.98092149449,14187.90699486006,9836.210197973707
2014-07-02,0.0010150738466223,1015.0738466223607,18607.98092149449,14187.854598352713,10270.975898864172
2014-07-03,0.0049181159052882,4918.115905288234,18607.98092149449,14154.604485765543,9974.865712164532
2014-07-07,-0.003481331987891,-3481.331987891024,18607.98092149449,14152.661250238734,10068.872788192284
2014-07-08,-0.006430054174472,-6430.054174472067,18607.98092149449,14178.108989446222,9961.661032608765
2014-07-09,0.0044843049327354,4484.304932735439,18607.98092149449,14242.48052171226,10329.863956718147
2014-07-10,-0.0039569805194805,-3956.980519480569,18607.98092149449,14167.754867131596,10336.023805076866
2014-07-11,0.001375165529184,1375.1655291840414,18607.98092149449,14200.841771574946,10271.691793511383
2014-07-14,0.0050353491684043,5035.349168404313,18607.98092149449,14203.636314136276,9989.557185262169
2014-07-15,-0.0018724696356275,-1872.4696356275936,18607.98092149449,14168.26430622082,10101.327069733808
2014-07-16,0.0037012624854231,3701.262485423129,18607.98092149449,14188.096416838443,9851.552793928944
2014-07-17,-0.0113659325116185,-11365.932511618548,18607.98092149449,14184.983905879915,9781.52703365334
2014-07-18,0.010218690920239,10218.690920239082,18607.98092149449,14341.595936588588,11484.14219859888
2014-07-21,-0.0018709230038556,-1870.9230038556068,18607.98092149449,14374.084796825944,12565.011960764366
2014-07-22,0.0043579608796999,4357.960879699974,18607.98092149449,14372.10785505792,12228.79251836608
2014-07-23,0.0022199798183653,2219.979818365303,18607.98092149449,14336.439152081712,12113.532471867273
2014-07-24,5.034232782930026e-05,50.34232782930026,18607.98092149449,14336.779890294183,11812.438298027004
2014-07-25,-0.0046816008054367,-4681.600805436781,18607.98092149449,14341.000958442492,11452.619768860011
2014-07-28,0.0004046125834513,404.6125834513692,18607.98092149449,14357.988977425865,11419.703340412383
2014-07-29,-0.0042972699696663,-4297.269969666395,18607.98092149449,14356.043997135706,11074.213571638917
2014-07-30,0.0001523229246001,152.3229246001012,18607.98092149449,14393.827252960487,11012.549579739669
2014-07-31,-0.0197481977865772,-19748.197786577217,18607.98092149449,14352.828571401727,10677.41576631207
2014-08-01,-0.003055569941478,-3055.5699414780424,20403.27253571256,14734.334074216067,15290.594652070073
2014-08-04,0.0072207792207792,7220.779220779239,20403.27253571256,14746.985272204249,14926.682128191678
2014-08-05,-0.0096962195059053,-9696.21950590538,20403.27253571256,14699.804426616214,15045.529127045018
2014-08-06,0.000312483724806,312.48372480607856,20403.27253571256,14789.968081464134,15598.53737876899
2014-08-07,-0.0054146925600041,-5414.692560004153,20403.27253571256,14796.396743289197,15124.391335570295
2014-08-08,0.0115688635292885,11568.863529288545,20403.27253571256,14823.231821063006,14984.746461596878
2014-08-11,0.0028720761747049,2872.0761747049737,20403.27253571256,14856.356284025398,15953.974190089995
2014-08-12,-0.0013674243401531,-1367.424340153134,20403.27253571256,14856.409562506577,15554.293297871194
2014-08-13,0.00676897638609,6768.976386090087,20403.27253571256,14821.12848296353,15100.564334676375
2014-08-14,0.0047218230342844,4721.823034284478,20403.27253571256,14613.916400581462,15140.12845071126
2014-08-15,-0.0002043318348998,-204.3318348998735,20403.27253571256,14582.248781251312,14923.463749681803
2014-08-18,0.0083793173921931,8379.317392193108,20403.27253571256,14522.257648531006,14469.303416301644
2014-08-19,0.0052188893392783,5218.889339278388,20403.27253571256,14537.683254452892,14818.846260463446
2014-08-20,0.0026715056202428,2671.5056202428755,20403.27253571256,14472.425952510448,14671.962217901944
2014-08-21,0.0029157450231249,2915.745023124972,20403.27253571256,14450.928685037745,14306.22065727335
2014-08-22,-0.0015538847117794,-1553.8847117794185,20403.27253571256,14451.186709758747,13969.554329807645
2014-08-25,0.0050705356694613,5070.535669461362,20403.27253571256,14432.024133919467,13572.898775296117
2014-08-26,0.0006493506493507,649.3506493507883,20403.27253571256,14155.407083101603,13472.886195645804
2014-08-27,-0.0003993410872061,-399.3410872061842,20403.27253571256,14161.666607152943,13067.687639600968
2014-08-28,-0.0005493133583022,-549.3133583022169,20403.27253571256,14170.260304857466,12671.636665898212
2014-08-29,0.0028480063955231,2848.006395523184,20403.27253571256,14149.610646018034,12289.59454269608
2014-09-02,-0.0004982312789596,-498.2312789596488,20403.27253571256,14149.351506586245,12025.218672666477
2014-09-03,-0.0005483276008175,-548.3276008175775,20403.27253571256,14145.088815972926,11662.338366825
2014-09-04,-0.001445885286783,-1445.885286783022,20403.27253571256,14153.463632282825,11311.372924961164
2014-09-05,0.0044947782354636,4494.778235463626,20403.27253571256,14164.697550530323,10997.68927004104
2014-09-08,-0.0025856496444732,-2585.649644473276,20403.27253571256,14138.323159042378,10965.966419173965
2014-09-09,-0.0063313225983349,-6331.322598334909,20403.27253571256,14153.934859003695,10733.50710869496
2014-09-10,0.0037627934978927,3762.793497892769,20403.27253571256,14223.445103620636,11014.174566068174
2014-09-11,0.0011495976408257,1149.5976408257836,20403.27253571256,14196.541899318172,10891.777386623657
2014-09-12,-0.0058412381427859,-5841.238142785921,20403.27253571256,14199.328019932083,10580.269332042157
2014-09-15,-0.0007482549088535,-748.2549088535517,20403.27253571256,14257.653172620629,10784.471426068225
2014-09-16,0.0075333825842667,7533.382584266724,20403.27253571256,14269.210960057428,10464.623115372984
2014-09-17,0.0013467677573824,1346.7677573824055,20403.27253571256,14232.514517000332,11016.621034346726
2014-09-18,0.0053300124533,5330.012453300004,20403.27253571256,14216.930648011155,10708.54532268271
2014-09-19,-0.0055494995540581,-5549.499554058146,20403.27253571256,14050.285647512535,10817.456610539852
2014-09-22,-0.0077229696063776,-7722.969606377639,20403.27253571256,14061.82502216287,10954.292057251829
2014-09-23,-0.0057243283956817,-5724.32839568171,20403.27253571256,14128.442338739533,11496.261556275796
2014-09-24,0.0078278874804302,7827.887480430284,20403.27253571256,14160.442085793306,11613.54314882248
2014-09-25,-0.0161354980958108,-16135.49809581083,20403.27253571256,14174.722596437745,12111.111357910811
2014-09-26,0.0079454008352857,7945.400835285721,20403.27253571256,14405.711598039288,14913.714359973252
2014-09-29,-0.0018191005558363,-1819.1005558363397,20403.27253571256,14365.337820085417,15151.6573529236
2014-09-30,-0.0026323782525057,-2632.378252505729,20403.27253571256,14370.592253851064,14726.604361239695
2014-10-01,-0.0135519236625724,-13551.923662572408,20403.27253571256,14383.261197969714,14356.551789496085
2014-10-02,0.0001543606894778,154.3606894778282,20403.27253571256,14475.685234266066,15917.886615277095
2014-10-03,0.0110093631031999,11009.363103199998,20403.27253571256,14470.401181097384,15433.214327020783
2014-10-06,-0.0011703643395075,-1170.364339507568,20403.27253571256,14407.659394303651,16224.99083015752
2014-10-07,-0.0154363441846248,-15436.344184624806,20403.27253571256,14258.221598076643,15744.843130649406
2014-10-08,0.0174893925282002,17489.392528200253,20403.27253571256,14510.146976837448,17618.14651919926
2014-10-09,-0.0198331977217248,-19833.19772172487,20403.27253571256,14415.738346314183,19776.20248140886
2014-10-10,-0.0114143405624157,-11414.340562415748,20444.922503934908,14794.266162583504,22256.690571467723
2014-10-13,-0.0164275217802036,-16427.52178020368,20444.922503934908,14947.422973108269,22537.62816762766
2014-10-14,0.0015479438386125,1547.9438386125644,20444.922503934908,15142.237762112729,23771.755501863103
2014-10-15,-0.0067661161427808,-6766.116142780887,20444.922503934908,15063.693330326942,23064.445240662582
2014-10-16,-0.0008582309714101,-858.2309714101344,20444.922503934908,15124.768381339314,22691.760932595604
2014-10-17,0.0118108122617703,11810.812261770388,20444.922503934908,15126.884500828335,22005.91340063972
2014-10-20,0.0097097681328595,9709.768132859508,20444.922503934908,15172.871982161743,22371.871555598467
2014-10-21,0.019810825013137,19810.825013137022,20444.922503934908,15197.846059170131,22384.916178246567
2014-10-22,-0.0071108362961818,-7110.83629618181,20444.922503934908,15342.201747560384,24463.429497109413
2014-10-23,0.0116248897192381,11624.88971923814,20444.922503934908,15417.219773243642,24061.80872809252
2014-10-24,0.0076950700251372,7695.070025137252,20444.922503934908,15463.2427877817,24251.05309241609
2014-10-27,-0.0013745354579239,-1374.5354579239863,20444.922503934908,15473.822094558023,23917.658536770687
2014-10-28,0.0114702283849918,11470.2283849919,20444.922503934908,15486.59625409593,23202.254707561733
2014-10-29,-0.0015120205634795,-1512.0205634795436,20444.922503934908,15483.300316778952,23425.739464701262
2014-10-30,0.0064105799808187,6410.579980818731,20444.922503934908,15473.187931263305,22728.434079166767
2014-10-31,0.0114354498946736,11435.4498946736,20444.922503934908,15478.371762399684,22336.765540118737
2014-11-03,0.0005454725776059,545.4725776059544,20444.922503934908,15521.219095868864,22615.434496732792
2014-11-04,-0.0034692967239927,-3469.296723992765,20444.922503934908,15496.989996952583,21928.680312314635
2014-11-05,0.0063162082856718,6316.20828567181,20444.922503934908,15528.1451164837,21352.359568059357
2014-11-06,0.0040031629929822,4003.162992982201,20444.922503934908,15356.265110191744,21012.428434924983
2014-11-07,0.0009352695052915,935.2695052915471,20444.922503934908,15288.44458741478,20499.62092936506
2014-11-10,0.0031474377889249,3147.4377889249004,20444.922503934908,15285.362249409854,19882.264137377875
2014-11-11,0.0009559760760859,955.9760760859958,20444.922503934908,15264.48992805338,19359.826795992085
2014-11-12,-0.0010530182441532,-1053.0182441532695,20444.922503934908,15254.809621791155,18777.951768296032
2014-11-13,0.001127672092567,1127.6720925670336,20444.922503934908,15267.212149117116,18215.785521551203
2014-11-14,0.0002448699740438,244.8699740438265,20444.922503934908,15270.32288441124,17672.545711785653
2014-11-17,0.0006365060712887,636.5060712887338,20444.922503934908,15244.2118230686,17134.73693623387
2014-11-18,0.0057738415618731,5773.841561873105,20444.922503934908,15227.880032755204,16616.702794754463
2014-11-19,-0.0016054487959135,-1605.448795913511,20444.922503934908,15201.496300127335,16443.0223056897
2014-11-20,0.0017542149887925,1754.2149887925796,20444.922503934908,15204.695399224533,15968.329341951425
2014-11-21,0.0053507150501022,5350.715050102206,20444.922503934908,15204.977379154112,15514.107165766109
2014-11-24,0.0028062705631894,2806.2705631894946,20444.922503934908,15193.854283198914,15347.40601355801
2014-11-25,-0.0007237286500046,-723.7286500046957,20444.922503934908,15187.136600604346,14965.54273465321
2014-11-26,0.0025590266042199,2559.026604219916,20444.922503934908,15198.50882536966,14515.4917495685
2014-11-28,-0.0021190522057407,-2119.0522057407125,20444.922503934908,15187.321598319262,14148.63796174746
2014-12-01,-0.0069498069498069,-6949.806949806958,20444.922503934908,15183.480175161149,13770.657474644504
2014-12-02,0.0064395412130637,6439.5412130637815,20444.922503934908,15216.47990126542,13926.11781396763
2014-12-03,0.0038872926576043,3887.2926576043465,20444.922503934908,15213.6041673431,13991.628850751222
2014-12-04,-0.0011063543219971,-1106.3543219971273,20444.922503934908,15170.667291895254,13745.053647856435
2014-12-05,0.0016372917268612,1637.291726861223,20444.922503934908,15144.622670445917,13341.228046162492
2014-12-08,-0.0066826923076922,-6682.69230769225,20444.922503934908,15146.34330713564,12968.40512995743
2014-12-09,-0.0006776051497991,-677.6051497991987,20444.922503934908,15183.140986024058,13137.349232471346
2014-12-10,-0.0160309003729355,-16030.90037293553,20444.922503934908,15045.437327542471,12742.983953328549
2014-12-11,0.005069400930596,5069.400930596046,20444.922503934908,15276.4145854105,15365.17851796566
2014-12-12,-0.0161614182868897,-16161.418286889771,20444.922503934908,15269.33863501299,15174.588896175526
2014-12-15,-0.0068694310319079,-6869.431031907958,20444.922503934908,15526.79997628777,17356.972362462944
2014-12-16,-0.0080196481379378,-8019.648137937874,20444.922503934908,15569.269549555098,17277.487092999396
2014-12-17,0.0196048709009144,19604.87090091445,20444.922503934908,15529.201094997945,17363.316126446876
2014-12-18,0.0247286783289559,24728.67832895598,20444.922503934908,15694.54556699007,20203.951897581857
2014-12-19,-0.0012573749879097,-1257.3749879097873,20444.922503934908,15987.726981076255,24130.324165420483
2014-12-22,0.0046000387371682,4600.038737168299,20444.922503934908,16001.0187839084,23406.18639016641
2014-12-23,0.0013495927121993,1349.5927121993657,20444.922503934908,16000.48182276436,22844.02864084139
2014-12-24,9.626955475328104e-05,96.26955475328104,20444.922503934908,16002.233268257196,22161.45526585962
2014-12-26,0.0032247196419117,3224.719641911733,20444.922503934908,16001.532810267134,21486.39809090372
2014-12-29,0.0013433122241413,1343.312224141302,20444.922503934908,15992.613772895178,20912.72394163953
2014-12-30,-0.0053660406285933,-5366.04062859336,20444.922503934908,15994.94496694516,20290.082383420224
2014-12-31,-0.0099229287090558,-9922.928709055866,20444.922503934908,15933.607860199172,19908.192512883837
2015-01-02,-0.0005351756349127,-535.1756349127878,20444.922503934908,16043.920122157208,20112.899709743622
2015-01-05,-0.0180596796962468,-18059.679696246887,20444.922503934908,16027.823538401994,19502.5642635119
2015-01-06,-0.0094189966289907,-9418.996628990706,20444.922503934908,16327.439396114887,21527.54128108194
2015-01-07,0.0124612150935843,12461.215093584333,20444.922503934908,16428.288437738178,21550.79384687746
2015-01-08,0.01774504473333,17745.04473333005,20444.922503934908,16475.036835609193,22067.910221043578
2015-01-09,-0.0080135988343856,-8013.598834385682,20444.922503934908,16603.168577028373,23664.76469642733
2015-01-12,-0.0078335373317013,-7833.537331701335,20444.922503934908,16506.19939416124,23393.84981466001
2015-01-13,-0.0028127313101405,-2812.7313101405925,20444.922503934908,16555.11194163834,23116.26496046095
2015-01-14,-0.0060372129849564,-6037.212984956408,20444.922503934908,16578.624747665137,22469.2893016459
2015-01-15,-0.0091611072388728,-9161.107238872868,20444.922503934908,16622.113775833826,22054.7493395763
2015-01-16,0.0131147689251174,13114.768925117423,20444.922503934908,16686.0141474227,22010.886678602204
2015-01-20,0.0021078212567575,2107.821256757569,20444.922503934908,16744.469187423052,22611.063974586785
2015-01-21,0.005072876197075,5072.876197075082,20444.922503934908,16740.46832526643,21955.119561472427
2015-01-22,0.0148709868032301,14870.98680323018,20444.922503934908,16654.026559814036,21481.662962012768
2015-01-23,-0.0054827753517709,-5482.775351770996,19791.54775350252,16335.627240830934,22485.180498266905
2015-01-26,0.0023418061179685,2341.806117968525,19791.54775350252,16342.072252251412,22022.931284982795
2015-01-27,-0.0131905573132148,-13190.557313214837,19791.54775350252,16339.984055762126,21393.68318296968
2015-01-28,-0.0128243069941798,-12824.306994179802,19791.54775350252,16409.362959360235,22061.85600861624
2015-01-29,0.009244528829819,9244.528829819075,19791.54775350252,16551.798779370445,22603.656695220576
2015-01-30,-0.0125758576406181,-12575.857640618193,19791.54775350252,16514.41292937449,22539.30421645804
2015-02-02,0.0123840561544246,12384.056154424616,18920.82392231535,16244.076584340892,22997.678135412574
2015-02-03,0.0144611727416799,14461.172741679906,18920.82392231535,16285.9524982758,23387.160350788377
2015-02-04,-0.0038078500292911,-3807.850029291182,18920.82392231535,16343.919214531405,24125.66323210016
2015-02-05,0.0100950700774282,10095.07007742827,18920.82392231535,16323.195166456995,23491.12655110138
2015-02-06,-0.0027653793906461,-2765.3793906461387,18920.82392231535,16300.826182102996,23490.737697245808
2015-02-09,-0.0044757966431525,-4475.796643152563,18920.82392231535,16325.341576596902,22829.56553351587
2015-02-10,0.0106533743830328,10653.37438303282,18920.82392231535,16333.181430317887,22280.54371435759
2015-02-11,0.0005802427348775,580.2427348775562,18920.82392231535,16358.781707194805,22438.59283834735
2015-02-12,0.0096167786207894,9616.778620789468,18920.82392231535,16363.283857531753,21757.53540219982
2015-02-13,0.0041164081945241,4116.408194524191,18920.82392231535,16384.005486995375,21794.890116324463
2015-02-17,0.0015730765563923,1573.0765563923833,18920.82392231535,16380.260296573231,21260.724694377142
2015-02-18,9.518823473420036e-05,95.18823473420036,18920.82392231535,16314.9701514657,20632.518903576893
2015-02-19,-0.0007138438109741,-713.8438109741685,18920.82392231535,16320.024223273324,20004.042798736067
2015-02-20,0.0059958091246785,5995.809124678563,18920.82392231535,16317.501313227507,19398.90434814566
2015-02-23,-0.0001420192294037,-142.01922940371148,18920.82392231535,16318.72004104281,19115.747648844237
2015-02-24,0.002845522681325,2845.5226813250965,18920.82392231535,16317.524200243915,18533.58165556849
2015-02-25,-0.0008498182333223,-849.8182333223081,18920.82392231535,16309.537561009973,18041.98537798773
2015-02-26,-0.0011813069980626,-1181.3069980626256,18920.82392231535,16321.046320508667,17499.05561718846
2015-02-27,-0.0034061879080329,-3406.187908032932,18920.82392231535,16335.244038834106,16979.31282741436
2015-03-02,0.0063134909332573,6313.490933257393,18920.82392231535,16293.81598974118,16576.085360690802
2015-03-03,-0.0041039671682626,-4103.967168262668,18920.82392231535,16228.043146821155,16468.872175364388
2015-03-04,-0.004215138309966,-4215.138309966004,18920.82392231535,16261.763124236866,16137.513151262556
2015-03-05,0.0010935636714248,1093.5636714248797,18920.82392231535,16299.969953197442,15829.19724812765
2015-03-06,-0.0140644302955431,-14064.43029554316,18920.82392231535,16297.546408216547,15359.62224326662
2015-03-09,0.0041445783132529,4144.578313252989,18920.82392231535,16486.940715770717,16911.355396252464
2015-03-10,-0.0162219235937801,-16221.923593780162,18920.82392231535,16440.83432663725,16565.38811493044
2015-03-11,-0.0023416918723777,-2341.6918723777603,18920.82392231535,16684.01307888271,18530.947654871023
2015-03-12,0.0127139364303179,12713.93643031793,18920.82392231535,16567.203571003225,18015.905025207336
2015-03-13,-0.0061458232737807,-6145.82327378077,18920.82392231535,16594.197870905173,18909.958697817023
2015-03-16,0.0133743256479221,13374.32564792218,18920.82392231535,16635.74006685898,18665.37307997634
2015-03-17,-0.0029724805829897,-2972.480582989712,18920.82392231535,16688.62558649288,19636.057556917796
2015-03-18,0.012021542604347,12021.542604347069,18920.82392231535,16665.43349807961,19113.066847462465
2015-03-19,-0.0045614368526085,-4561.436852608569,18920.82392231535,16706.99105061106,19756.456355025093
2015-03-20,0.0043436754176611,4343.675417661119,18920.82392231535,16660.195739046085,19330.150942954195
2015-03-23,-0.0019485765885651,-1948.5765885651765,18920.82392231535,16621.8583717073,18904.020516238143
2015-03-24,-0.0056190476190476,-5619.047619047635,18920.82392231535,16641.176816707055,18361.73178013265
2015-03-25,-0.0146537687960923,-14653.76879609237,18920.82392231535,16621.088985299597,18088.01849146936
2015-03-26,-0.0023814152410573,-2381.4152410573943,18920.82392231535,16811.82676566814,19423.50504612701
2015-03-27,0.0022896672675012,2289.6672675012387,18920.82392231535,16833.4641288838,18880.61682171972
2015-03-30,0.0121998639059006,12199.863905900664,18920.82392231535,16821.211646645,18351.876367543908
2015-03-31,-0.0087394957983193,-8739.495798319342,18920.82392231535,16862.00875285534,19102.701065419056
2015-04-01,-0.0035363077072131,-3536.3077072131377,18920.82392231535,16957.434731005713,19178.62436604784
2015-04-02,0.0035731648031114,3573.164803111428,18920.82392231535,16974.073399289453,18703.23908687931
2015-04-06,0.0067575750236152,6757.575023615292,18920.82392231535,16824.90728075993,18247.418094303444
2015-04-07,-0.0026463936871482,-2646.393687148252,18920.82392231535,16694.852083093523,18105.749425248163
2015-04-08,0.0033529525279814,3352.952527981401,18920.82392231535,16719.83643895601,17618.830042185433
2015-04-09,0.0044476499579277,4447.649957927791,18920.82392231535,16687.742382651504,17188.609808339443
2015-04-10,0.0054571565342267,5457.156534226737,17259.92231738571,16299.25968746962,16856.59400259693
2015-04-13,-0.0045229480099028,-4522.948009902828,17259.92231738571,16197.809106787608,16636.29254562957
2015-04-14,0.0019130517958774,1913.0517958774185,17259.92231738571,16229.884343250164,16334.103660969366
2015-04-15,0.0044870876891498,4487.087689149849,17259.92231738571,16224.9769188408,15873.9768891742
2015-04-16,-0.0002851304471795,-285.1304471795935,17259.92231738571,16195.0908203053,15601.34367225314
2015-04-17,-0.0115035413794742,-11503.54137947429,17259.92231738571,16201.802024743194,15126.93650195084
2015-04-20,0.0091368117335899,9136.811733589931,17259.92231738571,16349.038642393878,16064.388887534433
2015-04-21,-0.0011913271384321,-1191.3271384321745,17259.92231738571,16368.542622042343,16422.18752690596
2015-04-22,0.0049141221374044,4914.122137404497,17259.92231738571,16360.617906103693,15936.367271434385
2015-04-23,0.0025162607415847,2516.2607415847306,17259.92231738571,16360.218836699594,15702.583002737983
2015-04-24,0.0023200416745596,2320.041674559681,17259.92231738571,16271.016781389417,15291.59222825389
2015-04-27,-0.0041573371874968,-4157.33718749689,17259.92231738571,16271.958049534494,14884.576813878752
2015-04-28,0.0031788205152536,3178.8205152536443,17259.92231738571,16310.106304764202,14624.28673575364
2015-04-29,-0.0041146424517594,-4114.64245175941,17259.92231738571,16309.97941978206,14294.011888100238
2015-04-30,-0.0100204207626917,-10020.420762691718,17259.92231738571,16340.30956269638,14055.502246532764
2015-05-01,0.0108414084236783,10841.408423678313,17259.92231738571,16443.31491712109,14775.24398467901
2015-05-04,0.0028473804100228,2847.3804100228595,17259.92231738571,16475.530677295734,15600.479303793843
2015-05-05,-0.0114518266136663,-11451.826613666391,17259.92231738571,16378.511384480971,15212.005051993225
2015-05-06,-0.0041168022977501,-4116.802297750133,17259.92231738571,16520.579766683826,16127.775695892416
2015-05-07,0.0039896173812727,3989.617381272792,17259.92231738571,16544.491719274465,15811.45493088264
2015-05-08,0.0131660841671852,13166.084167185232,17259.92231738571,16541.9124695455,15497.434085728324
2015-05-11,-0.0047963330498063,-4796.333049806312,17259.92231738571,16576.577426895434,16794.28404641273
2015-05-12,-0.0029676408442345,-2967.640844234509,17259.92231738571,16616.861696150074,16510.45349033738
2015-05-13,0.0001904943327937,190.4943327937225,17259.92231738571,16600.087993745732,16096.55516667924
2015-05-14,0.0104275783258738,10427.57832587382,17259.92231738571,16509.68037798158,15606.566764631823
2015-05-15,0.0010838320531547,1083.8320531547652,17259.92231738571,16539.175014211614,16256.031893016854
2015-05-18,0.0031067595556393,3106.7595556393267,17259.92231738571,16543.34778961815,15772.903887737268
2015-05-19,-0.0003284842796809,-328.4842796809073,17259.92231738571,16480.261894841606,15394.529836889653
2015-05-20,-0.0007041261794114,-704.1261794114017,17259.92231738571,16475.790740577697,14926.724128006055
2015-05-21,0.0029124389327321,2912.4389327321865,17259.92231738571,16486.859784176344,14477.557065479
2015-05-22,-0.0023887587822013,-2388.75878220135,17259.92231738571,16487.072270467877,14134.284487424104
2015-05-26,-0.0107516784825579,-10751.67848255798,17259.92231738571,16505.7923856207,13771.136082080013
2015-05-27,0.0094921689606075,9492.168960607562,17259.92231738571,16624.9728033153,14690.200122587255
2015-05-28,-0.0011283497884343,-1128.3497884343462,17259.92231738571,16645.743133217886,15235.18871086871
2015-05-29,-0.0062129341993788,-6212.93419937885,17259.92231738571,16657.336169214654,14785.051007829392
2015-06-01,0.0020365634176375,2036.5634176375825,17259.92231738571,16714.16424570372,14765.36473793335
2015-06-02,-0.0009925792881787,-992.579288178752,17259.92231738571,16705.26444503839,14362.514244618238
2015-06-03,0.0026495079485238,2649.5079485238102,17259.92231738571,16716.856440625197,13936.45646622668
2015-06-04,-0.0084503586258964,-8450.358625896493,17259.92231738571,16711.63087338263,13595.984138344951
2015-06-05,-0.0017094244874105,-1709.4244874105157,17259.92231738571,16801.243249750347,14033.7832815892
2015-06-08,-0.0061495924107356,-6149.5924107356495,17259.92231738571,16814.529109778785,13641.081519519312
2015-06-09,-0.0001438986953185,-143.89869531850064,17259.92231738571,16865.851274369375,13681.893637187324
2015-06-10,0.0119932837610938,11993.283761093877,17259.92231738571,16843.652485044688,13265.341476249005
2015-06-11,0.00322351268073,3223.512680730068,17259.92231738571,16818.63422137075,14564.25656992858
2015-06-12,-0.007654869347446,-7654.869347446081,17259.92231738571,16818.54571195598,14239.54444537441
2015-06-15,-0.0042855102137991,-4285.510213799193,17259.92231738571,16892.838411859848,14478.46687873746
2015-06-16,0.0054516761513079,5451.676151307927,17259.92231738571,16930.697194059212,14248.228084718949
2015-06-17,0.0016171224732461,1617.1224732461908,17259.92231738571,16923.87506999171,14159.16750547764
2015-06-18,0.0103993541953559,10399.354195355982,17259.92231738571,16922.632557614845,13758.71566856918
2015-06-19,-0.0092583889463295,-9258.388946329576,17259.92231738571,16927.90854990645,14596.601997714166
2015-06-22,0.0051230966272945,5123.096627294599,17259.92231738571,17021.27422521396,15103.339778866432
2015-06-23,0.0007079144839303,707.914483930372,17259.92231738571,16965.585107690702,14931.399588102524
2015-06-24,-0.0072627806074325,-7262.780607432573,17259.92231738571,16970.04821822189,14482.14832107343
2015-06-25,-0.0030403800475058,-3040.380047505842,17259.92231738571,17031.74755985538,14638.191604338415
2015-06-26,-0.0001906032593158,-190.603259315858,17259.92231738571,17057.070893778095,14297.61093372557
2015-06-29,-0.0209703555428463,-20970.35554284632,17259.92231738571,17055.5277535683,13862.473604153494
2015-06-30,0.0020932723201245,2093.272320124573,18920.82392231535,17420.223918068583,17984.2376993706
2015-07-01,0.0080155452999757,8015.5452999757235,18920.82392231535,17417.715775916065,17477.11829968137
2015-07-02,-0.0009156626506023,-915.662650602389,18920.82392231535,17429.234692800554,17549.50716240303
2015-07-06,-0.0028459794510636,-2845.979451063685,18920.82392231535,17411.334391937504,17022.877014486996
2015-07-07,0.0062886996904025,6288.699690402577,18920.82392231535,17375.482288693333,16583.777972292402
2015-07-08,-0.0167772329583694,-16777.232958369415,18920.82392231535,17379.72024975356,16473.071455829846
2015-07-09,0.0018090255708209,1809.0255708209656,18920.82392231535,17597.576193465306,18613.954832475687
2015-07-10,0.0125915080527085,12591.508052708588,18920.82392231535,17596.58207610949,18076.3161340542
2015-07-13,0.0110372084056296,11037.208405629606,18920.82392231535,17645.604802718528,18937.531251842323
2015-07-14,0.0043380845688134,4338.0845688134605,18920.82392231535,17661.854900433784,19407.95953611261
2015-07-15,-0.00033225745206,-332.257452060003,18920.82392231535,17662.19485146069,18978.396639319337
2015-07-16,0.008024310336641,8024.310336641083,18920.82392231535,17535.666700536713,18401.212281510227
2015-07-17,0.0008478568064058,847.8568064058667,18920.82392231535,17520.919098369195,18417.288223799274
2015-07-20,0.0005176957831325,517.6957831325435,18920.82392231535,17507.2901870057,17862.75844407156
2015-07-21,-0.0039512676983866,-3951.267698386607,18920.82392231535,17512.723139121805,17321.09918675861
2015-07-22,-0.0017945690672963,-1794.5690672963588,18920.82392231535,17546.158094314116,16943.696345743658
2015-07-23,-0.0056299380233713,-5629.9380233713055,18920.82392231535,17556.131230739178,16459.32101780493
2015-07-24,-0.0103720620420592,-10372.062042059204,18920.82392231535,17566.200970089194,16277.18905272719
2015-07-27,-0.0058173076923077,-5817.307692307705,18920.82392231535,17677.919861783877,16851.785062565526
2015-07-28,0.0122829924077567,12282.992407756765,18920.82392231535,17693.746833292815,16671.303419641907
2015-07-29,0.0068790904313762,6879.090431376245,18920.82392231535,17732.836296443682,17613.818006898702
2015-07-30,0.0002372254115861,237.2254115861061,17431.28079468692,17407.696350294842,17521.35418568425
2015-07-31,-0.0015178825538373,-1517.8825538373353,17431.28079468692,17387.29999547227,16988.12099387809
2015-08-03,-0.0033729216152019,-3372.921615201973,17431.28079468692,17395.784357408567,16493.289827208733
2015-08-04,-0.0019543352876686,-1954.3352876686404,17431.28079468692,17316.95725269903,16105.931526244962
2015-08-05,0.0032954436908969,3295.44369089696,17431.28079468692,17329.363083480453,15654.941343283395
2015-08-06,-0.0081877469414957,-8187.74694149571,17431.28079468692,17278.99840220367,15293.754641805508
2015-08-07,-0.001919846412287,-1919.8464122870407,17431.28079468692,17325.922352676036,15544.56623912389
2015-08-10,0.0125991824957922,12599.182495792282,17431.28079468692,17344.170834530476,15110.670406890127
2015-08-11,-0.0090231277010021,-9023.12770100211,17431.28079468692,17378.809081682608,16314.940112845208
2015-08-12,0.0011980639286912,1198.063928691262,17431.28079468692,17470.234495374443,16632.612335533333
2015-08-13,-0.00124449550067,-1244.4955006700732,17431.28079468692,17472.8483511621,16140.360764516055
2015-08-14,0.0036422888910188,3642.288891018808,17431.28079468692,17478.29656792994,15664.720787438006
2015-08-17,0.0055868589437495,5586.858943749551,17431.28079468692,17463.972703377873,15328.67271947644
2015-08-18,-0.0028966237713092,-2896.623771309281,17431.28079468692,17464.81736640928,15198.86180717646
2015-08-19,-0.0079055148109343,-7905.514810934377,17431.28079468692,17489.608718495674,14827.99930087916
2015-08-20,-0.0208813364055299,-20881.33640552992,17431.28079468692,17568.91079452237,15065.559161134855
2015-08-21,-0.0301024660489287,-30102.466048928745,18964.173889240654,17913.241123618518,18839.79236642205
2015-08-24,-0.0421068594247586,-42106.859424758666,20367.74845046544,18579.035638934987,25057.60455326916
2015-08-25,-0.0117678100263851,-11767.81002638516,20926.73616556128,19755.455264627857,34145.62694935509
2015-08-26,0.0383937630159663,38393.76301596631,20926.73616556128,19874.958055700423,33777.73226706604
2015-08-27,0.0247351640440194,24735.16404401943,20926.73616556128,20524.69546739916,39384.43021142515
2015-08-28,5.01831685653098e-05,50.1831685653098,20926.73616556128,20756.26971678374,40703.001925493554
2015-08-31,-0.0080790847049377,-8079.084704937789,20926.73616556128,20753.940570800976,39463.03487499055
2015-09-01,-0.029847726007993,-29847.726007993013,20926.73616556128,20818.01944883536,38536.81146520344
2015-09-02,0.0189810710747249,18981.07107472491,25497.81448007112,21388.75518610065,41051.96450102178
2015-09-03,0.0007164423519778,716.4423519778751,25497.81448007112,21505.447176283244,41244.83174271937
2015-09-04,-0.0151367936589108,-15136.793658910852,25497.81448007112,21489.33019153285,39990.43196713403
2015-09-08,0.0251311075341398,25131.10753413983,25497.81448007112,21619.51554354993,39720.01742348332
2015-09-09,-0.0133718279896672,-13371.827989667296,25497.81448007112,21844.63592301334,41086.48488498534
2015-09-10,0.005441757790441,5441.757790441093,25497.81448007112,21990.325129527955,40557.045840671664
2015-09-11,0.0045442941026296,4544.294102629687,25497.81448007112,21943.45896088437,39443.59500222223
2015-09-14,-0.0037104808376537,-3710.480837653796,25497.81448007112,21932.30691567275,38329.556355542896
2015-09-15,0.0124993622774349,12499.362277434975,25497.81448007112,21955.711062768303,37221.98472609667
2015-09-16,0.00866673385065,8666.733850650087,25497.81448007112,21987.820574923742,36784.22095987873
2015-09-17,-0.0022479768208613,-2247.976820861308,25497.81448007112,21997.528035257983,36003.94644065313
2015-09-18,-0.0214289290542232,-21428.929054223223,25497.81448007112,21971.546637220326,34930.61719628334
2015-09-21,0.0051675620363265,5167.562036326512,25722.5155006458,22222.858744845376,36000.65731948053
2015-09-22,-0.0129797414231905,-12979.741423190582,25722.5155006458,22176.405071190093,35027.925192097966
2015-09-23,-0.0015986797999071,-1598.6797999071323,25722.5155006458,22311.509089950843,34756.9262062795
2015-09-24,-0.0036157024793387,-3615.7024793387336,25722.5155006458,22127.62056053575,33710.40165738697
2015-09-25,-0.0002592016588907,-259.2016588907064,25722.5155006458,22148.865912012512,32748.32499092263
2015-09-28,-0.0250972258231786,-25097.22582317864,25722.5155006458,22141.114750751745,31751.0226351595
2015-09-29,0.0005850752619542,585.075261954282,27519.98091743396,22533.241356052607,33943.59188987427
2015-09-30,0.0186583032107165,18658.3032107166,27519.98091743396,22389.10484221444,32911.22207230296
2015-10-01,0.002609194802484,2609.194802484005,27519.98091743396,22484.90310924501,33633.36043897321
2015-10-02,0.0149378025295372,14937.802529537248,27519.98091743396,22462.89793822702,32642.631262085502
2015-10-05,0.0177948717948717,17794.871794871713,27519.98091743396,22505.891668448625,32772.92835699562
2015-10-06,-0.0034262105104045,-3426.2105104045927,27519.98091743396,22407.965403209404,33353.31990191974
2015-10-07,0.0081905050811466,8190.505081146604,27519.98091743396,22351.760335557003,32396.127836794723
2015-10-08,0.009026628554235,9026.628554235083,27519.98091743396,22077.52648342212,31754.082662314344
2015-10-09,0.000596391829432,596.3918294320525,27519.98091743396,21967.47266765279,31213.460826424976
2015-10-12,0.0009437242338448,943.7242338448116,27519.98091743396,21762.256984077423,30264.48122399216
2015-10-13,-0.0063021040095276,-6302.104009527687,27519.98091743396,21764.129735387527,29347.43071093164
2015-10-14,-0.0047940074906367,-4794.007490636743,27519.98091743396,21759.14010275456,28679.11928802347
2015-10-15,0.0153545085051933,15354.508505193377,27519.98091743396,21787.07523173681,27939.311095900943
2015-10-16,0.0045465777118853,4546.57771188538,27519.98091743396,21819.06046043741,28466.183350717394
2015-10-19,0.0004919565110443,491.9565110443891,27519.98091743396,21805.18729187908,27720.325662841937
2015-10-20,-0.0013768009047548,-1376.8009047548935,27519.98091743396,21694.04262313841,26877.314879963087
2015-10-21,-0.0061056674380817,-6105.667438081719,27519.98091743396,21645.588111006826,26070.331275522665
2015-10-22,0.0168937329700271,16893.732970027166,27519.98091743396,21671.75936928032,25514.45668590964
2015-10-23,0.0109617071031862,10961.707103186223,27519.98091743396,21745.30544098721,26544.320487963767
2015-10-26,-0.0024577128813069,-2457.712881306917,27519.98091743396,21751.41190877565,26482.86559037505
2015-10-27,-0.0019323671497585,-1932.3671497585287,27519.98091743396,21748.42417789706,25714.257226746904
2015-10-28,0.0113746369796707,11374.636979670782,27519.98091743396,21750.910627741137,24955.20262322992
2015-10-29,-0.0005743000717873,-574.3000717873814,27519.98091743396,21773.605132242643,25048.1263208757
2015-10-30,-0.0043097256141358,-4309.725614135895,27519.98091743396,21759.60993430963,24287.26438902727
2015-11-02,0.0118309046313662,11830.904631366267,27519.98091743396,21788.91827570204,23675.09417828136
2015-11-03,0.0028993773468322,2899.3773468322106,27519.98091743396,21788.004787333422,23923.41426180722
2015-11-04,-0.0030331753554502,-3033.175355450224,27519.98091743396,21786.86198537559,23253.37898745388
2015-11-05,-0.0009982886480319,-998.2886480319752,27519.98091743396,21813.013395874597,22611.14485371796
2015-11-06,-0.0005234356412087,-523.4356412087138,27519.98091743396,21821.152165608044,21929.69772974961
2015-11-09,-0.0093315558941152,-9331.555894115274,27519.98091743396,21831.689732835435,21263.72287720994
2015-11-10,0.002306805074971,2306.8050749710524,27519.98091743396,21916.805486043635,21290.668180778528
2015-11-11,-0.0039317222861526,-3931.7222861526834,27519.98091743396,21905.02174897456,20683.880521856543
2015-11-12,-0.0139597573890439,-13959.757389043982,27519.98091743396,21932.871403647663,20178.530803822
2015-11-13,-0.011228275727397,-11228.275727397042,27519.98091743396,22086.699931374365,21119.21490796668
2015-11-16,0.0152068727165004,15206.872716500451,27519.98091743396,22196.132520861804,21452.22533508472
2015-11-17,-0.0007295010213014,-729.5010213014264,27519.98091743396,22254.786225848544,22531.66209651056
2015-11-18,0.0158660631722391,15866.063172239154,27519.98091743396,22250.244000640003,21849.21171250901
2015-11-19,-0.0008623580702341,-862.3580702341593,27519.98091743396,22313.559105038046,23032.27251156986
2015-11-20,0.0036480460321264,3648.0460321264286,27519.98091743396,22325.461637456017,22336.022910472417
2015-11-23,-0.0011504423087581,-1150.4423087581597,27519.98091743396,22324.66074695686,21755.123801955644
2015-11-24,0.0013392643612186,1339.2643612186728,27519.98091743396,22326.79050350413,21102.56029872319
2015-11-25,-0.00014330069262,-143.30069262002976,27519.98091743396,22329.460116639133,20473.919603946222
2015-11-27,0.0011465698452131,1146.5698452131078,27519.98091743396,22319.23018448855,19850.36949116539
2015-11-30,-0.0041515556403893,-4151.555640389382,27519.98091743396,22263.233632895062,19256.73426782443
2015-12-01,0.0095356749245292,9535.674924529225,27519.98091743396,22294.83985278979,18819.38044466148
2015-12-02,-0.0102097968483008,-10209.796848300812,27519.98091743396,22308.56141310609,19037.984548893688
2015-12-03,-0.0139980530285954,-13998.05302859547,27519.98091743396,22395.596145733554,19353.198732598757
2015-12-04,0.0195029424638879,19502.94246388795,27519.98091743396,22551.940580881917,20388.71504098103
2015-12-07,-0.0060585821963553,-6058.582196355355,27519.98091743396,22607.058319540472,22677.463616729405
2015-12-08,-0.0067242620590352,-6724.262059035202,27519.98091743396,22646.40574024606,22256.01919362428
2015-12-09,-0.0077748624057135,-7774.862405713568,27519.98091743396,22506.78827009884,21915.58173321433
2015-12-10,0.0025810850297067,2581.0850297067755,27519.98091743396,22576.02403383992,21704.92130006514
2015-12-11,-0.0193811628697722,-19381.162869772204,27519.98091743396,22376.6402101998,21095.038149833683
2015-12-14,0.0050564691896175,5056.469189617552,27519.98091743396,22586.051083752103,23243.76518637083
2015-12-15,0.0104977407679023,10497.74076790233,27519.98091743396,22513.65901938912,22719.12197018321
2015-12-16,0.0146280461277037,14628.046127703745,27519.98091743396,22419.362471491462,22824.83889438953
2015-12-17,-0.0152381867999806,-15238.18679998068,27519.98091743396,22268.082388323342,23647.346955026384
2015-12-18,-0.0236219857463634,-23621.98574636343,27519.98091743396,22436.49017000298,24516.20829133497
2015-12-21,0.0082451425051792,8245.14250517927,27519.98091743396,22806.606549926197,27316.13891739814
2015-12-22,0.0090742301780135,9074.230178013564,27519.98091743396,22811.22446035201,26897.508524232504
2015-12-23,0.0123832923832924,12383.2923832925,27519.98091743396,22815.079903684364,26585.80198200591
2015-12-24,-0.0016503252111446,-1650.3252111446095,27519.98091743396,22846.684761602963,26724.33524265045
2015-12-28,-0.0022851030727343,-2285.103072734329,27519.98091743396,22859.0834432256,25927.264992343284
2015-12-29,0.0106719945421762,10671.994542176266,27519.98091743396,22835.558136005377,25171.119201410133
2015-12-30,-0.0070877531340405,-7087.753134040531,27519.98091743396,22759.67651938657,25150.59131045728
2015-12-31,-0.0100033992133249,-10003.399213324938,27519.98091743396,22810.07904655877,24716.6240368091
2016-01-04,-0.0139834208073772,-13983.420807377244,27519.98091743396,22669.591803598854,24632.301137105034
2016-01-05,0.0016953604431815,1695.360443181526,27519.98091743396,22739.1482988159,25176.14890689257
2016-01-06,-0.0126142232816846,-12614.2232816846,27519.98091743396,22710.006678325663,24428.292462748235
2016-01-07,-0.0239915501458605,-23991.55014586052,27519.98091743396,22755.94940730668,24750.858118792923
2016-01-08,-0.0109610925019325,-10961.092501932557,27519.98091743396,23061.869752757328,27617.96647278671
2016-01-11,0.0009743490879154,974.3490879154936,27519.98091743396,23101.76883994965,27495.451430484245
2016-01-12,0.0080724584873248,8072.458487324851,27519.98091743396,23083.900644829755,26663.610545427706
2016-01-13,-0.0249446454832366,-24944.645483236603,27519.98091743396,23042.7470249132,26257.4003148308
2016-01-14,0.0164168829105544,16416.882910554432,27519.98091743396,23357.52439126033,29157.02873647552
2016-01-15,-0.0214661595373313,-21466.15953733133,27519.98091743396,23390.43092327062,29776.48868899986
2016-01-19,0.0013311325275544,1331.1325275544573,27519.98091743396,23692.874271810724,31353.91015515745
2016-01-20,-0.0128150590237158,-12815.059023715825,27519.98091743396,23695.87020418227,30408.20589453011
2016-01-21,0.0056019391327766,5601.939132776623,27519.98091743396,23772.18918720881,30372.78037856855
2016-01-22,0.0205152927312657,20515.29273126573,27519.98091743396,23732.0165758388,29620.01881593536
2016-01-25,-0.0151165231996641,-15116.523199664169,27519.98091743396,23856.17199687737,31005.957071312576
2016-01-26,0.0136431464506501,13643.146450650123,27519.98091743396,23888.510559150534,31271.18954249953
2016-01-27,-0.0108832807570977,-10883.28075709777,27519.98091743396,23797.59579055464,31299.43738145764
2016-01-28,0.0052091638760431,5209.163876043199,27519.98091743396,23889.703601476034,30973.15714467006
2016-01-29,0.0243815768600283,24381.5768600284,27519.98091743396,23761.53061988093,30175.942522204157
2016-02-01,-0.0003654744353729,-365.4744353729367,27519.98091743396,23917.295493278347,32387.991006325108
2016-02-02,-0.0180222050090369,-18022.205009036952,27519.98091743396,23879.051346312444,31402.012933124148
2016-02-03,0.0059949516196886,5994.95161968866,27519.98091743396,24075.122872472915,32130.798135692672
2016-02-04,0.0015682174594875,1568.217459487542,27519.98091743396,24060.5486405658,31338.71290299395
2016-02-05,-0.0190501043841336,-19050.104384133683,27519.98091743396,24041.78587120971,30397.14791058728
2016-02-08,-0.013461026868848,-13461.026868848092,27519.98091743396,24252.636655715312,31406.816100322678
2016-02-09,5.393161471256569e-05,53.93161471256569,27519.98091743396,24372.450971795784,31401.31657422913
2016-02-10,-0.0008628593000054,-862.859300005403,27519.98091743396,24374.221622395544,30444.721481853285
2016-02-11,-0.013008042316619,-13008.042316619008,27519.98091743396,24370.677593856984,29521.34752960432
2016-02-12,0.0206168653614786,20616.865361478664,27519.98091743396,24501.02630138429,29566.262709408344
2016-02-16,0.0168783153833789,16878.31538337892,27519.98091743396,24623.233746459548,30979.59439700858
2016-02-17,0.0163347033407101,16334.703340710188,27519.98091743396,24689.461354024083,31538.14801173424
2016-02-18,-0.0040958108668601,-4095.810866860172,27519.98091743396,24744.724369338,31962.7348033482
2016-02-19,-0.000468530376386,-468.530376386056,27519.98091743396,24773.836964776903,31076.787468464943
2016-02-22,0.0144791666666665,14479.1666666666,27519.98091743396,24775.13711850986,30131.24620015203
2016-02-23,-0.0126296334325906,-12629.633432590605,27519.98091743396,24821.146875335133,30356.111175990587
2016-02-24,0.004575707154742,4575.707154742093,27519.98091743396,24935.323029949155,30298.48490125028
2016-02-25,0.012111801242236,12111.801242236095,27519.98091743396,24922.52569082946,29490.96229790155
2016-02-26,-0.0023054106576658,-2305.410657665874,27519.98091743396,24923.74226408768,29413.737502374115
2016-02-29,-0.0078384656864655,-7838.465686465513,27519.98091743396,24941.0366550428,28547.91942037401
2016-03-01,0.0235069229179583,23506.922917958305,27519.98091743396,24974.68428569652,28036.326259515565
2016-03-02,0.0044924536873454,4492.45368734541,27519.98091743396,25103.837892976637,30303.502217778423
2016-03-03,0.003894472361809,3894.4723618090648,27519.98091743396,25099.03328191667,29491.65184540638
2016-03-04,0.0032786885245901,3278.688524590123,27519.98091743396,24949.515457795165,28679.20817279316
2016-03-07,0.0007982836900664,798.2836900664037,27519.98091743396,24950.09535071192,27868.22148958308
2016-03-08,-0.0109177925120893,-10917.792512089352,27519.98091743396,24767.916155643285,27023.072158078478
2016-03-09,0.0049395161290322,4939.516129032207,27519.98091743396,24851.768986270257,26928.36655743937
2016-03-10,0.0008024877119068,802.4877119068296,27519.98091743396,24822.07529626249,26259.30958871883
2016-03-11,0.0161371153653402,16137.115365340238,27519.98091743396,24778.45857957124,25463.45166896675
2016-03-14,-0.0012823042020121,-1282.304202012141,27519.98091743396,24803.389522374047,26344.670720620263
2016-03-15,-0.0016296296296296,-1629.6296296296475,27519.98091743396,24793.54983018852,25552.5557010734
2016-03-16,0.0057872087846861,5787.208784686193,27519.98091743396,24784.841776737783,24791.51984866519
2016-03-17,0.0063440542933017,6344.05429330176,27519.98091743396,24749.79641458892,24261.44120768723
2016-03-18,-0.0012217172457605,-1221.7172457605895,27519.98091743396,24751.30875620925,23798.513329477384
2016-03-21,0.0014189255308738,1418.9255308738602,27519.98091743396,24747.42166665919,23084.014985389116
2016-03-22,-0.0005374505301215,-537.4505301215527,27519.98091743396,24706.49490553715,22395.38356725321
2016-03-23,-0.0066034415330464,-6603.441533046484,27519.98091743396,24555.38080145649,21715.28971386159
2016-03-24,-0.0004389565039378,-438.9565039378818,27519.98091743396,24589.118465876138,21387.376211578685
2016-03-28,0.0005907837731391,590.7837731391475,27519.98091743396,24597.826520260616,20737.339180449657
2016-03-29,0.0092540838417634,9254.083841763406,27519.98091743396,24578.39363321627,20108.414543336145
2016-03-30,0.0043837582536729,4383.758253672987,27519.98091743396,24510.614221879387,20196.41765849894
2016-03-31,-0.0024269488399184,-2426.9488399184524,27519.98091743396,24481.583971222983,19739.850577488163
2016-04-01,0.0068119891008173,6811.989100817373,27519.98091743396,24502.803436431583,19188.397235292112
2016-04-04,-0.003237966363812,-3237.966363812017,27519.98091743396,24502.91092715479,19004.49065019932
2016-04-05,-0.0099917575757575,-9991.757575757543,27519.98091743396,24506.8379179888,18517.69049958088
2016-04-06,0.0109251615658418,10925.16156584189,27519.98091743396,24599.51907194705,18834.766519464047
2016-04-07,-0.0119658947776378,-11965.894777637875,27519.98091743396,24617.619153965206,19293.031718846087
2016-04-08,0.0026928168668791,2692.8168668791664,27519.98091743396,24736.894593326684,19909.32363863037
2016-04-11,-0.0023427964510374,-2342.79645103741,27519.98091743396,24702.5144932922,19363.70010533502
2016-04-12,0.0093123177569267,9312.317756926755,27519.98091743396,24720.189025485968,18821.21046069987
2016-04-13,0.0101048951048952,10104.895104895206,27519.98091743396,24730.371425440604,19003.75265258199
2016-04-14,4.423059911307092e-05,44.23059911307092,27519.98091743396,24733.74774261193,19303.632167905605
2016-04-15,-0.0011057160713426,-1105.7160713426883,27519.98091743396,24629.02478042872,18715.582738285768
2016-04-18,0.0070228125902396,7022.812590239624,27519.98091743396,24634.08969045924,18156.36672176117
2016-04-19,0.0031581080409406,3158.1080409406327,27519.98091743396,24622.104016727782,18052.40365804957
2016-04-20,0.0009528346831824,952.8346831824132,27519.98091743396,24622.95420618276,17594.729337138804
2016-04-21,-0.0053783912422655,-5378.3912422655785,27519.98091743396,24626.8719962594,17067.361717257187
2016-04-22,0.0,0.0,27519.98091743396,24668.17735591109,16828.849278240992
2016-04-25,-0.0017227353208594,-1722.7353208594254,27519.98091743396,24643.885097629354,16316.174733924836
2016-04-26,0.0014821916494893,1482.1916494893728,27519.98091743396,24660.39836635022,15849.548738186177
2016-04-27,0.0020620412101903,2062.0412101903794,27519.98091743396,24631.45215585257,15389.901376376069
2016-04-28,-0.0090876522569859,-9087.652256985932,27519.98091743396,24540.18439627405,14967.257850051645
2016-04-29,-0.0053830487231708,-5383.048723170858,27519.98091743396,24605.04583920441,15407.605093678476
2016-05-02,0.0079445240361593,7944.524036159306,27519.98091743396,24647.016528751243,15249.91587778974
2016-05-03,-0.0087070250516901,-8707.025051690187,27519.98091743396,24539.38574195504,15462.884314185136
2016-05-04,-0.0055743328456843,-5574.332845684316,27519.98091743396,24583.87692841887,15791.517624860697
2016-05-05,-0.0001951124335397,-195.1124335397569,27519.98091743396,24628.829181041936,15636.482837186595
2016-05-06,0.0036590720593256,3659.072059325697,27519.98091743396,24605.08708286819,15160.540269601808
2016-05-09,0.0008224771534124,822.4771534124376,27519.98091743396,24567.419954172223,14845.840879733056
2016-05-10,0.012437757784284,12437.75778428402,27519.98091743396,24548.76067554425,14401.205177406602
2016-05-11,-0.009354761333653,-9354.761333653094,27519.98091743396,24568.193151135576,15658.337195863172
2016-05-12,0.0002905569007263,290.5569007263242,27519.98091743396,24637.70133980716,16090.019006863822
2016-05-13,-0.0087141750580945,-8714.175058094575,27519.98091743396,24640.35393963882,15600.730827306465
2016-05-16,0.0098652080484469,9865.208048446928,27519.98091743396,24716.084271321048,15919.722552554207
2016-05-17,-0.0093297224102911,-9329.722410291177,27519.98091743396,24718.94599520901,16426.600460037556
2016-05-18,0.0002889908167309,288.99081673094963,27519.98091743396,24790.955771904064,16790.101131531057
2016-05-19,-0.0034649358254843,-3464.93582548435,27519.98091743396,24797.5156354764,16279.439945316752
2016-05-20,0.0063173359451518,6317.335945151825,27519.98091743396,24804.48860782029,15906.520548559292
2016-05-23,-0.001362596720035,-1362.596720035025,27519.98091743396,24704.055086948345,15836.516767918552
2016-05-24,0.0129623312704059,12962.331270405914,27519.98091743396,24707.924901428098,15373.692907175957
2016-05-25,0.0067830855823352,6783.085582335202,27519.98091743396,24725.78992696357,16635.15727405798
2016-05-26,0.0002866972477064,286.6972477064689,27519.98091743396,24677.12535506115,16585.080856935332
2016-05-27,0.0042992261392948,4299.2261392948985,27519.98091743396,24682.36265333085,16080.662379088832
2016-05-31,-0.0019025875190259,-1902.5875190259444,27519.98091743396,24668.780375755683,15782.085896307846
2016-06-01,0.0020491803278688,2049.180327868827,27519.98091743396,24685.59675214769,15339.66076556244
2016-06-02,0.0030437057117038,3043.7057117038703,27519.98091743396,24613.66405039562,14918.123173056738
2016-06-03,-0.0029870560902754,-2987.0560902754974,27519.98091743396,24597.158832210564,14567.27734940955
2016-06-06,0.0050884534905839,5088.453490583956,27519.98091743396,24571.545098130213,14225.698373814026
2016-06-07,0.0015613910574876,1561.3910574876488,27519.98091743396,24561.548183745515,14093.823730770386
2016-06-08,0.0032596371882085,3259.637188208542,27519.98091743396,24541.75049220208,13693.405288968035
2016-06-09,-0.0013655412723077,-1365.541272307702,27519.98091743396,24541.707181582697,13405.556548710669
2016-06-10,-0.0094775556393814,-9477.555639381462,27519.98091743396,24491.028820163687,13020.441779517188
2016-06-13,-0.0077155233969629,-7715.523396962909,27519.98091743396,24543.74979970997,13730.51674127904
2016-06-14,-0.0019630682199787,-1963.068219978714,27519.98091743396,24610.129688834757,14019.466545894238
2016-06-15,-0.0013939626994807,-1393.9626994807777,27519.98091743396,24625.042253893556,13638.329965269882
2016-06-16,0.0029843561973526,2984.3561973526,27519.98091743396,24625.14519792971,13246.688760007515
2016-06-17,-0.0088784373950184,-8878.43739501848,27519.98091743396,24542.36603764593,12955.242230027288
2016-06-20,0.0064400542320355,6440.054232035531,27519.98091743396,24621.399731662485,13541.19986711025
2016-06-21,0.0028385855184027,2838.5855184027696,27519.98091743396,24616.7636520982,13631.930153846906
2016-06-22,-0.0016311648436,-1631.1648436000414,27519.98091743396,24556.63663569747,13315.260076194993
2016-06-23,0.013022585295531,13022.58529553102,27519.98091743396,24548.064346147625,12943.042420034191
2016-06-24,-0.0364309093496514,-36430.90934965143,27519.98091743396,24569.52573036884,14578.698811425516
2016-06-27,-0.0173780337714763,-17378.0337714764,29977.64342887024,25020.23398401782,25114.731759375547
2016-06-28,0.0180345691382766,18034.569138276613,29977.64342887024,25226.54918216577,26286.251411279667
2016-06-29,0.0170290605744003,17029.060574400344,29977.64342887024,25299.332244645542,27479.45979855664
2016-06-30,0.0136214071421658,13621.407142165865,29977.64342887024,25351.40512118381,28354.485152509835
2016-07-01,0.0021281775868242,2128.177586824265,29977.64342887024,25360.22316239042,28565.477055757863
2016-07-05,-0.0071970000114329,-7197.000011432975,29977.64342887024,25362.29245440447,27721.795833939865
2016-07-06,0.0059977928122449,5997.792812244996,29977.64342887024,25224.79386367604,27188.3654931107
2016-07-07,-0.0006391300200323,-639.1300200323524,29977.64342887024,25221.53568307907,26580.742619430443
2016-07-08,0.0149098441243569,14909.84412435692,29977.64342887024,25208.054691107216,25773.559453029982
2016-07-11,0.0035269221725839,3526.9221725839907,29977.64342887024,25235.32560473804,26393.2709916424
2016-07-12,0.0072633552014993,7263.355201499344,29977.64342887024,25235.91310574008,25668.02758612027
2016-07-13,-0.0001395673412422,-139.56734124220827,29977.64342887024,25227.274055890608,25227.910786840526
2016-07-14,0.0055834729201564,5583.472920156485,29977.64342887024,25233.2122991822,24459.4962912165
2016-07-15,-0.0013418471219692,-1341.8471219692751,29977.64342887024,25226.849031426093,23926.84569634648
2016-07-18,0.0026835935690125,2683.593569012599,29977.64342887024,25235.14096998505,23210.535811787457
2016-07-19,-0.0010128959397289,-1012.895939728975,29977.64342887024,25204.23937454925,22555.347845222917
2016-07-20,0.0041398769600815,4139.876960081557,29977.64342887024,25200.072794111893,21875.83680861248
2016-07-21,-0.0037773222470461,-3777.3222470461887,29977.64342887024,25153.33586638661,21340.202282454014
2016-07-22,0.004508357801771,4508.357801771057,29977.64342887024,25085.76801100934,20801.75586525845
2016-07-25,-0.0027158902596207,-2715.890259620712,29977.64342887024,25036.569126639733,20331.01482221476
2016-07-26,0.0004615739672282,461.5739672282349,29977.64342887024,25037.75798601074,19772.310470189183
2016-07-27,-0.0010611303344867,-1061.1303344867374,29977.64342887024,25044.146563195536,19171.77055119032
2016-07-28,0.0011546277480141,1154.6277480141143,29977.64342887024,25049.98899721344,18597.55375600758
2016-07-29,0.0016146145684365,1614.6145684365897,29977.64342887024,25038.48729072614,18042.99759841131
2016-08-01,-0.0008290346352247,-829.034635224768,29977.64342887024,25013.957297711808,17517.51405580058
2016-08-02,-0.0064109892136073,-6410.989213607388,29977.64342887024,25007.913535248765,16990.428951766924
2016-08-03,0.0029264780384246,2926.478038424607,29977.64342887024,25061.28736464028,16873.060813809872
2016-08-04,0.0010625404755295,1062.5404755295608,29977.64342887024,24989.860898327504,16443.81668179758
2016-08-05,0.0081803172408632,8180.317240863211,29977.64342887024,24976.28283711332,15954.3649154976
2016-08-08,-0.0005958382986525,-595.8382986525069,29977.64342887024,24955.11983057876,16155.442125717756
2016-08-09,0.0005961935335931,596.1935335931922,29977.64342887024,24884.78320469448,15666.961816857884
2016-08-10,-0.002475020625172,-2475.02062517202,29977.64342887024,24886.84476970929,15193.481807248278
2016-08-11,0.0046406910494394,4640.691049439427,29977.64342887024,24893.991021791488,14797.989166189353
2016-08-12,-0.0008689686713926,-868.9686713926337,29977.64342887024,24893.377063031887,14588.855069038162
2016-08-15,0.002883823125515,2883.8231255150504,29977.64342887024,24907.239907187828,14153.084614614896
2016-08-16,-0.0051576977497831,-5157.697749783141,29977.64342887024,24883.00289337578,13819.973814147726
2016-08-17,0.001881079097082,1881.079097082017,29977.64342887024,24855.91664260477,13717.51284340791
2016-08-18,0.002243897971333,2243.897971333064,29977.64342887024,24571.22099281019,13342.748403013456
2016-08-19,-0.0014621219044138,-1462.12190441386,27519.98091743396,24034.0891426201,12999.313732615958
2016-08-22,-4.575821359931176e-05,-45.75821359931176,25022.46145660704,23052.63090048424,12630.811576980444
2016-08-23,0.0020134535304077,2013.453530407716,25022.46145660704,22935.12538449356,12246.05393249793
2016-08-24,-0.0051148559163355,-5114.855916335537,25022.46145660704,22414.42007407276,11928.297209539489
2016-08-25,-0.0006885471654808,-688.547165480835,25022.46145660704,22267.924571068244,11926.537466806689
2016-08-26,-0.0018833256775379,-1883.325677537906,25022.46145660704,22271.3906161642,11569.861884647007
2016-08-29,0.0049279764370198,4927.97643701981,25022.46145660704,22214.543509581286,11268.617206982162
2016-08-30,-0.0016523112206953,-1652.3112206953128,24477.62876792232,21638.72602944654,11280.447040990352
2016-08-31,-0.0028440366972477,-2844.0366972477536,24477.62876792232,21556.22592179679,10977.253190488002
2016-09-01,4.600239212426693e-05,46.00239212426693,24477.62876792232,21575.871534053003,10765.52568916585
2016-09-02,0.0045080270481623,4508.027048162333,24477.62876792232,21394.39488778103,10437.597325430064
2016-09-06,0.0030260566927691,3026.056692769119,24477.62876792232,21181.88020072583,10440.582490380442
2016-09-07,-9.49638133085351e-05,-94.9638133085351,24477.62876792232,21022.949398079003,10268.34096711943
2016-09-08,-0.0022830007762202,-2283.000776220234,24477.62876792232,21032.953195665294,9955.673003504176
2016-09-09,-0.0239348313578325,-23934.831357832587,24477.62876792232,21055.75003362105,9739.657957669391
2016-09-12,0.0143473368342086,14347.336834208634,24477.62876792232,21425.691990455685,16588.851568072274
2016-09-13,-0.0143755200147915,-14375.520014791588,24477.62876792232,21442.30025266585,18042.162562587742
2016-09-14,-0.0003751817286496,-375.1817286496984,24477.62876792232,21607.694329662365,19315.59840372482
2016-09-15,0.0099929627023223,9992.962702322306,24477.62876792232,21597.207027487257,18728.38776616012
2016-09-16,-0.008872166480862,-8872.166480862086,24477.62876792232,21280.93998903984,19029.79343958428
2016-09-19,0.0001874677789754,187.46777897549197,24477.62876792232,21368.75980852986,19130.21176136116
2016-09-20,4.6858160348550726e-05,46.858160348550726,24477.62876792232,21226.45031616413,18547.73608029089
2016-09-21,0.0112454315434356,11245.431543435605,24477.62876792232,21217.87643788577,17982.71714317706
2016-09-22,0.0063015475859513,6301.547585951362,24477.62876792232,21208.380485333342,18575.215519799804
2016-09-23,-0.0054793259047793,-5479.325904779397,24477.62876792232,21198.65986086115,18363.837607305137
2016-09-26,-0.0081022269549516,-8102.226954951663,23963.75793972683,20806.81150621006,18076.10528223937
2016-09-27,0.0062079910380881,6207.991038088112,23963.75793972683,20879.798416795595,18123.383433002087
2016-09-28,0.0049635849144129,4963.584914412955,23963.75793972683,20778.950320722688,17923.833155827175
2016-09-29,-0.0090472673559821,-9047.267355982158,23963.75793972683,20777.3876433529,17606.475932866335
2016-09-30,0.0075461151481275,7546.11514812753,23963.75793972683,20812.763401847245,17831.643724433714
2016-10-03,-0.0024040684234859,-2404.06842348595,23963.75793972683,20724.73572398752,17815.159678357064
2016-10-04,-0.0050977847807952,-5097.784780795256,23963.75793972683,20717.171441216604,17326.679333977256
2016-10-05,0.0044251909819266,4425.190981926618,23963.75793972683,20754.122533302347,17048.151066863138
2016-10-06,0.0006956360432222,695.636043222203,23963.75793972683,20742.1628295052,16720.039858623728
2016-10-07,-0.003429418852535,-3429.4188525350046,23963.75793972683,20741.79945021086,16215.525922113124
2016-10-10,0.0052083333333332,5208.333333333259,23963.75793972683,20766.29665118192,15842.525476239804
2016-10-11,-0.0126295336787564,-12629.53367875641,23963.75793972683,20709.913870200144,15644.00519633424
2016-10-12,0.001311905542801,1311.9055428010283,23963.75793972683,20814.26577782138,16788.219000634635
2016-10-13,-0.0032754667540125,-3275.4667540125797,23963.75793972683,20753.895092447976,16293.9406781077
2016-10-14,0.0005164076803907,516.4076803907402,23963.75793972683,20782.011700680123,15907.44173218215
2016-10-17,-0.0034722222222222,-3472.22222222221,23963.75793972683,20781.92088231485,15425.644036678836
2016-10-18,0.0062623599208966,6262.359920896632,23963.75793972683,20796.042577429474,15086.030574630178
2016-10-19,0.00266716578541,2667.1657854100417,23963.75793972683,20744.4465409257,15055.476229850154
2016-10-20,-0.0018667164457719,-1866.7164457719653,23963.75793972683,20660.50613667173,14675.737189395755
2016-10-21,0.0004675518982606,467.55189826064304,23963.75793972683,20653.484550865836,14268.361272562895
2016-10-24,0.0042527339003644,4252.733900364403,23963.75793972683,20638.234277979456,13836.25488919633
2016-10-25,-0.0033505514449253,-3350.5514449253537,23963.75793972683,20619.792413270698,13631.878856555124
2016-10-26,-0.0020077508521266,-2007.7508521266773,23963.75793972683,20619.50866567919,13353.790953040703
2016-10-27,-0.0026667914288388,-2666.791428838855,23963.75793972683,20627.383526519166,12997.432448362566
2016-10-28,-0.0029553877187221,-2955.3877187221688,23963.75793972683,20614.57696028617,12692.775356909657
2016-10-31,4.704996706506037e-05,47.04996706506037,23963.75793972683,20606.5938206318,12420.801320241444
2016-11-01,-0.007245354034345,-7245.354034345009,23963.75793972683,20613.810834258456,12042.443519865246
2016-11-02,-0.0060186721008481,-6018.672100848165,23963.75793972683,20653.66223865841,12384.06691763481
2016-11-03,-0.0045770954515114,-4577.095451511415,23963.75793972683,20692.445052101,12487.024018262133
2016-11-04,-0.0011016380879393,-1101.638087939394,23963.75793972683,20719.599375379035,12384.381694698548
2016-11-07,0.0220570606569168,22057.060656916816,23963.75793972683,20641.35247245998,12023.502400315065
2016-11-08,0.0045038705137228,4503.870513722807,23963.75793972683,20811.766671316745,17142.59179339368
2016-11-09,0.0105982905982904,10598.290598290429,23963.75793972683,20779.26499520112,16817.345630858526
2016-11-10,0.0024993160155875,2499.316015587505,23963.75793972683,20632.77469544065,17387.54693071142
2016-11-11,-0.0023049972340033,-2304.997234003348,23963.75793972683,20511.331513319867,16917.905633965405
2016-11-14,0.0007855096571482,785.5096571482978,23963.75793972683,20468.279830566156,16455.023757547275
2016-11-15,0.007802760976961,7802.760976961087,23963.75793972683,20461.871048306297,15960.015508648352
2016-11-16,-0.0018783214220267,-1878.3214220267075,23963.75793972683,20395.738752492984,16099.94835584746
2016-11-17,0.0051406802221507,5140.680222150751,23963.75793972683,20401.501935719338,15646.132311780677
2016-11-18,-0.0022375450933832,-2237.545093383253,23963.75793972683,20402.103946231626,15449.73931416096
2016-11-21,0.0075514874141877,7551.487414187763,23963.75793972683,20408.64275149912,15033.246230764882
2016-11-22,0.0019532137179196,1953.2137179196773,23963.75793972683,20411.384099254195,15197.215771698457
2016-11-23,0.0005440203100914,544.0203100914864,23963.75793972683,20404.45468781096,14776.2255683122
2016-11-25,0.0037154508382419,3715.450838241985,23963.75793972683,20406.485974646428,14329.435898240396
2016-11-28,-0.0046948356807512,-4694.835680751242,23963.75793972683,20371.041052171047,14053.302220607457
2016-11-29,0.0019502902757619,1950.29027576199,23963.75793972683,20395.42069768096,13885.343191627411
2016-11-30,-0.0023991670816169,-2399.1670816169158,23963.75793972683,20290.616540001774,13508.133903633734
2016-12-01,-0.0036754696433433,-3675.46964334331,23963.75793972683,20139.839011231703,13167.784680716848
2016-12-02,0.0005009791865919,500.9791865919766,23963.75793972683,20043.42896200469,12937.29887345688
2016-12-05,0.0060087399854333,6008.739985433387,23963.75793972683,19995.968068741226,12546.424857135631
2016-12-06,0.0031674208144796,3167.420814479626,23963.75793972683,19936.38334970214,12636.921412338295
2016-12-07,0.0130807397383851,13080.739738385197,23963.75793972683,19861.727788813,12384.182791046473
2016-12-08,0.0024487978628673,2448.797862867336,23963.75793972683,19903.86932793803,14132.454861548436
2016-12-09,0.0060404174994448,6040.417499444839,23963.75793972683,19607.444887474063,13772.79510922674
2016-12-12,-0.0011478521919561,-1147.8521919561224,23963.75793972683,19608.910736765723,13789.71369540996
2016-12-13,0.0066740331491712,6674.033149171255,23963.75793972683,19602.237890465567,13385.614024851247
2016-12-14,-0.0082543027748507,-8254.30277485073,23963.75793972683,19545.52744865186,13523.6020518533
2016-12-15,0.0041172303878165,4117.2303878165285,23963.75793972683,19424.835824666887,13929.767654401949
2016-12-16,-0.0078038887174287,-7803.888717428764,23963.75793972683,19000.573124759623,13707.681530626896
2016-12-19,0.0021773906861002,2177.3906861002333,23963.75793972683,19069.86303074712,14014.34207292862
2016-12-20,0.0038575799228484,3857.579922848409,23963.75793972683,19057.789401269707,13643.942026006154
2016-12-21,-0.0027826855123674,-2782.6855123674886,23963.75793972683,19018.683313437403,13409.689175448944
2016-12-22,-0.0017274217123621,-1727.421712362176,23963.75793972683,19026.53913767077,13097.516781351074
2016-12-23,0.0014641938060164,1464.1938060164782,23963.75793972683,19022.802111719546,12736.60826305524
2016-12-27,0.0024810597669575,2481.059766957561,23963.75793972683,19001.084718023645,12376.754842059489
2016-12-28,-0.0082644628099173,-8264.462809917328,23963.75793972683,18933.85218229473,12082.708426907677
2016-12-29,-0.000222816399287,-222.8163992870069,23963.75793972683,18908.231920511007,12625.795525290205
2016-12-30,-0.0036550033429908,-3655.003342990848,23963.75793972683,18736.013669880045,12241.821392056445
2017-01-03,0.0076499798684741,7649.979868474154,23963.75793972683,18766.145369136437,12050.241717514882
2017-01-04,0.0059492097318416,5949.209731841654,23963.75793972683,18616.79670384404,12469.915052569537
2017-01-05,-0.0007944213964162,-794.4213964162783,22725.18216578697,18167.49379297192,12556.332132528045
2017-01-06,0.003577738515901,3577.738515901041,22725.18216578697,18049.756087891503,12182.229539719328
2017-01-09,-0.0033009110514502,-3300.9110514502504,22725.18216578697,18044.103935896557,11985.771465185322
2017-01-10,0.0,0.0,22725.18216578697,18067.10744478309,11771.885113826527
2017-01-11,0.0028261061556125,2826.106155612518,20282.29251226448,17581.740989818114,11413.266070023195
2017-01-12,-0.0025099075297225,-2509.907529722577,20282.29251226448,17492.346042200446,11182.143427254712
2017-01-13,0.0022955016995542,2295.501699554281,18546.43369033628,17125.96917097231,10935.423611674794
2017-01-17,-0.0035234529839243,-3523.452983924313,18546.43369033628,17123.31947104337,10682.67302791686
2017-01-18,0.0022099447513812,2209.9447513812543,18546.43369033628,16984.689415331497,10550.050349828894
2017-01-19,-0.0037045203969129,-3704.520396912936,18546.43369033628,16985.44979859718,10305.881978880065
2017-01-20,0.0036740294807666,3674.029480766672,18546.43369033628,16854.635637380055,10212.479124000314
2017-01-23,-0.002602099320808,-2602.099320808016,18546.43369033628,16628.41168279116,10120.286117038482
2017-01-24,0.0064116736679193,6411.673667919393,18546.43369033628,16596.452769744777,9923.386023126548
2017-01-25,0.0086555360281195,8655.536028119526,18546.43369033628,16462.230534211147,10291.453271125354
2017-01-26,-0.0010454327656052,-1045.4327656052033,18546.43369033628,16475.06604905425,11130.416295743067
2017-01-27,-0.0015697902585793,-1569.7902585793954,18546.43369033628,16224.040906614144,10807.76970981445
2017-01-30,-0.006201685810368,-6201.685810368062,18546.43369033628,16231.435692548046,10516.633768040385
2017-01-31,-8.789277081966418e-05,-87.89277081966418,18230.78978393161,15988.268174522613,10791.310982974612
2017-02-01,0.0003955522348702,395.5522348702001,18230.78978393161,15995.036526035416,10462.684054565018
2017-02-02,0.0006589930586065,658.9930586065052,18230.78978393161,15999.323871732991,10146.452452864372
2017-02-03,0.006892918294771,6892.918294771012,15906.802030700836,15663.505809382754,9844.515302459398
2017-02-06,-0.0017877387285253,-1787.7387285253344,15906.802030700836,15471.003821142678,10321.216648197576
2017-02-07,4.368147468647443e-05,43.68147468647443,15906.802030700836,15482.627123540447,10058.51133910334
2017-02-08,0.0013103870009609,1310.3870009609775,15906.802030700836,15477.45922871086,9752.12032914598
2017-02-09,0.0059326470075029,5932.647007502956,15906.802030700836,15291.208890252528,9484.471006382268
2017-02-10,0.0039462272333044,3946.2272333044,15906.802030700836,15104.586956432538,9797.27506094975
2017-02-13,0.0054425294803681,5442.529480368164,15906.802030700836,14987.070179158967,9761.356168683797
2017-02-14,0.0039953602268332,3995.3602268332224,15906.802030700836,14878.749071811324,9959.187445717484
2017-02-15,0.0052203679931535,5220.367993153507,15906.802030700836,14836.931131152893,9920.567653428632
2017-02-16,-0.0008513536523071,-851.3536523071518,15906.802030700836,14826.479682116014,10067.858670535532
2017-02-17,0.0015763462849351,1576.346284935193,15906.802030700836,14759.269612544012,9773.19932109507
2017-02-21,0.0059551661065975,5955.16610659752,15906.802030700836,14576.191306766354,9517.949881276922
2017-02-22,-0.0008879868070531,-887.9868070531538,15906.802030700836,14579.308933921153,9832.168340820976
2017-02-23,0.0006771626883359,677.1626883359527,15906.802030700836,14542.919669909594,9546.061262638055
2017-02-24,0.0012688208424971,1268.8208424971317,15906.802030700836,14524.222607277552,9263.290221002517
2017-02-27,0.001562896004055,1562.8960040550144,15906.802030700836,14434.789376225555,9010.149364002556
2017-02-28,-0.0026991691619924,-2699.169161992421,15906.802030700836,14150.80126028222,8780.944364328594
2017-03-01,0.0139975472575801,13997.547257580178,15906.802030700836,14177.767329695234,8651.265277744085
2017-03-02,-0.006297439319376,-6297.439319376097,15906.802030700836,14258.026802310238,11574.770305396713
2017-03-03,0.0006295379191672,629.5379191672001,15906.802030700836,14327.380555940832,11781.94381008136
2017-03-06,-0.0029779380924418,-2977.938092441845,15906.802030700836,14328.055201069716,11428.649868431625
2017-03-07,-0.0029868326953009,-2986.8326953009782,15906.802030700836,14207.964204172167,11209.674115198057
2017-03-08,-0.0018565400843881,-1856.5400843881807,15906.802030700836,14236.809026607629,11000.645972445518
2017-03-09,0.0012681772066283,1268.177206628307,15906.802030700836,14252.214797243716,10717.861868646622
2017-03-10,0.0035041796842014,3504.1796842014696,15906.802030700836,14137.117227490864,10416.450336539372
2017-03-13,0.0005048592704783,504.85927047838607,15906.802030700836,14121.203519643574,10294.636459842812
2017-03-14,-0.003826584247929,-3826.584247929032,15906.802030700836,14108.811430930336,9985.165567240549
2017-03-15,0.0086534402701561,8653.440270156132,15906.802030700836,14142.603951836598,9923.50843097754
2017-03-16,-0.0019669386901025,-1966.93869010256,15906.802030700836,14156.663766147898,10811.229180319317
2017-03-17,-0.0060801744381079,-6080.1744381079325,15906.802030700836,14162.089158152268,10541.630972543044
2017-03-20,-0.0010969075644432,-1096.9075644432503,15906.802030700836,14224.573977015269,10791.78430970941
2017-03-21,-0.0128394644591798,-12839.464459179828,15906.802030700836,14227.978900266682,10481.676849132771
2017-03-22,0.0023531425148677,2353.1425148677345,15906.802030700836,14346.87095332325,12522.11101825572
2017-03-23,-0.0010670991975414,-1067.0991975414431,15906.802030700836,14337.211024022394,12214.462693097636
2017-03-24,-0.0007264025979574,-726.4025979574207,15906.802030700836,14345.837195591324,11857.962077270327
2017-03-27,-0.0010262550243735,-1026.2550243735902,15906.802030700836,14331.923970088306,11504.170000473536
2017-03-28,0.00727677424878,7276.774248780038,15906.802030700836,14344.515261120703,11169.026814622908
2017-03-29,0.0009348971613123,934.8971613123424,15906.802030700836,14332.374470474975,11595.533092866855
2017-03-30,0.0031841725396959,3184.17253969594,15906.802030700836,14327.3578030363,11254.901812460632
2017-03-31,-0.0023276482288712,-2327.6482288712155,15906.802030700836,14296.23692648998,11061.858030575711
2017-04-03,-0.0017392042080257,-1739.2042080257577,15906.802030700836,14189.843889536744,10806.576798434822
2017-04-04,0.0006374027960736,637.402796073605,15906.802030700836,14165.40903207347,10524.13321975182
2017-04-05,-0.0029726516052318,-2972.651605231857,15906.802030700836,13998.447045084686,10209.988376506795
2017-04-06,0.0028111423460259,2811.1423460259743,15906.802030700836,14027.211648420289,10042.83895926656
2017-04-07,-0.001019367991845,-1019.3679918450993,15906.802030700836,14003.923267420434,9867.78364971444
2017-04-10,0.000595238095238,595.2380952380931,15906.802030700836,13990.15834311168,9584.788911788626
2017-04-11,-0.0011897679952409,-1189.7679952409535,15906.802030700836,13959.559224730509,9298.98578075608
2017-04-12,-0.0043818599506508,-4381.859950650879,15906.802030700836,13966.503337025506,9041.15678991317
2017-04-13,-0.006494893817032,-6494.893817032054,15906.802030700836,13995.565422119573,9114.422292319205
2017-04-17,0.0088598339856349,8859.833985634947,15906.802030700836,14053.779255333167,9580.49781234288
2017-04-18,-0.0029841838257236,-2984.183825723629,15906.802030700836,14078.397579522876,10572.025335370674
2017-04-19,-0.0018386282977722,-1838.62829777226,15906.802030700836,14102.803868371204,10390.059978795996
2017-04-20,0.0081391363947909,8139.136394790913,15906.802030700836,14067.142002831057,10127.875279091277
2017-04-21,-0.003186878558681,-3186.87855868105,15906.802030700836,14078.237985805865,10859.569915795892
2017-04-24,0.0109979112494138,10997.91124941385,15906.802030700836,14090.528130417322,10684.207903415749
2017-04-25,0.0058186111228233,5818.611122823336,15906.802030700836,14133.547788878675,12106.96469761228
2017-04-26,-0.0006287989939216,-628.7989939216532,15906.802030700836,14137.47494503179,12197.436650645051
2017-04-27,0.0008389261744965,838.926174496546,15906.802030700836,14035.634083792074,11831.280621275682
2017-04-28,-0.0021793797150041,-2179.379715004148,15906.802030700836,13984.246966555304,11480.809275303787
2017-05-01,0.0025201612903225,2520.161290322509,15906.802030700836,13989.975539140574,11200.122048445088
2017-05-02,0.0003770739064856,377.07390648566985,15906.802030700836,13883.280719587838,10953.469564434528
2017-05-03,-0.0012145579427902,-1214.5579427902398,15906.802030700836,13830.735359384656,10621.956274353195
2017-05-04,0.0011741026501175,1174.1026501175256,15906.802030700836,13836.85409584664,10321.59868801128
2017-05-05,0.0039370078740157,3937.007874015741,15906.802030700836,13840.083650115785,10029.501424648157
2017-05-08,-0.0001668752607425,-166.87526074254944,15906.802030700836,13835.857066885448,9979.404630759418
2017-05-09,-0.0009179671200867,-917.967120086738,15906.802030700836,13781.092619837164,9675.85904162106
2017-05-10,0.0017958569996658,1795.8569996658905,15906.802030700836,13673.974091424136,9395.665899725464
2017-05-11,-0.0020427731687997,-2042.7731687997496,15906.802030700836,13668.935815252376,9166.736619346217
2017-05-12,-0.0016709833737154,-1670.9833737154067,15906.802030700836,13581.13084213266,8963.387836343101
2017-05-15,0.005523474767763,5523.474767763048,15906.802030700836,13565.865359034717,8742.336242839547
2017-05-16,-0.0009155222638368,-915.5222638368432,15906.802030700836,13448.659156072476,9041.53483051165
2017-05-17,-0.0177440853048984,-17744.08530489846,15906.802030700836,13455.273376028965,8781.60348661338
2017-05-18,0.0040284963107455,4028.496310745533,17564.72005352165,13757.272652763691,13218.415042899858
2017-05-19,0.0065042023905055,6504.202390505531,17564.72005352165,13750.53594843876,13019.700992649336
2017-05-22,0.0050774201670094,5077.420167009405,17564.72005352165,13742.534525612273,13155.939900898462
2017-05-23,0.0022127588510354,2212.758851035446,17564.72005352165,13673.254346261789,13079.190005499791
2017-05-24,0.0023328473234742,2332.847323474274,17564.72005352165,13664.192706425403,12743.280370956663
2017-05-25,0.0047795187232448,4779.518723244891,17564.72005352165,13658.314481810872,12426.378074940038
2017-05-26,-0.0002068166776968,-206.81667769684165,17564.72005352165,13659.299156499812,12351.82875231595
2017-05-30,-0.000868809730669,-868.8097306690512,17564.72005352165,13648.280811445557,11976.122166103827
2017-05-31,-0.0002484472049689,-248.4472049689712,17564.72005352165,13659.9011384367,11621.830997679968
2017-06-01,0.0079522862823062,7952.286282306264,17564.72005352165,13668.889093139587,11268.67257819174
2017-06-02,0.0033284023668638,3328.402366863825,17564.72005352165,13656.864886751218,11827.870640697813
2017-06-05,-0.0007371913011425,-737.1913011425812,17564.72005352165,13654.221531074809,11623.333240832282
2017-06-06,-0.0031968523300135,-3196.8523300135444,17564.72005352165,13664.045523818411,11277.066509554666
2017-06-07,0.0018502528678918,1850.252867891866,17564.72005352165,13695.215442288996,11084.242197262076
2017-06-08,0.0004924895345974,492.48953459746224,17564.72005352165,13680.757041744444,10798.168174752314
2017-06-09,-0.0015177619164821,-1517.7619164821187,17564.72005352165,13563.342330352703,10472.97320517366
2017-06-12,-0.0002054147323445,-205.41473234458877,17564.72005352165,13488.646772623117,10190.691266673348
2017-06-13,0.0048898750821828,4889.87508218286,17564.72005352165,13476.946580559848,9880.935104793953
2017-06-14,-0.0012676344305867,-1267.6344305867503,17564.72005352165,13462.34375765129,9976.928123702604
2017-06-15,-0.0019243367179823,-1924.3367179823117,17564.72005352165,13478.07088100974,9699.924253830008
2017-06-16,-0.0046355170857776,-4635.517085777697,17564.72005352165,13385.1930559415,9468.139031442544
2017-06-19,0.0083250906693044,8325.090669304425,17564.72005352165,13425.342869364173,9552.191927741278
2017-06-20,-0.0067440529714706,-6744.052971470626,17564.72005352165,13445.167549504846,10405.512104183828
2017-06-21,-0.0002469034196124,-246.9034196124209,17564.72005352165,13503.675713879553,10795.68939470838
2017-06-22,-0.0004527680592714,-452.7680592714134,17564.72005352165,13438.48388957886,10467.754768972542
2017-06-23,0.0011942019436665,1194.201943666595,15906.802030700836,12185.7854261257,10152.143737088012
2017-06-26,0.000658084152511,658.084152511007,13622.852792541822,11831.591925729948,9866.36413307212
2017-06-27,-0.0080562291914997,-8056.22919149973,13622.852792541822,11642.085717895758,9573.142536504662
2017-06-28,0.0089503998674014,8950.399867401426,13622.852792541822,11573.793820338336,10354.766535406265
2017-06-29,-0.0087888619655838,-8788.861965583816,13622.852792541822,11503.49701936923,11260.57810476309
2017-06-30,0.0018645121193288,1864.5121193288091,13622.852792541822,11623.75203150782,12011.44434439005
2017-07-03,0.0016956162117451,1695.616211745188,13622.852792541822,11534.806483830487,11693.893443996343
2017-07-05,0.0023120432682384,2312.043268238417,13622.852792541822,11526.985056427156,11378.747917195664
2017-07-06,-0.0091444577171808,-9144.457717180863,13622.852792541822,11516.448548200638,11110.49598918378
2017-07-07,0.0064851382249013,6485.138224901377,13622.852792541822,11511.817005264324,11966.179425221102
2017-07-10,0.001073892032547,1073.8920325470413,13622.852792541822,11523.999710543918,12175.983387728083
2017-07-11,-0.0007426661715559,-742.6661715559391,13622.852792541822,11507.772697853605,11820.903996281031
2017-07-12,0.0075147611379495,7514.7611379495775,13622.852792541822,11511.204658168072,11468.60243544271
2017-07-13,0.0016802590057785,1680.259005778506,13622.852792541822,11524.633493023926,11915.293656398208
2017-07-14,0.0046641027739138,4664.102773913825,13622.852792541822,11510.710656382844,11591.916321322884
2017-07-17,-0.0001221697344844,-122.16973448442305,13622.852792541822,11514.09406399892,11548.763849960154
2017-07-18,0.0005294668675925,529.4668675925873,13622.852792541822,11508.780181827942,11197.158397114035
2017-07-19,0.0054139868110396,5413.986811039662,13622.852792541822,11511.34951737702,10860.239567274331
2017-07-20,0.0004453621604112,445.3621604112445,13622.852792541822,11479.434658434557,10972.04993269183
2017-07-21,-0.000890327802509,-890.3278025090833,13622.852792541822,11481.429472985204,10640.823890603247
2017-07-24,-0.0002430330524951,-243.03305249517848,13622.852792541822,11466.409450278254,10329.128728159212
2017-07-25,0.0024309213191799,2430.9213191799904,13622.852792541822,11469.77039372303,10015.419387103231
2017-07-26,4.041710451874181e-05,40.41710451874181,13622.852792541822,11456.718117275732,9808.6168195278
2017-07-27,-0.0009295558339733,-929.5558339733612,13622.852792541822,11461.068588436645,9509.834725751283
2017-07-28,-0.0011731391585759,-1173.1391585759754,13622.852792541822,11472.143301647302,9235.329759802626
2017-07-31,-0.0005670082216191,-567.0082216191474,13622.852792541822,11474.47462543447,8978.904487173355
2017-08-01,0.0022287960449001,2228.7960449001166,13622.852792541822,11408.367917080575,8711.364826567058
2017-08-02,0.0004852013585638,485.20135856389146,13622.852792541822,11408.591970472224,8540.938471696014
2017-08-03,-0.0019398642095053,-1939.8642095053156,13622.852792541822,11410.666915282583,8285.36157245045
2017-08-04,0.0018221574344023,1822.1574344023936,13622.852792541822,11403.397646544208,8108.6561575233245
2017-08-07,0.0018592619538417,1859.2619538417844,13622.852792541822,11394.164685540029,7929.906648541062
2017-08-08,-0.0024609674426111,-2460.9674426111505,13622.852792541822,11390.740904689455,7760.98591358929
2017-08-09,-4.044325810881322e-05,-40.44325810881322,13622.852792541822,11390.607998971396,7654.117278430267
2017-08-10,-0.0141152679474216,-14115.267947421684,13622.852792541822,11394.071976185502,7420.97781653257
2017-08-11,0.0014768624876928,1476.8624876928538,14247.996501780332,11638.369998249516,10791.796148362626
2017-08-14,0.0099131574635424,9913.157463542488,14247.996501780332,11639.618169722233,10496.824883929638
2017-08-15,-0.0001216841080554,-121.68410805546426,14247.996501780332,11630.75635254099,11639.680793446516
2017-08-16,0.0017443511419414,1744.3511419414915,14247.996501780332,11637.414663485812,11285.302250155815
2017-08-17,-0.0155908317809994,-15590.831780999404,14247.996501780332,11638.073846754807,10986.56407221975
2017-08-18,-0.0015632070426591,-1563.2070426591094,14995.329015557572,11920.115802041675,13870.536250977042
2017-08-21,0.0007828272423879,782.8272423879845,14995.329015557572,11929.497790736426,13477.453206353845
2017-08-22,0.0104569781803209,10456.978180320986,14995.329015557572,11932.32884920621,13074.48778241616
2017-08-23,-0.0035853976531942,-3585.397653194211,14995.329015557572,11930.427051195944,14006.877395204285
2017-08-24,-0.0023307163886162,-2330.7163886162607,14995.329015557572,11955.29985960742,13732.999543544409
2017-08-25,0.0023361613180867,2336.1613180867826,14995.329015557572,11959.111314040929,13380.713063104427
2017-08-28,4.088976120386612e-05,40.88976120386612,14995.329015557572,11955.160625025565,13041.205718603223
2017-08-29,0.0011448665003883,1144.866500388364,14995.329015557572,11944.605284097475,12643.939524988897
2017-08-30,0.0047375944455789,4737.594445578974,14995.329015557572,11919.348173908482,12276.101285787268
2017-08-31,0.0060160156091215,6016.015609121572,14995.329015557572,11916.11957619857,12204.45151028595
2017-09-01,0.0014141985534767,1414.1985534767975,14995.329015557572,11922.610823937932,12319.249148090938
2017-09-05,-0.0071820529373789,-7182.052937378947,14995.329015557572,11924.245709379244,11971.110188515093
2017-09-06,0.0034138015118263,3413.8015118263534,14995.329015557572,12003.693634788746,12306.842534581032
2017-09-07,-0.0001215066828675,-121.50668286758926,14995.329015557572,11981.637490580822,12089.462232817114
2017-09-08,-0.0011747073358447,-1174.7073358447935,14247.996501780332,11353.538785083714,11721.373011965432
2017-09-11,0.0106659096439289,10665.909643928995,14247.996501780332,11244.503640656052,11383.990279156047
2017-09-12,0.0033706512579751,3370.651257975199,13490.124238183173,11031.013960182274,12599.97920755082
2017-09-13,0.000479904019196,479.9040191960646,13490.124238183173,11021.987033764812,12366.20691894539
2017-09-14,-0.0003197825478673,-319.7825478673533,13490.124238183173,10978.204149752524,11992.60077132651
2017-09-15,-0.003598704466392,-3598.7044663921,13490.124238183173,10859.878558054495,11628.685668180213
2017-09-18,0.0021268911272522,2126.891127252284,13490.124238183173,10891.784617577432,11459.407110492506
2017-09-19,0.0010011212558065,1001.1212558065364,13490.124238183173,10885.23086672808,11176.217015226566
2017-09-20,0.0003600432051846,360.04320518467915,13490.124238183173,10819.40723568225,10850.751099044624
2017-09-21,-0.0026793569543309,-2679.356954330969,13490.124238183173,10812.112095493676,10522.193898680114
2017-09-22,0.0002004891936324,200.48919363246927,13490.124238183173,10775.977758768797,10315.264172296467
2017-09-25,-0.0020445798588838,-2044.579858883844,13490.124238183173,10670.20381329198,10001.672190743522
2017-09-26,0.0006025790382839,602.5790382839791,13490.124238183173,10679.712657178125,9766.721177533327
2017-09-27,0.0038943311385899,3894.331138589946,13490.124238183173,10678.59674679226,9475.411126932264
2017-09-28,0.0011997600479902,1199.7600479902726,13490.124238183173,10547.22274241765,9450.976587258036
2017-09-29,0.0035150788895546,3515.0788895546016,13490.124238183173,10526.027038132072,9188.53098409058
2017-10-02,0.0043386538231899,4338.653823189987,13490.124238183173,10501.74137586326,9131.01560809662
2017-10-03,0.0021401395053901,2140.13950539016,13490.124238183173,10445.198693452863,9191.588674834384
2017-10-04,0.0011864272720081,1186.427272008128,13490.124238183173,10442.570710334689,8994.633778917429
2017-10-05,0.0059251066519196,5925.106651919698,13490.124238183173,10440.887843964969,8746.788022151624
2017-10-06,-0.0011387732663158,-1138.77326631584,13490.124238183173,10414.07031468487,9127.738451192698
2017-10-09,-0.0016511381059087,-1651.1381059087782,13490.124238183173,10422.55321915594,8873.43016197183
2017-10-10,0.0026383146288639,2638.3146288639914,13490.124238183173,10208.90785671875,8654.406391435827
2017-10-11,0.0015709685020814,1570.9685020814934,13490.124238183173,10206.945215722815,8524.380372081536
2017-10-12,-0.0014900792094738,-1490.07920947386,13490.124238183173,10172.366619363447,8313.033837861132
2017-10-13,0.0012174049638704,1217.404963870461,13490.124238183173,10185.24711364386,8104.388511940117
2017-10-16,0.0013335948225141,1333.5948225141617,13490.124238183173,10149.095492384957,7888.06036485939
2017-10-17,0.0007050804966901,705.080496690158,13490.124238183173,10138.612455079949,7685.42137597514
2017-10-18,0.0009785884839708,978.5884839708104,13490.124238183173,10142.659964872726,7462.116810242712
2017-10-19,0.000273736899734,273.73689973408943,13490.124238183173,10124.64589094042,7256.249262561545
2017-10-20,0.0051604832088822,5160.483208882294,13490.124238183173,10125.558864154114,7036.923728987053
2017-10-23,-0.0038893858659717,-3889.3858659717616,13490.124238183173,10129.161939568614,7429.300999816671
2017-10-24,0.0017570575143492,1757.0575143492918,13490.124238183173,10136.005523782436,7536.238508765924
2017-10-25,-0.0049501091362644,-4950.10913626448,13490.124238183173,10114.47107930464,7374.935256278703
2017-10-26,0.0012926475772652,1292.6475772652157,13490.124238183173,10144.36322664198,7686.54260838305
2017-10-27,0.008176199045458,8176.199045458077,13490.124238183173,10114.016627446348,7488.693968871753
2017-10-30,-0.0037251173800006,-3725.1173800006977,13490.124238183173,10135.783964000684,8626.870152887082
2017-10-31,0.0015579357351507,1557.9357351507283,13490.124238183173,10077.64501061057,8629.218060577003
2017-11-01,0.0013221854948475,1322.1854948475277,13490.124238183173,10001.179185421734,8413.306919235736
2017-11-02,0.0003883645966833,388.3645966833438,13490.124238183173,9948.345956691162,8191.725426495819
2017-11-03,0.0033386389223184,3338.6389223184487,13490.124238183173,9938.75800771414,7945.255133906164
2017-11-06,0.0015476881408398,1547.6881408398312,13490.124238183173,9556.217252655704,7934.663097475552
2017-11-07,-0.000695383426695,-695.383426695062,13490.124238183173,9554.04296964774,7743.329060160771
2017-11-08,0.0017010090076159,1701.009007615939,13490.124238183173,9498.745258354713,7517.886283024649
2017-11-09,-0.0036278028636486,-3627.8028636486106,13490.124238183173,9499.599703672762,7353.028907237186
2017-11-10,-0.0003098733392726,-309.8733392726816,13490.124238183173,9515.250466909809,7422.705272299281
2017-11-13,0.0009299081715681,929.9081715681278,13490.124238183173,9520.738382006888,7198.74571260177
2017-11-14,-0.0023226106143303,-2322.6106143303678,13490.124238183173,9494.52400956996,6999.529472441883
2017-11-15,-0.0050052380398092,-5005.238039809235,13490.124238183173,9498.941341729706,6914.150884352066
2017-11-16,0.0085010138823897,8501.013882389774,13490.124238183173,9552.37893786401,7285.054062348845
2017-11-17,-0.002938674503132,-2938.6745031320106,13490.124238183173,9565.80043221783,8564.68629823797
2017-11-20,0.0017063522841851,1706.352284185142,13490.124238183173,9571.144900351535,8470.937676780626
2017-11-21,0.0065427797135113,6542.77971351136,13490.124238183173,9571.508210721884,8270.23740308265
2017-11-22,-0.0008846494095927,-884.6494095927637,13490.124238183173,9584.343641450208,8842.700311126498
2017-11-24,0.0023098244533417,2309.8244533417133,13490.124238183173,9595.334099705104,8588.12379197353
2017-11-27,-0.0004993086495621,-499.30864956215794,13490.124238183173,9539.729435173827,8429.884892548802
2017-11-28,0.0101448718441379,10144.871844137926,13490.124238183173,9549.238394373162,8178.027624327141
2017-11-29,-0.0006086658804733,-608.6658804733692,13490.124238183173,9583.664090854416,9812.560657394471
2017-11-30,0.0087549008412317,8754.900841231762,13490.124238183173,9552.847712120889,9519.950833718263
2017-12-01,-0.0020753933813818,-2075.393381381852,13490.124238183173,9587.385660165688,10491.922743838451
2017-12-04,-0.0012100128563865,-1210.0128563865553,13490.124238183173,9598.946662187313,10240.812551962596
2017-12-05,-0.0035965775724994,-3596.5775724994264,13490.124238183173,9614.067489798705,9952.748896754709
2017-12-06,0.0001899768228277,189.97682282773096,13490.124238183173,9537.074101054584,9864.78937707482
2017-12-07,0.003153016258927,3153.016258927055,13490.124238183173,9542.83009592749,9564.880793321916
2017-12-08,0.0054530995569357,5453.0995569357365,13490.124238183173,9529.886168896875,9445.94476841006
2017-12-11,0.0030130691876013,3013.0691876013584,13490.124238183173,9524.881891376634,9670.992787728115
2017-12-12,0.0017648605009199,1764.8605009199514,13490.124238183173,9506.618622579606,9532.279702580105
2017-12-13,-0.0001124522078115,-112.45220781153088,13490.124238183173,9382.45557113167,9296.445083216791
2017-12-14,-0.0040862230552951,-4086.223055295157,13490.124238183173,9387.158821170944,9013.46569752724
2017-12-15,0.0031995784084919,3199.5784084919437,13490.124238183173,9318.97210808319,9043.77273004198
2017-12-18,0.0063412254699635,6341.225469963519,13490.124238183173,9319.358707192228,8955.815291724815
2017-12-19,-0.0038404175988067,-3840.4175988067113,13490.124238183173,9333.248097125512,9404.857081036818
2017-12-20,-0.0005240109293709,-524.0109293709328,13490.124238183173,9346.644059235585,9377.28083231631
2017-12-21,0.0020596936673782,2059.693667378237,13490.124238183173,9337.106294079553,9096.51330777129
2017-12-22,-0.0002616040062785,-261.60400627850413,13490.124238183173,9336.109496023597,8897.151579122385
2017-12-26,-0.0011962169638517,-1196.2169638517485,13490.124238183173,9344.5526930156,8627.396488283655
2017-12-27,0.000486545155133,486.5451551330224,13490.124238183173,9232.80852251069,8392.299810751421
2017-12-28,0.0020574592248989,2057.459224898972,13490.124238183173,9229.076071261668,8141.358767124318
2017-12-29,-0.0037704856833538,-3770.485683353808,13490.124238183173,9187.21479732983,7979.935910060458
2018-01-02,0.0071573109495615,7157.310949561513,13490.124238183173,9202.08685990371,8029.628046029532
2018-01-03,0.0063251106894373,6325.110689437308,13490.124238183173,9212.80992781224,8788.661468391896
2018-01-04,0.0042148851998373,4214.88519983737,13490.124238183173,9216.442862452888,9251.862731662954
2018-01-05,0.0066639667169838,6663.966716983882,13490.124238183173,9218.316804569522,9285.998490800086
2018-01-08,0.0018286884646332,1828.6884646332437,13490.124238183173,9198.87691399208,9771.18279783144
2018-01-09,0.0022634345794392,2263.4345794392275,13490.124238183173,9192.150636042928,9530.652020183315
2018-01-10,-0.001529831718511,-1529.8317185110654,13490.124238183173,9192.221740731144,9329.891776236687
2018-01-11,0.0072960747118051,7296.074711805156,13490.124238183173,9182.33278551318,9087.575185055195
2018-01-12,0.0065189048239895,6518.904823989536,13490.124238183173,9206.05587443381,9742.40055394418
2018-01-16,-0.0034182498560736,-3418.249856073641,13490.124238183173,9180.83939662875,10149.806765859808
2018-01-17,0.0095317182366321,9531.718236632125,13490.124238183173,9220.748471100913,10031.528174460327
2018-01-18,-0.001680912699832,-1680.91269983206,13490.124238183173,9227.205877781043,11139.797423573227
2018-01-19,0.0045496883284374,4549.688328437495,13490.124238183173,9246.958756885557,10842.824786516818
2018-01-22,0.0081309511073071,8130.951107307105,13490.124238183173,9220.171721359326,10827.479029421938
2018-01-23,0.0021224663058474,2122.466305847448,13490.124238183173,9236.960811515137,11474.66046111858
2018-01-24,-0.0003882946803629,-388.2946803629439,13490.124238183173,9199.36010311089,11190.645798446274
2018-01-25,0.0004237587400239,423.75874002398285,13490.124238183173,9194.501697406646,10851.989594462755
2018-01-26,0.0115778326861983,11577.832686198386,13490.124238183173,9180.35763521432,10524.164896990836
2018-01-29,-0.0066299113685531,-6629.9113685531765,13490.124238183173,9177.934879618037,12150.687228391313
2018-01-30,-0.010257130813545,-10257.130813545067,13490.124238183173,9264.092290955408,12371.49435742064
2018-01-31,0.0004968767745598,496.8767745598957,13490.124238183173,9438.249298496354,13342.913980722167
2018-02-01,-0.0011351543100389,-1135.154310038966,13490.124238183173,9438.995373073873,12939.533210941165
2018-02-02,-0.0217700120747211,-21770.01207472118,13490.124238183173,9436.63473484744,12562.008061846564
2018-02-05,-0.0418224723180249,-41822.47231802494,14867.805502546318,10035.15612152426,17384.719261414728
2018-02-06,0.0197021937634978,19702.1937634978,16688.99107818792,11889.30697869254,29190.026729075635
2018-02-07,-0.0054248876007876,-5424.887600787632,16688.99107818792,12128.648678659092,30446.352743105275
2018-02-08,-0.0375088728658423,-37508.87286584237,16688.99107818792,12181.422238797802,29680.257778093983
2018-02-09,0.0150215425222217,15021.542522221764,19797.30795750804,13513.241547685006,35845.604241125955
2018-02-12,0.0146845124282981,14684.512428298158,19797.30795750804,13619.84624969086,35792.22657030512
2018-02-13,0.0024873746890783,2487.374689078337,19797.30795750804,13721.869177355942,35696.47145674875
2018-02-14,0.0134962406015035,13496.24060150356,19797.30795750804,13718.9020059991,34638.025407206434
2018-02-15,0.0127601172150302,12760.117215030232,19797.30795750804,13787.526122064615,34452.160257357296
2018-02-16,0.0002930080943488,293.0080943488456,19797.30795750804,13853.610842166465,34184.85537057562
2018-02-20,-0.006261213430486,-6261.213430486024,19797.30795750804,13854.836699559606,33143.86752309505
2018-02-21,-0.0049742078113483,-4974.207811348386,19797.30795750804,13909.905165391072,32331.63589975426
2018-02-22,0.0012960562858728,1296.0562858728154,19797.30795750804,13955.484287257716,31474.57555001925
2018-02-23,0.015939349112426,15939.349112426004,19797.30795750804,13955.40517614666,30524.668930779804
2018-02-26,0.0116122456408576,11612.24564085761,19797.30795750804,14072.839616712165,30957.19250769287
2018-02-27,-0.0124865059373874,-12486.505937387426,19797.30795750804,14096.28189170518,30734.877130662957
2018-02-28,-0.0101300878183873,-10130.087818387312,19797.30795750804,14196.668474018516,30636.281410403422
2018-03-01,-0.014540769372354,-14540.769372354043,19797.30795750804,14261.401200731169,30258.69332687282
2018-03-02,0.0051550242809115,5155.024280911524,19797.30795750804,14487.510715143486,30484.56513229022
2018-03-05,0.0115579009959863,11557.900995986303,19797.30795750804,14461.919996600274,29701.501965200718
2018-03-06,0.0025349939380578,2534.9939380578944,19797.30795750804,14482.459373895666,29540.232994984468
2018-03-07,-0.0003664614482556,-366.4614482556949,19797.30795750804,14463.343245600565,28676.724299887355
2018-03-08,0.0048390644475402,4839.064447540231,19797.30795750804,14470.20836212355,27803.899954363133
2018-03-09,0.0174024078803356,17402.407880335646,19797.30795750804,14471.771584329332,27097.54811034018
2018-03-12,-0.0012550650840894,-1255.0650840894573,19797.30795750804,14605.892275138733,28081.275029270462
2018-03-13,-0.0064627315812147,-6462.731581214798,19797.30795750804,14583.867313841954,27235.198035297613
2018-03-14,-0.0051315409077768,-5131.540907776899,19797.30795750804,14634.498384795985,26661.075266124888
2018-03-15,-0.0010897203051217,-1089.7203051217775,19797.30795750804,14665.87849169929,26013.74155632932
2018-03-16,-0.0029090909090909,-2909.090909090972,19797.30795750804,14616.102553236877,25228.901266533703
2018-03-19,-0.0135302698760028,-13530.269876002809,19797.30795750804,14630.112651065294,24516.435336347004
2018-03-20,0.0017006173980553,1700.6173980553815,19797.30795750804,14646.458832335746,24988.737718771183
2018-03-21,-0.0019191732792027,-1919.1732792027683,19797.30795750804,14647.746494978135,24246.853326829787
2018-03-22,-0.0249972266390562,-24997.22663905624,19797.30795750804,14653.698338383869,23533.620552708035
2018-03-23,-0.0213145219403041,-21314.521940304145,23415.891502532053,15207.802828874546,26898.000572381843
2018-03-26,0.0273590389459406,27359.038945940607,23415.891502532053,15612.129960427766,28768.256453510447
2018-03-27,-0.0170118064199765,-17011.806419976572,23415.891502532053,15984.273699071482,31953.23970358492
2018-03-28,-0.0029547198772066,-2954.7198772066354,23415.891502532053,16256.06514508112,32461.07817986457
2018-03-29,0.0127775853442635,12777.585344263542,23415.891502532053,16283.045789315678,31517.18850254794
2018-04-02,-0.021584647539426,-21584.647539426016,23415.891502532053,16316.570571898885,31412.546941669905
2018-04-03,0.0128170272264727,12817.02722647271,23415.891502532053,16703.811298259352,32845.49200237786
2018-04-04,0.0106990834835296,10699.08348352966,23415.891502532053,16752.644598818246,32671.69244247608
2018-04-05,0.0078919411139777,7891.941113977729,23415.891502532053,16756.64287525023,32257.76211943101
2018-04-06,-0.0222858003312752,-22285.80033127525,23415.891502532053,16767.353089813845,31596.73209354332
2018-04-09,0.0049283844139842,4928.384413984244,23668.627748243547,17173.680173893183,33162.08002764257
2018-04-10,0.0159003831417623,15900.383141762342,23668.627748243547,17168.799428580303,32274.24824988164
2018-04-11,-0.0052423156703752,-5242.315670375253,23668.627748243547,17244.917334918413,32576.43768562321
2018-04-12,0.0082271762208068,8227.17622080682,23668.627748243547,17253.96316290661,31724.98344626329
2018-04-13,-0.0029331026961983,-2933.1026961983976,23668.627748243547,17201.00067337521,31113.73986738517
2018-04-16,0.0082217612672073,8221.761267207306,23668.627748243547,17213.222188918477,30212.157509486693
2018-04-17,0.0106983877604458,10698.387760445848,23668.627748243547,17196.90221795236,29664.082317222717
2018-04-18,0.0007402198452939,740.2198452939324,23668.627748243547,17205.57739750907,29399.414588411208
2018-04-19,-0.0055475424386997,-5547.542438699704,23668.627748243547,17200.48545285552,28506.910781849914
2018-04-20,-0.0084793038045296,-8479.303804529658,23668.627748243547,17224.194573166096,27818.671093301426
2018-04-23,-0.0001500318817749,-150.0318817749813,23668.627748243547,17284.902303595252,27400.587756834266
2018-04-24,-0.013467381925948,-13467.381925948095,23668.627748243547,17291.633827578204,26565.993036555657
2018-04-25,0.002471670849494,2471.670849494068,23668.627748243547,17460.340974783758,26875.64522960313
2018-04-26,0.0101657626218563,10165.762621856313,23668.627748243547,17456.25032581211,26094.94232247089
2018-04-27,0.0009387555855957,938.755585595752,23668.627748243547,17459.895478119975,25954.69226402584
2018-04-30,-0.0076905762304921,-7690.5762304921855,23668.627748243547,17463.817206946023,25169.69299216303
2018-05-01,0.0017768704396809,1776.870439681,23668.627748243547,17536.247663686667,24793.301842931924
2018-05-02,-0.0067174881123104,-6717.488112310432,23668.627748243547,17523.687458795383,24059.31328085424
2018-05-03,-0.0022036474164133,-2203.6474164133238,23668.627748243547,17585.833029208527,23638.361017887528
2018-05-04,0.0129464625694919,12946.462569491943,23668.627748243547,17606.992873011357,22952.616726380445
2018-05-07,0.0033832042703556,3383.204270355656,23668.627748243547,17648.78087697886,23444.376836205676
2018-05-08,0.0,0.0,23668.627748243547,17635.585419749452,22811.777060143693
2018-05-09,0.0096658174734001,9665.81747340012,23668.627748243547,17641.827574954954,22116.838433266093
2018-05-10,0.0093506493506492,9350.64935064922,23668.627748243547,17641.756097910333,22139.16500293262
2018-05-11,0.0030512462318947,3051.2462318947887,23668.627748243547,17641.353126177975,22116.177177531303
2018-05-14,0.0004764522631481,476.452263148186,23668.627748243547,17640.18045320857,21512.80765567568
2018-05-15,-0.0068869514250128,-6886.951425012833,23668.627748243547,17633.345715489024,20859.207842897627
2018-05-16,0.0042050903725561,4205.090372556119,23668.627748243547,17421.917667297483,20601.00386738226
2018-05-17,-0.0008448427857773,-844.8427857773444,23668.627748243547,17421.963271620447,20116.63790688489
2018-05-18,-0.0024999080916142,-2499.908091614267,23668.627748243547,17431.34260624169,19509.74476628471
2018-05-21,0.0075185198835368,7518.519883536801,23668.627748243547,17454.833220622393,18968.96527461852
2018-05-22,-0.0027801148626402,-2780.114862640293,23668.627748243547,17461.32969901344,18883.53263932623
2018-05-23,0.0027511830086937,2751.183008693703,23668.627748243547,17486.491644042668,18376.67709673156
2018-05-24,-0.0020485806262803,-2048.580626280328,23668.627748243547,17486.67565164785,17885.689412712334
2018-05-25,-0.0023826979472142,-2382.6979472142407,23668.627748243547,17497.700169013977,17380.06711171495
2018-05-29,-0.0115010104721661,-11501.010472166116,23668.627748243547,17507.65891900501,16905.21249020269
2018-05-30,0.0133447327336257,13344.732733625797,23668.627748243547,17638.80652762787,17651.911115947965
2018-05-31,-0.0061259674993581,-6125.96749935812,23668.627748243547,17682.993716388108,18727.5249825154
2018-06-01,0.0098176718092568,9817.671809256855,23668.627748243547,17741.887967459268,18489.528532133285
2018-06-04,0.004751461988304,4751.461988304007,23668.627748243547,17750.957672480912,18778.95038450062
2018-06-05,0.000727537286286,727.5372862860507,23668.627748243547,17721.743557092384,18407.088351584436
2018-06-06,0.0083605961468555,8360.596146855582,23668.627748243547,17725.204053742436,17851.149034217422
2018-06-07,-0.0001081470800287,-108.14708002870876,23668.627748243547,17730.204341178513,17951.073936575616
2018-06-08,0.0029563399069834,2956.339906983407,23668.627748243547,17722.280067054802,17404.321013212913
2018-06-11,0.0013300262410582,1330.0262410582686,23668.627748243547,17712.699756068232,16957.999478863727
2018-06-12,0.0012923607122343,1292.360712234375,23668.627748243547,17716.13821374716,16458.849601804235
2018-06-13,-0.0031908791051199,-3190.879105119948,23668.627748243547,17704.239280977246,15974.43087988282
2018-06-14,0.0025177139157646,2517.713915764608,23668.627748243547,17714.00252260862,15594.153892553117
2018-06-15,-0.0057403221755821,-5740.32217558218,23668.627748243547,17671.512014782194,15187.010882362196
2018-06-18,-0.0020567964493197,-2056.7964493197755,23668.627748243547,17715.465158325587,15083.312585692103
2018-06-19,-0.0038328030083887,-3832.8030083887297,23668.627748243547,17669.11580029262,14670.705910555267
2018-06-20,0.0017059891107078,1705.9891107078506,23668.627748243547,17694.49752449736,14390.483035154246
2018-06-21,-0.0062687973330435,-6268.79733304353,23668.627748243547,17686.09021613777,13985.917493833564
2018-06-22,0.001823220536756,1823.2205367560985,23668.627748243547,17743.19388145558,14022.484589016163
2018-06-25,-0.0136128703501492,-13612.870350149242,23668.627748243547,17739.53999120894,13634.942649651706
2018-06-26,0.0022140221402215,2214.0221402215943,23668.627748243547,17836.63312429768,15327.417541080198
2018-06-27,-0.0082842415316641,-8284.241531664182,23668.627748243547,17822.79530531384,14913.941690661486
2018-06-28,0.0057174679784666,5717.467978466617,23668.627748243547,17815.376007178136,15210.679813545104
2018-06-29,0.0014396987707185,1439.6987707185892,23668.627748243547,17815.131238663867,15102.90043308659
2018-07-02,0.002138012385727,2138.012385727084,23668.627748243547,17815.825849942834,14665.769328167577
2018-07-03,-0.0035312293092033,-3531.229309203354,23668.627748243547,17816.16215014918,14271.089665445728
2018-07-05,0.0081579918789223,8157.991878922299,23668.627748243547,17748.099519319392,13981.88840605584
2018-07-06,0.0084581304236388,8458.130423638855,23668.627748243547,17754.97099539326,14330.883611426872
2018-07-09,0.0090044295984312,9004.429598431285,23668.627748243547,17762.63170734439,14706.52160026794
2018-07-10,0.0035984166966533,3598.416696653395,23668.627748243547,17764.90036694234,15153.632388020022
2018-07-11,-0.0073144496235207,-7314.449623520792,23668.627748243547,17757.43227545833,14834.392752522324
2018-07-12,0.0090659539117243,9065.953911724378,23668.627748243547,17829.27719866294,14974.251832546905
2018-07-13,0.0007874861295056,787.4861295056323,23668.627748243547,17844.608051035764,15409.842138611684
2018-07-16,-0.0008941664580278,-894.1664580278674,23668.627748243547,17840.736588598942,14947.13373086694
2018-07-17,0.0040452495167182,4045.249516718253,23668.627748243547,17847.660190451297,14500.738528306116
2018-07-18,0.0021036117944877,2103.6117944877037,23668.627748243547,17846.36189532885,14246.710546546386
2018-07-19,-0.0037714367039066,-3771.436703906672,23668.627748243547,17841.162283538237,13864.615139683356
2018-07-20,-0.0011428571428571,-1142.8571428571122,23668.627748243547,17862.463586615857,13612.954891065274
2018-07-23,0.0018592677345536,1859.2677345536931,23668.627748243547,17867.366293734205,13214.306800686962
2018-07-24,0.005032119914347,5032.119914347044,23668.627748243547,17868.562393936463,12855.47840466913
2018-07-25,0.008522424629807,8522.424629807012,23668.627748243547,17860.369157180685,12789.44877285778
2018-07-26,-0.0023590718636667,-2359.0718636667957,23668.627748243547,17858.552675478186,13316.918280440685
2018-07-27,-0.0067763111456199,-6776.311145619939,23668.627748243547,17866.58089405215,12981.02448749751
2018-07-30,-0.0052235093454623,-5223.50934546234,23668.627748243547,17922.418750451216,13164.608105758229
2018-07-31,0.0049294516878013,4929.451687801345,23668.627748243547,17970.097665194964,13106.04138380437
2018-08-01,-0.0016706359080083,-1670.6359080083112,23668.627748243547,17963.653652077475,13013.554443940418
2018-08-02,0.0054475539414653,5447.553941465344,23668.627748243547,17961.833437290054,12652.973051954996
2018-08-03,0.0042848542795426,4284.854279542616,23668.627748243547,17960.445167900438,12654.169886061787
2018-08-06,0.0036671368124117,3667.136812411709,23668.627748243547,17957.875464778568,12509.279345791932
2018-08-07,0.0033024170882518,3302.4170882518524,23668.627748243547,17933.508661638967,12306.902941261818
2018-08-08,-0.0004201974928216,-420.1974928216279,23668.627748243547,17924.172609184596,12079.46945068802
2018-08-09,-0.0013662159321795,-1366.2159321795598,23668.627748243547,17742.0138462738,11713.927635462893
2018-08-10,-0.0067001087452203,-6700.108745220312,23668.627748243547,17755.407936394975,11383.726437131008
2018-08-13,-0.0037434665913265,-3743.466591326516,23668.627748243547,17802.472165531017,11678.64476608238
2018-08-14,0.0063807160581352,6380.716058135283,23668.627748243547,17827.70452967665,11522.052230034364
2018-08-15,-0.0074674181049665,-7467.418104966538,23668.627748243547,17828.221930098556,11747.870799437638
2018-08-16,0.008091418837391,8091.418837391062,23668.627748243547,17679.029710192037,12158.886126480114
2018-08-17,0.0035203830176722,3520.3830176722126,23668.627748243547,17670.459873240852,12658.102094630249
2018-08-20,0.0021399003718516,2139.900371851633,23668.627748243547,17664.33085595125,12435.356993078089
2018-08-21,0.0023453635313472,2345.3635313472887,23668.627748243547,17641.876540467318,12118.03356899665
2018-08-22,-0.0005936997974435,-593.6997974435033,23668.627748243547,17609.194909789225,11824.639341577124
2018-08-23,-0.001327882028165,-1327.8820281650285,23668.627748243547,17597.849974975023,11469.40385194691
2018-08-24,0.0060184051226424,6018.405122642401,23668.627748243547,17613.19262877968,11145.714392651478
2018-08-27,0.0078953775520851,7895.377552085137,23668.627748243547,17606.0834646255,11337.321159281357
2018-08-28,0.0004831251294086,483.1251294086236,23668.627748243547,17609.776278405498,11877.054831545438
2018-08-29,0.0053807947019868,5380.794701986824,23668.627748243547,17617.12980102776,11518.522342926264
2018-08-30,-0.0040483052010429,-4048.305201042934,23668.627748243547,17615.890519869434,11580.897832478904
2018-08-31,3.444712366507119e-05,34.44712366507119,23668.627748243547,17650.656837398088,11462.627191854875
2018-09-04,-0.0017222968550859,-1722.2968550859584,23668.627748243547,17585.33975706526,11113.446725373964
2018-09-05,-0.0026914185155793,-2691.4185155793025,23668.627748243547,17604.88631630541,10819.490582943392
2018-09-06,-0.0030100681590145,-3010.0681590145005,23668.627748243547,17621.501403026963,10601.407132365644
2018-09-07,-0.0019433647973348,-1943.364797334812,23668.627748243547,17634.843008703134,10420.581304141482
2018-09-10,0.0017385257301807,1738.52573018074,23668.627748243547,17629.27203921771,10163.638085532377
2018-09-11,0.0032974661575841,3297.4661575841947,23668.627748243547,17631.99895353421,9903.686417493567
2018-09-12,0.0002421726344923,242.1726344923325,23668.627748243547,17625.04668288841,9784.105885526762
2018-09-13,0.0059144991698947,5914.499169894727,23668.627748243547,17622.364318928303,9487.04632500197
2018-09-14,0.0001719217412234,171.9217412234908,23668.627748243547,17590.29613633634,9796.055910103889
2018-09-17,-0.0052942794279429,-5294.279427942916,23668.627748243547,17596.941327720964,9498.13383248021
2018-09-18,0.0054261422547869,5426.142254786992,23668.627748243547,17642.931702618836,9690.366402467433
2018-09-19,0.0010656216699322,1065.621669932293,23668.627748243547,17636.33235959243,9890.8826621572
2018-09-20,0.0081038390220451,8103.839022045145,23668.627748243547,17614.889154191198,9608.77279892622
2018-09-21,-0.0054159002656856,-5415.900265685614,23668.627748243547,17616.019597375955,10397.762589402551
2018-09-24,-0.0033220315764239,-3322.031576423967,23668.627748243547,17647.14096561673,10542.824678721518
2018-09-25,-0.0009277712871966,-927.771287196677,23668.627748243547,17672.250249647463,10395.459999637214
2018-09-26,-0.0029922613929492,-2992.2613929492804,23668.627748243547,17686.738866485535,10092.62868039866
2018-09-27,0.0027942596936663,2794.259693666312,23668.627748243547,17711.075989440225,9932.615461668756
2018-09-28,0.0001032027245519,103.2027245519984,23668.627748243547,17711.789415351363,9760.77694662431
2018-10-01,0.0034741331865713,3474.133186571304,23668.627748243547,17720.619311138074,9463.607085394262
2018-10-02,-0.0005827306070682,-582.7306070682603,23668.627748243547,17718.77549710718,9386.449383988904
2018-10-03,0.0005487721223762,548.772122376251,23668.627748243547,17726.477158906135,9106.556470265035
2018-10-04,-0.0078157136980667,-7815.713698066773,23668.627748243547,17731.06446082489,8834.67012940147
2018-10-05,-0.0055970149253731,-5597.014925373122,23668.627748243547,17797.672075363695,9654.199624318537
2018-10-08,0.0,0.0,23668.627748243547,17832.91158093985,9888.555178550065
2018-10-09,-0.0014592453616844,-1459.2453616844025,23668.627748243547,17840.99084014793,9587.309951601415
2018-10-10,-0.0316631871955461,-31663.18719554617,23668.627748243547,17854.76028301531,9332.361206889233
2018-10-11,-0.0220265900107796,-22026.590010779662,28396.86652286609,18573.70814919908,20184.43667626891
2018-10-12,0.0138883785869123,13888.378586912386,28396.86652286609,18950.872092105947,23248.8352593464
2018-10-15,-0.0056169595941294,-5616.959594129445,28396.86652286609,19003.73295522143,23889.55639474838
2018-10-16,0.021865889212828,21865.88921282806,28396.86652286609,19048.81846086676,23381.89562345068
2018-10-17,0.0001783166904423,178.31669044232612,28396.86652286609,19222.771074232176,25868.15455760075
2018-10-18,-0.0144410768407916,-14441.076840791657,28396.86652286609,19223.17157002943,25080.31219646445
2018-10-19,-0.0005426917510853,-542.6917510853447,28396.86652286609,19409.918458238422,25670.957333484734
2018-10-22,-0.0044886877828054,-4488.687782805423,28396.86652286609,19387.13746432032,24890.837676190324
2018-10-23,-0.0050907239736736,-5090.7239736736055,28396.86652286609,19423.762206207462,24267.735914411205
2018-10-24,-0.0302986001973613,-30298.600197361306,28396.86652286609,19425.150573924737,23706.59683464195
2018-10-25,0.0179406000301523,17940.600030152298,30994.539566435586,20058.2124349353,28746.676238763583
2018-10-26,-0.0175873815165876,-17587.381516587673,30994.539566435586,20153.43242706399,29686.749858890744
2018-10-29,-0.0055402706064144,-5540.270606414488,30994.539566435586,20368.72810596183,30477.27118239039
2018-10-30,0.0148184643371482,14818.464337148283,30994.539566435586,20413.245384311824,29716.98455038179
2018-10-31,0.0106808081562534,10680.808156253495,30994.539566435586,20471.70562846618,30023.592107316395
2018-11-01,0.0106418357166611,10641.835716661108,30994.539566435586,20488.01416022981,29738.432096802077
2018-11-02,-0.0059230009871668,-5923.000987166804,30994.539566435586,20510.34456246096,29463.28686541523
2018-11-05,0.0055169369965795,5516.936996579513,30994.539566435586,20559.28148416759,28764.41798659003
2018-11-06,0.006327956399283,6327.9563992830745,30994.539566435586,20548.462631276365,28064.771788451875
2018-11-07,0.0214088397790055,21408.83977900554,30994.539566435586,20548.03851548744,27447.696631606545
2018-11-08,-0.0018148820326678,-1814.882032667886,30994.539566435586,20670.355622821204,29274.600529193554
2018-11-09,-0.0097682709447415,-9768.270944741533,30994.539566435586,20678.612453198224,28401.6133838613
2018-11-12,-0.0186851958525345,-18685.195852534587,30994.539566435586,20774.043577444827,28093.352160139148
2018-11-13,-0.0018710789888835,-1871.078988883501,30994.539566435586,21020.741903754395,29244.68595424641
2018-11-14,-0.0068367271925311,-6836.727192531144,30994.539566435586,20996.328508109877,28373.814673400044
2018-11-15,0.0104367135455218,10436.713545521892,30994.539566435586,21048.52083318949,27783.922449047383
2018-11-16,0.0026005420848291,2600.542084829183,30994.539566435586,21042.882254366086,27586.210296861893
2018-11-19,-0.0169144777700653,-16914.477770065383,30994.539566435586,21041.020681734462,26786.84450290876
2018-11-20,-0.0185061315496098,-18506.13154960989,30994.539566435586,21263.933430098976,27701.68537244017
2018-11-21,0.0034075420263515,3407.542026351517,30994.539566435586,21509.455978540365,28853.89577507768
2018-11-23,-0.0066787412270771,-6678.741227077123,30994.539566435586,21508.095986825505,28042.19722055076
2018-11-26,0.0161443494776827,16144.349477682728,30994.539566435586,21555.727651356763,27452.99579791478
2018-11-27,0.0033644859813082,3364.4859813082294,30994.539566435586,21610.16200029999,28161.68205145192
2018-11-28,0.0230253353204172,23025.335320417285,30994.539566435586,21599.26331627543,27370.991916573446
2018-11-29,-0.0021851555102336,-2185.155510233683,30994.539566435586,21765.59794839648,29603.599335131967
2018-11-30,0.0060953354259434,6095.335425943426,30994.539566435586,21766.28874546056,28728.751883042285
2018-12-03,0.0132414293488121,13241.429348812117,30994.539566435586,21753.2773387618,28069.286373230923
2018-12-04,-0.0324024346580738,-32402.4346580738,30994.539566435586,21761.981274014288,28240.849214694408
2018-12-06,-0.0015171137835338,-1517.1137835338077,32040.20340143526,22410.798536848702,33024.46788415739
2018-12-07,-0.0232359916987844,-23235.99169878443,32040.20340143526,22426.442163923766,32030.07840107246
2018-12-10,0.0018970292521911,1897.0292521911515,32040.20340143526,22787.711442879478,33759.2498112833
2018-12-11,0.000227212481539,227.2124815390075,32040.20340143526,22789.58196674816,32748.653170927595
2018-12-12,0.005035399235225,5035.3992352250025,32040.20340143526,22794.28933167888,31751.261249725205
2018-12-13,-0.0003390341294355,-339.0341294355892,32040.20340143526,22785.68176797176,30917.42599559296
2018-12-14,-0.0184647850171457,-18464.78501714577,32040.20340143526,22762.663352061016,29976.17921474913
2018-12-17,-0.0196183821553346,-19618.382155334624,32040.20340143526,23006.373186711306,30909.021479575567
2018-12-18,-0.0010964912280702,-1096.4912280702065,32040.20340143526,23270.43546848875,31984.709569222305
2018-12-19,-0.014975693899953,-14975.693899953014,32040.20340143526,23253.45684563853,31016.620519096206
2018-12-20,-0.0162779590862055,-16277.959086205552,32040.20340143526,23414.095219310668,31259.12497960065
2018-12-21,-0.026176315895942,-26176.315895942047,32040.20340143526,23605.21772112205,31694.556862491318
2018-12-24,-0.0264229331117573,-26422.933111757364,32040.20340143526,24018.159799776276,34157.95492455835
2018-12-26,0.0505248783818383,50524.87838183839,32040.20340143526,24427.481281918383,36379.46844541903
2018-12-27,0.0076773092858883,7677.309285888389,32040.20340143526,25374.625819971912,45529.9343472001
2018-12-28,-0.0012899584794614,-1289.9584794614505,32040.20340143526,25377.082499144293,44359.16365111289
2018-12-31,0.0087588294651865,8758.82946518658,32040.20340143526,25362.25447552612,43014.08603079073
2019-01-02,0.0010403329065302,1040.3329065302723,32040.20340143526,25367.19823067625,42001.309383609856
2019-01-03,-0.0238628187704852,-23862.81877048524,32040.20340143526,25370.39068303053,40726.09514457503
2019-01-04,0.0334957618443141,33495.76184431413,32040.20340143526,25712.811030148587,41761.23772888114
2019-01-07,0.0078846230040809,7884.623004080993,32040.20340143526,26070.39851841997,44762.46899873974
2019-01-08,0.0093953927195533,9395.392719553363,32040.20340143526,26072.184333258112,43630.774441554175
2019-01-09,0.0046734431592476,4673.44315924767,32040.20340143526,26079.924247086212,42639.059445464016
2019-01-10,0.0035275419622435,3527.5419622435857,32040.20340143526,26064.30795452194,41425.79053185188
2019-01-11,0.0003862793572313,386.279357231345,32040.20340143526,26061.653655681,40214.06402491216
2019-01-14,-0.006100857209051,-6100.85720905107,32040.20340143526,26067.31161894593,38989.60297011791
2019-01-15,0.0114607614607615,11460.76146076158,32040.20340143526,26088.266830673045,37961.34590562056
2019-01-16,0.0024198194737852,2419.819473785223,32040.20340143526,26097.93334366916,37379.8179313394
2019-01-17,0.0075867882596365,7586.788259636545,32040.20340143526,26083.54515735544,36267.30084623157
2019-01-18,0.0133100091268634,13310.00912686342,32040.20340143526,26087.38499847113,35427.22672682195
2019-01-22,-0.0135104706147263,-13510.470614726322,32040.20340143526,26114.03496318886,35175.39161818935
2019-01-23,0.0020923685612113,2092.368561211311,32040.20340143526,26248.35722826683,34961.98771326145
2019-01-24,0.000531490831783,531.4908317830547,32040.20340143526,26240.681380681566,33917.86768373813
2019-01-25,0.0084613925251373,8461.392525137335,32040.20340143526,26240.31385695869,32885.987430034336
2019-01-28,-0.0076002709007448,-7600.270900744887,32040.20340143526,26226.070757338483,32246.65575032696
2019-01-29,-0.0013269639065816,-1326.9639065816018,32040.20340143526,26235.53041858047,31562.83886297341
2019-01-30,0.0158308340609694,15830.834060969411,32040.20340143526,26158.206475627307,30610.648406575965
2019-01-31,0.0087824202107782,8782.42021077824,32040.20340143526,26203.76205249556,31018.853995555382
2019-02-01,0.0004816063423851,481.60634238514353,32040.20340143526,26196.74332516965,30487.44993995513
2019-02-04,0.0070354735984594,7035.473598459463,32040.20340143526,25910.830817825197,29559.953369627478
2019-02-05,0.0041917929107222,4191.792910722247,30994.539566435586,24988.58491418975,28938.48706362657
2019-02-06,-0.0013181984621017,-1318.198462101794,30994.539566435586,24892.0684628543,28158.399401300197
2019-02-07,-0.009532888465205,-9532.888465205058,30994.539566435586,24863.161183327196,27310.9129693632
2019-02-08,0.0012215888058044,1221.5888058044743,28399.523325415365,24167.69171754201,27030.380613411944
2019-02-11,0.0005545901578731,554.5901578731805,28399.523325415365,24125.57908223192,26216.169647614108
2019-02-12,0.0128593599881754,12859.359988175444,28399.523325415365,24087.71202453898,25419.484066245663
2019-02-13,0.0032469901495804,3246.990149580409,28399.523325415365,24116.11311893598,25711.414413544277
2019-02-14,-0.002218262482272,-2218.262482272082,28399.523325415365,24081.62893903287,24996.71297603898
2019-02-15,0.0108972957212625,10897.295721262522,28399.523325415365,24071.969080747604,24268.15474674771
2019-02-19,0.0017305404333562,1730.540433356298,28399.523325415365,24082.00038371725,24334.4781083288
2019-02-20,0.0020154759762462,2015.4759762462947,28399.523325415365,24032.82016395174,23613.75146230991
2019-02-21,-0.0035559067562228,-3555.90675622286,28399.523325415365,23994.548702337197,22923.170289349386
2019-02-22,0.0061999855814287,6199.9855814287575,28399.523325415365,24019.6101510682,22317.017387692697
2019-02-25,0.0013613240667764,1361.3240667764703,28399.523325415365,23962.651433799834,21923.691396245897
2019-02-26,-0.0007155123068116,-715.5123068116609,28399.523325415365,23944.460056321488,21269.957926169463
2019-02-27,-0.0004296147787483,-429.6147787483662,28399.523325415365,23825.900788147457,20626.01956956396
2019-02-28,-0.0018624641833809,-1862.464183380985,28399.523325415365,23739.313158766985,19999.166340563235
2019-03-01,0.0062437203961533,6243.720396153396,28399.523325415365,23591.68560617081,19418.9343940795
2019-03-04,-0.0036374010412952,-3637.401041295285,28399.523325415365,23592.781629900623,19160.58360760471
2019-03-05,-0.001360057265569,-1360.0572655690924,28399.523325415365,23601.16660240114,18692.149983208583
2019-03-06,-0.0060569134829044,-6056.913482904492,28399.523325415365,23615.183437800475,18139.275721778067
2019-03-07,-0.0083654851620812,-8365.485162081242,28399.523325415365,23655.334168372792,17922.160446823134
2019-03-08,-0.0019999272753717,-1999.9272753717933,28399.523325415365,23730.535381905735,18018.19921853036
2019-03-11,0.0145012023609998,14501.202360999832,28399.523325415365,23671.746824234306,17506.42548038797
2019-03-12,0.0037710099123688,3771.009912368895,28399.523325415365,23704.11464331109,18877.73312926965
2019-03-13,0.0066191992557871,6619.199255787134,28399.523325415365,23649.9069747182,18428.355201063405
2019-03-14,-0.0006397952655148,-639.7952655148309,28399.523325415365,23609.66511023942,18260.74911145085
2019-03-15,0.0005335040546308,533.5040546308178,28399.523325415365,23607.45182841436,17708.20652300258
2019-03-18,0.0036258931427961,3625.8931427961543,28399.523325415365,23589.474212317746,17171.43458493283
2019-03-19,0.0002479368115326,247.93681153267852,28399.523325415365,23439.97881891693,16776.04599273851
2019-03-20,-0.0030099150141641,-3009.915014164144,28399.523325415365,23444.783117958264,16265.59365701246
2019-03-21,0.0112946190729887,11294.619072988788,28399.523325415365,23451.830488290616,15863.074637417529
2019-03-22,-0.0192463035156112,-19246.303515611296,28399.523325415365,23067.577547590987,16672.195957431646
2019-03-25,-0.0007520143240823,-752.0143240823396,28399.523325415365,23019.659818175835,19533.686075402915
2019-03-26,0.0074541284403668,7454.128440366859,28399.523325415365,22790.133671771448,18943.458819953023
2019-03-27,-0.0052290836653386,-5229.083665338696,28399.523325415365,22574.71012161125,18851.14729326704
2019-03-28,0.0037904523511531,3790.452351153162,28399.523325415365,22593.376577145056,18518.168305330237
2019-03-29,0.0063054397777067,6305.439777706701,28399.523325415365,22561.438616468804,18083.48796446669
2019-04-01,0.0118592466723306,11859.246672330626,28399.523325415365,22236.77225312557,17896.981198351546
2019-04-02,0.0004898016303398,489.8016303398478,28399.523325415365,22229.64602982868,18621.281161776107
2019-04-03,0.0015735916354862,1573.5916354862045,28399.523325415365,22219.463994212245,18056.1592266584
2019-04-04,0.0026534459884086,2653.445988408665,28399.523325415365,22218.147805193566,17529.045775394916
2019-04-05,0.0048401699282678,4840.169928267856,28399.523325415365,21871.696739954623,17062.169706930163
2019-04-08,0.0007623800117824,762.3800117824153,28399.523325415365,21871.66848983217,16770.74010249282
2019-04-09,-0.0051248311922158,-5124.831192215851,28399.523325415365,21815.24950357898,16265.638361679545
2019-04-10,0.0034109498451151,3410.949845115141,28399.523325415365,21814.138857747927,16038.23485854552
2019-04-11,-0.0002774983523536,-277.4983523536889,28399.523325415365,21807.73430682316,15670.653639303537
2019-04-12,0.0067658998646822,6765.899864682235,28399.523325415365,21791.960853314824,15194.085264958749
2019-04-15,-0.000654811138682,-654.8111386820432,28399.523325415365,21787.62325664439,15227.381951670472
2019-04-16,0.0006552401972617,655.2401972617083,28399.523325415365,21780.95878804605,14768.20914637758
2019-04-17,-0.0024469258340227,-2446.9258340227284,28399.523325415365,21781.26777338208,14323.177502942544
2019-04-18,0.0019692520297114,1969.2520297114324,28399.523325415365,21755.660629742797,13956.662011593304
2019-04-22,0.0008620095165849,862.0095165849939,28399.523325415365,21676.674113339992,13577.9355629229
2019-04-23,0.0089916284838253,8991.628483825398,28399.523325415365,21672.59850543228,13173.458011108743
2019-04-24,-0.002219338978421,-2219.3389784210817,28399.523325415365,21523.634431877064,13761.558621068749
2019-04-25,-0.0006159531875578,-615.953187557805,28399.523325415365,21543.9733509506,13402.1278869888
2019-04-26,0.0046567368601266,4656.736860126687,28399.523325415365,21540.826237986486,12998.58476171802
2019-04-29,0.0015677720595752,1567.7720595752564,28399.523325415365,21534.70112099776,12878.932162899298
2019-04-30,0.0005104297818763,510.4297818763204,28399.523325415365,21465.501379279896,12518.50617101959
2019-05-01,-0.0075164954764981,-7516.49547649813,28399.523325415365,21469.712652419174,12140.626729302876
2019-05-02,-0.0021589390356738,-2158.939035673879,28399.523325415365,21478.90694529937,12525.84148856852
2019-05-03,0.0097877601483618,9787.760148361802,28399.523325415365,21478.61123188691,12206.40810641542
2019-05-06,-0.0041152263374485,-4115.226337448541,28399.523325415365,21457.05516399081,13082.97614772072
2019-05-07,-0.0166996789836759,-16699.67898367597,28399.523325415365,21492.968883573278,12899.359031863216
2019-05-08,-0.0013892265481194,-1389.22654811946,28399.523325415365,21703.947681851267,15715.144554564717
2019-05-09,-0.0030257712238721,-3025.7712238721533,28399.523325415365,21706.58740328264,15256.949352297815
2019-05-10,0.0050233726365729,5023.372636572932,28399.523325415365,21720.82399739838,14892.309478083716
2019-05-13,-0.0251301631377993,-25130.163137799365,28399.523325415365,21720.30579860196,14719.644760380395
2019-05-14,0.0090436516413869,9043.651641386983,28399.523325415365,22137.900966640656,20217.13865630775
2019-05-15,0.0058574453069866,5857.44530698662,28399.523325415365,22087.946103326496,20267.370241550863
2019-05-16,0.0092612081667016,9261.208166701615,28399.523325415365,22089.069073371407,19931.41078761275
2019-05-17,-0.0064650677789364,-6465.067778936406,28399.523325415365,22087.563460891222,20031.878378799684
2019-05-20,-0.0066120906801007,-6612.090680100713,28399.523325415365,22121.7063937454,19767.945576453458
2019-05-21,0.0090156717731995,9015.671773199509,28399.523325415365,22175.113348773222,19532.58226777762
2019-05-22,-0.0030714460228263,-3071.446022826385,28399.523325415365,22161.09354925152,19622.02715397611
2019-05-23,-0.0122186044883241,-12218.604488324125,28399.523325415365,22186.607323214863,19104.601282365664
2019-05-24,0.0022683774012901,2268.377401290156,28399.523325415365,22299.52574733277,19787.98981147644
2019-05-28,-0.0093005163024258,-9300.516302425898,28399.523325415365,22279.80778200467,19228.66334930755
2019-05-29,-0.0067106907014099,-6710.69070140995,28399.523325415365,22248.43179281441,19381.553289002622
2019-05-30,0.0027311603837998,2731.1603837998355,28399.523325415365,22267.456563889544,19176.25828932729
2019-05-31,-0.0134752535569652,-13475.253556965215,28399.523325415365,22216.176502869563,18657.096914169604
2019-06-03,-0.0025429578232281,-2542.957823228109,28399.523325415365,22353.32599055292,19651.06447702815
2019-06-04,0.0217066686090978,21706.66860909787,28399.523325415365,22375.091481411808,19107.44042426345
2019-06-05,0.0086621751684312,8662.175168431264,28399.523325415365,22516.510838548584,22275.25607512577
2019-06-06,0.0065026858919989,6502.685891998983,28399.523325415365,22517.73191169165,22153.558228677484
2019-06-07,0.0100070224719099,10007.022471909988,28399.523325415365,22510.6805902902,21795.958943827507
2019-06-10,0.0045889101338434,4588.9101338434375,28399.523325415365,22525.13428975512,21887.827328351177
2019-06-11,-0.0002422396788596,-242.2396788596126,28399.523325415365,22520.74322758339,21381.539179042556
2019-06-12,-0.0017653167185877,-1765.3167185877062,28399.523325415365,22526.3913867867,20730.630931621097
2019-06-13,0.0041263566697873,4126.356669787335,28399.523325415365,22517.048075788854,20124.24991127085
2019-06-14,-0.0011050486912079,-1105.048691207977,28399.523325415365,22515.42387591296,19652.357348578564
2019-06-17,0.0003802807163106,380.280716310688,28399.523325415365,22480.76796595697,19064.06983938989
2019-06-18,0.0104710232574212,10471.02325742122,28399.523325415365,22468.54153416308,18484.571709007665
2019-06-19,0.0022571819425445,2257.181942544539,28399.523325415365,22453.227739617345,18888.64712113704
2019-06-20,0.0095543574694603,9554.357469460318,28399.523325415365,22451.915803021424,18358.33610875728
2019-06-21,-0.0062867572500507,-6286.7572500507895,28399.523325415365,22408.625360050257,18613.127728523647
2019-06-24,-0.0012244897959183,-1224.489795918382,28399.523325415365,22460.93554894996,18398.24376041387
2019-06-25,-0.0098079280751941,-9807.92807519415,28399.523325415365,22319.44680120604,17851.401028962144
2019-06-26,-0.0009973861604071,-997.386160407121,28399.523325415365,22415.178960929723,18187.58218674627
2019-06-27,0.0035459772093502,3545.977209350237,28399.523325415365,22351.34429673934,17642.672003898868
2019-06-28,0.0051457975986277,5145.797598627766,28399.523325415365,22351.116347286967,17224.13939006991
2019-07-01,0.0090784982935154,9078.49829351548,28399.523325415365,22346.742063987283,16954.907485961317
2019-07-02,0.0026043428262192,2604.342826219241,28399.523325415365,22353.763268246927,17233.205529920953
2019-07-03,0.0079951421920858,7995.1421920858575,28399.523325415365,22324.182064337623,16773.990994447402
2019-07-05,-0.0011378848728247,-1137.8848728247349,28399.523325415365,22323.63934023429,16889.08556970978
2019-07-08,-0.0054948736849158,-5494.873684915858,28399.523325415365,22331.980846193164,16387.40895024515
2019-07-09,0.001246546728657,1246.5467286570945,28399.523325415365,22370.32729782486,16193.783630509954
2019-07-10,0.0047780880917931,4778.088091793143,28399.523325415365,22374.964664390645,15716.516033765947
2019-07-11,0.0023441947690967,2344.194769096752,28399.523325415365,22308.11437034816,15479.069659061635
2019-07-12,0.0044769636831378,4476.96368313788,28399.523325415365,22300.35846182713,15066.847186607773
2019-07-15,0.0003326126725429,332.61267254292017,28399.523325415365,22293.7583310148,14828.944442676822
2019-07-16,-0.0034580216126351,-3458.021612635198,28399.523325415365,22288.119671150867,14378.444322881354
2019-07-17,-0.0065730205865669,-6573.020586566947,28399.523325415365,22318.37752120052,14078.997812254516
2019-07-18,0.0036609122052797,3660.912205279754,28399.523325415365,22374.155958579828,14154.653388977653
2019-07-19,-0.0055549978248501,-5554.997824850138,28399.523325415365,22341.94477340998,13881.09731560939
2019-07-22,0.0024565063768211,2456.506376821155,28399.523325415365,22375.032046521854,13825.47595912495
2019-07-23,0.0071500503524672,7150.050352467297,28399.523325415365,22373.712189033056,13477.18880807077
2019-07-24,0.0046995300469954,4699.530046995415,28399.523325415365,22377.005415322372,13687.108871822502
2019-07-25,-0.0047770700636942,-4777.070063694211,28399.523325415365,22369.13746212413,13537.65942923953
2019-07-26,0.0066999999999999,6699.999999999928,28399.523325415365,22387.73598956349,13404.559846244423
2019-07-29,-0.0018211317506042,-1821.1317506042767,28399.523325415365,22329.42387954858,13545.393595309692
2019-07-30,-0.0024547203609101,-2454.720360910101,28399.523325415365,22303.217287747204,13173.683844576435
2019-07-31,-0.0109404096834264,-10940.409683426466,28399.523325415365,22326.312774884107,12848.727596190272
2019-08-01,-0.0087079312779478,-8707.93127794789,28399.523325415365,22422.05628945195,13930.191098367251
2019-08-02,-0.0075295075295074,-7529.507529507428,28399.523325415365,22504.127060477986,14388.52390801914
2019-08-05,-0.0300731323901305,-30073.13239013054,28399.523325415365,22571.927523429506,14595.10164194959
2019-08-06,0.0140229723063913,14022.97230639138,30188.12097181823,23131.999324956047,22223.96979772505
2019-08-07,0.0005906879777624,590.6879777624052,30188.12097181823,23175.474994121807,22980.936822425527
2019-08-08,0.0196200993159008,19620.099315900807,30188.12097181823,23171.43375502185,22283.38722882889
2019-08-09,-0.00681152510047,-6811.525100470006,30188.12097181823,23263.344243919677,24326.00169257309
2019-08-12,-0.0121733763116385,-12173.376311638507,30188.12097181823,23264.50549382673,23902.192283355165
2019-08-13,0.0155517756100949,15551.775610094908,30188.12097181823,23361.55034350477,24189.98926298724
2019-08-14,-0.0295675952828577,-29567.595282857797,30188.12097181823,23416.42178627212,25071.51280022265
2019-08-15,0.0026417752729834,2641.775272983482,30188.12097181823,23881.49081690153,29576.07914909589
2019-08-16,0.014754962234323,14754.962234323044,30188.12097181823,23877.10620188575,28714.56005995981
2019-08-19,0.0120477756621082,12047.77566210824,30188.12097181823,23924.345537254358,29081.73757364156
2019-08-20,-0.0076625731194198,-7662.573119419869,30188.12097181823,23947.07520223249,29019.55278051268
2019-08-21,0.0081354062532317,8135.406253231725,30188.12097181823,24012.23105811725,28472.301427228995
2019-08-22,-0.0003077449136603,-307.7449136603683,30188.12097181823,24005.992664959027,27991.47641722036
2019-08-23,-0.0256875085511013,-25687.50855110136,30188.12097181823,24001.030225568677,27139.309857288008
2019-08-26,0.0110584518167455,11058.451816745584,30188.12097181823,24409.20888088909,30109.986801412237
2019-08-27,-0.003923611111111,-3923.611111111058,30188.12097181823,24423.146216059173,29865.090861113466
2019-08-28,0.0070415170634781,7041.517063478109,30188.12097181823,24447.59472119508,29041.472247944148
2019-08-29,0.0127730277960469,12773.027796046945,30188.12097181823,24450.09177279053,28441.2191940518
2019-08-30,-0.0004443229202268,-444.3229202268917,30188.12097181823,24447.10703920485,28519.219563430037
2019-09-03,-0.0058471533595485,-5847.153359548552,30188.12097181823,24449.145433920887,27651.568442612195
2019-09-04,0.01135034738942,11350.34738942009,30188.12097181823,24479.75078479396,27015.447143140103
2019-09-05,0.0128553938239694,12855.393823969496,30188.12097181823,24476.154096151968,26979.201399420912
2019-09-06,0.0007722785575179,772.2785575179358,30188.12097181823,24479.41279449718,27163.711521489407
2019-09-09,0.0005032712632107,503.2712632107029,30188.12097181823,24466.686312699865,26339.87194420236
2019-09-10,-0.0002347417840374,-234.7417840374844,30188.12097181823,24470.62098491149,25539.06354802205
2019-09-11,0.0071109918491933,7110.991849193393,30188.12097181823,24480.56447062145,24761.402097244485
2019-09-12,0.0034637801831807,3463.78018318072,30188.12097181823,24474.166291355526,24346.64144419573
2019-09-13,-0.0006638122738891,-663.8122738891194,30188.12097181823,24474.28426127459,23687.322633417843
2019-09-16,-0.0030887774419606,-3088.777441960677,30188.12097181823,24477.95240114489,22968.826316203293
2019-09-17,0.0025319829424306,2531.9829424306217,30188.12097181823,24460.599483786984,22338.55208148436
2019-09-18,0.0005981656254154,598.165625415481,30188.12097181823,24462.528590624865,21706.03541892935
2019-09-19,-6.64231152441852e-05,-66.4231152441852,30188.12097181823,24464.134054669757,21047.54233700222
2019-09-20,-0.0092998538594394,-9299.853859439432,30188.12097181823,24469.100338389635,20406.384509969903
2019-09-23,-0.0002346788252648,-234.67882526484465,30188.12097181823,24510.355854570786,20482.16051515788
2019-09-24,-0.0078468193554877,-7846.8193554877,30188.12097181823,24492.763866599784,19858.641663921662
2019-09-25,0.0059147598607496,5914.75986074963,30188.12097181823,24548.04689287653,19766.06096396797
2019-09-26,-0.0020831933337813,-2083.193333781375,30188.12097181823,24522.75368748088,19458.03802325217
2019-09-27,-0.0053872053872054,-5387.205387205496,30188.12097181823,24541.388537518415,18902.578850257974
2019-09-30,0.0046377792823291,4637.779282329113,30188.12097181823,24576.75284316884,18582.057800118822
2019-10-01,-0.0118947332951443,-11894.733295144344,30188.12097181823,24576.12615420583,18208.77713961088
2019-10-02,-0.0176647114991134,-17664.71149911342,30188.12097181823,24684.407575001693,18910.526174168408
2019-10-03,0.0081927376241062,8192.737624106217,30188.12097181823,24894.37304590422,20915.922939226497
2019-10-04,0.0135321258866469,13532.125886646983,30188.12097181823,24832.43308129968,20809.1896073379
2019-10-07,-0.0043145914727367,-4314.591472736717,30188.12097181823,24820.25399401281,21598.659375256288
2019-10-08,-0.0155247713934761,-15524.771393476189,30188.12097181823,24846.13390130568,21084.51407199076
2019-10-09,0.0094964128513499,9496.412851349944,30188.12097181823,25007.36375399883,22274.320169590905
2019-10-10,0.0067634840525974,6763.484052597412,29825.41920756689,24438.586157298527,22263.42067318674
2019-10-11,0.0103669349338424,10366.934933842442,29825.41920756689,24121.582265693847,21926.56472558457
2019-10-14,-0.0011138112596191,-1113.8112596191795,29825.41920756689,24098.79871656591,22064.13035707832
2019-10-15,0.0099003210001689,9900.32100016891,29825.41920756689,24065.908114430254,21401.38148192408
2019-10-16,-0.0016059957173447,-1605.9957173447658,29825.41920756689,23947.628529321508,21502.679642678788
2019-10-17,0.0029490616621983,2949.0616621983268,29825.41920756689,23956.396132762875,20867.69816287124
2019-10-18,-0.0043771718791765,-4377.171879176522,29825.41920756689,23791.87015309326,20301.65511245924
2019-10-21,0.0067792059603315,6779.2059603315465,29825.41920756689,23816.946780088005,19840.59382098268
2019-10-22,-0.0032667755591854,-3266.77555918542,29825.41920756689,23779.63539087558,19620.226426110763
2019-10-23,0.0029096016855623,2909.601685562313,29825.41920756689,23764.823322825603,19113.38207994924
2019-10-24,0.0016339869281045,1633.9869281045694,28026.71081901857,23205.1473937756,18605.13496751661
2019-10-25,0.0040949495622066,4094.949562206684,28026.71081901857,23131.49500865037,18062.36257135316
2019-10-28,0.0056366047745357,5636.604774535758,28026.71081901857,22899.27303315756,17666.890009463787
2019-10-29,-0.0002967359050446,-296.7359050446428,28026.71081901857,22848.99971672582,17427.2327719697
2019-10-30,0.0030671811615712,3067.181161571231,28026.71081901857,22815.67497569834,16897.175128254315
2019-10-31,-0.0026632471887946,-2663.2471887946263,28026.71081901857,22801.169175599636,16475.388676726714
2019-11-01,0.0092638380641545,9263.83806415454,28026.71081901857,22810.959092779383,16045.413145422344
2019-11-04,0.0040177696478735,4017.769647873593,28026.71081901857,22766.885714338667,16427.85650352312
2019-11-05,-0.0011061587012396,-1106.1587012396456,28026.71081901857,22766.942085187547,16091.105701842478
2019-11-06,0.0002279907500897,227.9907500897238,28026.71081901857,22782.05276685939,15613.634336347002
2019-11-07,0.0035167697818299,3516.7697818299093,28026.71081901857,22660.682987605727,15138.537614426628
2019-11-08,0.002466091245376,2466.091245376001,28026.71081901857,22641.54729484269,14813.532772541332
2019-11-11,-0.0019097559396645,-1909.755939664581,28026.71081901857,22545.28581892928,14430.838111470624
2019-11-12,0.0021079941624775,2107.9941624775333,28026.71081901857,22306.396817866676,14033.47528210058
2019-11-13,0.0003236245954694,323.62459546941835,28026.71081901857,22288.848880052028,13658.881111552208
2019-11-14,0.0014558395341313,1455.8395341313092,28026.71081901857,22234.11433600923,13244.060533814987
2019-11-15,0.0072363107737039,7236.310773703903,28026.71081901857,22223.988988771125,12867.363814129534
2019-11-18,0.0007376759998716,737.6759998716232,28026.71081901857,22224.722477898635,13139.188624185022
2019-11-19,-0.0002884430485224,-288.4430485224909,28026.71081901857,22007.329604181123,12745.849486706888
2019-11-20,-0.003718783060302,-3718.783060302044,28026.71081901857,21757.652077667182,12358.652611396245
2019-11-21,-0.0016089069086462,-1608.9069086462348,28026.71081901857,21792.040373416403,12168.101528746129
2019-11-22,0.0022238695329874,2223.8695329874768,28026.71081901857,21748.031205806303,11832.98275558759
2019-11-25,0.0077501929508618,7750.192950861879,28026.71081901857,21688.768632257405,11542.279434753547
2019-11-26,0.0022656923126016,2265.6923126016527,28026.71081901857,21692.1274520336,12030.579677578136
2019-11-27,0.0044574630667346,4457.463066734668,28026.71081901857,21531.23853265169,11735.315471565462
2019-11-29,-0.0037086344617726,-3708.6344617726086,28026.71081901857,21508.193676305596,11657.88573541244
2019-12-02,-0.0084947981292354,-8494.798129235482,28026.71081901857,21541.5937206337,11498.609642488234
2019-12-03,-0.0067064561673725,-6706.456167372532,28026.71081901857,21589.049309811915,12153.879973817862
2019-12-04,0.0061702471329347,6170.247132934792,26302.090676007854,20971.96473165991,12387.828395066888
2019-12-05,0.0017979836897192,1797.9836897192847,26302.090676007854,20954.581980330364,12514.522649806748
2019-12-06,0.0091340298698801,9134.0298698801,26302.090676007854,20565.319928548248,12176.460779565106
2019-12-09,-0.0031441547305237,-3144.1547305237627,26302.090676007854,20571.701542898565,12901.986255200922
2019-12-10,-0.0011150758251561,-1115.075825156131,26302.090676007854,20592.739361992928,12636.597610463246
2019-12-11,0.0028386438299365,2838.6438299365936,26302.090676007854,20609.566069865625,12268.102146363752
2019-12-12,0.0086190445900387,8619.044590038704,26302.090676007854,20598.590916735408,12003.851894850468
2019-12-13,0.000599123387885,599.1233878850367,26302.090676007854,20332.353780132085,12632.07103602332
2019-12-16,0.0068700365561578,6870.03655615781,26302.090676007854,20034.85485396033,12252.004780088337
2019-12-17,0.0002190923317684,219.09233176842235,26302.090676007854,20019.195611064235,12507.220529675928
2019-12-18,6.258409738069126e-05,62.58409738069126,26302.090676007854,19826.43730543453,12126.842877765604
2019-12-19,0.0040990018461153,4099.001846115336,26302.090676007854,19604.59436615348,11757.464476646031
2019-12-20,-0.0005297600498596,-529.7600498596066,26062.57507703592,19092.511607542056,11636.127877202009
2019-12-23,0.0015277647865805,1527.7647865805654,25414.40929858338,18576.37035463684,11285.682662274512
2019-12-24,3.1131311873489054e-05,31.131311873489054,25414.40929858338,17393.56674934805,10976.453801014504
2019-12-26,0.0053232886094074,5323.28860940745,25414.40929858338,17399.20965027976,10642.08158501392
2019-12-27,-0.0002477240354245,-247.72403542450135,25414.40929858338,17380.054299392894,10754.543597713811
2019-12-30,-0.0055132255466766,-5513.225546676659,25414.40929858338,17382.336524003043,10427.872375665
2019-12-31,0.0024293011087579,2429.301108757942,25414.40929858338,17433.867888497985,10587.066440191942
2020-01-02,0.0093518921270117,9351.892127011708,25414.40929858338,16959.831945435537,10357.46668922991
2020-01-03,-0.0075722596730999,-7572.259673099935,25414.40929858338,16456.696267254316,11368.344652255526
2020-01-06,0.0038150181445983,3815.018144598392,25414.40929858338,16534.866356817027,11836.54084853578
2020-01-07,-0.0028117661599307,-2811.7661599307285,25414.40929858338,16518.08372738796,11680.04614766548
2020-01-08,0.0053295324264863,5329.532426486372,25414.40929858338,16548.104748793306,11437.012939129743
2020-01-09,0.0067807058098319,6780.705809831922,25414.40929858338,16548.741410815623,11496.959977468488
2020-01-10,-0.0028776978417266,-2877.697841726645,25414.40929858338,16544.13286737631,11797.413233553354
2020-01-13,0.0068772834730281,6877.283473028184,25414.40929858338,16509.399622280456,11554.96526912781
2020-01-14,-0.0015246226558927,-1524.6226558927044,25414.40929858338,16480.891473955628,11868.621670798884
2020-01-15,0.0022598870056498,2259.88700564983,25414.40929858338,16499.109955322692,11539.805808387233
2020-01-16,0.0083183521740455,8318.352174045529,25414.40929858338,16493.849086540013,11262.12380907881
2020-01-17,0.0031125347516014,3112.534751601448,25414.40929858338,16451.94972078779,11903.523145841582
2020-01-21,-0.0019581262238288,-1958.1262238288489,25414.40929858338,16257.37356789184,11676.387117015916
2020-01-22,0.0001207364926048,120.73649260480046,25414.40929858338,16278.105111864206,11375.533886865818
2020-01-23,0.0011468582121085,1146.8582121085813,25414.40929858338,16280.06852946455,11029.203887284428
2020-01-24,-0.0088930423248524,-8893.04232485244,25414.40929858338,16273.518959945435,10713.161470592338
2020-01-27,-0.0160294430757064,-16029.443075706418,25414.40929858338,16293.655057864002,11557.070973055528
2020-01-28,0.0104791344667696,10479.134466769625,25414.40929858338,16529.100794604314,14456.30845931016
2020-01-29,-0.0008259659212578,-825.9659212578318,25414.40929858338,16467.88558076045,15234.936962362308
2020-01-30,0.0032453615822669,3245.361582266959,25414.40929858338,16468.019335797046,14778.31627936806
2020-01-31,-0.018157958984375,-18157.958984375,25414.40929858338,16460.679826765856,14446.96228233304
2020-02-03,0.0074285891896932,7428.589189693246,25414.40929858338,16760.53528991363,17414.179785190463
2020-02-04,0.0152412686659262,15241.268665926233,25414.40929858338,16768.13615640725,17406.246485929012
2020-02-05,0.0115480459490671,11548.04594906711,25414.40929858338,16829.38425641858,18979.6877029324
2020-02-06,0.0033647779847383,3364.777984738332,25414.40929858338,16749.889372910726,19542.71709666576
2020-02-07,-0.0053296604587101,-5329.660458710195,25414.40929858338,16745.084083327747,19044.134130203765
2020-02-10,0.0074653822998194,7465.382299819412,25414.40929858338,16792.186668487753,18712.078582514816
2020-02-11,0.0017329986853114,1732.9986853114044,25414.40929858338,16751.690839333973,18634.11634656779
2020-02-12,0.0064427608423314,6442.760842331419,25414.40929858338,16754.629079462815,18093.415432073365
2020-02-13,-0.0010669195661193,-1066.919566119373,25414.40929858338,16733.617919665616,17922.27594222866
2020-02-14,0.0016020886489052,1602.0886489052089,25414.40929858338,16721.011275544326,17386.923927351007
2020-02-18,-0.0025770142180094,-2577.014218009488,25414.40929858338,16721.388391500117,16881.95056616434
2020-02-19,0.0047812787693402,4781.278769340202,25414.40929858338,16745.903594499938,16433.400859791596
2020-02-20,-0.0041082934326416,-4108.29343264163,25414.40929858338,16710.555939852995,16164.047199865412
2020-02-21,-0.0102982638373645,-10298.26383736454,25414.40929858338,16748.675016990244,15845.516026608817
2020-02-24,-0.0331654072208228,-33165.40722082284,25414.40929858338,16870.70802441106,16445.4497014412
2020-02-25,-0.0303020904410397,-30302.09044103971,27666.35278429713,17692.389617673805,24726.35379683669
2020-02-26,-0.0036782344474651,-3678.2344474651786,29825.41920756689,18368.017436302907,29544.314573802552
2020-02-27,-0.0449117174959872,-44911.71749598721,29825.41920756689,18382.087168949274,28720.85855432469
2020-02-28,-0.0042015394440523,-4201.539444052327,30189.900996094217,19714.889864373712,37820.12915184785
2020-03-02,0.0433065550529938,43306.555052993855,30189.900996094217,19719.717728060416,36746.055403725295
2020-03-03,-0.0286324371542268,-28632.43715422681,30189.900996094217,20518.148049396423,43338.700728522446
2020-03-04,0.042033040234479,42033.04023447907,30189.900996094217,21019.766687301813,45074.982076542496
2020-03-05,-0.0332417055552005,-33241.70555520056,30189.900996094217,21641.2103357382,49835.1806801449
2020-03-06,-0.0165311115519407,-16531.111551940758,31762.3819987291,22313.587271640667,51897.44394689384
2020-03-09,-0.0780945337188192,-78094.53371881925,31762.3819987291,22478.869881034072,51190.63385209596
2020-03-10,0.0517448856799036,51744.88567990365,33204.31937135548,25553.573884206387,66660.34515650771
2020-03-11,-0.0487483530961792,-48748.3530961792,33204.31937135548,26467.45136253435,71038.13861796002
2020-03-12,-0.0956772124216358,-95677.21242163584,39193.41164500173,27614.975350420948,74264.94659075605
2020-03-13,0.085486276248438,85486.27624843808,46868.40165208512,31381.71889062683,90315.20432592636
2020-03-16,-0.1094237338482103,-109423.73384821037,46868.40165208512,33529.349254697474,100201.80675011102
2020-03-17,0.0539920783823224,53992.07838232245,63714.90521372557,37635.81721221138,115438.097746503
2020-03-18,-0.0506329113924051,-50632.91139240511,63714.90521372557,38262.57739921075,116073.18558940876
2020-03-19,0.0021249999999999,2124.9999999999327,64638.33877887627,39186.69016969258,116176.89565214618
2020-03-20,-0.0486882042326721,-48688.20423267217,64638.33877887627,39004.19617733392,112644.18805919326
2020-03-23,-0.0255681818181818,-25568.18181818188,64638.33877887627,39843.69707715809,112681.57547102668
2020-03-24,0.0906032742767437,90603.27427674374,64638.33877887627,40128.24477629908,110216.08272984844
2020-03-25,0.0149701830146,14970.183014600068,64638.33877887627,41972.73078727855,118677.24769666804
2020-03-26,0.0583897240568904,58389.72405689047,64638.33877887627,41984.9910796615,115377.65025182592
2020-03-27,-0.0297856049004594,-29785.60490045945,64638.33877887627,42653.75904884169,116706.24572136604
2020-03-30,0.0324757319864257,32475.73198642573,64638.33877887627,43005.92697658525,114416.81312925568
2020-03-31,-0.0149054079877698,-14905.407987769848,64638.33877887627,43149.5384432187,112464.22315448675
2020-04-01,-0.0450048496605237,-45004.84966052376,64638.33877887627,43269.18363647499,109368.4205839563
2020-04-02,0.0230753605525086,23075.360552508693,64638.33877887627,43958.49538543911,109093.7727112402
2020-04-03,-0.0144541952904737,-14454.19529047376,64638.33877887627,44016.15014958095,106584.54480236516
2020-04-06,0.0671662838954028,67166.2838954028,64638.33877887627,44125.84823639639,103665.27711709827
2020-04-07,0.0010194064788944,1019.4064788944246,64638.33877887627,44948.1245910292,107548.05533814116
2020-04-08,0.0335684381246934,33568.43812469346,64638.33877887627,44954.95457052922,104273.32637664088
2020-04-09,0.0152173119731415,15217.31197314158,64638.33877887627,45093.3395533069,102890.48234726884
2020-04-13,-0.0091301222142342,-9130.12221423426,64638.33877887627,45104.28256539628,100132.19817059425
2020-04-14,0.0294928535151999,29492.853515199924,64638.33877887627,45158.16709528705,97221.0755601216
2020-04-15,-0.0212481059938688,-21248.10599386884,64638.33877887627,45250.996942182224,95745.84300254946
2020-04-16,0.0048243087557604,4824.308755760454,64638.33877887627,45433.40452647031,93615.34512636154
2020-04-17,0.0270154066642778,27015.40666427782,64638.33877887627,45426.57583417012,90805.06728028924
2020-04-20,-0.0176179179458554,-17617.91794585543,64638.33877887627,45494.76788056164,89374.5663898898
2020-04-21,-0.0303632941510705,-30363.29415107053,64638.33877887627,45656.969933771084,87231.4882392379
2020-04-22,0.0221945502490477,22194.550249047705,64638.33877887627,45986.8566690198,86325.75362187736
2020-04-23,-7.16589036189319e-05,-71.6589036189319,64638.33877887627,46012.30240304527,84646.09214953559
2020-04-24,0.0139386555826288,13938.655582628857,64638.33877887627,46026.11021268088,82067.44134320618
2020-04-27,0.0144184895925363,14418.489592536333,64638.33877887627,46021.7767873674,79962.79379171717
2020-04-28,-0.0045985020031352,-4598.502003135274,64638.33877887627,46014.614922892,77960.95903971982
2020-04-29,0.0261785601791899,26178.56017918996,64638.33877887627,45994.46388166286,75631.36210040865
2020-04-30,-0.0093107329217965,-9310.732921796516,64638.33877887627,46038.99936040461,74829.32952232729
2020-05-01,-0.0264734232993665,-26473.42329936653,64638.33877887627,46114.94379308585,72743.46836020527
2020-05-04,0.0027582304890554,2758.230489055436,64638.33877887627,46365.84633240534,72122.73205158196
2020-05-05,0.0092393412561273,9239.341256127354,64638.33877887627,46223.56427221796,69943.24512060641
2020-05-06,-0.0067787134421188,-6778.713442118888,64638.33877887627,46199.806848783766,68016.56714662016
2020-05-07,0.0120668425681618,12066.842568161816,64638.33877887627,46223.74448407142,66057.54389451757
2020-05-08,0.0165461624026697,16546.162402669706,64638.33877887627,46223.16656711558,64413.23070941002
2020-05-11,0.0002051702913419,205.1702913419273,64638.33877887627,45967.20105820252,63158.68171568056
2020-05-12,-0.0199316239316238,-19931.623931623843,64638.33877887627,45984.79999695892,61234.72544456648
2020-05-13,-0.0176858408623155,-17685.840862315505,64638.33877887627,46176.361534927615,60445.91783550944
2020-05-14,0.0119673295454545,11967.329545454542,64638.33877887627,46339.41588930039,59464.72312318458
2020-05-15,0.0045969751201879,4596.9751201879735,64638.33877887627,46288.099541831696,58055.09975692708
2020-05-18,0.030459689814168,30459.68981416802,64638.33877887627,46236.87615281152,56347.4297465114
2020-05-19,-0.0102711864406779,-10271.186440677926,64638.33877887627,46345.8826032041,57321.87923153677
2020-05-20,0.0169880467171283,16988.046717128393,64638.33877887627,46398.06837732891,55882.97033881638
2020-05-21,-0.0069039841039976,-6903.984103997618,64638.33877887627,46308.91677758592,55038.55303220974
2020-05-22,0.0018990775908844,1899.0775908844792,64638.33877887627,46357.15467234961,53506.684222031145
2020-05-26,0.0123206065529379,12320.606552937985,64638.33877887627,46291.02719231443,51887.94098331923
2020-05-27,0.0148789621505951,14878.962150595144,64638.33877887627,46235.7245132924,50794.75944379137
2020-05-28,-0.0018449576648105,-1844.9576648105203,64638.33877887627,46233.9487006265,49971.8659282254
2020-05-29,0.0044558867214574,4455.886721457469,64638.33877887627,46142.96562133408,48460.92677610384
2020-06-01,0.0040417981072555,4041.7981072555785,64638.33877887627,46116.12928610105,47053.17103575415
2020-06-02,0.0082801505481917,8280.150548191756,64638.33877887627,46085.66251297564,45677.84381444619
2020-06-03,0.0133082316281485,13308.231628148536,64638.33877887627,46085.77884937354,44536.95262967952
2020-06-04,-0.0026266897302837,-2626.6897302837933,64638.33877887627,46088.2065164155,43841.047691088745
2020-06-05,0.0256294964028775,25629.496402877598,64638.33877887627,46120.22302326717,42531.81840089063
2020-06-08,0.0120874303250455,12087.430325045556,64638.33877887627,46178.49166778502,43746.00850578257
2020-06-09,-0.0074566831683167,-7456.683168316714,64638.33877887627,46159.49382173869,42968.97799930567
2020-06-10,-0.0055799744381059,-5579.974438105984,64638.33877887627,46196.13550533846,41876.101245925456
2020-06-11,-0.0576489028213165,-57648.90282131652,64638.33877887627,46240.98405927186,40724.706336327945
2020-06-12,0.0119756495126575,11975.649512657505,68076.17457904287,47244.156420496976,51362.8630524882
2020-06-15,0.0093356562900628,9335.656290062832,68076.17457904287,47228.415589075,50263.54815221007
2020-06-16,0.0192476795310208,19247.6795310208,68076.17457904287,47228.03870883693,49021.82235132893
2020-06-17,-0.0041538854805724,-4153.885480572494,68076.17457904287,47239.95210018216,48777.54014824723
2020-06-18,0.0003850349740099,385.0349740099901,68076.17457904287,47280.7131928581,47350.78009284823
2020-06-19,-0.0100712040541407,-10071.204054140748,68076.17457904287,47243.7382330506,45908.80887482543
2020-06-22,0.0064152410575428,6415.241057542876,68076.17457904287,47303.6180636256,44878.6924926079
2020-06-23,0.0046036958341382,4603.6958341382215,68076.17457904287,47222.9108693058,43664.80174667543
2020-06-24,-0.0255087325749079,-25508.73257490793,68076.17457904287,47203.86555807941,42415.7989821612
2020-06-25,0.0107205103752179,10720.51037521793,68076.17457904287,47471.04521098251,43617.01163530012
2020-06-26,-0.0237514234585977,-23751.42345859771,68076.17457904287,47467.83390257336,42727.230309713705
2020-06-29,0.0146975504082651,14697.550408265148,68076.17457904287,47713.41554987997,43580.5001742032
2020-06-30,0.012809564474808,12809.564474808078,68076.17457904287,47710.77801458204,43074.91600090152
2020-07-01,0.0070047995849007,7004.799584900745,68076.17457904287,47713.45612528198,42395.77936795768
2020-07-02,0.0055068916655933,5506.891665593372,68076.17457904287,47690.37374179597,41297.58803734511
2020-07-06,0.0154373378599108,15437.33785991086,68076.17457904287,47644.43063886066,40162.27770997029
2020-07-07,-0.0103138306260843,-10313.830626084376,68076.17457904287,47638.31510516262,39920.05769256722
2020-07-08,0.0076486710434062,7648.671043406274,68076.17457904287,47720.57361798069,39147.61544709745
2020-07-09,-0.0056929597064963,-5692.959706496304,68076.17457904287,47710.305915580175,38204.4513264036
2020-07-10,0.0102105731916788,10210.57319167884,68076.17457904287,47755.67943462363,37182.37750433095
2020-07-13,-0.0086589628136906,-8658.962813690607,68076.17457904287,47737.82270124484,36516.170796779326
2020-07-14,0.0129589632829374,12958.96328293744,68076.17457904287,47773.83412028188,35745.92493209405
2020-07-15,0.0091872569923492,9187.256992349236,68076.17457904287,47719.84897503332,35434.948594499976
2020-07-16,-0.0032934596861892,-3293.459686189215,68076.17457904287,47712.49568849635,34752.05214573107
2020-07-17,0.0028990928644907,2899.092864490749,68076.17457904287,47698.41240536174,33745.591560041394
2020-07-20,0.0080815616063656,8081.561606365639,68076.17457904287,47697.07192149892,32759.245817114035
2020-07-21,0.0021275283670449,2127.528367044996,68076.17457904287,47696.32261918076,32093.38992243471
2020-07-22,0.0056921325497678,5692.132549767859,68076.17457904287,47703.25914193441,31139.30494670649
2020-07-23,-0.01193171388362,-11931.71388362002,68076.17457904287,47661.00155940837,30364.41630742569
2020-07-24,-0.0064404260589546,-6440.426058954674,68076.17457904287,47761.87198145094,30214.334852964224
2020-07-27,0.0072924457741212,7292.445774121248,68076.17457904287,47789.933385004006,29522.8808796432
2020-07-28,-0.0063424293051173,-6342.429305117303,68076.17457904287,47759.43099651056,28923.56586367144
2020-07-29,0.0122987825762057,12298.782576205758,68076.17457904287,47722.07776293918,28274.37651698228
2020-07-30,-0.0035679133858268,-3567.9133858268488,68076.17457904287,47649.688372561366,28294.701829855538
2020-07-31,0.007902210149401,7902.210149401068,68076.17457904287,47622.84222874847,27507.968835113832
2020-08-03,0.0069521009432806,6952.100943280692,68076.17457904287,47268.90827522276,27047.43553571273
2020-08-04,0.0038626478907508,3862.647890750859,68076.17457904287,47266.06936564032,26521.00882023685
2020-08-05,0.0062109919408592,6210.991940859279,68076.17457904287,47255.163346024594,25807.107897433954
2020-08-06,0.006684532233296,6684.532233296014,68076.17457904287,47234.79963631002,25269.996042558007
2020-08-07,0.000717853617683,717.8536176830619,68076.17457904287,47175.93887512165,24794.50562855218
2020-08-10,0.0029889111396719,2988.911139671924,68076.17457904287,47086.28493519664,24042.6452005774
2020-08-11,-0.0082546115564561,-8254.611556456126,68076.17457904287,47088.1515033875,23372.3494676926
2020-08-12,0.0139423076923077,13942.307692307751,68076.17457904287,46811.654765700325,23143.384690533403
2020-08-13,-0.0018077287814129,-1807.7287814129984,68076.17457904287,46804.68908590956,23803.3548363391
2020-08-14,2.9688566932861704e-05,29.688566932861704,68076.17457904287,46828.54673091816,23101.18710711755
2020-08-17,0.0031765823536398,3176.582353639823,68076.17457904287,46847.90619340527,22397.43827357874
2020-08-18,0.0021603385516852,2160.3385516852923,68076.17457904287,46789.496881933934,21790.43613519181
2020-08-19,-0.0041637136782423,-4163.713678242309,68076.17457904287,46801.56164548023,21162.447390805723
2020-08-20,0.0031136019927051,3113.6019927051616,68076.17457904287,46822.31202654252,20654.482105044302
2020-08-21,0.003547357218872,3547.357218872005,68076.17457904287,46547.38069596816,20103.708997087964
2020-08-24,0.010133144809709,10133.14480970906,68076.17457904287,46555.32691865546,19595.80776366223
2020-08-25,0.0034993584509506,3499.358450950618,68076.17457904287,46513.3326892484,19856.93185619941
2020-08-26,0.010025572474718,10025.572474718025,68076.17457904287,46520.43418087954,19355.00355152406
2020-08-27,0.0021866098915326,2186.6098915326315,68076.17457904287,46518.20799081997,19615.729563395267
2020-08-28,0.0064593919559039,6459.391955903948,68076.17457904287,46507.64532030423,19058.92905970874
2020-08-31,-0.003622568315363,-3622.568315363006,68076.17457904287,46454.88102173936,18841.350278031638
2020-09-01,0.0094185680341245,9418.568034124552,68076.17457904287,46494.61704951402,18383.63155930085
2020-09-02,0.0144639818491207,14463.981849120788,68076.17457904287,46492.212680149096,18614.123588090635
2020-09-03,-0.0344143136706737,-34414.31367067371,68076.17457904287,46479.55198929743,19840.079602869435
2020-09-04,-0.0081646834013723,-8164.68340137233,68076.17457904287,46903.64746065304,27469.693026915043
2020-09-08,-0.0273228829144408,-27322.88291444085,68076.17457904287,46953.36849550541,27036.18081684048
2020-09-09,0.0197473065034063,19747.30650340639,68076.17457904287,47260.2536988233,30487.858015944712
2020-09-10,-0.0173636657935785,-17363.665793578508,68076.17457904287,47275.921997824735,31628.51556055708
2020-09-11,0.0005091497199676,509.1497199676276,68076.17457904287,47415.872671750825,32221.753166160484
2020-09-14,0.0131712865952222,13171.286595222266,68076.17457904287,47398.34719251413,31241.4959807412
2020-09-15,0.0050522956922531,5052.295692253184,68076.17457904287,47390.3747745539,31205.79176593813
2020-09-16,-0.0039686039333275,-3968.603933327541,68076.17457904287,47376.84942709741,30391.80636784309
2020-09-17,-0.0087952305058733,-8795.230505873385,68076.17457904287,47397.24312196031,29552.603295065423
2020-09-18,-0.0154537875178656,-15453.787517865636,68076.17457904287,47393.003877608455,29087.343571130936
2020-09-21,-0.0111295932254648,-11129.593225464809,68076.17457904287,47512.3421670956,29544.155323593168
2020-09-22,0.0101844205890448,10184.420589044896,68076.17457904287,47540.45522814329,29337.81295714375
2020-09-23,-0.0231910384498941,-23191.03844989412,68076.17457904287,47537.68404544264,29030.069257241
2020-09-24,0.0026655095462435,2665.5095462435606,68076.17457904287,47747.92780281406,31093.71502882678
2020-09-25,0.0161669242658424,16166.92426584243,68076.17457904287,47708.74025876696,30184.71531951112
2020-09-28,0.016609375475314,16609.37547531405,68076.17457904287,47713.445751431536,30680.942711435404
2020-09-29,-0.0054460037703102,-5446.003770310237,68076.17457904287,47620.877409886525,31215.704853210016
2020-09-30,0.0075819117248847,7581.91172488476,68076.17457904287,47504.30087635079,30423.43971986754
2020-10-01,0.0064200185135419,6420.018513541903,68076.17457904287,47504.79254107848,29811.354104655937
2020-10-02,-0.0094944220270591,-9494.42202705919,68076.17457904287,47503.77237567288,29133.78501099261
2020-10-05,0.017733045770429,17733.045770429002,68076.17457904287,47542.33948378402,28759.725105312995
2020-10-06,-0.0142159171179655,-14215.917117965548,68076.17457904287,47413.7986917909,29658.12260490475
2020-10-07,0.0174066222792821,17406.622279282135,68076.17457904287,47542.61097735482,29873.903556041507
2020-10-08,0.0088625425519426,8862.542551942632,68076.17457904287,47554.048793745285,30615.163931678177
2020-10-09,0.0089301297341324,8930.12973413243,68076.17457904287,47554.11812754933,30109.059956262077
2020-10-12,0.0160876459564653,16087.64595646539,68076.17457904287,47527.82219988069,29632.029514690388
2020-10-13,-0.0065261186618619,-6526.118661861924,68076.17457904287,47536.77505195831,30156.48604355443
2020-10-14,-0.0062833804586867,-6283.3804586867045,68076.17457904287,47567.35150062715,29473.351683961355
2020-10-15,-0.0012358807806167,-1235.8807806167604,68076.17457904287,47614.66594732925,28798.91890232601
2020-10-16,-0.0006043165467625,-604.3165467625178,68076.17457904287,47596.97868013225,27930.46784826238
2020-10-19,-0.015203432290017,-15203.432290017085,68076.17457904287,47618.993970624746,27081.78275353157
2020-10-20,0.0040057308265839,4005.730826583953,68076.17457904287,47720.36882143453,27649.110474264584
2020-10-21,-0.0018929465897838,-1892.9465897838948,68076.17457904287,47717.310941663054,26903.81437188508
2020-10-22,0.0054853674904442,5485.36749044426,68076.17457904287,47732.81464035004,26106.509596131167
2020-10-23,0.003395142334813,3395.142334813084,68076.17457904287,47729.7719639688,25503.475164734435
2020-10-26,-0.0184799583550233,-18479.95835502336,68076.17457904287,47734.95086065621,24802.1084266502
2020-10-27,-0.003447361442588,-3447.36144258806,68076.17457904287,47889.90993091188,26251.257142832823
2020-10-28,-0.0341789367867069,-34178.93678670692,68076.17457904287,47918.43833658791,25527.236168472857
2020-10-29,0.010163472723933,10163.472723933031,68076.17457904287,48311.79238647776,31493.996455138174
2020-10-30,-0.010424874234802,-10424.874234802097,68076.17457904287,48311.87522767563,31078.95082720251
2020-11-02,0.0112084277577018,11208.427757701813,68076.17457904287,48393.40000384393,30712.153069104286
2020-11-03,0.0176559660811628,17655.96608116282,68076.17457904287,48369.13049439427,30453.826864656057
2020-11-04,0.0223491950123502,22349.19501235022,68076.17457904287,48364.42049413443,31193.16345860892
2020-11-05,0.0195028235431098,19502.82354310984,68076.17457904287,48391.94392551498,32814.97734227202
2020-11-06,-0.0002284148012791,-228.41480127910876,68076.17457904287,48401.43276284389,33700.46742416149
2020-11-09,0.0125656842586245,12565.684258624588,68076.17457904287,48393.36939351821,32674.07467275879
2020-11-10,-0.0014666064981948,-1466.6064981948557,68076.17457904287,48381.98620676155,32477.847404512624
2020-11-11,0.0074285391481188,7428.539148118807,68076.17457904287,48390.209986263086,31499.52976751604
2020-11-12,-0.0097008439173467,-9700.843917346712,68076.17457904287,48375.99008344629,30831.89728539891
2020-11-13,0.0138444551400018,13844.455140001875,68076.17457904287,48458.63561459009,30399.459897631223
2020-11-16,0.0124825467746438,12482.546774643888,68076.17457904287,48444.08002196426,30510.93338254069
2020-11-17,-0.0053782717820006,-5378.2717820006765,68076.17457904287,48422.84874634508,30424.61107730968
2020-11-18,-0.0120348289057734,-12034.828905773453,68076.17457904287,48433.42112103583,29656.536321686104
2020-11-19,0.0042101717750084,4210.171775008486,68076.17457904287,48510.17747947721,29559.60293547141
2020-11-20,-0.0068477835541393,-6847.783554139397,68076.17457904287,48504.36413864828,28759.340140264816
2020-11-23,0.0059944277150818,5994.427715081852,68076.17457904287,48564.72928896997,28154.93180841214
2020-11-24,0.0161136910423544,16113.691042354494,68076.17457904287,48555.39410140492,27510.11020183225
2020-11-25,-0.0015417653212929,-1541.7653212929094,68076.17457904287,48557.661090551,28208.33270931796
2020-11-27,0.0027849776650306,2784.977665030608,68076.17457904287,48545.72991332912,27363.100877949662
2020-11-30,-0.0044270904941293,-4427.090494129371,68076.17457904287,48482.34256932407,26576.93443823712
2020-12-01,0.0109374136883388,10937.413688338893,68076.17457904287,48466.78153778231,25890.49136102475
2020-12-02,0.0021037101797716,2103.7101797716227,68076.17457904287,48463.86823164905,25863.932762692933
2020-12-03,-0.0002726355680362,-272.6355680362502,68076.17457904287,48462.790536588254,25104.650735385854
2020-12-04,0.0086176334233276,8617.633423327665,68076.17457904287,48485.59513986493,24340.357746948142
2020-12-07,-0.0020548871163986,-2054.8871163986737,68076.17457904287,48448.27847627076,24104.361472980727
2020-12-08,0.0029261155815656,2926.115581565636,68076.17457904287,48453.058728953096,23399.36218747009
2020-12-09,-0.0089688521490125,-8968.852149012551,68076.17457904287,48452.78604261153,22747.716140878565
2020-12-10,-0.0003271091726864,-327.1091726864128,68076.17457904287,48531.03336757528,22639.15064274836
2020-12-11,-0.0011725247457257,-1172.5247457257117,68076.17457904287,48535.01211488108,21950.26236315202
2020-12-14,-0.0044772044772044,-4477.204477204455,68076.17457904287,48559.88520184253,21292.0548028381
2020-12-15,0.0135194427686062,13519.442768606285,68076.17457904287,48584.65523912096,20800.46884495836
2020-12-16,0.0015693065288564,1569.3065288564512,68076.17457904287,48566.440645024464,21588.18154116224
2020-12-17,0.0055920252856795,5592.025285679591,68076.17457904287,48574.29763719334,20949.61305433252
2020-12-18,-0.008220502901354,-8220.50290135401,68076.17457904287,48554.4478866773,20559.84311041772
2020-12-21,-0.003575491630099,-3575.4916300990703,68076.17457904287,48611.24248923634,20476.51795053886
2020-12-22,-0.0016854238025335,-1685.4238025335587,68076.17457904287,48629.713179054685,19956.996397985506
2020-12-23,0.0008985949243001,898.5949243001112,68076.17457904287,48654.46726939908,19372.8470259927
2020-12-24,0.0038904154310743,3890.415431074379,68076.17457904287,48649.671206130144,18789.65053544818
2020-12-28,0.0085907859078591,8590.78590785911,68076.17457904287,48605.53582266649,18351.636396269565
2020-12-29,-0.0019077303382863,-1907.7303382863952,68076.17457904287,48593.67145159933,18453.725743457733
2020-12-30,0.0014268023474937,1426.8023474937054,68076.17457904287,48624.16011335725,17924.546534865363
2020-12-31,0.0050807817414446,5080.781741444662,68076.17457904287,48572.89994912014,17397.501173094908
2021-01-04,-0.0136139937948004,-13613.99379480044,68076.17457904287,48569.86875372359,17114.17348939131
2021-01-05,0.0068873884866724,6887.388486672475,68076.17457904287,48655.832885945536,18316.766569330728
2021-01-06,0.0059785096814155,5978.509681415556,68076.17457904287,48653.26336974068,18187.27186181523
2021-01-07,0.0148574488020345,14857.448802034543,68076.17457904287,48654.49140922323,17959.297030850765
2021-01-08,0.0056977050910049,5697.705091004978,68076.17457904287,48624.0218310709,19361.371141136788
2021-01-11,-0.0067408067985101,-6740.806798510191,68076.17457904287,48625.9122958046,19050.25943351499
2021-01-12,0.0002112545881856,211.25458818560537,68076.17457904287,48658.1280861952,18865.103647319615
2021-01-13,0.0026929271061595,2692.9271061595373,68076.17457904287,48665.93504044737,18290.792737627216
2021-01-14,-0.0035019352800232,-3501.935280023294,68076.17457904287,48676.77894745888,17799.850839494367
2021-01-15,-0.0072927125720022,-7292.712572002258,68076.17457904287,48706.02698423303,17372.586192614704
2021-01-19,0.0078520095821132,7852.009582113295,68076.17457904287,48739.94487741105,17348.423734622625
2021-01-20,0.013838637263964,13838.63726396406,68076.17457904287,48720.02488066517,17404.874367722707
2021-01-21,0.0009117195029826,911.719502982633,68076.17457904287,48706.62740864432,18626.301265606184
2021-01-22,-0.0035394545075994,-3539.454507599404,68076.17457904287,48646.65042725607,18066.340676617587
2021-01-25,0.0039437944003342,3943.794400334211,68076.17457904287,48538.18790966057,17631.70534340279
2021-01-26,-0.0015609146960118,-1560.914696011828,68076.17457904287,48546.15944550776,17241.660301546843
2021-01-27,-0.0244404492039918,-24440.4492039918,68076.17457904287,48549.76741546951,16740.057021713626
2021-01-28,0.0086001976442935,8600.19764429354,68076.17457904287,48799.29331119821,21386.41524669019
2021-01-29,-0.0200195959007494,-20019.59590074942,68076.17457904287,48626.57362794648,21306.171835310422
2021-02-01,0.0166454995000946,16645.49950009464,68076.17457904287,48821.981429660176,23597.7942631317
2021-02-02,0.0141402865268585,14140.286526858505,68076.17457904287,48825.708958123134,24767.19236214285
2021-02-03,0.0007862665443585,786.2665443585381,68076.17457904287,48829.05632798072,25328.536082752064
2021-02-04,0.0113657195233729,11365.719523372953,68076.17457904287,48837.89503688213,24561.01379369505
2021-02-05,0.0039358864807477,3935.886480747719,68076.17457904287,48787.351886994096,24677.82749206913
2021-02-08,0.0072218926517242,7221.892651724238,68076.17457904287,48793.93030476116,24030.93141476404
2021-02-09,-0.0006657960103454,-665.796010345443,68076.17457904287,48780.74920688404,23659.50557795412
2021-02-10,-0.0004356181934657,-435.6181934657144,68076.17457904287,48802.75782459596,22941.879008063283
2021-02-11,0.0016150533223953,1615.05332239531,68076.17457904287,48799.80028270652,22244.362035875474
2021-02-12,0.0049397251158147,4939.725115814753,68076.17457904287,48799.75294088931,21586.33655968632
2021-02-16,-0.0008659331703341,-865.9331703341211,68076.17457904287,48770.848409361046,21117.173841906195
2021-02-17,0.0002294162630638,229.4162630638308,68076.17457904287,48790.65261392866,20479.80499378108
2021-02-18,-0.0042559698259383,-4255.969825938344,68076.17457904287,48768.03966965878,19856.33798312485
2021-02-19,-0.0017659705159706,-1765.9705159706052,68076.17457904287,48722.349674101984,19403.59085042512
2021-02-22,-0.0076917160218444,-7691.716021844486,68076.17457904287,48342.98336523087,18839.37489664493
2021-02-23,0.0012143761465519,1214.3761465519542,68076.17457904287,48052.6010771704,18783.97174339724
2021-02-24,0.0110193548387096,11019.354838709638,68076.17457904287,48028.008856059074,18224.87852066285
2021-02-25,-0.0240957704775761,-24095.770477576163,68076.17457904287,47352.93680875692,18752.230951317877
2021-02-26,-0.0051526168493185,-5152.616849318559,68076.17457904287,47569.39530219033,22783.28660872766
2021-03-01,0.0242401935008937,24240.19350089379,68076.17457904287,47374.75960120543,22283.501349328868
2021-03-02,-0.0078032753221417,-7803.275322141756,68076.17457904287,47083.70011336072,25642.90718783086
2021-03-03,-0.0132457184250013,-13245.718425001329,68076.17457904287,46924.23458307633,25256.23372295752
2021-03-04,-0.0123748099208222,-12374.809920822294,68076.17457904287,46623.25410823408,25623.72743563204
2021-03-05,0.0183966020706132,18396.602070613226,68076.17457904287,46577.11245196356,25824.52728278996
2021-03-08,-0.0049787555717748,-4978.755571774851,54211.06702114992,44800.16209508706,27143.807688852663
2021-03-09,0.0142774808760348,14277.480876034864,54211.06702114992,44439.30119754643,26469.380852883285
2021-03-10,0.0062246558359375,6224.655835937565,54211.06702114992,43624.56542068333,26921.778669406063
2021-03-11,0.0101391241850197,10139.12418501972,49680.00488413597,40877.6449405459,26341.53949393964
2021-03-12,0.0013467842350012,1346.7842350012304,49680.00488413597,39384.0326065268,26184.446964047143
2021-03-15,0.0059635588489064,5963.558848906425,46883.36049231944,35518.481510326674,25398.360610686923
2021-03-16,-0.0012613203501424,-1261.3203501424807,46883.36049231944,34927.035185292945,24858.00165555888
2021-03-17,0.0034098658786085,3409.8658786085866,39815.48702549722,33905.87855256626,24111.441846670223
2021-03-18,-0.0145496652066655,-14549.665206665562,39815.48702549722,33901.23672591747,23457.524085366556
2021-03-19,-0.0051088178195565,-5108.8178195565215,34298.97899752998,33061.43015376784,24207.016367327837
2021-03-22,0.0079850056485568,7985.005648556864,34298.97899752998,32756.79250944504,23649.4375395885
2021-03-23,-0.0078708066940064,-7870.806694006415,34298.97899752998,30588.29470476797,23376.098645201324
2021-03-24,-0.0050834403080873,-5083.440308087384,34298.97899752998,30655.600297821777,23103.49215309211
2021-03-25,0.0056255161023948,5625.516102394812,34298.97899752998,29839.447954595307,22586.192976391096
2021-03-26,0.0161149602258148,16114.960225814822,34298.97899752998,29358.38091894656,22131.515427871163
2021-03-29,-0.0005050760139402,-505.0760139402311,34298.97899752998,29165.897769541312,23339.692788436216
2021-03-30,-0.0026529890343118,-2652.9890343118814,34298.97899752998,29012.15525800613,22630.501959195964
2021-03-31,0.0040534035923287,4053.403592328752,32309.27189524508,28064.723351042478,21993.105521613248
2021-04-01,0.0107990815734364,10799.081573436451,32309.27189524508,27980.3335887337,21447.842800256305
2021-04-05,0.0143531115049548,14353.111504954884,32309.27189524508,27809.87707563984,21685.88305150264
2021-04-06,-0.0005906093119402,-590.6093119402155,32309.27189524508,26484.87253200739,22560.04703663639
2021-04-07,0.0011572934108143,1157.293410814386,32309.27189524508,26493.25559985439,21875.36617683074
2021-04-08,0.0047467965272141,4746.796527214104,32309.27189524508,26230.347769918302,21219.204621414272
2021-04-09,0.0072701458924899,7270.145892489976,32309.27189524508,26203.980682244448,20749.83950515349
2021-04-12,0.0003645289071423,364.5289071423363,32309.27189524508,26105.393554236754,20539.84510275659
2021-04-13,0.002963754737149,2963.754737149049,32309.27189524508,25916.86997442333,19915.202007923664
2021-04-14,-0.0034152012788839,-3415.20127888395,32309.27189524508,25613.36731923828,19382.22351376918
2021-04-15,0.0107424960505528,10742.496050552883,32309.27189524508,25652.461458353577,18892.265170636398
2021-04-16,0.0033423906509244,3342.390650924454,32309.27189524508,25492.43221848633,19312.56005623341
2021-04-19,-0.0049130038824714,-4913.003882471401,32309.27189524508,25261.04178956229,18820.840590348947
2021-04-20,-0.007321596300667,-7321.596300667088,30819.47038929653,24758.80151873964,18460.996966530933
2021-04-21,0.0094621151466627,9462.11514666273,30819.47038929653,24737.251787610327,18378.422982468812
2021-04-22,-0.00913307856851,-9133.07856851009,30819.47038929653,24723.088346857174,18616.46010857107
2021-04-23,0.0108424091008321,10842.409100832116,30819.47038929653,24800.43773792451,18784.66430564363
2021-04-26,0.0020876325766665,2087.6325766665536,30819.47038929653,24782.10475252424,19231.85981335744
2021-04-27,-0.0002155120806495,-215.5120806495159,30819.47038929653,24739.767050647344,18683.88975134696
2021-04-28,-0.0002874113814906,-287.4113814906876,30819.47038929653,24594.59552181798,18115.11947354014
2021-04-29,0.0063727839003355,6372.783900335577,30819.47038929653,24511.108980276254,17564.023553807245
2021-04-30,-0.0065704899300099,-6570.4899300099705,30819.47038929653,24058.72365547421,17411.852889444664
2021-05-03,0.0021567217828899,2156.7217828899475,30819.47038929653,24123.88955125651,17291.63344445473
2021-05-04,-0.0061692969870874,-6169.296987087459,30819.47038929653,24127.65476044914,16809.84654760444
2021-05-05,0.0003127857177229,312.78571772297425,30819.47038929653,24121.066617985853,16672.593073134925
2021-05-06,0.0079855682501503,7985.568250150399,30819.47038929653,24122.009705655124,16165.661338965583
2021-05-07,0.007278020378457,7278.020378457039,30819.47038929653,24078.190498661763,16320.406042660265
2021-05-10,-0.0099023974225338,-9902.397422533848,30819.47038929653,24063.277766469702,16357.697298178078
2021-05-11,-0.0089247260372302,-8924.726037230268,30819.47038929653,23882.525809864208,16833.312428767742
2021-05-12,-0.0212452620651358,-21245.262065135885,30819.47038929653,23735.821168977272,17094.51564050618
2021-05-13,0.0120125305246538,12012.530524653896,30819.47038929653,24044.02103564853,20524.43066315433
2021-05-14,0.0153553670663937,15355.367066393732,30819.47038929653,24057.39363586975,21043.61161148537
2021-05-17,-0.0025445292620864,-2544.529262086481,30819.47038929653,23840.967118298748,22199.70567575356
2021-05-18,-0.0086157104351174,-8615.71043511744,30819.47038929653,23757.769729011838,21572.197772506894
2021-05-19,-0.002621741030247,-2621.741030247038,30819.47038929653,23799.10329809316,21483.523467149807
2021-05-20,0.0107579224066591,10757.92240665918,30819.47038929653,23759.256360066334,20882.557352112453
2021-05-21,-0.0008187247158543,-818.7247158543132,30819.47038929653,23761.501011139782,21154.11028398432
2021-05-24,0.0101942449510772,10194.244951077237,30819.47038929653,23764.617492158523,20514.976428501832
2021-05-25,-0.0022186702292625,-2218.670229262587,30819.47038929653,23738.0363855596,20720.94352541689
2021-05-26,0.0019845065034429,1984.506503442951,30819.47038929653,23740.62595665329,20129.442436017154
2021-05-27,0.0005249719617248,524.9719617248516,30819.47038929653,23746.494189848192,19548.95379369537
2021-05-28,0.0017887381048915,1788.7381048915518,30819.47038929653,23757.662198341124,18955.77453988973
2021-06-01,-0.0008808684887153,-880.8684887153806,30819.47038929653,23762.68011023757,18406.549208234104
2021-06-02,0.0015726642361855,1572.664236185517,30819.47038929653,23758.53530728457,17852.86938773356
2021-06-03,-0.0037113696381414,-3711.369638141448,30819.47038929653,23735.24755993577,17332.182613001773
2021-06-04,0.0091458318408674,9145.83184086748,30819.47038929653,23602.370217881864,16936.734420557645
2021-06-07,-0.000970184571699,-970.184571699062,30819.47038929653,23589.62742713368,17227.967718468008
2021-06-08,0.0002131741632913,213.17416329136307,30819.47038929653,23533.114600181485,16712.281076360065
2021-06-09,-0.0014919011082693,-1491.9011082693555,30819.47038929653,23490.29557442881,16203.613007121792
2021-06-10,0.0046484050752995,4648.405075299511,26433.949248069715,21688.315919407985,15732.97135317576
2021-06-11,0.0016524633507235,1652.4633507235542,26433.949248069715,21669.83007775977,15481.960793039683
2021-06-14,0.0022389290848672,2238.929084867225,26433.949248069715,21670.577753568214,15039.824398546543
2021-06-15,-0.0018341720359309,-1834.172035930948,26433.949248069715,21586.57536845181,14637.358526944578
2021-06-16,-0.005583301922352,-5583.301922352013,26433.949248069715,21567.86870682485,14229.881456976138
2021-06-17,-0.0003316671009926,-331.6671009926386,26433.949248069715,21613.71011518625,14158.479379861728
2021-06-18,-0.0167073488636633,-16707.34886366332,26433.949248069715,21514.689590026574,13728.456051127883
2021-06-21,0.0143160127253445,14316.012725344552,26433.949248069715,21747.719049672167,16364.638360125027
2021-06-22,0.0053461958846172,5346.1958846172665,26433.949248069715,21784.45548353324,17840.481867957995
2021-06-23,-0.001205360308194,-1205.36030819407,25910.49039632081,21326.97734440333,17563.220949700284
2021-06-24,0.0059157595835306,5915.759583530633,25910.49039632081,21335.68374278551,17042.021613819714
2021-06-25,0.0035521053869678,3552.105386967819,25910.49039632081,20921.997133561214,16863.22681920763
2021-06-28,0.002015892735754,2015.892735754088,25910.49039632081,20882.942600739923,16474.324658215904
2021-06-29,0.0005380494537627,538.04945376279,25910.49039632081,20862.443874146556,16013.70505538659
2021-06-30,0.0008417114800094,841.7114800094439,25910.49039632081,20872.92196798773,15528.890118958914
2021-07-01,0.0055366070177078,5536.607017707862,25910.49039632081,20883.101104075264,15063.455619002663
2021-07-02,0.0076435192714263,7643.519271426368,25910.49039632081,20833.32792012012,14941.452800689229
2021-07-06,-0.0018214516277783,-1821.451627778359,25910.49039632081,20714.833711338844,15126.898664451584
2021-07-07,0.0035340586237959,3534.058623795966,25910.49039632081,20737.852203472725,14702.754075548404
2021-07-08,-0.0081480458500206,-8148.045850020602,25910.49039632081,20679.09059577076,14396.397220734923
2021-07-09,0.0106748352362386,10674.835236238689,25910.49039632081,20757.44650754165,14709.820851483
2021-07-12,0.0035819250551065,3581.925055106572,25910.49039632081,20674.446010495143,15504.770434119791
2021-07-13,-0.0034089869131509,-3408.9869131509463,25910.49039632081,20647.56821103045,15170.37141697435
2021-07-14,0.0014922289308754,1492.2289308754166,25910.49039632081,20677.88701737413,14835.946837861811
2021-07-15,-0.003415551072804,-3415.5510728040017,25910.49039632081,20648.47111838529,14409.096248612335
2021-07-16,-0.0078435882691202,-7843.588269120239,25910.49039632081,20683.24539415287,14105.064250697113
2021-07-19,-0.0147679324894514,-14767.932489451408,25910.49039632081,20764.27708775739,14387.239535637971
2021-07-20,0.0143304233239993,14330.423323999365,25910.49039632081,20956.51140382164,16290.810274103049
2021-07-21,0.0080963206978146,8096.32069781463,25910.49039632081,20997.3197860315,17780.62437484249
2021-07-22,0.0020941203543896,2094.120354389606,25910.49039632081,20855.99454512661,17845.634775024526
2021-07-23,0.0102879713406514,10287.971340651402,25910.49039632081,20793.091802087187,17343.08679383973
2021-07-26,0.0024548802109378,2454.8802109378707,25910.49039632081,20803.28423343532,17807.41864607723
2021-07-27,-0.0045576164346288,-4557.61643462882,25910.49039632081,20740.019683631617,17321.511934820643
2021-07-28,-0.0004100134393294,-410.0134393294485,25910.49039632081,20764.375927032623,16993.457518397125
2021-07-29,0.0041473919285373,4147.391928537303,25910.49039632081,20741.632668368595,16477.42487373284
2021-07-30,-0.0048564620447066,-4856.462044706688,25910.49039632081,20738.94039996198,16149.320508488458
2021-08-02,-0.0020980137283073,-2098.013728307313,25910.49039632081,20788.193418125025,15900.03031837961
2021-08-03,0.008135469274892,8135.46927489206,25910.49039632081,20813.820800809837,15461.939915587747
2021-08-04,-0.0049189618043747,-4918.961804374789,25910.49039632081,20817.52672754193,15691.358900036435
2021-08-05,0.0063328625449905,6332.862544990548,25910.49039632081,20867.09300841112,15469.4037211797
2021-08-06,0.0016524809851503,1652.480985150362,25910.49039632081,20857.828044838003,15426.178853852593
2021-08-09,-0.0008135777079708,-813.5777079708583,25910.49039632081,20861.63482521492,14985.848920080867
2021-08-10,0.0012439780155157,1243.9780155157898,25910.49039632081,20789.94922501225,14536.714160371728
2021-08-11,0.0024848649137072,2484.864913707252,25910.49039632081,20759.734112193222,14111.682514580283
2021-08-12,0.0029969804858263,2996.980485826306,25910.49039632081,20739.15099951028,13754.859880641552
2021-08-13,0.0018197748871064,1819.7748871064955,25910.49039632081,20728.34134750918,13444.736635730496
2021-08-16,0.0023546824542519,2354.682454251966,25910.49039632081,20731.96151403687,13076.337488044484
2021-08-17,-0.0065552497930509,-6555.249793050999,25910.49039632081,20731.396985441384,12748.786234843075
2021-08-18,-0.0109449599135212,-10944.95991352129,25910.49039632081,20756.41788552489,12912.51430725228
2021-08-19,0.0015483400883464,1548.3400883464783,25910.49039632081,20882.75645986905,13986.679075107186
2021-08-20,0.0079570772518529,7957.077251852907,25910.49039632081,20887.860164742808,13589.261004424305
2021-08-23,0.0087964633706243,8796.46337062434,25910.49039632081,20879.403502701876,13933.671625837049
2021-08-24,0.0015874435451415,1587.4435451415093,25910.49039632081,20884.761952562694,14409.163449926284
2021-08-25,0.0020983548005446,2098.354800544655,25910.49039632081,20879.012546449136,13999.457947348435
2021-08-26,-0.0059031877213696,-5903.187721369663,25910.49039632081,20879.2709049093,13625.545048805274
2021-08-27,0.00894097611258,8940.976112580045,25910.49039632081,20937.98805837905,13632.008265610117
2021-08-30,0.0043975569128262,4397.556912826284,25910.49039632081,20907.92798497018,14164.734485321676
2021-08-31,-0.0014815470004201,-1481.547000420136,25910.49039632081,20898.894335560788,13959.971285541138
2021-09-01,0.0005314908317832,531.4908317832767,25910.49039632081,20875.89501698993,13560.998889816545
2021-09-02,0.0030765825586542,3076.582558654284,24271.556628048136,20101.69490537764,13151.364011604755
2021-09-03,-0.0002427238023787,-242.7238023787748,24271.556628048136,20014.279437230263,12870.680038991944
2021-09-07,-0.0035755275006621,-3575.527500662145,23652.45178401196,19484.89648539204,12479.353782996404
2021-09-08,-0.0012182696141407,-1218.2696141407323,23652.45178401196,19409.885175415013,12269.534749800428
2021-09-09,-0.0042802333059812,-4280.233305981263,23652.45178401196,19165.542821031115,11915.99462082219
2021-09-10,-0.0078845382867833,-7884.538286783371,23652.45178401196,19200.593622048767,11807.639707201522
2021-09-13,0.0025592672413792,2559.267241379226,23652.45178401196,19251.99042493507,12298.018771106514
2021-09-14,-0.005396569483631,-5396.569483631098,23652.45178401196,19254.857250178917,12012.227735589777
2021-09-15,0.0083526577661705,8352.657766170558,23652.45178401196,19269.409916911103,12045.439887169852
2021-09-16,-0.0015852460480485,-1585.2460480485497,23652.45178401196,19175.62671073857,12611.158865456116
2021-09-17,-0.0129033700829662,-12903.37008296627,23652.45178401196,18975.51709532505,12260.29589082322
2021-09-20,-0.0166742183960125,-16674.218396012573,23652.45178401196,19007.874436350456,13977.117087739638
2021-09-21,-0.0009446133996867,-944.6133996867668,23652.45178401196,19242.63605761273,16550.474655394257
2021-09-22,0.0097548601342158,9754.860134215893,22699.02135548042,18836.88897709304,16055.306252129874
2021-09-23,0.012150002283835,12150.002283835003,22699.02135548042,18846.71891895804,16528.925004785222
2021-09-24,0.0016471862448665,1647.186244866594,22699.02135548042,18806.58605554189,17457.035867081857
2021-09-27,-0.0028609402806876,-2860.9402806876183,22699.02135548042,18737.40418418993,16951.23109456045
2021-09-28,-0.0201518163744802,-20151.81637448027,22699.02135548042,18712.01327451104,16515.488370438285
2021-09-29,0.0016831135294659,1683.113529465929,22699.02135548042,19046.28116531722,19704.32691622912
2021-09-30,-0.0122223500978247,-12222.350097824798,22699.02135548042,19049.928011956625,19128.11389670621
2021-10-01,0.0118842335834459,11884.233583445925,22699.02135548042,19095.92397431144,19810.080290764658
2021-10-04,-0.0128960943257185,-12896.094325718588,22699.02135548042,19032.15840575914,20365.506657368336
2021-10-05,0.0104050018663681,10405.00186636817,22699.02135548042,19006.013110757725,21068.258484987
2021-10-06,0.004156084045255,4156.0840452550265,22699.02135548042,18935.80672281338,21269.55678205988
2021-10-07,0.0086456656702691,8645.665670269143,22699.02135548042,18926.270619901385,20757.148006064133
2021-10-08,-0.0018237359230384,-1823.7359230384168,22699.02135548042,18924.9819789126,20719.053738303595
2021-10-11,-0.0072397569999543,-7239.756999954383,22699.02135548042,18875.14270736727,20114.731873035445
2021-10-12,-0.0024615243046768,-2461.524304676832,22699.02135548042,18884.101930132136,19933.53607729652
2021-10-13,0.0035976200359761,3597.62003597619,22699.02135548042,18846.627405705975,19377.11490657971
2021-10-14,0.0168206259478835,16820.625947883582,22699.02135548042,18828.64422234036,18898.33204058491
2021-10-15,0.0076158192090396,7615.819209039642,22699.02135548042,18895.22655450011,20678.261454714506
2021-10-18,0.0029605041828335,2960.504182833557,22699.02135548042,18682.8240596522,20512.647016516672
2021-10-19,0.0077148415662247,7714.841566224706,22699.02135548042,18684.26235888741,19959.17199929045
2021-10-20,0.0039277472039767,3927.747203976706,22699.02135548042,18664.81198015448,19844.218186973365
2021-10-21,0.0026082535752967,2608.253575296704,22699.02135548042,18664.92265605468,19369.4304968831
2021-10-22,-0.0010361780462531,-1036.1780462531112,22699.02135548042,18666.44729807353,18838.08297735156
2021-10-25,0.00536281779661,5362.817796610076,22699.02135548042,18386.430670678583,18273.74076990293
2021-10-26,0.0009000109757435,900.0109757435482,22699.02135548042,18348.725966031616,17978.668762987916
2021-10-27,-0.0044302131765944,-4430.213176594422,20709.47367671463,17496.893756933478,17438.509200743756
2021-10-28,0.0096488522712252,9648.85227122525,20709.47367671463,17529.55523950462,17094.69489323828
2021-10-29,0.0020291499389073,2029.1499389073483,20709.47367671463,17408.981129440996,17462.125697472184
2021-11-01,0.001720195971693,1720.1959716930394,20709.47367671463,17389.92252753446,16969.598579658654
2021-11-02,0.0040431266846361,4043.1266846361336,20709.47367671463,17298.40120255723,16481.81092059823
2021-11-03,0.0061052175795628,6105.217579562838,20709.47367671463,17114.180993330032,16144.941589619812
2021-11-04,0.0047125150628335,4712.515062833544,20709.47367671463,16982.317257446466,16035.051119947091
2021-11-05,0.0034696194127346,3469.6194127346034,20709.47367671463,16968.884906424733,15776.776227230066
2021-11-08,0.0008537340191663,853.7340191663301,20709.47367671463,16930.46310846768,15423.39959946195
2021-11-09,-0.0033053973940673,-3305.3973940673222,20709.47367671463,16917.117208637428,14961.45217789458
2021-11-10,-0.0080448457358037,-8044.845735803774,20709.47367671463,16948.067176684835,14627.441905068576
2021-11-11,0.0003235408308528,323.540830852842,20709.47367671463,16921.526621466248,14904.350147430874
2021-11-12,0.0075468443409447,7546.844340944769,20709.47367671463,16877.728371971338,14451.479672082452
2021-11-15,0.0003424144498898,342.4144498898052,20709.47367671463,16843.819379554723,14656.34913779424
2021-11-16,0.0039578118648779,3957.811864877981,20709.47367671463,16796.077084188764,14211.19726701504
2021-11-17,-0.0024292533242413,-2429.253324241376,20709.47367671463,16631.84746920353,13961.627561856078
2021-11-18,0.0033964198743965,3396.419874396539,20709.47367671463,16660.25616022594,13606.896967961273
2021-11-19,-0.0017882613416217,-1788.2613416217996,20709.47367671463,16583.509026765318,13333.588242608268
2021-11-22,-0.0028151592057839,-2815.1592057839016,20709.47367671463,16605.357749913997,12967.493812978304
2021-11-23,0.0013260046624035,1326.0046624035126,20709.47367671463,16551.2273609191,12674.381138718058
2021-11-24,0.0026698562549392,2669.856254939207,20709.47367671463,16535.67102657371,12311.47762354601
2021-11-26,-0.0223031697341512,-22303.16973415125,20709.47367671463,16535.89291368426,12032.98526584689
2021-11-29,0.0122665969453341,12266.596945334162,21784.79497633372,16922.265098626038,17251.8966296647
2021-11-30,-0.0194575979337064,-19457.597933706493,21784.79497633372,16934.080160944955,18128.147499309813
2021-12-01,-0.0111072087101589,-11107.208710158911,21784.79497633372,17270.125968806686,20780.95114341267
2021-12-02,0.0153163152053272,15316.31520532728,21784.79497633372,17398.371578401497,21118.64122677196
2021-12-03,-0.0087013554875381,-8701.355487538143,21784.79497633372,17459.89521244643,22257.84372016652
2021-12-06,0.0118433240703983,11843.324070398345,21784.79497633372,17535.610174200465,22142.08994520562
2021-12-07,0.0206848449181542,20684.844918154256,21784.79497633372,17568.44526977803,22503.36778096806
2021-12-08,0.0026479883830188,2647.9883830188287,21784.79497633372,17620.42472391587,24798.192859296625
2021-12-09,-0.0067515760776962,-6751.576077696275,21784.79497633372,17609.029646320483,24090.043337791885
2021-12-10,0.0094135306100568,9413.530610056898,21784.79497633372,17663.677615513327,23670.911534871804
2021-12-13,-0.0088583931682032,-8858.393168203249,21784.79497633372,17631.42640621066,23568.3620108124
2021-12-14,-0.0068799965707181,-6879.996570718139,21784.79497633372,17686.51531396658,23401.287886182985
2021-12-15,0.015625,15625.0,21784.79497633372,17755.754491809636,23024.62094088192
2021-12-16,-0.0088185295367616,-8818.529536761655,21784.79497633372,17827.985197984777,24033.3305355899
2021-12-17,-0.0141065494693964,-14106.54946939649,21784.79497633372,17836.93713509634,23836.877970464742
2021-12-20,-0.0106334398851849,-10633.439885184947,21784.79497633372,17997.824949546324,24468.781276100955
2021-12-21,0.0177590223746098,17759.0223746098,21784.79497633372,18106.11377552858,24484.962122257348
2021-12-22,0.0099987042715845,9998.704271584558,21784.79497633372,18200.112465507304,25806.039944949567
2021-12-23,0.0062220701746884,6222.070174688454,21784.79497633372,18217.03521894319,25660.427667888343
2021-12-27,0.0141521461963449,14152.146196344973,21784.79497633372,18209.26388745202,25130.08378691341
2021-12-28,-0.0008171646482001,-817.1646482001415,21784.79497633372,18237.914258421395,25664.46083941264
2021-12-29,0.0012791746178204,1279.1746178204555,21784.79497633372,18248.731834099544,24886.97465212252
2021-12-30,-0.0027645136969087,-2764.513696908777,21784.79497633372,18254.68050364681,24139.82481033517
2021-12-31,-0.0025201612903227,-2520.161290322731,21784.79497633372,18098.06209568944,23457.384961583837
2022-01-03,0.0057899612598955,5789.961259895505,21784.79497633372,18123.45511079619,22788.07364203291
2022-01-04,-0.0003349312344308,-334.9312344308464,21784.79497633372,18123.16759227025,22338.847553805343
2022-01-05,-0.0192021777824311,-19202.17778243116,21784.79497633372,18075.40540781256,21659.157173408257
2022-01-06,-0.000939408172851,-939.4081728510972,21784.79497633372,18391.573629497143,23679.137361779933
2022-01-07,-0.0039534983117494,-3953.498311749404,21784.79497633372,18337.494869508355,22964.01552967703
2022-01-10,-0.0012443948593618,-1244.394859361897,21784.79497633372,18367.07226584601,22378.12708070197
2022-01-11,0.0091082898326566,9108.289832656656,21784.79497633372,18383.409257,21707.983841938647
2022-01-12,0.0027035657264502,2703.565726450252,21784.79497633372,18360.446254726183,21677.19817867064
2022-01-13,-0.0137786081270434,-13778.608127043455,21784.79497633372,18284.175845943544,21073.21249154914
2022-01-14,0.0004090155641187,409.01556411876425,21784.79497633372,18464.84412712549,21887.95035417513
2022-01-18,-0.0177095885694612,-17709.588569461255,21784.79497633372,18423.158433137367,21222.43508707986
2022-01-19,-0.0103835790488291,-10383.57904882914,21784.79497633372,18689.561334266065,22917.417819122024
2022-01-20,-0.0110680686220254,-11068.068622025474,21784.79497633372,18775.634199458516,22993.602739754544
2022-01-21,-0.0196306659205371,-19630.665920537194,21784.79497633372,18906.411755165776,23168.114745769974
2022-01-24,0.0042467692588701,4246.769258870131,21784.79497633372,19202.411846261144,25093.59470628543
2022-01-25,-0.0122089850854855,-12208.985085485514,20709.47367671463,18746.623755602373,24449.2006512681
2022-01-26,-0.0025088038299537,-2508.803829953776,20709.47367671463,18886.632546444955,24704.23455466145
2022-01-27,-0.0049379297614102,-4937.929761410276,20709.47367671463,18582.816718764,23994.270812731094
2022-01-28,0.0248353585010665,24835.358501066552,20709.47367671463,18541.24459241467,23432.86307844392
2022-01-31,0.018011087227062,18011.087227062017,20709.47367671463,18726.707315425523,26766.301642490296
2022-02-01,0.0067569069369428,6756.906936942864,20709.47367671463,18826.213190296825,27906.73186391744
2022-02-02,0.0097140964786401,9714.09647864019,20709.47367671463,18801.596461145244,27329.171258999417
2022-02-03,-0.0235049743085165,-23504.974308516503,20709.47367671463,18818.04210467772,27068.64900471025
2022-02-04,0.0047021943573666,4702.194357366629,21784.79497633372,19239.019975163526,29464.353022444306
2022-02-07,-0.0032092712279919,-3209.271227991972,21784.79497633372,19225.99274676673,28692.13894758256
2022-02-08,0.008227876402987,8227.876402987056,21784.79497633372,19244.42055083537,27878.10736326808
2022-02-09,0.0146360934935911,14636.093493591185,21784.79497633372,19249.293112483003,27432.46229374509
2022-02-10,-0.01796564234821,-17965.642348210076,21784.79497633372,19307.46127622376,27873.75471225407
2022-02-11,-0.0197186860144218,-19718.68601442184,21784.79497633372,19561.793631333865,28898.709492544276
2022-02-14,-0.003269309358398,-3269.309358398087,21784.79497633372,19861.770481841148,30187.49060928713
2022-02-15,0.016126827934946,16126.82793494602,21784.79497633372,19853.331479404987,29327.08949377405
2022-02-16,0.0011208249271463,1120.82492714638,21784.79497633372,19908.2126763804,29881.82152261199
2022-02-17,-0.0213613972234661,-21361.397223466192,21784.79497633372,19836.658767813005,28978.540044660203
2022-02-18,-0.0064750835125612,-6475.083512561208,21841.70120391557,20180.6993423425,30619.27985584957
2022-02-22,-0.0107316399143311,-10731.639914331126,21841.70120391557,20217.84533425553,29914.913597081195
2022-02-23,-0.0177386689014595,-17738.668901459587,21304.490995884345,19911.409085951025,29641.264928963148
2022-02-24,0.0150491764427065,15049.176442706535,21304.490995884345,20120.914982425264,30464.12373703773
2022-02-25,0.0220639738501049,22063.973850104947,21304.490995884345,19970.327763532427,30755.803890205458
2022-02-28,-0.002558537978298,-2558.5379782980813,21304.490995884345,20061.60973574109,32361.104243275997
2022-03-01,-0.0152302865126078,-15230.286512607829,21304.490995884345,19923.234911635976,31409.11041859449
2022-03-02,0.0183962044746266,18396.204474626644,21304.490995884345,19978.128442037458,31664.82898384509
2022-03-03,-0.0049784192377081,-4978.419237708143,21304.490995884345,19978.12253406806,32440.582914066643
2022-03-04,-0.0081246700787219,-8124.670078721974,21304.490995884345,19978.11921527504,31579.991320566533
2022-03-07,-0.0294791401531804,-29479.140153180422,21304.490995884345,20007.137803851874,30965.989980466213
2022-03-08,-0.0075817180459194,-7581.71804591945,21841.70120391557,20600.85762233783,34402.6388114464
2022-03-09,0.0268108108108109,26810.810810810937,21841.70120391557,20653.73479942983,33633.233569546246
2022-03-10,-0.0045155705294681,-4515.57052946816,21841.70120391557,20912.89377138902,36010.18294938848
2022-03-11,-0.0127150512362508,-12715.051236250829,21841.70120391557,20950.761822307715,35007.86074036249
2022-03-14,-0.007308305758564,-7308.305758564004,21841.70120391557,21081.706413805503,34706.11724201587
2022-03-15,0.0219904076738608,21990.40767386085,21841.70120391557,21148.63222523378,33905.56133339085
2022-03-16,0.0221742497125561,22174.249712556106,21841.70120391557,21128.78140846373,35180.05484241126
2022-03-17,0.0125109039988982,12510.903998898204,21841.70120391557,21241.677403077512,36373.60213545159
2022-03-18,0.0078218876822273,7821.887682227358,21841.70120391557,21267.64807377276,35978.90579498893
2022-03-21,-0.0002924502834518,-292.4502834518172,21841.70120391557,21196.02062183336,35166.45234090338
2022-03-22,0.0117014334255947,11701.433425594709,21841.70120391557,21161.20965330551,34095.54780129912
2022-03-23,-0.0128784003202917,-12878.40032029175,21841.70120391557,21185.78122873957,33722.64733177141
2022-03-24,0.0150743578188372,15074.357818837258,21841.70120391557,21271.08022120405,33508.78579359503
2022-03-25,0.0048835712224466,4883.571222446648,21841.70120391557,21313.553186159923,33604.391409849195
2022-03-28,0.0071130354105459,7113.035410545976,21841.70120391557,21287.43587001064,32699.296596528864
2022-03-29,0.0123708626702638,12370.862670263885,21841.70120391557,21290.34267951857,31961.200454986792
2022-03-30,-0.0061748456288592,-6174.845628859282,21841.70120391557,21301.176481164177,31779.25177566775
2022-03-31,-0.0153913233049923,-15391.323304992377,21841.70120391557,21311.50961994283,31011.393209397665
2022-04-01,0.0028341156673457,2834.1156673457044,21841.70120391557,21495.4071691613,31319.745505133884
2022-04-04,0.0085666342842003,8566.634284200347,21841.70120391557,21491.226554220484,30408.535641736504
2022-04-05,-0.0126313485113835,-12631.348511383589,21841.70120391557,21499.264321153027,29883.57628659749
2022-04-06,-0.0099993348557745,-9999.334855774534,21841.70120391557,21640.39452802687,29853.89124693124
2022-04-07,0.0050389680193496,5038.968019349665,21841.70120391557,21734.98865947093,29499.942039437487
2022-04-08,-0.0026739755331238,-2673.975533123873,21841.70120391557,21734.086711913948,28745.02834788843
2022-04-11,-0.0170922984114216,-17092.29841142168,21841.70120391557,21728.626567500352,27910.962098812222
2022-04-12,-0.003705219130751,-3705.2191307510575,21841.70120391557,21935.549621601607,28760.12015832838
2022-04-13,0.0114536037783201,11453.603778320165,21841.70120391557,21966.75870642841,27963.793031554746
2022-04-14,-0.0124517831765581,-12451.78317655815,21841.70120391557,21949.218522792155,27886.42810678492
2022-04-18,0.0004111560337147,411.1560337147768,21841.70120391557,22020.70083323686,27952.45157172813
2022-04-19,0.0161426581729342,16142.658172934254,21841.70120391557,22015.70547180077,27101.92001593903
2022-04-20,-0.0007415063814489,-741.5063814489864,21841.70120391557,21993.49545261832,27839.879114801384
2022-04-21,-0.0149535652447662,-14953.565244766209,21841.70120391557,21986.56795818201,26995.07130663896
2022-04-22,-0.0274391635848969,-27439.163584896956,21841.70120391557,22165.850621307603,27524.875609784
2022-04-25,0.0057975776922354,5797.5776922354335,22916.090067077526,22641.765810914963,30929.61476394115
2022-04-26,-0.028960817717206,-28960.81771720605,22916.090067077526,22632.60530946432,30168.80592349231
2022-04-27,0.0028118240807497,2811.8240807497587,25511.410839470525,23154.19035736948,33584.13607629128
2022-04-28,0.0252594243535362,25259.42435353623,25511.410839470525,23099.84473185978,32600.427077524837
2022-04-29,-0.0369556578855099,-36955.65788550992,25511.410839470525,23300.849731622184,34730.39592718098
2022-05-02,0.0060194174757282,6019.417475728206,28215.207192374583,24033.81340174196,39715.19275930783
2022-05-03,0.0045840571318278,4584.057131827857,28215.207192374583,24027.15455714747,38657.783428330855
2022-05-04,0.0304529516307219,30452.951630721924,28215.207192374583,24021.55371291281,37571.02823908409
2022-05-05,-0.035542814524775,-35542.81452477504,28215.207192374583,24319.263103261208,40348.74133660584
2022-05-06,-0.0059689229356468,-5968.922935646881,29225.16215955298,24936.1185239297,44051.648541054594
2022-05-09,-0.0320173092818591,-32017.3092818592,29225.16215955298,24905.055381682778,42844.88051842314
2022-05-10,0.0023105708616921,2310.570861692174,30773.606408806598,25197.03289695565,45369.696565383165
2022-05-11,-0.0158861409707082,-15886.140970708284,30773.606408806598,25175.527449591205,44007.253555984775
2022-05-12,-0.0010439210693826,-1043.9210693826694,30773.606408806598,25304.56271495704,43616.37170797725
2022-05-13,0.0239078350410359,23907.835041036,30773.606408806598,25296.4575413377,42291.82511681596
2022-05-16,-0.0040575525241463,-4057.552524146302,30773.606408806598,25383.53213454006,43207.45174788687
2022-05-17,0.0205703716663752,20570.37166637521,30773.606408806598,25393.333239686854,41954.93835393639
2022-05-18,-0.0403115203761754,-40311.52037617547,30773.606408806598,25485.772036869745,42332.05928814054
2022-05-19,-0.0061246363497168,-6124.636349716828,33815.31695574627,26324.5657879311,47033.4861564426
2022-05-20,0.000436501823037,436.5018230370055,33815.31695574627,26359.545512288147,45734.01666684515
2022-05-23,0.0187100582604009,18710.058260400958,33815.31695574627,26347.45503414108,44341.47192636283
2022-05-24,-0.0076337801068225,-7633.780106822585,33815.31695574627,26426.7117204774,44292.973141904695
2022-05-25,0.0088349539211456,8834.953921145638,33815.31695574627,26482.180962506925,43163.38703277793
2022-05-26,0.0199813775574402,19981.377557440228,33815.31695574627,26485.913897287952,42150.19910539271
2022-05-27,0.0245491105573512,24549.110557351207,33815.31695574627,26568.42001131478,42422.69001416171
2022-05-31,-0.0056109425420218,-5610.94254202188,33815.31695574627,26722.095596590392,43444.16080482903
2022-06-01,-0.0080885380088635,-8088.538008863555,33815.31695574627,26736.910937210283,42241.85432431897
2022-06-02,0.0190434336775799,19043.43367757999,33815.31695574627,26798.099489421667,41213.541626669845
2022-06-03,-0.0164115096193008,-16411.509619300825,33815.31695574627,26864.957176790253,41405.32371424908
2022-06-06,0.0030447703025284,3044.770302528477,33815.31695574627,27039.91998527441,41218.85972465584
2022-06-07,0.0095922679035429,9592.26790354295,33815.31695574627,27024.74225197384,40000.812894208575
2022-06-08,-0.0108721797277143,-10872.17972771437,33815.31695574627,27033.361052676883,39165.52764039955
2022-06-09,-0.0237828899372599,-23782.889937259966,33815.31695574627,27129.524540771858,38474.469340281226
2022-06-10,-0.0289956157831805,-28995.61578318055,33815.31695574627,27455.45358969695,39687.959736414414
2022-06-13,-0.0379681888147768,-37968.18881477682,33815.31695574627,27890.88128998354,41876.33853039976
2022-06-14,-0.0030133333333333,-3013.333333333312,36263.36463874982,28561.504382920317,46005.56360997712
2022-06-15,0.0142562922941129,14256.29229411296,36263.36463874982,28574.853577371247,44637.08803114586
2022-06-16,-0.0330959915611814,-33095.99156118148,36263.36463874982,28430.040552133665,44033.13369364932
2022-06-17,-0.0021546433928814,-2154.643392881406,36263.36463874982,28947.622767465517,46671.78194802183
2022-06-21,0.0251735636582297,25173.56365822976,36263.36463874982,28965.67197321639,45266.62562791208
2022-06-22,-0.0018129949076172,-1812.994907617216,36263.36463874982,29109.632347193543,46172.47123048591
2022-06-23,0.0098026122492589,9802.612249258937,36263.36463874982,29126.10414436924,44777.7912733086
2022-06-24,0.031793895148918,31793.89514891806,36263.36463874982,29134.68163437772,43771.56250226604
2022-06-27,-0.0038197292863002,-3819.729286300256,36263.36463874982,29401.65106726742,46143.58120398167
2022-06-28,-0.0204328469595203,-20432.846959520302,36263.36463874982,29423.455403034997,44790.77986907995
2022-06-29,-0.000814396427164,-814.3964271640768,36263.36463874982,29658.19879719001,44960.087634267504
2022-06-30,-0.0081243098280485,-8124.30982804857,36263.36463874982,29670.56365748829,43592.892481093135
2022-07-01,0.0105765407554672,10576.540755467213,36263.36463874982,29731.212001941967,42517.67153042883
2022-07-05,0.0018885741265344,1888.574126534426,36263.36463874982,29726.092535416123,41660.66205948696
2022-07-06,0.003377316996544,3377.3169965440884,36263.36463874982,29728.83650547813,40405.844597588
2022-07-07,0.0149771689497717,14977.168949771749,36263.36463874982,29665.861040669733,39222.16354004693
2022-07-08,-0.0008226432556106,-822.6432556106555,36263.36463874982,29690.80506656711,38973.24419976428
2022-07-11,-0.011423572696632,-11423.572696632078,36263.36463874982,29702.67307835052,37788.869856067766
2022-07-12,-0.0088488665642975,-8848.866564297508,36263.36463874982,29776.360643196214,37211.466675453776
2022-07-13,-0.0052516871044823,-5251.6871044823165,36263.36463874982,29842.488234532357,36428.52631080939
2022-07-14,-0.0024285299474697,-2428.5299474697817,36263.36463874982,29855.08439955656,35445.323400105124
2022-07-15,0.0191050779286072,19105.077928607272,36263.36463874982,29814.689002327013,34393.368203866965
2022-07-18,-0.0082569521979591,-8256.952197959188,36263.36463874982,29743.057457747072,35077.78980466493
2022-07-19,0.0270192433564602,27019.24335646022,36263.36463874982,29776.70904282535,34333.108586588336
2022-07-20,0.0063731613429525,6373.161342952516,36263.36463874982,29950.927970907644,36675.47423725571
2022-07-21,0.0101831446158524,10183.144615852458,36263.36463874982,29948.10421195628,35743.166355231835
2022-07-22,-0.0092780661501041,-9278.06615010418,36263.36463874982,29947.712700887543,35136.74933655381
2022-07-25,0.0012149130577843,1214.913057784317,36263.36463874982,30021.105031198367,34474.16210112534
2022-07-26,-0.0118310286422125,-11831.028642212526,36263.36463874982,29992.412872714664,33431.109213603864
2022-07-27,0.0259663844048199,25966.38440481991,36263.36463874982,30086.28776576727,33106.3731466993
2022-07-28,0.0125423897865548,12542.389786554864,36263.36463874982,30243.76627845965,35344.15409034608
2022-07-29,0.0145787672076242,14578.7672076243,36263.36463874982,30225.91975619685,35004.82655295207
2022-08-01,-0.0029612369232263,-2961.2369232263623,36263.36463874982,30236.8114937909,34940.412115707644
2022-08-02,-0.0065973659225356,-6597.3659225356805,36263.36463874982,30259.004648839837,33917.98703316242
2022-08-03,0.0156594618438463,15659.461843846368,36263.36463874982,30272.456822678203,33098.9016890337
2022-08-04,-0.000675594160936,-675.5941609360993,36263.36463874982,30310.48044472179,33308.12112899803
2022-08-05,-0.0016901272424366,-1690.1272424366675,36263.36463874982,30318.677163885768,32295.71620807384
2022-08-08,-0.0011609064744722,-1160.906474472201,36263.36463874982,30322.85937242458,31326.666637673025
2022-08-09,-0.003971040461028,-3971.04046102803,36263.36463874982,30332.07909214109,30379.533536995088
2022-08-10,0.021004011182691,21004.011182691014,36263.36463874982,30360.39978919792,29540.84556951464
2022-08-11,0.0,0.0,36263.36463874982,30446.167838992267,31041.187152225964
2022-08-12,0.0169289744993927,16928.97449939279,36263.36463874982,30452.06169751674,30095.54754162727
2022-08-15,0.0041208147974713,4120.814797471395,36263.36463874982,30495.715529684265,30732.022551237656
2022-08-16,0.0019586811546892,1958.681154689224,36263.36463874982,30444.293178590306,29888.187925248974
2022-08-17,-0.0070979753316267,-7097.975331626704,36263.36463874982,30351.445322471973,28999.160206162112
2022-08-18,0.0029063635298254,2906.3635298254285,36263.36463874982,30403.086461557185,28405.17024623869
2022-08-19,-0.0134380331393582,-13438.033139358207,36263.36463874982,30403.47727897653,27589.587069750283
2022-08-22,-0.0208224759558439,-20822.475955843965,36263.36463874982,30527.73562106588,27823.57324522701
2022-08-23,-0.0024192572880126,-2419.2572880126218,36263.36463874982,30768.12665536624,29470.155175693388
2022-08-24,0.003201164059658,3201.1640596580905,36263.36463874982,30785.926266899976,28605.613598556105
2022-08-25,0.0141175332994898,14117.533299489838,36263.36463874982,30742.27837291095,27794.09557942562
2022-08-26,-0.0338490143262377,-33849.01432623777,36263.36463874982,30764.79915078077,28122.5535643768
2022-08-29,-0.0066122227430855,-6612.222743085594,36263.36463874982,31308.31559754066,33398.62114491564
2022-08-30,-0.0109778208280555,-10977.82082805554,36263.36463874982,31342.11614923778,32599.6439533484
2022-08-31,-0.0076090505009919,-7609.050500991921,36263.36463874982,31427.139389387063,32219.631448360185
2022-09-01,0.0031378106179462,3137.8106179462684,36263.36463874982,31483.574623716613,31537.57329996609
2022-09-02,-0.0105443721305685,-10544.37213056858,36263.36463874982,31474.551013933826,30629.046699109716
2022-09-06,-0.0037732000815827,-3773.200081582773,36263.36463874982,31534.62984566375,30297.74060158341
2022-09-07,0.0179649912990069,17964.99129900697,36263.36463874982,31548.455976994,29453.333622954186
2022-09-08,0.0065362763336518,6536.276333651836,36263.36463874982,31572.59421089635,30335.57836263485
2022-09-09,0.0155352415205556,15535.241520555632,36263.36463874982,31511.809388724283,29646.335151135623
2022-09-12,0.0107476635514018,10747.663551401887,36263.36463874982,31544.449222477724,30075.546273171345
2022-09-13,-0.0434824926393654,-43482.49263936543,36263.36463874982,31512.7231790304,29795.54644313225
2022-09-14,0.0038158229458153,3815.822945815394,37472.04865943603,32334.747369654684,38058.54781565224
2022-09-15,-0.0113532691332995,-11353.269133299593,37472.04865943603,32318.779446545446,36963.14208778172
2022-09-16,-0.0116887111657951,-11688.711165795174,37472.04865943603,32300.19800173826,36416.3694936036
2022-09-19,0.0077549538333852,7754.953833385203,37472.04865943603,32233.374891121603,35929.75324467626
2022-09-20,-0.0114785741860765,-11478.574186076565,37472.04865943603,32220.93346161021,35114.36164312459
2022-09-21,-0.017443828269416,-17443.82826941604,37472.04865943603,32312.73331911492,34667.287238948134
2022-09-22,-0.0083997986168153,-8399.798616815391,37472.04865943603,32474.60875459656,35050.217552328555
2022-09-23,-0.0167548500881835,-16754.85008818356,37472.04865943603,32533.99555359779,34317.887218339296
2022-09-26,-0.0098926484576707,-9892.648457670794,37472.04865943603,32676.340036506088,34615.16408269714
2022-09-27,-0.0025527709917377,-2552.770991737785,37472.04865943603,32534.91657941336,34030.79411133762
2022-09-28,0.0196763718421486,19676.371842148656,37472.04865943603,32551.35044604872,33026.1304568856
2022-09-29,-0.0208889968423607,-20888.996842360782,37472.04865943603,32516.620773268904,33926.35835524407
2022-09-30,-0.0154634912759448,-15463.491275944818,37472.04865943603,32735.327834152355,34980.37726025662
2022-10-03,0.0264012542695559,26401.25426955597,37472.04865943603,32769.13674114671,35040.755918980874
2022-10-04,0.0309866070210851,30986.60702108513,37472.04865943603,32910.11238010063,37155.31243611135
2022-10-05,-0.0023282271079716,-2328.2271079716475,37472.04865943603,33127.31041842283,40118.156339334266
2022-10-06,-0.0103158397199607,-10315.839719960752,37472.04865943603,33144.59315775034,38918.61555021043
2022-10-07,-0.027893890675241,-27893.890675241066,37472.04865943603,33209.9117625794,38188.139859650415
2022-10-10,-0.0076352710934701,-7635.271093470175,37472.04865943603,33525.09085234428,40292.47654531659
2022-10-11,-0.0063329815010276,-6332.981501027679,37472.04865943603,33560.87157527391,39306.54649263925
2022-10-12,-0.0032984849331917,-3298.4849331917367,37472.04865943603,33605.21048513162,38279.59639570405
2022-10-13,0.0263910702266099,26391.070226609914,37472.04865943603,33586.12130006266,37161.01096332557
2022-10-14,-0.0227887531764899,-22788.753176489983,37472.04865943603,33730.715571037814,39041.56316303579
2022-10-17,0.0256969493610714,25696.949361071474,37472.04865943603,33988.73060399025,40017.76726679987
2022-10-18,0.0117496319720844,11749.631972084451,37472.04865943603,34121.74917562371,41469.93623531653
2022-10-19,-0.0070864656589335,-7086.465658933561,37472.04865943603,34133.914119368696,40760.25327301063
2022-10-20,-0.0083853459972862,-8385.345997286242,37472.04865943603,34182.33791790226,39724.31020785293
2022-10-21,0.0243014695821133,24301.46958211332,37472.04865943603,34230.67774956442,38809.425373607344
2022-10-24,0.0122365011087659,12236.501108765951,37472.04865943603,34345.60811954893,40094.445660411686
2022-10-25,0.0159685380209571,15968.5380209571,37472.04865943603,34353.11251744628,39493.426185575496
2022-10-26,-0.0075340330458277,-7534.033045827781,37472.04865943603,34355.09571353815,39356.66363829847
2022-10-27,-0.0053400345531646,-5340.034553164674,37472.04865943603,34405.637717568665,38398.45620729789
2022-10-28,0.023790725827675,23790.72582767505,37472.04865943603,34439.940030456135,37352.83761103826
2022-10-31,-0.0072232790087913,-7223.279008791384,37472.04865943603,34540.854669722496,38669.21127612516
2022-11-01,-0.0043758576940006,-4375.857694000618,37472.04865943603,34593.15205869599,37716.4633662288
2022-11-02,-0.025096223863518,-25096.223863518066,37472.04865943603,34625.05564092151,36652.38562484955
2022-11-03,-0.0102969029263478,-10296.902926347884,37472.04865943603,34924.61755026426,38305.41525091684
2022-11-04,0.0143931430419665,14393.143041966594,37472.04865943603,35002.592384946125,37599.13172639019
2022-11-07,0.0095655639697089,9565.56396970898,37472.04865943603,35020.869806247254,37364.9774604866
2022-11-08,0.0053954467693118,5395.446769311807,37472.04865943603,35001.025299779285,36634.469467658695
2022-11-09,-0.0206020942408377,-20602.094240837698,37472.04865943603,34941.87885850747,35651.25497728586
2022-11-10,0.0549541603186058,54954.16031860589,37472.04865943603,35150.50099837313,36504.4486661164
2022-11-11,0.0096784818465125,9678.481846512545,37472.04865943603,35903.58058795361,47257.19503750725
2022-11-14,-0.0085066874106044,-8506.687410604452,37472.04865943603,35898.09557783213,46148.2918491122
2022-11-15,0.0085290544644665,8529.0544644665,37472.04865943603,35961.17589495532,45004.24915968589
2022-11-16,-0.0076287987151497,-7628.798715149765,37472.04865943603,35941.56619313839,43903.08322702771
2022-11-17,-0.0030598052851181,-3059.805285118178,37472.04865943603,35996.258728995126,42787.027762962185
2022-11-18,0.0045403814935063,4540.381493506329,37472.04865943603,36002.787218000536,41520.18860805532
2022-11-21,-0.0036360881751382,-3636.0881751382735,37472.04865943603,35979.79861175454,40338.374922195726
2022-11-22,0.0134570060062342,13457.006006234227,37472.04865943603,36001.46326449651,39164.35248813069
2022-11-23,0.0063015753938484,6301.575393848458,37472.04865943603,36015.2400478174,38737.8166833046
2022-11-25,-0.000223646936037,-223.64693603704745,37472.04865943603,35768.61465305982,37728.9764857735
2022-11-28,-0.0159570501826857,-15957.050182685784,37472.04865943603,35768.964526555945,36579.8218718566
2022-11-29,-0.001717562072188,-1717.5620721880946,37472.04865943603,35717.76434149293,36612.55766780108
2022-11-30,0.0315006451939376,31500.645193937693,37472.04865943603,35645.56216862207,35510.681884137884
2022-12-01,-0.0007358712715855,-735.8712715855864,37472.04865943603,35817.472917187864,38827.288728406354
2022-12-02,-0.001153713977122,-1153.713977122051,37472.04865943603,35764.178220084475,37646.78848944484
2022-12-05,-0.0179892359489814,-17989.235948981495,37472.04865943603,35770.852180368216,36505.83589796199
2022-12-06,-0.0144147751445231,-14414.775144523162,37472.04865943603,35883.036550744146,36848.296137734855
2022-12-07,-0.0017012416524895,-1701.2416524895268,37472.04865943603,36007.1387552494,36657.877498698486
2022-12-08,0.0078339607284565,7833.960728456546,37472.04865943603,35975.62699086699,35554.34962925315
2022-12-09,-0.0074702200686453,-7470.220068645394,37472.04865943603,35973.02973661345,34759.0715358764
2022-12-12,0.0144172091131,14417.20911310007,37472.04865943603,35961.00441182401,33967.9533267621
2022-12-13,0.0075698709111418,7569.870911141807,37472.04865943603,35931.929733202975,33942.39530911231
2022-12-14,-0.0063935119536284,-6393.511953628472,37472.04865943603,35904.35905622038,33189.87913348091
2022-12-15,-0.0244616925388081,-24461.692538808144,37472.04865943603,35884.08930199037,32384.368315749947
2022-12-16,-0.0163231784000206,-16323.17840002062,37472.04865943603,36044.63996188715,34352.91571504913
2022-12-19,-0.0084796618571764,-8479.661857176412,37472.04865943603,36112.38037445994,34580.83509921596
2022-12-20,0.0013683490342615,1368.349034261529,37472.04865943603,36132.81148137333,33873.773545669406
2022-12-21,0.014952436011983,14952.43601198304,37472.04865943603,36133.5915149562,32851.096926049606
2022-12-22,-0.014266110866582,-14266.110866582028,37472.04865943603,36159.03277181916,32970.30276191474
2022-12-23,0.0057522588779155,5752.2588779155285,37472.04865943603,36260.97380021143,32983.40129285105
2022-12-27,-0.0039434854143272,-3943.485414327208,37472.04865943603,36247.74359152921,32146.146853815597
2022-12-28,-0.0124278972207654,-12427.897220765428,37472.04865943603,36270.42633965672,31247.750629192706
2022-12-29,0.0180003185897095,18000.318589709517,37472.04865943603,36349.26922542121,31112.52936829621
2022-12-30,-0.0026340496557479,-2634.0496557479837,37472.04865943603,36373.98256598519,31860.964622241627
2023-01-03,-0.004209920769814,-4209.92076981408,37472.04865943603,36395.6860680426,30926.79641876947
2023-01-04,0.0077201827635102,7720.182763510274,37472.04865943603,36414.7134504708,30080.45500635108
2023-01-05,-0.0114133833646028,-11413.383364602849,37472.04865943603,36224.69636319656,29494.01766866449
2023-01-06,0.0229321524592756,22932.1524592756,37472.04865943603,36301.6403708865,29325.79381843101
2023-01-09,-0.0005668934240361,-566.8934240361523,37472.04865943603,36360.538849953664,31291.590707408144
2023-01-10,0.0070128396844222,7012.839684422234,37472.04865943603,36357.70846121339,30340.042562452043
2023-01-11,0.0126478570331303,12647.857033130316,37472.04865943603,36355.03341123852,29685.96442736299
2023-01-12,0.0036407766990291,3640.77669902918,37472.04865943603,36365.27872979917,29670.27104712054
2023-01-13,0.0038794840790004,3879.484079000406,37472.04865943603,36247.71474018139,28841.11037049365
2023-01-17,-0.001831869510665,-1831.869510665052,37472.04865943603,36239.42213774143,28049.743992596617
2023-01-18,-0.0157880182014731,-15788.01820147313,37472.04865943603,36085.95395328332,27215.26237833148
2023-01-19,-0.0072798794349792,-7279.879434979209,37472.04865943603,36149.19668320409,27877.749146005608
2023-01-20,0.0186290654590366,18629.065459036643,37472.04865943603,36113.90940614069,27344.972085254125
2023-01-23,0.0119985854299282,11998.585429928266,37472.04865943603,35957.670716664026,28558.22043490144
2023-01-24,-0.0010733095374785,-1073.3095374785285,37472.04865943603,35966.28943283212,28519.91202217101
2023-01-25,0.0003748125937033,374.8125937033109,37472.04865943603,35878.29370217484,27657.843857308555
2023-01-26,0.0109903834145121,10990.383414512196,37472.04865943603,35865.24572873171,26816.12508278875
2023-01-27,0.0022977146386657,2297.714638665793,37472.04865943603,35832.52529653343,26742.8490662269
2023-01-30,-0.0125468349437981,-12546.834943798158,37472.04865943603,35733.519233249324,25961.1922105197
2023-01-31,0.0147033126138946,14703.31261389468,37472.04865943603,35799.22405608293,26166.045022964023
2023-02-01,0.0106278291674866,10627.829167486614,37472.04865943603,35821.29427956568,26716.68394794161
2023-02-02,0.0145569620253163,14556.962025316312,37472.04865943603,35823.504212900334,26601.33421675995
2023-02-03,-0.0106291088823838,-10629.108882383887,37472.04865943603,35572.413418569864,27092.09514075762
2023-02-06,-0.0061113132048018,-6111.31320480185,37472.04865943603,35659.8121435628,26956.042144655155
2023-02-07,0.0130785935631847,13078.593563184748,37472.04865943603,35679.30828747408,26365.848554929296
2023-02-08,-0.0109347527637949,-10934.752763794964,37472.04865943603,35692.244041098136,26626.878104557152
2023-02-09,-0.0086691830025569,-8669.183002556923,37472.04865943603,35761.36016859305,26557.04856637298
2023-02-10,0.0023336362966421,2333.636296642183,37472.04865943603,35649.87936720955,26217.627428988908
2023-02-13,0.0117390451916477,11739.0451916477,37472.04865943603,35446.88346729393,25453.693118257484
2023-02-14,-0.0004602378703097,-460.23787030979867,37472.04865943603,35427.50196228382,25568.81478643165
2023-02-15,0.0032473827064753,3247.382706475399,37472.04865943603,35412.06709063736,24791.272914041867
2023-02-16,-0.0137687811005363,-13768.781100536366,37472.04865943603,35406.68123902823,24107.157569802803
2023-02-17,-0.0024982854903496,-2498.285490349694,37472.04865943603,35294.725153315965,24654.507569978643
2023-02-21,-0.0200608947601041,-20060.8947601042,37472.04865943603,35268.150188939915,23945.787451024305
2023-02-22,-0.0013781352577111,-1378.135257711133,37472.04865943603,35393.30261016485,25878.06595017164
2023-02-23,0.0053194158679179,5319.415867917954,37472.04865943603,35232.69853723085,25102.002990127523
2023-02-24,-0.0106823740827635,-10682.374082763512,37472.04865943603,35209.427109709904,24525.33544903692
2023-02-27,0.0034058226953934,3405.822695393468,37472.04865943603,35220.21865312899,24544.992205911956
2023-02-28,-0.0036959746561738,-3695.974656173884,37472.04865943603,35198.94502329865,23876.260210740584
2023-03-01,-0.0038358653409377,-3835.865340937716,37472.04865943603,35086.54959357917,23244.50293029202
2023-03-02,0.0077772711151644,7777.271115164463,37472.04865943603,35070.85270770101,22642.135364261136
2023-03-03,0.0160378069932882,16037.806993288274,37472.04865943603,35033.20389777658,22395.24345660885
2023-03-06,0.0006927435117147,692.7435117147774,37472.04865943603,34999.32201714071,23557.888755676777
2023-03-07,-0.015328701757856,-15328.701757856055,37472.04865943603,34608.49830919992,22843.631569185145
2023-03-08,0.0016320586536773,1632.0586536773262,37472.04865943603,34694.98328589589,23807.966946229528
2023-03-09,-0.0184498144991477,-18449.81449914773,37472.04865943603,34568.36485878888,23101.407858459643
2023-03-10,-0.0144294616406169,-14429.46164061698,37472.04865943603,34723.332096939055,24742.3859669293
2023-03-13,-0.0014252027674847,-1425.202767484701,37472.04865943603,34744.60103920738,25358.685871716385
2023-03-14,0.0165299979240192,16529.99792401921,37472.04865943603,34705.69457398193,24599.567710449155
2023-03-15,-0.0062543078140556,-6254.307814055671,37472.04865943603,34660.46959103393,25642.843829528123
2023-03-16,0.017545211672832,17545.211672832073,37472.04865943603,34625.917448950684,25115.80641668485
2023-03-17,-0.0154502537174017,-15450.253717401718,37472.04865943603,34654.76498820677,26323.25135008905
2023-03-20,0.0096156311700299,9615.631170029948,37472.04865943603,34798.587031405856,26997.24536874789
2023-03-21,0.0131304922029766,13130.492202976684,37472.04865943603,34790.607467802474,26742.163813004343
2023-03-22,-0.017046451580557,-17046.451580557066,37472.04865943603,34796.43031509047,26985.524866934826
2023-03-23,0.002703323047104,2703.323047104078,37472.04865943603,34851.459399415224,27908.44365117421
2023-03-24,0.0065620469517002,6562.046951700262,37472.04865943603,34828.31923155105,27102.054284284757
2023-03-27,0.0018698673404926,1869.8673404926592,37472.04865943603,34828.1330818022,26541.145143469683
2023-03-28,-0.0022446972180887,-2244.6972180887315,37472.04865943603,34832.76820939881,25754.6456491528
2023-03-29,0.0145348837209302,14534.883720930258,37472.04865943603,34839.991657947685,25002.795638507014
2023-03-30,0.0058552385698267,5855.238569826726,37472.04865943603,34818.019138935626,25617.012611661343
2023-03-31,0.0140946247213276,14094.62472132761,37472.04865943603,34674.10134440012,25059.72624531714
2023-04-03,0.00381054739979,3810.547399790032,37472.04865943603,34691.60318395553,25589.404037366035
2023-04-04,-0.005548120209271,-5548.12020927109,37472.04865943603,34691.10790001428,24904.68778426815
2023-04-05,-0.0026182494433161,-2618.249443316123,37472.04865943603,34623.389310031875,24352.08581792593
2023-04-06,0.0039008832188418,3900.883218841855,37472.04865943603,34565.64529989431,23657.31653366709
2023-04-10,0.0010264180454067,1026.4180454067073,37472.04865943603,34566.788387717555,23044.080370844265
2023-04-11,0.000268548131149,268.5481311490712,37472.04865943603,34550.64975992842,22349.719430413083
2023-04-12,-0.0040759543102607,-4075.9543102607545,37472.04865943603,34390.88662400245,21669.397288187574
2023-04-13,0.0132826859453498,13282.685945349873,37472.04865943603,34393.24404872466,21137.256474505743
2023-04-14,-0.0024427407067019,-2442.740706701918,37472.04865943603,34400.4977280045,21846.412615319878
2023-04-17,0.0035882267371381,3588.2267371381004,37472.04865943603,34314.058377180874,21226.572030373893
2023-04-18,0.0006522684447021,652.2684447021198,37472.04865943603,34305.640603172345,20681.25062721788
2023-04-19,-0.0001689964027908,-168.99640279088857,37472.04865943603,34283.333297708894,20054.661069778704
2023-04-20,-0.0054570918047036,-5457.091804703662,37472.04865943603,34280.94241210098,19443.95377844962
2023-04-21,0.0007769253180538,776.9253180538449,37472.04865943603,34182.097654393416,19106.36602815593
2023-04-24,0.0010431829209121,1043.1829209121,37472.04865943603,33829.73532602892,18529.598776213737
2023-04-25,-0.0158737852313211,-15873.785231321102,37472.04865943603,33838.18404041134,17974.944570388787
2023-04-26,-0.0042356185973206,-4235.618597320689,37472.04865943603,33596.77955645998,19634.99703201057
2023-04-27,0.019908002769809,19908.002769809085,37472.04865943603,33628.1794086469,19189.23229485353
2023-04-28,0.0085351955578185,8535.195557818564,37472.04865943603,33571.22018321183,21790.51036904832
2023-05-01,-0.0010097853004111,-1009.7853004111812,36779.75541267594,32966.125169368024,21679.29912016321
2023-05-02,-0.0112392000192534,-11239.200019253492,36779.75541267594,32983.25647744747,21026.735108438377
2023-05-03,-0.0068639859799435,-6863.985979943532,36779.75541267594,33081.93221037992,21368.525449627006
2023-05-04,-0.0070829861281309,-7082.986128130964,36779.75541267594,32940.50847941488,21083.541099934457
2023-05-05,0.0185125762101054,18512.57621010549,35949.79331539268,32423.58426050909,20835.91186015825
2023-05-08,0.0002665826527397,266.58265273971085,35949.79331539268,32427.38575534007,22789.72375545539
2023-05-09,-0.004385327324708,-4385.327324708088,35949.79331539268,31950.270548247965,22095.97914828057
2023-05-10,0.0046723286204464,4672.32862044642,35949.79331539268,31982.76400593362,21568.100436706205
2023-05-11,-0.0017439748092528,-1743.974809252813,35949.79331539268,31819.093295295,21079.86458658987
2023-05-12,-0.0013102661781476,-1310.2661781476677,35949.79331539268,31822.69282089506,20461.833967246843
2023-05-15,0.003450035229233,3450.0352292330394,35949.79331539268,31734.286462989417,19852.529258031263
2023-05-16,-0.0066826469092757,-6682.64690927578,35949.79331539268,31701.651337837367,19347.88169812967
2023-05-17,0.0121389396709323,12138.93967093238,35949.79331539268,31684.656202767816,19141.08363561633
2023-05-18,0.0096332153264455,9633.215326445566,33480.033171360184,30957.850891251517,19805.20206032736
2023-05-19,-0.0014550485413734,-1455.0485413734605,33480.033171360184,30910.157051806396,19971.087042326453
2023-05-22,0.0004060962209164,406.09622091647424,33480.033171360184,30918.892650002672,19380.431662113348
2023-05-23,-0.0112228085675398,-11222.808567539876,33480.033171360184,30874.716707670686,18791.4505400838
2023-05-24,-0.0072448018546692,-7244.801854669247,33480.033171360184,30913.39436078332,19308.79716213524
2023-05-25,0.0086599041572406,8659.904157240606,33480.033171360184,30971.690453693187,19170.37206565194
2023-05-26,0.0129506812974797,12950.681297479783,33480.033171360184,30905.42023514023,19230.30245228648
2023-05-30,0.0003809342412266,380.9342412266492,33480.033171360184,30800.66560793369,20051.864849214944
2023-05-31,-0.0055452425151125,-5545.24251511257,33480.033171360184,30765.074288165262,19442.216087327928
2023-06-01,0.0095010171114036,9501.01711140361,33480.033171360184,30742.42203239669,19112.94412013517
2023-06-02,0.0144611445640321,14461.144564032136,33480.033171360184,30685.67968584957,19305.388853182994
2023-06-05,-0.0019162460272947,-1916.246027294788,33480.033171360184,30536.77918965702,20450.96098202468
2023-06-06,0.0021774760009365,2177.47600093654,33480.033171360184,30555.498482919906,19857.986931873173
2023-06-07,-0.0034577015629744,-3457.7015629744246,33480.033171360184,30555.48302921857,19292.9744784429
2023-06-08,0.0060485288946194,6048.528894619487,33480.033171360184,30487.11888529217,18808.71903079194
2023-06-09,0.0017943280590961,1794.328059096184,33480.033171360184,30173.853160314036,18558.59341429069
2023-06-12,0.0090718771807398,9071.877180739872,33480.033171360184,29741.898238722057,18022.251761238516
2023-06-13,0.0065928999538957,6592.899953895781,30546.962127070663,29041.27109117903,18221.884112150008
2023-06-14,0.0011908578756927,1190.8578756927302,30546.962127070663,29010.62419032265,18061.809107962632
2023-06-15,0.0123976394162588,12397.63941625882,30546.962127070663,28995.45551219634,17524.716876479415
2023-06-16,-0.0070944419340263,-7094.441934026308,26523.033937496788,28441.248023120927,18401.02510826577
2023-06-20,-0.0051881855003867,-5188.1855003868,26523.033937496788,28480.97671915116,18292.75975856293
2023-06-21,-0.005123747655428,-5123.747655428001,26523.033937496788,28393.498174381137,17980.210261064683
2023-06-22,0.0036096932910285,3609.69329102856,26523.033937496788,28417.01308930148,17675.274341917913
2023-06-23,-0.0075599642619871,-7559.964261987128,26523.033937496788,28413.82362681363,17259.819976327926
2023-06-26,-0.0040857782599662,-4085.778259966255,26523.033937496788,28229.55819522481,17279.631998111494
2023-06-27,0.010963285740775,10963.285740775098,26523.033937496788,28231.51768541647,16914.229983194993
2023-06-28,0.0005043904899464,504.390489946438,26523.033937496788,27979.94987418056,17548.62447471196
2023-06-29,0.0039414285386925,3941.428538692504,26523.033937496788,27973.89552083801,17016.45021809938
2023-06-30,0.0118006893245987,11800.689324598769,26523.033937496788,27900.490444534666,16650.236765102105
2023-07-03,0.0011505143475907,1150.5143475907253,26523.033937496788,27905.38106567837,17487.56628935501
2023-07-05,-0.0014871898871088,-1487.1898871088308,26523.033937496788,27907.86033998488,16967.495227234038
2023-07-06,-0.0078306591745085,-7830.659174508536,26523.033937496788,27926.284568436065,16472.410898416292
2023-07-07,-0.0025246781603966,-2524.6781603966983,26523.033937496788,27966.080254349643,16582.252298193733
2023-07-10,0.0025310682932391,2531.068293239125,26523.033937496788,27975.78599223182,16141.330510517864
2023-07-11,0.0063685575217211,6368.557521721164,26523.033937496788,27866.42989926237,15715.922274738648
2023-07-12,0.0080459250553721,8045.92505537216,26523.033937496788,27783.67001401688,15663.355562381905
2023-07-13,0.0079368638177661,7936.863817766149,26523.033937496788,27737.547366614068,15863.203471772697
2023-07-14,-0.0006228312127414,-622.8312127414259,26523.033937496788,27711.95571696991,16031.147838077632
2023-07-17,0.0034722222222223,3472.222222222321,26523.033937496788,27662.440291256764,15546.82608944379
2023-07-18,0.0074305740395705,7430.574039570592,26523.033937496788,27587.582192514317,15202.513856504667
2023-07-19,0.0022237389638697,2223.738963869737,26523.033937496788,27416.42105233201,15335.514251077757
2023-07-20,-0.006634446397188,-6634.4463971880205,26523.033937496788,27421.298056492946,14922.232790237143
2023-07-21,0.0,0.0,26523.033937496788,27473.38028864693,14953.434621672332
2023-07-24,0.0044672475562828,4467.247556282805,26523.033937496788,27398.623340084003,14497.892762934587
2023-07-25,0.0027300748568912,2730.074856891252,26523.033937496788,27391.222219360625,14284.874674229328
2023-07-26,0.000153697523274,153.6975232740989,26523.033937496788,27274.12293057955,13936.799381120023
2023-07-27,-0.0066299312858114,-6629.931285811464,26523.033937496788,27126.849243230277,13512.512166802146
2023-07-28,0.0097902716082123,9790.271608212332,26523.033937496788,27167.201245213342,13634.728315302558
2023-07-31,0.0019040532259475,1904.0532259475551,26523.033937496788,27142.348586288223,14348.347751591984
2023-08-01,-0.002861574084187,-2861.57408418708,26523.033937496788,27118.973254005105,13953.48706240849
2023-08-02,-0.0139107956536979,-13910.795653697904,26523.033937496788,27088.6212227998,13626.326191568438
2023-08-03,-0.0028658387576923,-2865.838757692308,26523.033937496788,27197.24266214787,15406.867870292244
2023-08-04,-0.0045227698066125,-4522.769806612592,26523.033937496788,27209.740742167083,15026.515450265684
2023-08-07,0.0087285423334302,8728.542333430234,26523.033937496788,27228.860088303165,14794.950478962131
2023-08-08,-0.0043486942823545,-4348.694282354515,26523.033937496788,27215.63327397412,15182.102380367603
2023-08-09,-0.0066852367688022,-6685.236768802283,26523.033937496788,27218.503858773514,14926.726531916736
2023-08-10,0.0003589455973078,358.9455973078692,26523.033937496788,27180.863941159867,14964.991315295503
2023-08-11,-0.0005830773025947,-583.07730259477,26523.033937496788,27179.391610349478,14510.5390631122
2023-08-14,0.0055200269269606,5520.026926960631,26523.033937496788,27139.848247221937,14072.412555816623
2023-08-15,-0.0116489254870456,-11648.92548704566,26523.033937496788,27139.336759188554,14001.60988051051
2023-08-16,-0.007338165232902,-7338.165232902094,26523.033937496788,27248.38857141605,15111.095122480065
2023-08-17,-0.0076198708033845,-7619.870803384554,26523.033937496788,27250.758670363608,15235.809225659796
2023-08-18,0.0004813312246441,481.3312246441104,26523.033937496788,27313.90651725372,15396.615038169006
2023-08-21,0.0065063001145475,6506.300114547558,26523.033937496788,27184.83410983417,14930.091725631752
2023-08-22,-0.002708608367096,-2708.608367096077,26523.033937496788,26914.21871001288,14942.521219776774
2023-08-23,0.0111377382175055,11137.73821750552,26523.033937496788,26916.04027865894,14569.299401136244
2023-08-24,-0.013859106606776,-13859.106606776028,26523.033937496788,26927.61199163926,15485.770581695167
2023-08-25,0.0070498294765273,7049.829476527325,26523.033937496788,27043.02874504269,16964.370580008814
2023-08-28,0.0063413414550992,6341.341455099237,24785.3035144102,26428.800561248845,16931.059543837473
2023-08-29,0.0144547836299575,14454.783629957556,24785.3035144102,26371.15359999625,16808.29304594218
2023-08-30,0.0041187995369131,4118.799536913187,24785.3035144102,26295.00138386363,18259.61433102063
2023-08-31,-0.0014633821866476,-1463.3821866476549,24785.3035144102,26226.084309427373,17858.256149371166
2023-09-01,0.0018652159431553,1865.2159431553628,24785.3035144102,26243.5506830698,17334.290991173282
2023-09-05,-0.0043219042975243,-4321.904297524327,24785.3035144102,26144.1792815363,16839.794365392863
2023-09-06,-0.0067224646068916,-6722.464606891632,24785.3035144102,26148.455537482496,16511.487936109246
2023-09-07,-0.003070234413518,-3070.2344135180583,24785.3035144102,26145.864415064363,16460.4309582595
2023-09-08,0.0015061256603348,1506.1256603348118,24785.3035144102,26174.681618689603,16054.59128408514
2023-09-11,0.0065765846651104,6576.584665110463,24785.3035144102,26138.43425351344,15589.146622269156
2023-09-12,-0.0054855613780799,-5485.561378079984,24785.3035144102,26126.98789673289,15571.91526108701
2023-09-13,0.0011659454247852,1165.9454247852086,23641.952251272243,25186.19115426573,15417.735102628798
2023-09-14,0.008622427269266,8622.427269266098,23641.952251272243,25192.4730298754,14962.80680356136
2023-09-15,-0.0155209166000532,-15520.91660005328,23641.952251272243,25079.489499759256,15316.451815902055
2023-09-18,0.0005864176647043,586.4176647043529,23641.952251272243,25140.87620108248,17284.132139758924
2023-09-19,-0.0020738002389378,-2073.800238937884,23641.952251272243,25147.97808024112,16760.9192699607
2023-09-20,-0.0091933771543447,-9193.377154344762,23641.952251272243,25051.63494588956,16293.225244886387
2023-09-21,-0.0165283603866496,-16528.36038664962,23641.952251272243,24920.941414586126,16642.87375259496
2023-09-22,-0.0022485453997541,-2248.545399754165,23641.952251272243,25043.82873213592,18683.51106754605
2023-09-25,0.0042051949258863,4205.194925886335,23641.952251272243,24860.726113419405,18159.5955022222
2023-09-26,-0.0146912523425029,-14691.252342502905,23641.952251272243,24761.61228183023,17768.70230933667
2023-09-27,0.0003991734760966,399.173476096637,23641.952251272243,24906.61006613082,19153.774184966303
2023-09-28,0.0057974416148338,5797.441614833865,23641.952251272243,24829.72806058681,18571.66608838418
2023-09-29,-0.0024269579016147,-2426.9579016147345,23641.952251272243,24534.99941166735,18306.44989207549
2023-10-02,-0.0003976794235988,-397.6794235988068,23641.952251272243,24373.85628506719,17802.56007324554
2023-10-03,-0.0133860663218741,-13386.066321874112,23641.952251272243,24195.06911621834,17261.709925979943
2023-10-04,0.0072819564031405,7281.956403140555,23641.952251272243,24051.688155581596,18392.200120334284
2023-10-05,-0.00037677200584,-376.7720058400759,23641.952251272243,24029.96833343357,18308.336879289167
2023-10-06,0.0118727915194347,11872.791519434766,23641.952251272243,23938.29239402065,17751.88955444338
2023-10-09,0.0064021976998649,6402.197699864943,21717.29029802036,23471.883867924116,18493.092716437044
2023-10-10,0.0052048393439589,5204.839343958989,21717.29029802036,23398.40576152084,18297.10953195614
2023-10-11,0.0040962857274358,4096.285727435811,21717.29029802036,23338.016221985792,17985.932611128323
2023-10-12,-0.006096442977631,-6096.442977631012,21717.29029802036,23305.46043351788,17593.54134237574
2023-10-13,-0.0049808605820228,-4980.86058202285,21717.29029802036,23160.633024983712,17407.735165583217
2023-10-16,0.010521436848204,10521.436848204055,20336.906495278283,22850.854397531108,17114.417935426864
2023-10-17,-4.586735161915545e-05,-45.86735161915545,20336.906495278283,22668.555256525677,17642.990439861904
2023-10-18,-0.0133250768313379,-13325.07683133799,20336.906495278283,22659.451301762805,17105.533844301182
2023-10-19,-0.0087864066386182,-8786.406638618293,20336.906495278283,22747.53565773478,18240.031073769354
2023-10-20,-0.0122880660366296,-12288.066036629683,20336.906495278283,22752.58466600688,18379.47252559221
2023-10-23,-0.0017331845485411,-1733.1845485411002,20336.906495278283,22714.45962043061,19145.94887900323
2023-10-24,0.0075393616515244,7539.361651524468,20336.906495278283,22708.08542182315,18588.94116570948
2023-10-25,-0.0143521469206618,-14352.14692066189,20336.906495278283,22652.25724070525,18527.632753037917
2023-10-26,-0.0119746138187043,-11974.613818704349,20336.906495278283,22752.349833754277,19737.341361503262
2023-10-27,-0.0045327839049812,-4532.783904981241,20336.906495278283,22835.16735738812,20316.2502634761
2023-10-30,0.011955780656472,11955.78065647207,20336.906495278283,22700.31743908552,19865.96668805052
2023-10-31,0.0062802281094347,6280.228109434738,20336.906495278283,22661.012934515325,20430.174505217517
2023-11-01,0.0106647537063606,10664.753706360663,20336.906495278283,22624.318898977668,20128.4779919856
2023-11-02,0.0191643401315477,19164.34013154777,19271.465432235527,22220.645319078376,20439.624206317192
2023-11-03,0.0091234097873527,9123.40978735271,19271.465432235527,22210.840274204053,22626.748751470783
2023-11-06,0.0023004900043708,2300.4900043708253,19271.465432235527,22176.109806089346,22545.057929284085
2023-11-07,0.002846060272212,2846.0602722120143,19271.465432235527,22168.273820764287,21897.518720033146
2023-11-08,0.0007323827615406,732.3827615406398,19271.465432235527,22169.875547788004,21292.2860774477
2023-11-09,-0.0077987421383648,-7798.742138364844,18224.131009566277,21868.26899910036,20647.8553607875
2023-11-10,0.0156048312742025,15604.831274202535,18224.131009566277,20679.47521507854,20506.17232310873
2023-11-13,-0.0009532239395384,-953.22393953845,18224.131009566277,20730.18268369734,21779.444171228137
2023-11-14,0.0194007133283355,19400.713328335594,18224.131009566277,20659.70370499549,21122.93974782772
2023-11-15,0.0021170859982617,2117.0859982617694,18224.131009566277,20766.293190981647,23272.86168845301
2023-11-16,0.0012230919765165,1223.0919765165993,18224.131009566277,20694.51970283385,22596.10385885521
2023-11-17,0.0012438087199875,1243.808719987527,18224.131009566277,20670.89250315714,21918.819122524605
2023-11-20,0.0076975975509661,7697.597550966107,18224.131009566277,20676.232835378487,21262.89974084294
2023-11-21,-0.002179368643508,-2179.368643508095,18224.131009566277,20647.693157791105,21076.634278871166
2023-11-22,0.0038608334987977,3860.833498797733,18224.131009566277,20629.08803100979,20472.25725915196
2023-11-24,0.0006153575667005,615.357566700503,18224.131009566277,20627.463140396776,19970.14550811591
2023-11-27,-0.001801010322864,-1801.0103228640603,18224.131009566277,20623.815416814563,19364.9494344175
2023-11-28,0.0009901425805316,990.14258053165,18224.131009566277,20429.431545227115,18803.04348361856
2023-11-29,-0.000703404919438,-703.4049194380998,18224.131009566277,20415.908101968,18238.956141520004
2023-11-30,0.0039374408833945,3937.4408833945386,18224.131009566277,20043.940062041554,17687.866213837326
2023-12-01,0.0059158632778266,5915.863277826672,18224.131009566277,20030.77438797333,17295.177177271205
2023-12-04,-0.0052494010019603,-5249.401001960363,18224.131009566277,20016.5178418286,17103.798141668725
2023-12-05,-0.0001970702226893,-197.07022268933284,17762.166669038303,19800.871106314706,16850.382620897333
2023-12-06,-0.0040297853701271,-4029.785370127104,17762.166669038303,19623.7163698793,16337.438036630876
2023-12-07,0.0076303984519308,7630.398451930809,17762.166669038303,19641.75047337745,16005.319402247716
2023-12-08,0.0042991510813346,4299.151081334607,17762.166669038303,19641.011612604307,16115.391142164945
2023-12-11,0.003889613211647,3889.613211647047,17762.166669038303,19565.779289546583,15815.342773511456
2023-12-12,0.0045671984242083,4567.198424208385,17762.166669038303,19511.439533976027,15492.907590253022
2023-12-13,0.0137901314371902,13790.131437190212,17762.166669038303,19505.77779063063,15244.726127550464
2023-12-14,0.0032093517534537,3209.3517534537154,17762.166669038303,19491.345466658466,16739.40361402575
2023-12-15,-0.0056778458083515,-5677.845808351512,16792.586895542416,19038.84952187941,16332.167835231396
2023-12-18,0.0056250399505679,5625.039950567956,16792.586895542416,18857.896126114112,16161.788924440396
2023-12-19,0.006080894972138,6080.89497213804,16792.586895542416,18765.63299242078,15993.9208838521
2023-12-20,-0.0138572993008171,-13857.299300817138,16792.586895542416,18761.42366817632,15889.122199045332
2023-12-21,0.0094819117584248,9481.911758424832,16792.586895542416,18886.724665711,17310.962149259107
2023-12-22,0.0020097313306537,2009.7313306537408,16792.586895542416,18706.473005674987,17631.879196533246
2023-12-26,0.0042225271825186,4222.527182518698,16792.586895542416,18709.04707278495,17133.05866326036
2023-12-27,0.0018080521391778,1808.052139177896,16792.586895542416,18669.46956210433,16784.47961911532
2023-12-28,0.0003777465320768,377.7465320768947,16792.586895542416,18513.43580453102,16305.739380749854
2023-12-29,-0.0028949631836203,-2894.9631836203694,16792.586895542416,18421.14484800308,15810.466240242706
2024-01-02,-0.0055963476467989,-5596.347646798949,16792.586895542416,18423.265164091077,15417.326496624484
2024-01-03,-0.0081667195599279,-8166.719559927982,16792.586895542416,18437.85884268029,15284.045961903936
2024-01-04,-0.0032210584696773,-3221.0584696773512,16792.586895542416,18520.867231296408,15531.993284331716
2024-01-05,0.0013696284882727,1369.6284882727116,16792.586895542416,18412.806096691587,15170.27426988752
2024-01-08,0.0142759446059155,14275.944605915523,16792.586895542416,18221.768881760974,14728.819121801624
2024-01-09,-0.0015170670037927,-1517.067003792727,16792.586895542416,18264.706942445253,16434.6984607745
2024-01-10,0.0056554401958301,5655.440195830197,16792.586895542416,18280.15060932714,15957.464732423145
2024-01-11,-0.0004406580493536,-440.6580493536705,16792.586895542416,18241.451350918484,15803.41364930424
2024-01-12,0.0006927679227457,692.7679227457518,16792.586895542416,18253.90996370957,15324.035458565735
2024-01-16,-0.0036712259796928,-3671.225979692827,16792.586895542416,18261.08461537624,14862.447239770643
2024-01-17,-0.0055587139157349,-5558.713915734926,16792.586895542416,18275.796215481398,14560.743664311649
2024-01-18,0.0088928412627833,8892.841262783335,16792.586895542416,18100.71113812081,14468.163871025215
2024-01-19,0.0124661587861234,12466.15878612345,16792.586895542416,18035.84384441309,14914.667584501707
2024-01-22,0.0021142963746034,2114.2963746034748,16792.586895542416,17955.85395524116,16110.947680185498
2024-01-23,0.0029165373875272,2916.537387527285,16792.586895542416,17923.72755518577,15666.538482907124
2024-01-24,0.0010930990388977,1093.0990388977602,16792.586895542416,17908.36852463578,15279.924037760587
2024-01-25,0.0054389254001936,5438.92540019364,16792.586895542416,17905.439006099354,14827.525182691092
2024-01-26,-0.0012704137040754,-1270.413704075435,16792.586895542416,17879.71060868961,14706.115161408165
2024-01-29,0.0079194107630125,7919.410763012502,16792.586895542416,17895.063445712527,14276.473853555051
2024-01-30,-0.0007735054043601,-773.5054043601641,16792.586895542416,17738.65342711934,14558.630843365883
2024-01-31,-0.016317301228381,-16317.301228381042,16792.586895542416,17688.969884191087,14121.996591951318
2024-02-01,0.0130881378396288,13088.137839628813,16792.586895542416,17909.79814304932,16550.569675257957
2024-02-02,0.0105273916598529,10527.391659852949,16792.586895542416,17893.081051105604,17694.895189415198
2024-02-05,-0.0036411449377971,-3641.144937797103,16792.586895542416,17789.47500309057,18174.417885742063
2024-02-06,0.0029032585524313,2903.2585524313427,16792.586895542416,17763.26509786836,17742.489416807333
2024-02-07,0.0083404186404307,8340.41864043078,16792.586895542416,17717.309050550364,17281.352875301553
2024-02-08,0.0004416783778358,441.6783778358191,16792.586895542416,17593.30555045244,17415.922861944633
2024-02-09,0.005779418847327,5779.418847327022,16792.586895542416,17503.659156933838,16887.239326153365
2024-02-12,-0.0004389465283319,-438.9465283319849,16792.586895542416,17502.974885081992,16700.721649455285
2024-02-13,-0.0137730049103756,-13773.004910375696,16792.586895542416,17482.049286567235,16193.882218123576
2024-02-14,0.009087597150259,9087.597150259086,16792.586895542416,17659.796749603833,17552.893965310184
2024-02-15,0.0068997332370579,6899.733237057948,16792.586895542416,17673.65363772306,17788.595553431413
2024-02-16,-0.0049799804784764,-4979.980478476476,16792.586895542416,17487.174482031325,17689.163522758743
2024-02-20,-0.0055053952873815,-5505.395287381587,16792.586895542416,17510.59812947253,17383.47150112155
2024-02-21,0.0009058700378452,905.8700378452578,16424.941399098017,17215.452582261667,17143.39072494021
2024-02-22,0.0206954807827679,20695.48078276795,16424.941399098017,17203.17433209019,16629.147753866444
2024-02-23,0.0006896551724138,689.6551724138167,16424.941399098017,17362.787378315057,19975.3011126292
2024-02-26,-0.0036624987693216,-3662.498769321676,16424.941399098017,17236.311684581076,19370.75984477129
2024-02-27,0.001857744224194,1857.7442241940464,16424.941399098017,17274.145684746938,18896.25445665773
2024-02-28,-0.0013216814944864,-1321.6814944864152,16424.941399098017,17239.21127050472,18351.1575319342
2024-02-29,0.0035949907162327,3594.9907162327045,16424.941399098017,17218.37500151824,17808.04052266411
2024-03-01,0.0093882853094002,9388.285309400278,16424.941399098017,17211.83169502631,17386.641846032035
2024-03-04,-0.0010724383347958,-1072.4383347958667,16424.941399098017,17145.26056911664,17685.525894930546
2024-03-05,-0.009994144056217,-9994.144056217014,16424.941399098017,17154.79592698834,17157.64021023335
2024-03-06,0.0050672345124018,5067.234512401875,16424.941399098017,17045.96886232588,17582.800918817295
2024-03-07,0.0099264345267287,9926.4345267287,16424.941399098017,17041.930756063837,17289.97466799083
2024-03-08,-0.0060022144091993,-6002.214409199347,16099.97838982167,16745.42584851383,17691.86254145646
2024-03-11,-0.000859845227859,-859.8452278590906,16099.97838982167,16594.926567645845,17490.574671094564
2024-03-12,0.0107573149741824,10757.31497418242,16099.97838982167,16591.07178251883,16964.81835974895
2024-03-13,-0.001567398119122,-1567.3981191220987,16099.97838982167,16525.63112375252,17553.135531769494
2024-03-14,-0.0019768591197162,-1976.8591197162343,16099.97838982167,16477.690289828624,17041.81765569575
2024-03-15,-0.0099427128847462,-9942.71288474624,16099.97838982167,16394.6224965536,16561.011683373785
2024-03-18,0.0059431575230959,5943.157523095932,16099.97838982167,16277.892009290985,17026.787000202334
2024-03-19,0.0055570721054478,5557.072105447869,16099.97838982167,16261.842489301418,16851.88528952659
2024-03-20,0.009249384343914,9249.384343914093,16099.97838982167,16213.452834274782,16642.547119324914
2024-03-21,0.0033046418690441,3304.6418690441114,15700.879601999868,15941.776895178144,16974.555279280245
2024-03-22,-0.0018958253542704,-1895.825354270464,15700.879601999868,15940.779528477666,16564.82665675348
2024-03-25,-0.0027628019416359,-2762.801941635917,15700.879601999868,15961.845677706278,16096.488563838726
2024-03-26,-0.0018469707755354,-1846.970775535417,15700.879601999868,15989.600629902296,15685.33362940221
2024-03-27,0.0084038472658585,8403.847265858521,15700.879601999868,15986.41370593676,15243.871085443589
2024-03-28,-0.0001911424584741,-191.14245847418056,15700.879601999868,15929.931059593791,15535.953719152223
2024-04-01,-0.0017397289081768,-1739.728908176863,15700.879601999868,15940.54547921821,15063.059783533132
2024-04-02,-0.0063582043817985,-6358.204381798571,15700.879601999868,15899.412048632928,14637.787422409923
2024-04-03,0.0010986045794463,1098.6045794463273,15700.879601999868,15969.532303243244,14647.049320126009
2024-04-04,-0.0122061569858106,-12206.156985810623,15700.879601999868,15915.638742881143,14214.63323059503
2024-04-05,0.0104469175745998,10446.917574599813,15700.879601999868,16056.984802683422,15437.345180612328
2024-04-08,0.0005593812086492,559.38120864929,15700.879601999868,16082.707483404163,16107.500020344143
2024-04-09,0.0011566933991364,1156.693399136488,15700.879601999868,16084.682671029434,15620.053417943329
2024-04-10,-0.0100130940460603,-10013.09404606032,15700.879601999868,16080.8347264508,15158.540560727632
2024-04-11,0.0075468762156694,7546.8762156694065,15700.879601999868,16165.061774729396,15765.498069807136
2024-04-12,-0.0138030888030887,-13803.088803088782,15700.879601999868,16118.859356307612,15878.66653932931
2024-04-15,-0.0125281393755506,-12528.13937555064,15700.879601999868,16294.574648649135,17287.86521759192
2024-04-16,-0.0018237684606997,-1823.7684606997595,15700.879601999868,16467.20208868135,18218.212457780737
2024-04-17,-0.0059182173852599,-5918.2173852599935,15700.879601999868,16481.46291240091,17693.759056992196
2024-04-18,-0.0020577364898611,-2057.736489861184,15700.879601999868,16532.19617567065,17483.081981902724
2024-04-19,-0.0087283792440742,-8728.379244074215,15700.879601999868,16499.17600755924,16990.9856882135
2024-04-22,0.0092091445189432,9209.14451894328,15700.879601999868,16593.906211270853,17207.851728178972
2024-04-23,0.0118666453213798,11866.64532137982,15700.879601999868,16605.653873821968,17489.481962309274
2024-04-24,-0.0004746366063481,-474.63660634816665,15114.381113853591,16395.543619459262,18255.255486959803
2024-04-25,-0.0037988959458657,-3798.895945865799,15114.381113853591,16365.053211431325,17701.19327009694
2024-04-26,0.0094738723708514,9473.8723708514,15114.381113853591,16244.453089350838,17297.9319490493
2024-04-29,0.0035414945106835,3541.4945106835294,15114.381113853591,16250.469128493358,17618.449897066457
2024-04-30,-0.0158412735756577,-15841.273575657788,15114.381113853591,16234.740953667026,17200.517681414625
2024-05-01,-0.0032471413203712,-3247.141320371294,15684.298657611578,16337.135028653993,18962.909029701303
2024-05-02,0.0093534525831917,9353.452583191756,15684.298657611578,16295.666052863691,18478.09949225403
2024-05-03,0.012395303249312,12395.30324931204,15684.298657611578,16235.318872527778,18691.22789190681
2024-05-06,0.0103268203954702,10326.820395470282,15684.298657611578,16146.522303048316,19449.689922165777
2024-05-07,0.0011034322550669,1103.4322550669274,15684.298657611578,16162.574976810443,19754.025476373212
2024-05-08,9.668561704767598e-05,96.68561704767598,15684.298657611578,16122.62085245186,19162.55699094325
2024-05-09,0.005761905682631,5761.905682631019,15684.298657611578,16132.491621414536,18578.869999649425
2024-05-10,0.001288040448315,1288.0404483150976,15684.298657611578,16112.653040297218,18309.677652148028
2024-05-13,0.0001343982797019,134.39827970196382,15684.298657611578,16099.034721521804,17767.058102110284
2024-05-14,0.0045881246280548,4588.124628054801,15684.298657611578,16108.792736542491,17225.97218322462
2024-05-15,0.0123829543283011,12382.954328301166,15684.298657611578,16034.609035837231,16904.602375711132
2024-05-16,-0.0020574578126768,-2057.457812676855,15684.298657611578,16037.138064300252,17844.05915511468
2024-05-17,0.001437515368174,1437.5153681740471,15684.298657611578,16041.951627070988,17340.137725073924
2024-05-20,0.0011521390121822,1152.1390121822517,15684.298657611578,16026.795028659077,16831.83170188923
2024-05-21,0.0024525525412217,2452.552541221786,15684.298657611578,16023.630627683113,16332.26737920949
2024-05-22,-0.0028794037940378,-2879.403794037838,15684.298657611578,15874.530747859955,15896.274328182106
2024-05-23,-0.0073042296585696,-7304.229658569694,15684.298657611578,15822.813215294544,15499.104338545623
2024-05-24,0.0066164727355693,6616.472735569312,15684.298657611578,15893.496700459267,15592.721067542949
2024-05-28,0.0006988516168024,698.8516168024983,15684.298657611578,15846.720254136748,15580.763602732675
2024-05-29,-0.007002510333893,-7002.510333893098,15684.298657611578,15845.27862642984,15111.359000701428
2024-05-30,-0.0066337198251282,-6633.719825128282,15684.298657611578,15864.72368461448,15184.675308575466
2024-05-31,0.0091081303457645,9108.13034576452,15684.298657611578,15918.454309005125,15199.648991615652
2024-06-03,0.0008153668202588,815.3668202588449,15684.298657611578,15864.135054556447,15623.865669559204
2024-06-04,0.0011178476695719,1117.847669571903,15684.298657611578,15848.17508215891,15155.023750658836
2024-06-05,0.0118851605821457,11885.160582145729,15684.298657611578,15851.343505296294,14707.141700571296
2024-06-06,-1.8703125292174327e-05,-18.703125292174327,15684.298657611578,15855.945622580848,15785.756489254689
2024-06-07,-0.0012157258818688,-1215.725881868801,15684.298657611578,15863.732410185608,15304.862464224992
2024-06-10,0.0030898297784685,3089.8297784685,15684.298657611578,15878.153868368818,14854.777329483526
2024-06-11,0.0024082440353956,2408.244035395635,15684.298657611578,15861.729515298452,14509.465941644155
2024-06-12,0.008213055219294,8213.055219294052,15684.298657611578,15858.674131183,14134.226117685464
2024-06-13,0.0020134476134181,2013.4476134181511,15684.298657611578,15865.571734045763,14480.783553338664
2024-06-14,0.000608351000092,608.3510000920445,15684.298657611578,15821.374892939884,14086.443364421268
2024-06-17,0.0079590257562918,7959.025756291815,15684.298657611578,15749.33386322714,13661.71244921778
2024-06-18,0.0025406689819045,2540.668981904526,15684.298657611578,15705.145732809257,14000.470893711185
2024-06-20,-0.002716549071086,-2716.549071086094,15684.298657611578,15652.134112528016,13650.949435074392
2024-06-21,-0.0045521023765996,-4552.102376599642,15684.298657611578,15681.53243804815,13325.306181689612
2024-06-24,-0.0032506290058951,-3250.629005895122,15684.298657611578,15641.96485086819,13177.198342179903
2024-06-25,0.0038508309687881,3850.830968788133,15684.298657611578,15633.57696103285,12909.351595204864
2024-06-26,0.0012480957362845,1248.0957362845934,15684.298657611578,15601.511984517383,12706.983249216632
2024-06-27,0.0015765063885171,1576.5063885171403,15684.298657611578,15598.497521770263,12340.388905029891
2024-06-28,-0.0039350623204055,-3935.0623204055246,15684.298657611578,15602.213099610562,11998.12988796669
2024-07-01,0.0020579912535372,2057.991253537228,15684.298657611578,15601.74249609082,11846.768010037693
2024-07-02,0.006729746580115,6729.746580115048,15684.298657611578,15599.01986543582,11545.580385044674
2024-07-03,0.0044625780951168,4462.578095116854,15684.298657611578,15585.20031219222,11832.519463356752
2024-07-05,0.0057665107170057,5766.510717005735,15684.298657611578,15493.934964062608,11750.512740592316
2024-07-08,0.001153901629886,1153.901629886045,15684.298657611578,15468.150215376809,11856.966948600537
2024-07-09,0.0009724823512462,972.482351246251,15684.298657611578,15472.054864314776,11514.545495675044
2024-07-10,0.0098952898420352,9895.289842035249,15684.298657611578,15474.197768889644,11177.511410252037
2024-07-11,-0.0086225326017245,-8622.532601724519,15684.298657611578,15486.453653612496,12216.196874612764
2024-07-12,0.0063075043128233,6307.504312823342,15684.298657611578,15580.1507538726,12822.759920413915
2024-07-15,0.0027500491080196,2750.0491080196807,15684.298657611578,15570.263258380028,12941.266878830833
2024-07-16,0.0059302263458764,5930.226345876477,15684.298657611578,15571.050217135176,12644.506314028178
2024-07-17,-0.014021173388096,-14021.173388096053,15684.298657611578,15565.60722099305,12716.521647716689
2024-07-18,-0.0076848493554064,-7684.849355406475,15684.298657611578,15775.012216706264,14691.625492343386
2024-07-19,-0.0066406108638221,-6640.610863822171,15684.298657611578,15790.194012384954,14902.00703417409
2024-07-22,0.0103098417093205,10309.841709320588,15684.298657611578,15852.633298264574,14935.352515318447
2024-07-23,-0.0015685567474984,-1568.5567474984507,15684.298657611578,15879.320644354942,15626.75929062441
2024-07-24,-0.0226624291234786,-22662.4291234786,15684.298657611578,15897.83416743872,15177.047981122085
2024-07-25,-0.0052103541932266,-5210.354193226685,16084.047678546647,16342.075446631954,19577.806609964264
2024-07-26,0.0111996433944392,11199.64339443924,16084.047678546647,16324.383826536934,19212.192473390867
2024-07-29,0.0005877599000807,587.7599000807531,16084.047678546647,16336.292884006738,19689.87881482425
2024-07-30,-0.0050664512812981,-5066.451281298123,16084.047678546647,16340.685418371568,19092.98363831556
2024-07-31,0.0162546125461253,16254.612546125369,16084.047678546647,16362.650128406069,18735.11554968565
2024-08-01,-0.0141609629454801,-14160.962945480193,16084.047678546647,16257.247336787888,20389.646092458333
2024-08-02,-0.0186184416493251,-18618.441649325134,16084.047678546647,16435.85023293506,21352.02968230558
2024-08-05,-0.029123662976168,-29123.662976168085,16424.941399098017,16710.183871588,23261.888028337155
2024-08-06,0.0092195291661834,9219.529166183404,17594.301830614128,17366.2574658777,28001.19034312799
2024-08-07,-0.0066839030929809,-6683.903092980947,17594.301830614128,17341.97244134538,27651.821477766232
2024-08-08,0.0231172637180425,23117.26371804257,17594.301830614128,17341.955303374707,27078.63138168258
2024-08-09,0.0044096862338642,4409.686233864285,17594.301830614128,17552.60198122323,29373.23072498723
2024-08-12,0.0005253381864573,525.3381864573914,17594.301830614128,17539.612913338176,28589.04768418764
2024-08-13,0.0164457029272224,16445.70292722247,17594.301830614128,17546.01749832386,27719.726607330973
2024-08-14,0.0031547487270313,3154.7487270313645,17594.301830614128,17487.535511934395,28462.302759721504
2024-08-15,0.0171402298850575,17140.22988505759,17594.301830614128,17408.792065785652,27653.71965590136
2024-08-16,0.0022420308460049,2242.0308460049387,17594.301830614128,17422.077495636197,28534.91419192878
2024-08-19,0.0095614367411738,9561.436741173824,17594.301830614128,17415.820335987002,27695.109445532413
2024-08-20,-0.0016261324851235,-1626.1324851235547,17594.301830614128,17428.985109933223,27398.606051670857
2024-08-21,0.0034365491319132,3436.549131913269,17594.301830614128,17420.608829958815,26580.091033216675
2024-08-22,-0.0078484534979129,-7848.453497912966,17594.301830614128,17394.103517014362,25844.65111264505
2024-08-23,0.0106252921505878,10625.292150587828,17594.301830614128,17285.66148260008,25453.31051637228
2024-08-26,-0.0023837902264601,-2383.7902264601807,17594.301830614128,17304.624387421467,25409.799288241786
2024-08-27,0.00137306300041,1373.0630004100683,17594.301830614128,17329.326510458915,24673.135125977497
2024-08-28,-0.0058052567846712,-5805.256784671254,17594.301830614128,17273.175807812622,23934.284289544656
2024-08-29,8.955758552753323e-05,89.55758552753323,17594.301830614128,17333.5750339952,23439.755627911607
2024-08-30,0.0095459837019789,9545.9837019789,17594.301830614128,17324.445849907155,22725.74354445298
2024-09-03,-0.0205790519443654,-20579.05194436549,17594.301830614128,17337.655669058655,22694.969676410317
2024-09-04,-0.0020468048108969,-2046.8048108969183,19618.35289979571,17659.022911225078,24933.37795189163
2024-09-05,-0.0024321626281876,-2432.162628187684,19618.35289979571,17611.480437336195,24201.92749728433
2024-09-06,-0.0168301159003657,-16830.11590036576,19618.35289979571,17606.20659031273,23505.533667941934
2024-09-09,0.0111962395440077,11196.239544007723,19618.35289979571,17861.984186825124,24725.200943247502
2024-09-10,0.0043557035925403,4355.703592540339,19618.35289979571,17886.878579711916,24806.454055751485
2024-09-11,0.0102589332896008,10258.933289600813,19618.35289979571,17831.416028983036,24178.483630205155
2024-09-12,0.0084232170556619,8423.217055661959,19618.35289979571,17846.059387343692,24159.8395577191
2024-09-13,0.0052227727199556,5222.7727199556375,19618.35289979571,17845.094968883895,23910.554183079566
2024-09-16,0.0014768420490738,1476.8420490738342,19618.35289979571,17615.090158235027,23372.3994309742
2024-09-17,0.0004086418875701,408.6418875701714,19618.35289979571,17611.579537896967,22676.003453673977
2024-09-18,-0.0029658834603158,-2965.883460315899,19618.35289979571,17596.36297883755,21986.43418158666
2024-09-19,0.0170644816530103,17064.481653010334,19618.35289979571,17519.788106434204,21383.53158482944
2024-09-20,-0.0047812532838278,-4781.253283827836,19618.35289979571,17353.161522318762,22899.24871533456
2024-09-23,0.0024989001319841,2498.900131984172,19618.35289979571,17377.158118202227,22368.194718806924
2024-09-24,0.0028613056681938,2861.3056681938697,19618.35289979571,17379.553373848757,21733.468245389
2024-09-25,-0.0022054962366532,-2205.496236653226,19618.35289979571,17162.75312999063,21134.36720151557
2024-09-26,0.0039646340607677,3964.634060767746,19618.35289979571,17179.657074260536,20529.034683437643
2024-09-27,-0.0014502883103266,-1450.288310326675,19618.35289979571,17178.99109004749,20031.44386934898
2024-09-30,0.0040072094773129,4007.209477312923,19618.35289979571,17171.467235071304,19438.78084870483
2024-10-01,-0.0089584495259341,-8958.449525934164,19618.35289979571,17156.991002204388,18984.424997579084
2024-10-02,0.0004220744961485,422.07449614850566,19618.35289979571,17074.24234814645,19100.87433475345
2024-10-03,-0.001828217839187,-1828.217839187074,19618.35289979571,17080.18401760021,18520.54651076702
2024-10-04,0.0090873868479446,9087.386847944634,19618.35289979571,17089.959094593356,17986.531658114473
2024-10-07,-0.0090404551642292,-9040.455164229244,19618.35289979571,17070.314668511746,18191.19157968173
2024-10-08,0.0094575554772806,9457.555477280666,19618.35289979571,17177.483850964265,18373.97824630005
2024-10-09,0.0069263918209256,6926.391820925693,19618.35289979571,17191.765085161016,18611.582987832957
2024-10-10,-0.0017500086634092,-1750.0086634092415,19618.35289979571,17195.091131157686,18471.21184086497
2024-10-11,0.0059882318226789,5988.231822678936,19618.35289979571,17151.515768038862,17936.247442137384
2024-10-14,0.0081783360364402,8178.336036440248,19618.35289979571,17098.708379855565,17721.464822410584
2024-10-15,-0.0077697152245346,-7769.715224534623,19618.35289979571,17085.419323462927,17802.410753042837
2024-10-16,0.0043464762496119,4346.47624961193,19618.35289979571,17163.02221176982,17818.887384335743
2024-10-17,8.586639189434031e-05,85.86639189434031,19618.35289979571,16972.61959364472,17452.691096410483
2024-10-18,0.0038464840731518,3846.484073151801,19618.35289979571,16877.640231198002,16921.082561180254
2024-10-21,-0.0016421765681932,-1642.17656819321,19618.35289979571,16705.958323862335,16551.372583894932
2024-10-22,-0.0005311584394221,-531.1584394221969,19618.35289979571,16705.2622079017,16074.412211268816
2024-10-23,-0.0091373517108963,-9137.351710896355,19618.35289979571,16716.366381842134,15587.659718405444
2024-10-24,0.0021626671741725,2162.667174172572,19618.35289979571,16613.17123160172,15984.597579582
2024-10-25,-0.0003452800220979,-345.2800220979935,19618.35289979571,16449.01532667059,15546.563800308248
2024-10-28,0.0030913235700471,3091.3235700471555,19618.35289979571,16412.68578084609,15074.23693081689
2024-10-29,0.0016183737065922,1618.3737065922355,19618.35289979571,16381.65861024789,14720.79199886396
2024-10-30,-0.0030252505285593,-3025.250528559398,19618.35289979571,16385.517599681105,14302.100631539512
2024-10-31,-0.0196031102912018,-19603.11029120188,19618.35289979571,16398.33984992498,13973.149348055234
2024-11-01,0.0042205965109736,4220.596510973618,20100.84053431532,16621.72704208146,17558.9169301307
2024-11-04,-0.0021539646959932,-2153.964695993271,20100.84053431532,16608.063125319768,17193.04788815566
2024-11-05,0.0120917498815396,12091.749881539605,20100.84053431532,16631.552179707804,16714.406114160523
2024-11-06,0.0248656147043522,24865.614704352225,20100.84053431532,16666.346213339784,17609.24783602015
2024-11-07,0.007732133188955,7732.133188955048,20100.84053431532,16908.60806932156,22186.71992411165
2024-11-08,0.0043316935578652,4331.693557865224,20100.84053431532,16822.26722004216,21957.43158884813
2024-11-11,0.000952874504756,952.8745047560072,20100.84053431532,16749.44851895772,21431.14232047865
2024-11-12,-0.0031064199345314,-3106.419934531424,20100.84053431532,16738.929993293845,20785.35685766085
2024-11-13,0.0004858435248786,485.8435248786819,20100.84053431532,16639.60333056948,20229.746231760902
2024-11-14,-0.0064301143689613,-6430.114368961348,20100.84053431532,16645.862466231953,19615.42049856157
2024-11-15,-0.0128086289710963,-12808.62897109636,20100.84053431532,16711.490188865544,19367.616520553096
2024-11-18,0.0040973111395645,4097.311139564575,20100.84053431532,16885.205885414405,20146.243731443898
2024-11-19,0.0036555300518574,3655.530051857481,20100.84053431532,16878.568156267997,19671.55682371357
2024-11-20,0.0003388107741826,338.81077418262964,20100.84053431532,16852.846228884824,19185.699237428453
2024-11-21,0.0053683319220998,5368.331922099845,20100.84053431532,16862.5809993282,18602.227465735574
2024-11-22,0.0030993649670691,3099.364967069196,20100.84053431532,16854.56494973185,18293.119302191248
2024-11-25,0.0033920505113262,3392.0505113262943,20100.84053431532,16832.278812059794,17823.55578923135
2024-11-26,0.0052214951550548,5221.495155054879,20100.84053431532,16825.7984468855,17388.34523809686
2024-11-27,-0.0030300507783234,-3030.050778323412,20100.84053431532,16810.178594171583,17119.178551626974
2024-11-29,0.0062121136215618,6212.113621561821,20100.84053431532,16843.757445381634,16687.227494137405
2024-12-02,0.0017923823749066,1792.3823749066426,20100.84053431532,16844.345739181073,16561.599065422302
2024-12-03,0.0004638603117803,463.86031178036194,20100.84053431532,16791.788668885023,16089.516964111452
2024-12-04,0.0062095345332913,6209.534533291317,20100.84053431532,16788.332884183565,15601.60473275159
2024-12-05,-0.0016456571108843,-1645.6571108843798,20100.84053431532,16746.39123335927,15534.66701200322
2024-12-06,0.0018956252266508,1895.6252266508768,20100.84053431532,16763.012193081762,15090.58354928854
2024-12-09,-0.0051496355769072,-5149.635576907285,20100.84053431532,16766.94059741913,14670.684837794435
2024-12-10,-0.003109082489912,-3109.0824899120407,20100.84053431532,16822.337775732252,14523.300362099126
2024-12-11,0.0077305905773059,7730.590577305962,20100.84053431532,16856.414949212576,14191.88107375738
2024-12-12,-0.0051526026405031,-5152.602640503101,20100.84053431532,16809.298455086002,14447.507299411118
2024-12-13,-0.0001985670080916,-198.5670080916213,20100.84053431532,16863.154165034546,14311.798077187828
2024-12-16,0.0042700385627512,4270.0385627512105,20100.84053431532,16814.79376278557,13876.264390629993
2024-12-17,-0.0041200415300186,-4120.041530018659,20100.84053431532,16813.763592265565,13671.80490527004
2024-12-18,-0.0298035711330652,-29803.5711330652,20100.84053431532,16854.990823899545,13461.615251354262
2024-12-19,-0.0003070205362624,-307.02053626241457,21641.57430571317,17355.99672378467,21418.91733826652
2024-12-20,0.0086162770858213,8616.277085821355,21641.57430571317,17352.324750237032,20767.14777671012
2024-12-23,0.0059883278355747,5988.327835574792,21641.57430571317,17360.56474187412,20724.49706692339
2024-12-24,0.0111150347239736,11115.034723973682,21641.57430571317,17362.28522415904,20380.842642800424
2024-12-26,6.652253450867285e-05,66.52253450867285,21641.57430571317,17385.99652598914,20750.239664988723
2024-12-27,-0.0105264908371305,-10526.490837130532,21641.57430571317,17387.51391701908,20118.13948464352
2024-12-30,-0.0114115729147408,-11411.57291474082,21641.57430571317,17487.121311672112,20406.75658578932
2024-12-31,-0.0036380945904592,-3638.094590459273,21641.57430571317,17574.93209116817,20826.307467748884
2025-01-02,-0.0024570024570025,-2457.002457002533,21641.57430571317,17520.46986480673,20297.999924025506
2025-01-03,0.0125034209085934,12503.420908593464,21641.57430571317,17514.02322768948,19729.382254656342
2025-01-06,0.0057606216741277,5760.621674127719,21641.57430571317,17547.86978193806,20412.19971455087
2025-01-07,-0.0113040849234077,-11304.08492340773,21641.57430571317,17491.143708664495,20060.756942320168
2025-01-08,0.0014610196558109,1461.0196558109135,21641.57430571317,17614.69611619719,20488.54806211592
2025-01-10,-0.0152674345620791,-15267.43456207913,21641.57430571317,17618.335476171513,19881.82316540938
2025-01-13,0.0015504143051559,1550.4143051559006,21641.57430571317,17828.685893235215,21148.49089872828
2025-01-14,0.0013760126593165,1376.0126593165278,21641.57430571317,17825.55172562457,20523.24752417713
2025-01-15,0.0181899379927512,18189.93799275126,21641.57430571317,17793.688257481812,19913.469913018955
2025-01-16,-0.0019231418064037,-1923.1418064037389,21641.57430571317,17848.209888345187,21913.301116447736
2025-01-17,0.0100398891217632,10039.889121763235,21641.57430571317,17859.361123840725,21273.97812008549
2025-01-21,0.009153586130727,9153.586130727032,21641.57430571317,17839.920884756026,21404.62918299798
2025-01-22,0.0056214244258354,5621.424425835464,21641.57430571317,17850.370927949687,21398.03297552354
2025-01-23,0.0054580832398918,5458.083239891831,21641.57430571317,17850.031417641483,20992.00686257605
2025-01-24,-0.0029192291922919,-2919.229192291928,21641.57430571317,17844.384808129318,20588.781642370504
2025-01-27,-0.0141454348076385,-14145.434807638523,21641.57430571317,17874.61500462512,20030.757120878665
2025-01-28,0.0085923553064051,8592.35530640512,21641.57430571317,18053.694114010148,21026.896926373363
2025-01-29,-0.0044828955204129,-4482.8955204129215,21641.57430571317,18056.719276761803,20966.06105608908
2025-01-30,0.0053671424535983,5367.142453598372,21641.57430571317,18086.396707144275,20487.233425813705
2025-01-31,-0.0053219621843182,-5321.96218431824,21641.57430571317,17840.51669198473,20097.186423020765
2025-02-03,-0.006729586919677,-6729.586919677066,21641.57430571317,17850.43643377795,19719.53459280093
2025-02-04,0.0067082657209294,6708.265720929418,21641.57430571317,17897.963269321426,19499.586152208987
2025-02-05,0.004054637907541,4054.637907541015,21641.57430571317,17865.235074326192,19288.13657787605
2025-02-06,0.0034755552613285,3475.555261328589,21641.57430571317,17864.16619307042,18842.73338217781
2025-02-07,-0.0091535822667899,-9153.582266789972,21641.57430571317,17854.887154532935,18375.746485139734
2025-02-10,0.0067912845182016,6791.284518201657,21641.57430571317,17950.757909012034,18563.81173603869
2025-02-11,0.0007605191369759,760.5191369759457,21641.57430571317,17953.170200682798,18409.63052006373
2025-02-12,-0.0032214898151359,-3221.489815135925,21641.57430571317,17947.501128240296,17854.05940005755
2025-02-13,0.0105575444179262,10557.544417926223,21641.57430571317,17791.023802226347,17407.21885215624
2025-02-14,-4.9202105850132405e-05,-49.202105850132405,21641.57430571317,17800.55741656075,17917.13547470473
2025-02-18,0.0029358701000492,2935.870100049254,21641.57430571317,17807.25833461094,17371.32997452879
2025-02-19,0.0023549035961338,2354.903596133884,21641.57430571317,17758.51322544506,16925.015039107027
2025-02-20,-0.0041603445744211,-4160.344574421159,21641.57430571317,17704.71809950839,16464.18806686475
2025-02-21,-0.0171040990858153,-17104.09908581534,21641.57430571317,17739.734877739633,16137.70786518018
2025-02-24,-0.0045504550455045,-4550.455045504554,21641.57430571317,17845.859435163627,18433.5327032688
2025-02-25,-0.004973125031396,-4973.12503139602,21641.57430571317,17882.908766732646,18059.101572151856
2025-02-26,0.0005048465266557,504.8465266557223,21641.57430571317,17895.815455727137,17736.800447022524
2025-02-27,-0.0159619201399401,-15961.920139940134,21641.57430571317,17900.421224179452,17198.872185951393
2025-02-28,0.0156055038030937,15605.50380309378,21641.57430571317,18117.35716528628,18994.331256730165
2025-03-03,-0.0175199434514793,-17519.943451479336,21641.57430571317,18193.85932464688,20450.321015868933
2025-03-04,-0.0118368535553384,-11836.853555338475,21641.57430571317,18445.84334664942,22198.94227410405
2025-03-05,0.0107478417640327,10747.841764032764,21641.57430571317,18574.72545507068,22554.85414254814
2025-03-06,-0.0177511748362088,-17751.174836208804,21641.57430571317,18487.667864603063,22709.201126517724
2025-03-07,0.0056049309423615,5604.930942361586,21641.57430571317,18757.151536561083,24229.81612365834
2025-03-10,-0.0266356438394219,-26635.64383942196,21641.57430571317,18738.92570041036,23707.80275134511
2025-03-11,-0.0083128188661744,-8312.81886617441,24688.768628609705,19208.59551065552,27544.63413447768
2025-03-12,0.0053065189235861,5306.518923586134,24688.768628609705,19279.43555191048,27122.373275185742
2025-03-13,-0.013330470413513,-13330.470413513096,24688.768628609705,19254.927590136187,26469.40503171435
2025-03-14,0.0206557614885205,20655.76148852055,24688.768628609705,19403.106819104145,26763.664267994725
2025-03-17,0.007711305769265,7711.305769265042,24688.768628609705,19535.8006849475,28493.13234718001
2025-03-18,-0.0108084281054394,-10808.428105439472,24688.768628609705,19435.448828216075,27972.41365654054
2025-03-19,0.0108908773305764,10890.877330576475,24688.768628609705,19554.75280838109,27810.8307760091
2025-03-20,-0.0028917532135489,-2891.753213548953,24688.768628609705,19578.791492787423,27668.58237136847
2025-03-21,-0.0026702505791437,-2670.250579143718,24688.768628609705,19590.556601433196,26876.248918544068
2025-03-24,0.0179084364693784,17908.436469378452,24688.768628609705,19614.712746024103,26101.87878957322
2025-03-25,0.0024038461538462,2403.846153846256,24688.768628609705,19699.19764035883,27286.795202006386
2025-03-26,-0.0119382754665832,-11938.275466583214,24688.768628609705,19675.10602590469,26490.968103961863
2025-03-27,-0.0026556921507588,-2655.6921507588927,24688.768628609705,19795.078276622626,26569.60830438244
2025-03-28,-0.0201382520984695,-20138.252098469533,24688.768628609705,19809.63957339982,25804.603245395683
2025-03-31,0.0067127380052549,6712.738005254959,24688.768628609705,20113.5503102713,27524.757262648927
2025-04-01,0.0028245052646633,2824.5052646633794,24688.768628609705,20099.45366424798,26958.994805296345
2025-04-02,0.0063283241528067,6328.324152806708,24688.768628609705,20042.18868931027,26187.223359474337
2025-04-03,-0.0492808049316232,-49280.80493162324,24688.768628609705,20039.946175463378,25644.26755362621
2025-04-04,-0.0585429476430037,-58542.94764300372,27904.53359916248,21378.937559168928,37506.92768282576
2025-04-07,-0.001781190626979,-1781.1906269790122,29470.41613618561,23269.693406492912,49348.22219715257
2025-04-08,-0.015662793925215,-15662.79392521508,29470.41613618561,23280.268656240947,47855.64137653315
2025-04-09,0.1050193361263294,105019.3361263294,29470.41613618561,23459.965480377727,47248.41197739424
2025-04-10,-0.0438190368561116,-43819.03685611166,29470.41613618561,27621.76881852205,75364.14600994397
2025-04-11,0.0178428457051356,17842.845705135613,36951.45865181887,28551.31113162314,77216.93168075074
2025-04-14,0.0097014645840356,9701.464584035646,36951.45865181887,28468.61470903912,75551.87243176665
2025-04-15,-0.0028008606618192,-2800.860661819282,36951.45865181887,28350.919254814704,73458.57225575193
2025-04-16,-0.0222280091516156,-22228.009151615603,36951.45865181887,28356.789922888413,71238.60925079655
2025-04-17,0.0014267777650953,1426.7777650953662,36951.45865181887,28599.103404355497,70220.2181348455
2025-04-21,-0.0238027393096634,-23802.73930966348,36951.45865181887,28583.60658856442,68085.88187523991
2025-04-22,0.0260177473340079,26017.747334007967,36951.45865181887,28830.79493915076,67390.79479571829
2025-04-23,0.0154954954954953,15495.495495495335,36951.45865181887,28980.94663918822,66998.76324159015
2025-04-24,0.0210488961936425,21048.896193642584,36951.45865181887,29002.461761116323,65555.10156548819
2025-04-25,0.0072253013590881,7225.301359088166,36951.45865181887,29074.541893380192,64679.89957309087
2025-04-28,0.0003813744006975,381.3744006975206,36951.45865181887,29040.996700069896,62844.50425138496
2025-04-29,0.0062993555414359,6299.355541435903,36951.45865181887,29047.126640402097,60930.39504361359
2025-04-30,0.0003968826670512,396.8826670512904,36951.45865181887,29045.281770165817,59183.169115558536
2025-05-01,0.0070869549536554,7086.954953655411,36951.45865181887,28882.32101899625,57380.657051977854
2025-05-02,0.014844127706054,14844.127706054034,36951.45865181887,28851.86352310947,55778.99368757913
2025-05-05,-0.0057343496365304,-5734.349636530412,36951.45865181887,28876.872692621888,54737.26716589127
2025-05-06,-0.0083583254955547,-8358.325495554709,36951.45865181887,28911.50641197257,53170.25291640472
2025-05-07,0.0042054402290623,4205.440229062329,36951.45865181887,28978.5895466823,51770.0325031241
2025-05-08,0.0069678339125009,6967.833912500998,36951.45865181887,28971.357828276326,50250.083451359584
2025-05-09,-0.0012742009698083,-1274.200969808348,36951.45865181887,28959.69497912561,48880.79083337828
2025-05-12,0.0330474536626854,33047.45366268547,36951.45865181887,28978.342375748733,47397.24687146093
2025-05-13,0.0066038868591229,6603.886859122943,36951.45865181887,29241.0292116284,49662.25898958808
2025-05-14,0.0012780314906959,1278.031490695941,36951.45865181887,29228.487498212613,48296.17750917232
2025-05-15,0.0048843581408806,4884.358140880618,36951.45865181887,29235.973897885862,46830.54443468776
2025-05-16,0.0063340446431596,6334.044643159676,36951.45865181887,29221.58333946928,45489.12592764976
2025-05-19,0.0010939077751599,1093.9077751599414,36951.45865181887,29197.87276486231,44250.79089397742
2025-05-20,-0.0033621921492813,-3362.1921492813512,36951.45865181887,29199.06682604103,42907.26172272496
2025-05-21,-0.0168508054313907,-16850.805431390727,36951.45865181887,29222.541838376837,41644.22882499318
2025-05-22,0.0003946059087946,394.6059087946985,36951.45865181887,29407.98948916257,41501.682092232455
2025-05-23,-0.0068257044367079,-6825.704436707935,36951.45865181887,29390.84115149629,40238.00196210069
2025-05-27,0.0207905233893388,20790.523389338843,36951.45865181887,29386.30362651144,39205.60523388288
2025-05-28,-0.0057853336716569,-5785.3336716569,36951.45865181887,29465.60659360796,39814.70647279264
2025-05-29,0.0039473908087046,3947.390808704654,36951.45865181887,29505.888867694637,38742.30755447714
2025-05-30,-0.001118549275485,-1118.549275485048,36951.45865181887,29445.851007054825,37629.35110990676
2025-06-02,0.0056329425338061,5632.942533806196,36951.45865181887,29406.08424381981,36488.57694353625
2025-06-03,0.0057026201683791,5702.620168379191,36951.45865181887,29402.805324951005,35522.3091964038
2025-06-04,-0.0002684158432453,-268.41584324532874,36951.45865181887,29392.830662760767,34593.1211660705
2025-06-05,-0.0048327823737687,-4832.782373768718,36951.45865181887,29398.517638572557,33539.62409980721
2025-06-06,0.0102689486552567,10268.948655256738,36951.45865181887,29429.02693556093,32634.27560695631
2025-06-09,0.0009012918516539,901.291851653996,36951.45865181887,29422.289464606176,32176.663407288263
2025-06-10,0.0056696905016009,5669.690501600932,36951.45865181887,29412.748145619666,31200.65995492757
2025-06-11,-0.0028520262651721,-2852.026265172114,36951.45865181887,29409.59399256032,30422.201732909078
2025-06-12,0.0039743248636423,3974.324863642353,36951.45865181887,29433.563239838302,29540.158686345425
2025-06-13,-0.0111801242236024,-11180.124223602485,36951.45865181887,29433.399526573983,28729.647628705367
2025-06-16,0.0095142378559462,9514.237855946294,36951.45865181887,29534.72338817137,28573.7070757199
2025-06-17,-0.0085451649299793,-8545.164929979364,36951.45865181887,29528.623997543116,28228.75568204632
2025-06-18,-0.0001506200525495,-150.6200525495105,36951.45865181887,29603.730341198905,27798.586828066203
2025-06-20,-0.0052892340653456,-5289.2340653456495,36951.45865181887,29613.0049484312,26951.866548413072
2025-06-23,0.0098774988221039,9877.49882210398,36951.45865181887,29631.52629582414,26304.051253718768
2025-06-24,0.0110472381904522,11047.23819045228,36951.45865181887,29596.970927031696,26116.46241167257
2025-06-25,0.0005603348824945,560.3348824945176,36951.45865181887,29574.877826446194,26091.6455212919
2025-06-26,0.0078238239557253,7823.82395572534,36951.45865181887,29584.04044961193,25298.803925879376
2025-06-27,0.0049683756353473,4968.375635347356,36951.45865181887,29576.758344556976,24929.98507913818
2025-06-30,0.0047811874908523,4781.187490852323,36951.45865181887,29569.856809963072,24335.76348591474
2025-07-01,-0.0003237031641984,-323.70316419849667,36951.45865181887,29534.049101230103,23751.17883054088
2025-07-02,0.0045333117461345,4533.311746134583,36951.45865181887,29543.09214583148,23028.361009888835
2025-07-03,0.00788137642034,7881.376420340036,36951.45865181887,29543.86592142343,22475.77026991576
2025-07-07,-0.0074519461412992,-7451.946141299292,36951.45865181887,29543.98745203554,22249.05793410002
2025-07-08,-0.0005477862988978,-547.7862988978454,36951.45865181887,29610.227271768363,21985.249181515464
2025-07-09,0.0059967114808006,5996.711480800609,36951.45865181887,29617.31185081381,21317.775387061403
2025-07-10,0.0028202416434319,2820.2416434319757,36951.45865181887,29607.89431440389,20948.927804619558
2025-07-11,-0.0035153878111917,-3515.3878111917616,36951.45865181887,29606.471134289462,20374.219423352617
2025-07-14,0.0019082133350436,1908.2133350436516,36951.45865181887,29561.724102987675,19854.850384890826
2025-07-15,-0.0042732990829211,-4273.2990829211785,36951.45865181887,29567.952060204705,19280.6781921357
2025-07-16,0.0033432989359309,3343.298935930994,36951.45865181887,29602.479198284327,18851.24670481191
2025-07-17,0.0061196373073595,6119.637307359538,36951.45865181887,29605.073886686736,18375.986155058145
2025-07-18,-0.0007324374243677,-732.4374243677934,36951.45865181887,29459.35625809804,18154.249342505875
2025-07-21,0.001896172599509,1896.1725995090276,36951.45865181887,29407.45121076951,17606.14552987279
2025-07-22,0.0001431366000286,143.13660002862605,36951.45865181887,29354.86703714233,17103.955016582666
2025-07-23,0.0085074579397641,8507.457939764152,36951.45865181887,29361.447289223248,16583.100233018096
2025-07-24,0.0003311206067388,331.1206067388994,36951.45865181887,29342.089427404768,16792.885689238505
2025-07-25,0.0042243308849028,4224.330884902816,36951.45865181887,29052.069844020087,16282.400040223458
2025-07-28,-0.0002511379689216,-251.137968921622,36951.45865181887,29005.868938197316,15968.846673894775
2025-07-29,-0.0026376110779666,-2637.611077966673,36951.45865181887,29011.98070721853,15483.032649656872
2025-07-30,-0.0012593268897773,-1259.326889777368,36951.45865181887,29028.954980511207,15086.413505824166
2025-07-31,-0.0037512215112063,-3751.2215112063263,36951.45865181887,29002.962626363107,14644.41343625802
2025-08-01,-0.0163903303379319,-16390.330337931915,36951.45865181887,29001.20273567021,14358.292914535412
2025-08-04,0.0151997683844815,15199.76838448156,36951.45865181887,29036.11160148274,16763.739769037118
2025-08-05,-0.0050699494589412,-5069.949458941236,36951.45865181887,28841.33112951563,18416.87139051073
2025-08-06,0.0076596015733234,7659.60157332346,36951.45865181887,28427.20719392959,18088.03053416532
2025-08-07,-0.0008375738803375,-837.5738803375609,36951.45865181887,28424.657612784864,18071.995598002097
2025-08-08,0.0077975484381178,7797.548438117863,36951.45865181887,28381.21274825069,17527.949103651546
2025-08-11,-0.0019774631972127,-1977.4631972127036,36951.45865181887,28275.624548744672,17565.26181723496
2025-08-12,0.0106459932066929,10645.993206692903,36951.45865181887,28299.169338555057,17067.391859979216
2025-08-13,0.0034231122314023,3423.112231402348,36951.45865181887,28294.83219374764,17624.42173229658
2025-08-14,9.303912295122174e-05,93.03912295122174,36951.45865181887,28257.97911222209,17198.486078012054
2025-08-15,-0.0023412667648654,-2341.2667648654574,36951.45865181887,28268.258889104975,16674.635191959427
2025-08-18,-0.0002175805047869,-217.58050478692948,36951.45865181887,28248.599866303768,16221.614561428298
2025-08-19,-0.005425151562257,-5425.151562257091,36951.45865181887,28257.818553217166,15727.927536712112
2025-08-20,-0.0026570388083961,-2657.038808396184,36951.45865181887,28301.70250482605,15559.007116119774
2025-08-21,-0.0040118474871104,-4011.847487110476,36951.45865181887,28307.958280545245,15160.810392755242
2025-08-22,0.0153567775942098,15356.777594209836,36951.45865181887,28342.68152179913,14875.664758877789
2025-08-25,-0.0044009855728253,-4400.985572825312,36951.45865181887,28304.388717090715,16869.668118143923
2025-08-26,0.0041869659283702,4186.965928370201,36951.45865181887,28336.625248659635,16546.897999708573
2025-08-27,0.002278504557009,2278.5045570090647,36951.45865181887,28311.71213809912,16219.256948841636
2025-08-28,0.0035414379165827,3541.4379165827904,36951.45865181887,28308.897231236715,15778.663320036165
2025-08-29,-0.0059637551624237,-5963.755162423756,36951.45865181887,28258.93794760752,15430.512997777794
2025-09-02,-0.007410278273002,-7410.278273002003,36951.45865181887,28299.52829292596,15341.56366563667
2025-09-03,0.0054195886110548,5419.588611054849,36951.45865181887,28361.651348231397,15461.969821053774
2025-09-04,0.0083574113772642,8357.411377264201,36951.45865181887,28096.7967706181,15305.738487404262
2025-09-05,-0.0028962287404485,-2896.228740448592,36951.45865181887,28074.3757844657,15584.920565111484
2025-09-08,0.0024565848835054,2456.5848835054194,36951.45865181887,28077.420727362543,15200.003554819372
2025-09-09,0.0023118536442519,2311.8536442519044,36951.45865181887,27884.28180888188,14803.286345600043
2025-09-10,0.0028908400350591,2890.840035059128,36951.45865181887,27879.64622325368,14412.65193969842
2025-09-11,0.0083102068352216,8310.206835221656,36951.45865181887,27882.33311906272,14070.347601682904
2025-09-12,-0.0003345346167298,-334.5346167298313,36951.45865181887,27877.524443943552,14440.24848697249
2025-09-15,0.0053239226662205,5323.922666220504,36951.45865181887,27890.583671197008,14001.638104062433
2025-09-16,-0.0013768894403171,-1376.8894403171084,36951.45865181887,27890.52869404949,13909.955107890091
2025-09-17,-0.0012424242424242,-1242.424242424267,36951.45865181887,27903.390314229426,13509.005891276922
2025-09-18,0.0046724718589763,4672.471858976346,36951.45865181887,27911.405710761974,13116.587956446505
2025-09-19,0.0021743726029053,2174.372602905317,36951.45865181887,27881.62349166457,12992.74156638234
2025-09-22,0.0047310531866806,4731.053186680656,36951.45865181887,27840.2031996594,12657.719617622914
2025-09-23,-0.0054435846679863,-5443.584667986334,36951.45865181887,27796.931987928096,12564.744958338022
2025-09-24,-0.0031814960570558,-3181.496057055866,36951.45865181887,27841.841132875285,12570.702512160378
2025-09-25,-0.0046135229163516,-4613.522916351642,36951.45865181887,27869.835427819893,12321.84778258577
2025-09-26,0.0057290479446852,5729.047944685206,36951.45865181887,27886.920284854263,12232.320109334174
2025-09-29,0.0028104318394728,2810.4318394728266,36951.45865181887,27885.49939168837,12300.797728199475
2025-09-30,0.0037668756027,3766.87560270006,36951.45865181887,27868.50823530434,12033.11293732972
2025-10-01,0.0034074874658502,3407.487465850289,36951.45865181887,27868.8811859958,11862.357901614678
2025-10-02,0.0011519186176975,1151.9186176975893,36951.45865181887,27786.70364454221,11663.740557353678
2025-10-03,-1.4942769194004056e-05,-14.942769194004056,36951.45865181887,27783.820092998078,11327.450776034962
2025-10-06,0.003586318196082,3586.3181960820166,36951.45865181887,27774.28685879288,10982.374293503884
2025-10-07,-0.0037075088220842,-3707.50882208426,36951.45865181887,27772.72359879682,10842.147162526711
2025-10-08,0.0059630559540888,5963.055954088858,36951.45865181887,27722.50792739316,10722.052834645743
2025-10-09,-0.0028970004902616,-2897.0004902616474,36951.45865181887,27717.83006737149,10936.6746450297
2025-10-10,-0.0270278324095595,-27027.832409559527,36951.45865181887,27747.227929435638,10731.234640556617
2025-10-13,0.0153440935959081,15344.09359590816,36951.45865181887,28137.10231808377,18586.40297339373
2025-10-14,-0.0012216457528956,-1221.6457528956282,36951.45865181887,28170.91355692352,20029.430615868427
2025-10-15,0.0044395451731271,4439.545173127169,36951.45865181887,28188.040382664632,19431.726994277305
2025-10-16,-0.0068102890990272,-6810.289099027255,36951.45865181887,28118.294557288194,19008.85207102105
2025-10-17,0.0056763138774522,5676.313877452266,36951.45865181887,28178.39408042252,18833.918914300848
2025-10-20,0.0104005177681782,10400.517768178295,36951.45865181887,28165.70425683077,18544.43207492307
2025-10-21,-1.4896469536673784e-05,-14.896469536673784,36951.45865181887,28171.69359179026,18931.104841993707
2025-10-22,-0.0051989453142456,-5198.945314245695,36951.45865181887,28163.39065568806,18354.389087130272
2025-10-23,0.0059299191374664,5929.919137466432,36951.45865181887,28194.357621629828,18040.15740023005
2025-10-24,0.0081725616291532,8172.561629153252,36951.45865181887,28108.496152514443,17814.001640967035
2025-10-27,0.0117977113325951,11797.711332595109,36951.45865181887,28104.772321161352,17888.15834246587
2025-10-28,0.0026560037359173,2656.003735917345,36951.45865181887,28101.98279393005,18600.608330759376
2025-10-29,0.0004803073967338,480.3073967338811,36951.45865181887,28103.027223310903,18097.35666346489
2025-10-30,-0.0109981233360972,-10998.123336097287,36951.45865181887,28107.31906134991,17548.172810721895
2025-10-31,0.0032802318226614,3280.231822661461,36951.45865181887,28185.65648646053,18131.161442201515
2025-11-03,0.0018766677418409,1876.6677418409208,36951.45865181887,27940.21148511707,17677.91185800314
2025-11-04,-0.0118535428922644,-11853.54289226448,36951.45865181887,27945.598384113742,17172.700916107842
2025-11-05,0.0034654345121734,3465.434512173404,36951.45865181887,28041.39501638788,17967.52434962985
2025-11-06,-0.0107293603707312,-10729.360370731243,36951.45865181887,28030.02007807133,17531.730620259554
2025-11-07,0.0009846190568543,984.619056854319,36951.45865181887,27999.148279697223,18063.79397629958
2025-11-10,0.0156042744086919,15604.274408691945,36951.45865181887,28006.661441855536,17522.483138206237
2025-11-11,0.0022892697816387,2289.269781638792,36951.45865181887,28042.056330476506,19175.004521103958
2025-11-12,0.0005563689604686,556.3689604686228,36951.45865181887,28037.74770032221,18636.56877263564
2025-11-13,-0.0165939887032106,-16593.988703210605,36951.45865181887,28017.85992264772,18071.60501541012
2025-11-14,-0.0001636807332896,-163.68073328965062,36951.45865181887,28197.920856790734,19909.827676673693
2025-11-17,-0.0093164466536692,-9316.446653669263,36951.45865181887,28154.574202575408,19303.51945516568
2025-11-18,-0.0083975543437437,-8397.554343743785,36951.45865181887,28109.82879182542,19453.848379621373
2025-11-19,0.003863168100836,3863.1681008360897,36951.45865181887,28185.460254045174,19458.765131878703
2025-11-20,-0.0152422920785355,-15242.292078535558,36951.45865181887,28185.13598046584,18993.97211715013
2025-11-21,0.0099612278362679,9961.22783626796,36951.45865181887,28341.13601144608,20360.860048935
2025-11-24,0.0147186015811116,14718.6015811116,36951.45865181887,28347.62760218845,20540.4674316362
2025-11-25,0.0094058887742436,9405.888774243642,36951.45865181887,28374.54025929124,21608.82283004292
2025-11-26,0.0069034991555805,6903.499155580528,36951.45865181887,28376.903452421266,21625.27248709336
2025-11-28,0.0054584510357815,5458.451035781575,36951.45865181887,28377.11574133184,21332.336183042036
2025-12-01,-0.0045654750581659,-4565.475058165957,36951.45865181887,28347.153438125613,20915.04710189097
2025-12-02,0.0018522057418377,1852.2057418377533,36951.45865181887,28388.321445822345,20444.09531256081
2025-12-03,0.0034627969421743,3462.7969421743287,36951.45865181887,28388.138763750223,19849.36662286958
2025-12-04,0.0007311117284942,731.1117284942715,36951.45865181887,28379.28452756744,19345.57167552277
2025-12-05,0.0018995017460805,1899.5017460805564,36951.45865181887,28389.23923861223,18760.853984024863
2025-12-08,-0.0030042730680045,-3004.2730680045483,36951.45865181887,28373.90792059499,18221.50008342427
2025-12-09,-0.0008630399485102,-863.0399485102247,36951.45865181887,28397.594610624332,17749.153090669603
2025-12-10,0.006632115249473,6632.115249473048,36951.45865181887,28368.981960133784,17215.468287908057
2025-12-11,0.0023270357927192,2327.035792719201,36951.45865181887,28338.638153211225,17113.51871176525
2025-12-12,-0.0107520640770781,-10752.064077078185,36951.45865181887,28342.24187759925,16645.075153721544
2025-12-15,-0.0015107955878901,-1510.7955878901346,36951.45865181887,28400.47678612747,17261.92775118525
2025-12-16,-0.0027323608479132,-2732.3608479132845,36951.45865181887,28407.115066882547,16758.18787108328
2025-12-17,-0.0110035794776613,-11003.579477661397,36951.45865181887,28433.91916674646,16322.098363967116
2025-12-18,0.0075513851653261,7551.385165326164,36951.45865181887,28503.132729634035,17021.81452576752
2025-12-19,0.0060904400786434,6090.440078643455,35591.34667730108,28024.333813938043,17055.026315896434
2025-12-22,0.0062298887729763,6229.888772976366,35591.34667730108,28009.5641757564,16895.74623294481
2025-12-23,0.0045704773447425,4570.477344742585,35591.34667730108,28006.892075792835,16761.291577643442
2025-12-24,0.0035176463747892,3517.646374789241,35591.34667730108,28007.5984566719,16458.051854554724
2025-12-26,-0.0001013934354993,-101.39343549930844,35591.34667730108,27999.51781974053,16082.082460011112
2025-12-29,-0.0035636163462791,-3563.6163462791083,35591.34667730108,28000.27163872034,15592.264490323849
2025-12-30,-0.001221196481791,-1221.196481791087,35591.34667730108,27931.761614055336,15253.04053082422
2025-12-31,-0.0074089169007729,-7408.916900772944,35591.34667730108,27836.781231870475,14804.735153596
2026-01-02,0.0018330595964335,1833.0595964335396,35591.34667730108,27869.700401966635,14961.736886345025
2026-01-05,0.0066601285185239,6660.128518523933,35591.34667730108,27849.271646210644,14543.501271554023
2026-01-06,0.0059471878089918,5947.187808991838,35591.34667730108,27833.039323729878,14602.261771075187
2026-01-07,-0.0032234283979704,-3223.428397970407,35591.34667730108,27833.02980780855,14557.37948458815
2026-01-08,-0.0001015110647061,-101.51106470612793,35591.34667730108,27751.658493369097,14232.92640027399
2026-01-09,0.0066133921190412,6613.3921190412175,35591.34667730108,27757.937436944994,13799.455362130568
2026-01-12,0.0015704467849062,1570.4467849062542,35591.34667730108,27585.53745890068,13899.692704864618
2026-01-13,-0.0019995396743195,-1999.5396743195392,35591.34667730108,27585.4691766388,13505.932480742997
2026-01-14,-0.0049151736166164,-4915.173616616419,35591.34667730108,27601.7984295496,13143.966535259757
2026-01-15,0.0027232168723565,2723.2168723565487,35591.34667730108,27589.45982277534,13047.710916971631
2026-01-16,-0.0008378597018375,-837.8597018375845,35591.34667730108,27569.832367187424,12745.047741290582
2026-01-20,-0.0203568227163634,-20356.82271636341,35591.34667730108,27580.52788168698,12366.002558991771
2026-01-21,0.0115410726408688,11541.0726408689,35591.34667730108,27839.04883145208,16682.456542982043
2026-01-22,0.0052232273125183,5223.227312518342,35591.34667730108,27851.75239418512,17460.148124198862
2026-01-23,0.0003628552352752,362.855235275239,35591.34667730108,27851.83348977025,17187.909646803582
2026-01-26,0.0050781306675564,5078.130667556468,35591.34667730108,27834.06785407824,16665.579402462474
2026-01-27,0.0039842362825344,3984.236282534415,35591.34667730108,27681.36922139241,16414.94957026849
2026-01-28,-0.0001006484636731,-100.64846367319193,35591.34667730108,27679.83950773542,16076.009611168098
2026-01-29,-0.0019844122976042,-1984.4122976042652,35591.34667730108,27652.437730024496,15586.375117501586
2026-01-30,-0.0029825370295659,-2982.537029565968,35591.34667730108,27675.88916942093,15153.80055783192
2026-02-02,0.0049713137852795,4971.313785279596,35591.34667730108,27657.943361611276,14790.12881251579
2026-02-03,-0.0084554435512862,-8455.443551286246,35591.34667730108,27597.34752986399,14616.702653712631
2026-02-04,-0.0048438791640681,-4843.879164068143,35591.34667730108,27675.7297349873,14968.111644147528
2026-02-05,-0.0124892522479197,-12489.252247919749,35591.34667730108,27718.11960544165,14772.28874127831
2026-02-06,0.019184793837254,19184.793837254023,35591.34667730108,27843.91245162377,15993.016695641802
2026-02-09,0.0048217543656425,4821.754365642583,35591.34667730108,27826.836892421703,18972.161268452703
2026-02-10,-0.0026370775992506,-2637.0775992506924,35591.34667730108,27826.923540280623,18598.27140783956
2026-02-11,-0.0002311737848927,-231.1737848927908,35591.34667730108,27844.549651932684,18094.20001313695
2026-02-12,-0.0154488698768715,-15448.869876871551,35591.34667730108,27827.238048524207,17543.47236994501
2026-02-13,0.0007045664714431,704.5664714431243,35591.34667730108,27991.11372132113,19152.17069695406
2026-02-17,0.0016134946828016,1613.494682801697,35591.34667730108,27987.988516891422,18573.058343803325
2026-02-18,0.0050377095994726,5037.709599472695,35591.34667730108,27991.50715489815,18030.70532980342
2026-02-19,-0.0026373690422415,-2637.3690422415443,35591.34667730108,27987.27027458568,17715.54984259718
2026-02-20,0.0072317671809256,7231.767180925663,35591.34667730108,27976.61781732244,17241.487166696083
2026-02-23,-0.010211334000551,-10211.334000551076,35591.34667730108,27776.728995529797,17216.70033672205
2026-02-24,0.007268570758657,7268.570758657056,35591.34667730108,27833.998610188915,17677.3361676388
2026-02-25,0.008438204699207,8438.204699207086,35591.34667730108,27789.860216222925,17632.19307938996
2026-02-26,-0.0055543533145784,-5554.35331457843,35591.34667730108,27781.1492723852,17758.413862557973
2026-02-27,-0.0048019730161031,-4801.973016103189,35591.34667730108,27648.26245043691,17505.92119060678
2026-03-02,0.0005685214070176,568.5214070176859,35591.34667730108,27656.12883904814,17191.782765035274
2026-03-03,-0.0088143593927561,-8814.3593927561,35591.34667730108,27456.25916471265,16671.199831015096
2026-03-04,0.0070553995854951,7055.39958549517,35591.34667730108,27418.390492343427,16925.753341516098
2026-03-05,-0.0055755841957001,-5575.584195700145,35591.34667730108,27409.839706873343,16895.445269440588
2026-03-06,-0.0131071024937252,-13107.102493725264,35591.34667730108,27244.182305884697,16686.015866810263
2026-03-09,0.0087599274219933,8759.927421993385,35591.34667730108,27383.999819444827,17818.59396831283
2026-03-10,-0.0016070296489598,-1607.029648959868,35591.34667730108,26975.354115433485,17982.477250349046
2026-03-11,-0.0012552054106735,-1255.2054106735875,35591.34667730108,26918.08305156831,17458.69142290675
2026-03-12,-0.0151848949477327,-15184.894947732786,35591.34667730108,26938.27570493855,16941.93470060804
2026-03-13,-0.0056601507371707,-5660.150737170744,35591.34667730108,26967.58111328885,18565.56531136744
2026-03-16,0.0101768107626567,10176.810762656753,35591.34667730108,26934.117451768125,18286.671474212697
2026-03-17,0.0026306742597492,2630.674259749277,35591.34667730108,26940.175453956293,18653.90006425953
2026-03-18,-0.0139536963878412,-13953.696387841275,35591.34667730108,26835.21327766457,18147.64646133208
2026-03-19,-0.0024643575283854,-2464.357528385475,35591.34667730108,26978.8603764577,19308.04057447345
2026-03-20,-0.0170203091846012,-17020.30918460129,35591.34667730108,26976.02120003056,18772.437505853104
2026-03-23,0.010500023127804,10500.02312780407,35591.34667730108,27151.591555501,20623.451395339885
2026-03-24,-0.0033568311513931,-3356.8311513931803,35591.34667730108,27102.347155180298,20871.199821246093
2026-03-25,0.0055727364585567,5572.736458556715,35591.34667730108,27130.20142219404,20325.588283109704
2026-03-26,-0.0178587740933588,-17858.774093358898,35591.34667730108,27007.98618232063,19960.60812636562
2026-03-27,-0.0170518842332078,-17051.884233207802,35591.34667730108,27198.416870613324,21865.112414430077
2026-03-30,-0.0033433739689949,-3343.373968994978,35591.34667730108,27139.708503254715,23319.821861718083
2026-03-31,0.0290678354985205,29067.835498520544,35591.34667730108,27171.21222129553,22689.53380003922
2026-04-01,0.0075345204047112,7534.520404711254,35591.34667730108,27379.91758423257,27537.05335012755
2026-04-02,0.0009004334289726,900.4334289726135,35591.34667730108,27380.950034726942,27041.183741383706
2026-04-06,0.004726834698016,4726.834698016047,25447.53679061046,26192.33218686936,26222.420798051186
2026-04-07,0.0004401074469215,440.10744692157823,23031.12153222002,24482.081205129525,25565.865873088984
2026-04-08,0.0254694942507811,25469.494250781157,23031.12153222002,24469.808107059314,24788.295287141773
2026-04-09,0.0057691454268427,5769.145426842703,23031.12153222002,24433.835877803733,28075.473002921037
2026-04-10,-0.0006618523039813,-661.852303981303,23031.12153222002,19783.295984488,27417.981524320403
2026-04-13,0.0097724663703528,9772.466370352897,21311.127798342022,18529.02270918772,26585.39464708316
2026-04-14,0.0121848127095176,12184.812709517655,21311.127798342022,18446.836570071137,26370.186346817038
2026-04-15,0.0078910232410793,7891.023241079376,21311.127798342022,18464.30656248107,26492.89814468614
2026-04-16,0.0024573534874416,2457.3534874416937,21311.127798342022,18439.10222186417,26076.437333071623
2026-04-17,0.0120856255166319,12085.625516631948,19132.778891091195,18035.07975226013,25320.79304437062
2026-04-20,-0.0019996057115497,-1999.605711549779,19132.778891091195,18059.14827974988,25497.10661974348
2026-04-21,-0.0065470143357038,-6547.014335703816,17463.398061884858,17620.483725091206,24746.60869311984
2026-04-22,0.0101266901488468,10126.690148846816,17463.398061884858,17431.122962174883,24281.04804120792
2026-04-23,-0.0038807103387185,-3880.710338718507,17463.398061884858,17379.558457241532,24238.2853181168
2026-04-24,0.0077493118780436,7749.311878043619,17463.398061884858,17259.871767461675,23603.706618321947
2026-04-27,0.001722833851584,1722.8338515840046,17463.398061884858,17261.763490093737,23306.79127434121
2026-04-28,-0.0048659759218087,-4865.975921808707,17463.398061884858,17256.364450318157,22618.08854229054
2026-04-29,-0.0001545616771346,-154.56167713467917,17463.398061884858,17305.481593182365,22103.658822732574
2026-04-30,0.0099496894235362,9949.689423536243,17463.398061884858,17308.28134454271,21430.473315742343
2026-05-01,0.0027690423844377,2769.0423844377588,17463.398061884858,17322.206381869404,21537.28704356445
2026-05-04,-0.0036633594671476,-3663.359467147687,17463.398061884858,17258.82119099893,20940.70730233071
2026-05-05,0.0080221723931421,8022.172393142179,17463.398061884858,17236.48635226397,20409.805294533115
2026-05-06,0.0138994431932797,13899.443193279736,17463.398061884858,17147.50168771208,20309.19920000296
2026-05-07,-0.0030661052287314,-3066.1052287314083,17463.398061884858,17200.660931864655,21223.775794667235
2026-05-08,0.0082561032286283,8256.103228628353,17463.398061884858,17230.47168960613,20651.255967367168
2026-05-11,0.002277595509883,2277.595509883046,17463.398061884858,17219.588161972122,20567.43655283461
2026-05-12,-0.0015149465710807,-1514.9465710807551,17463.398061884858,16725.5790360694,19983.06064287235
2026-05-13,0.0055948413666042,5594.841366604264,17463.398061884858,16742.287419796925,19393.519233346884
2026-05-14,0.007894275976344,7894.275976344067,17463.398061884858,16738.173685602538,19071.08652592746
2026-05-15,-0.0120293516179478,-12029.351617947825,17463.398061884858,16746.148841129805,19029.450448257856
2026-05-18,-0.0007034917542648,-703.4917542648733,17463.398061884858,16904.688054608014,19681.98602394725
2026-05-19,-0.0066608001083056,-6660.800108305609,17463.398061884858,16913.42202303526,19086.6036900177
2026-05-20,0.0102490016763658,10249.001676365888,17463.398061884858,16950.354290731677,18890.39079260438
2026-05-21,0.0019831365935918,1983.1365935918388,17463.398061884858,16701.439556829795,19223.54381511525
2026-05-22,0.0039314950452391,3931.4950452391527,17463.398061884858,16695.465706256586,18672.14509617556
2026-05-26,0.0066385923501959,6638.592350195927,17463.398061884858,16619.82209819539,18241.41027703419
2026-05-27,-0.0001731970849597,-173.19708495977525,17463.398061884858,16453.78384586607,18085.754951986368
2026-05-28,0.0055166164752284,5516.616475228498,17463.398061884858,16403.5137458518,17535.06774332218
2026-05-29,0.0024913861648554,2491.386164855447,17463.398061884858,16404.528526779864,17289.06921519263
2026-06-01,0.0027231387478847,2723.138747884768,17463.398061884858,16388.588023088814,16822.386834897246
2026-06-02,0.0013578717008992,1357.8717008992935,17463.398061884858,16388.75860685447,16383.560238703643
2026-06-03,-0.007017128111958,-7017.128111958093,17463.398061884858,16392.4383958745,15903.2856805729
2026-06-04,0.0037786380992788,3778.638099278808,17463.398061884858,16458.416839827067,15928.859182290296
2026-06-05,-0.0258093489545497,-25809.348954549783,17463.398061884858,16407.694028152528,15592.983603591916
2026-06-08,0.0022642532709646,2264.253270964689,19132.778891091195,16939.620968831172,21091.50886415681
2026-06-09,-0.0029355266361842,-2935.526636184238,19132.778891091195,16935.365895383977,20489.6412204086
2026-06-10,-0.0157655518621532,-15765.551862153226,19132.778891091195,16964.344157535026,19935.74764020658
2026-06-11,0.0169968156817337,16996.815681733722,19132.778891091195,17174.813879807294,21314.2306013501
2026-06-12,0.0054082628497071,5408.26284970719,19132.778891091195,17274.661521605038,22822.044990985414
2026-06-15,0.017633973710819,17633.973710819097,19132.778891091195,17133.455462459362,22340.381443318933
2026-06-16,-0.0059616072493143,-5961.607249314382,19132.778891091195,17224.447399898963,23877.166523890548
2026-06-17,-0.0124878386843122,-12487.838684312246,19132.778891091195,17188.7659633984,23397.70303100937
2026-06-18,0.0078006909954653,7800.69099546532,19132.778891091195,17344.82100583702,23774.84366678792
2026-06-22,-0.0031470123470016,-3147.0123470016542,19132.778891091195,17297.723730645146,23475.256755656977
2026-06-23,-0.0145219575760017,-14521.95757600172,19132.778891091195,17311.81360510766,22830.643472693693
2026-06-24,-0.0004634804656615,-463.480465661581,19132.778891091195,17492.641367098284,23631.376538897373
2026-06-25,0.0014456385358134,1445.638535813476,19132.778891091195,17497.63687914008,22912.99179032072
2026-06-26,-0.0072313768214625,-7231.376821462576,19132.778891091195,17493.848861404447,22230.238208738025
2026-06-29,0.0164748487633574,16474.848763357473,19132.778891091195,17569.756444113817,21943.396994082937
2026-06-30,0.0077867746288797,7786.774628879778,19132.778891091195,17660.002688108994,23254.158830699816
2026-07-01,-0.00135249139628,-1352.49139628002,19132.778891091195,17655.837478482008,22978.23299165135
2026-07-02,-0.0013140956876207,-1314.095687620753,19132.778891091195,17673.754210134393,22291.550347142325
2026-07-06,0.0087274094363436,8727.409436343647,19132.778891091195,17683.046402021773,21625.42843138192
2026-07-07,-0.0047518901075497,-4751.890107549728,19132.778891091195,17615.936540772655,21548.370951707293
2026-07-08,-0.0030894330689706,-3089.4330689706926,19132.778891091195,17649.801641003003,21066.668864435094
2026-07-09,0.0084652535551381,8465.253555138164,19132.778891091195,17678.71546986239,20500.62257105297
2026-07-10,0.0043101728060024,4310.1728060024325,19132.778891091195,17688.671365375434,20453.07174166963
2026-07-13,-0.0076561361679582,-7656.136167958239,19132.778891091195,17653.838350362254,19981.512762484395
2026-07-14,0.0035505959928989,3550.595992898975,19132.778891091195,17733.18508215591,19857.96450018552
2026-07-15,0.0039636619980578,3963.6619980578657,19132.778891091195,17691.45040730156,19359.02908145319
2026-07-16,-0.0054185821597486,-5418.582159748664,19132.778891091195,17691.05774981705,18904.685620593864
2026-07-17,-0.0098971653878944,-9897.165387894423,19132.778891091195,17742.881237049478,18587.034154078538
2026-07-20,-0.0016144438913477,-1614.4438913477943,19132.778891091195,17844.52083100459,18882.69399922124
2026-07-21,0.0083413063105552,8341.306310555297,19132.778891091195,17860.86989743222,18330.55121508796
2026-07-22,-0.0011626663815683,-1162.666381568367,19132.778891091195,17861.954046488918,18396.7739307728
2026-07-23,-0.0123493129607578,-12349.312960757808,19132.778891091195,17867.090634617685,17848.63466190534
2026-07-24,0.0010160123547102,1016.0123547102718,19132.778891091195,18016.65411770814,18681.00542377086
2026-07-27,0.0002165293058884,216.52930588844652,19132.778891091195,18022.053114214807,18121.157843972334
2026-07-28,0.0023948368940183,2394.836894018315,19132.778891091195,18019.831652055407,17569.547634775117
2026-07-29,-0.0153875226088598,-15387.522608859894,19132.778891091195,17995.251456345668,17088.884570607155
2026-07-30,0.0167658267759713,16765.82677597138,19132.778891091195,18198.48217526888,18745.4669778775
2026-07-31,0.007199773490272,7199.77349027201,19132.778891091195,18255.34379172622,20532.50354220653
2026-08-03,0.0142430692207808,14243.069220780892,19132.778891091195,18016.45241239105,20325.37273782482
2026-08-04,0.0180289571977247,18028.957197724794,19132.778891091195,18004.823530723643,21312.1227216834
2026-08-05,-0.0019965514111989,-1996.5514111989212,19132.778891091195,18063.48829481715,23075.96544350786
2026-08-06,-0.0015978383715039,-1597.8383715039568,19132.778891091195,18079.96883448652,22401.88718814824
2026-08-07,0.0061153325700011,6115.3325700011865,19132.778891091195,18084.78780442268,21738.51188568266
2026-08-10,-0.0002974419988102,-297.44199881021063,19132.778891091195,18079.623385164527,21362.40943774458
2026-08-11,-0.0031952188142763,-3195.2188142763125,19132.778891091195,18069.13643967677,20712.317899032245
2026-08-12,0.0025046719269103,2504.6719269103955,19132.778891091195,18077.62212200882,20163.71109796625
2026-08-13,0.006977436601121,6977.436601121045,19132.778891091195,18078.956889267487,19601.474006294004
2026-08-14,-0.0019797398056254,-1979.739805625491,19132.778891091195,18073.384415256704,19415.79970415959
2026-08-17,-0.0047273101991396,-4727.310199139633,19132.778891091195,18070.711520002347,18858.08989175269
2026-08-18,-0.0067557948412645,-6755.79484126454,19132.778891091195,18105.6249819232,18480.97473947137
2026-08-19,0.002097856537885,2097.856537885079,19132.778891091195,18121.448163921064,18326.860654585296
2026-08-20,-0.0083998647699787,-8399.864769978782,19132.778891091195,18096.681976407715,17808.71858601035
2026-08-21,0.0040912667191188,4091.266719118858,19132.778891091195,18149.45087845204,17917.379517636335
2026-08-24,-0.0029384109073813,-2938.4109073813397,19132.778891091195,18077.831263317195,17527.28579253159
2026-08-25,0.0031959343523648,3195.934352364871,19132.778891091195,18064.55504193313,17075.627783469507
2026-08-26,0.0002219581935214,221.9581935214432,19132.778891091195,18065.11325020316,16655.301394954877
2026-08-27,0.0065528404344192,6552.840434419282,19132.778891091195,18072.06547728658,16148.40914285041
2026-08-28,-0.0022694851510828,-2269.4851510828285,19132.778891091195,18075.10353070042,16095.588337766556
2026-08-31,-0.0029895366218236,-2989.536621823663,19132.778891091195,18039.612403772328,15658.746573309072
