Date,Last Price,SPY_Return,Portfolio_PnL,EWMA_Volatility,VaR_99,Loss,Exception
2010-12-31,125.75,0.0002386255170219176,238.62551702191757,0.011302654309368604,26293.9058236182,-238.62551702191757,False
2011-01-03,127.05,0.010337972166998055,10337.972166998055,0.010958485812333097,25493.250172227814,-10337.972166998055,False
2011-01-04,126.98,-0.000550964187327807,-550.964187327807,0.010922249160896166,25408.951115195152,550.964187327807,False
2011-01-05,127.64,0.0051976689242401175,5197.668924240117,0.010590373403278954,24636.892652016657,-5197.668924240117,False
2011-01-06,127.39,-0.0019586336571607577,-1958.6336571607576,0.010346380721121094,24069.280794597198,1958.6336571607576,False
2011-01-07,127.14,-0.0019624774315095683,-1962.4774315095683,0.01004265468553912,23362.70837743022,1962.4774315095683,False
2011-01-10,126.98,-0.001258455246185286,-1258.4552461852861,0.009748574121642253,22678.57468281201,1258.4552461852861,False
2011-01-11,127.43,0.0035438651756183326,3543.8651756183326,0.009456618747588534,21999.384919067343,-3543.8651756183326,False
2011-01-12,128.58,0.009024562504904798,9024.562504904798,0.009209534118074918,21424.580116490175,-9024.562504904798,False
2011-01-13,128.3675,-0.0016526675999378737,-1652.6675999378738,0.009198540713393773,21399.005632881723,1652.6675999378738,False
2011-01-14,129.3,0.007264299764348392,7264.299764348392,0.008927499134268125,20768.468631506097,-7264.299764348392,False
2011-01-18,129.52,0.001701469450889448,1701.469450889448,0.008836539447588934,20556.86475777654,-1701.469450889448,False
2011-01-19,128.25,-0.009805435453984046,-9805.435453984046,0.008577474193596052,19954.18885491235,9805.435453984046,False
2011-01-20,128.08,-0.0013255360623780632,-1325.5360623780632,0.008656065711154966,20137.02006470317,1325.5360623780632,False
2011-01-21,128.37,0.0022642098688319123,2264.2098688319124,0.008398645601002737,19538.171338715176,-2264.2098688319124,False
2011-01-24,129.1,0.005686686920620021,5686.686920620021,0.0081616549691331,18986.848686097648,-5686.686920620021,False
2011-01-25,129.17,0.0005422153369480931,542.2153369480931,0.008034684786166384,18691.471870886453,-542.2153369480931,False
2011-01-26,129.67,0.003870867848571713,3870.867848571713,0.007791048060727623,18124.68809262372,-3870.867848571713,False
2011-01-27,129.99,0.002467802884244863,2467.802884244863,0.007612977155197562,17710.433220115337,-2467.802884244863,False
2011-01-28,127.72,-0.01746288176013544,-17462.88176013544,0.007405766601787799,17228.389389711705,17462.88176013544,True
2011-01-31,128.68,0.007516442217350594,7516.442217350594,0.008357738365410497,19443.00687816228,-7516.442217350594,False
2011-02-01,130.74,0.016008703761268173,16008.703761268172,0.00830966289123581,19331.16660102249,-16008.703761268172,False
2011-02-02,130.485,-0.0019504359798072635,-1950.4359798072635,0.008960144155703361,20844.412307719977,1950.4359798072635,False
2011-02-03,130.78,0.0022607962601064457,2260.7962601064455,0.008700309438416865,20239.946365558535,-2260.7962601064455,False
2011-02-04,131.15,0.0028291787735128526,2829.178773512853,0.00845342139305358,19665.598886101558,-2829.178773512853,False
2011-02-07,131.97,0.006252382767823139,6252.382767823139,0.008225142455032223,19134.54266394727,-6252.382767823139,False
2011-02-08,132.57,0.00454648783814493,4546.487838144931,0.008120303425227496,18890.650609844542,-4546.487838144931,False
2011-02-09,132.269,-0.0022704986045107844,-2270.4986045107844,0.007951301852806224,18497.494161132756,2270.4986045107844,False
2011-02-10,132.321,0.0003931382258881566,393.1382258881566,0.007729108546265761,17980.595234836244,-393.1382258881566,False
2011-02-11,133.11,0.005962772349060286,5962.772349060286,0.007494267492199634,17434.273247972,-5962.772349060286,False
2011-02-14,133.43,0.0024040267447975605,2404.0267447975607,0.0074113076967000134,17241.279904080595,-2404.0267447975607,False
2011-02-15,133.01,-0.003147717904519398,-3147.717904519398,0.007209618127476453,16772.079803501154,3147.717904519398,False
2011-02-16,133.85,0.00631531463799706,6315.31463799706,0.0070323797971796696,16359.761790616683,-6315.31463799706,False
2011-02-17,134.25,0.002988419872992143,2988.419872992143,0.006991430155103312,16264.498677829615,-2988.419872992143,False
2011-02-18,134.53,0.0020856610800745745,2085.6610800745743,0.006817853700183387,15860.699460943102,-2085.6610800745743,False
2011-02-22,131.83,-0.020069872890804974,-20069.872890804974,0.006629867288334987,15423.37767139101,20069.872890804974,True
2011-02-23,131.02,-0.006144276720018271,-6144.276720018272,0.008092330919856304,18825.576831442675,6144.276720018272,False
2011-02-24,130.93,-0.0006869180277820908,-686.9180277820908,0.00798885465621976,18584.855045518107,686.9180277820908,False
2011-02-25,132.33,0.010692736576796813,10692.736576796813,0.007747309350847261,18022.93663788025,-10692.736576796813,False
2011-02-28,133.15,0.00619662963802603,6196.62963802603,0.00795484952573636,18505.747282511573,-6196.62963802603,False
2011-03-01,130.93,-0.016672925272249284,-16672.925272249282,0.007860454582957227,18286.15180805713,16672.925272249282,False
2011-03-02,131.21,0.0021385473153594514,2138.547315359451,0.008646312954301955,20114.33175953213,-2138.547315359451,False
2011-03-03,133.47,0.017224296928587624,17224.296928587624,0.00839926229610124,19539.60598604651,-17224.296928587624,False
2011-03-04,132.47,-0.007492320371619066,-7492.320371619066,0.00917144127019492,21335.962900808376,7492.320371619066,False
2011-03-07,131.43,-0.007850834151128527,-7850.834151128527,0.009079455201020334,21121.971304342707,7850.834151128527,False
2011-03-08,132.58,0.008749904892338067,8749.904892338067,0.009010463481675437,20961.472564718286,-8749.904892338067,False
2011-03-09,132.39,-0.0014330969980390629,-1433.0969980390628,0.00899504281050557,20925.59871912598,1433.0969980390628,False
2011-03-10,129.9375,-0.018524813052345213,-18524.813052345213,0.008728079598251014,20304.54941785048,18524.813052345213,False
2011-03-11,130.84,0.006945646945647033,6945.646945647032,0.009602017130918983,22337.63213901711,-6945.646945647032,False
2011-03-14,130.05,-0.00603790889636191,-6037.90889636191,0.009463684784117046,22015.822978123342,6037.90889636191,False
2011-03-15,128.56,-0.011457131872356863,-11457.131872356862,0.009293816790855454,21620.650933131652,11457.131872356862,False
2011-03-16,126.175,-0.018551649035469908,-18551.64903546991,0.00943760991744743,21955.163767480582,18551.64903546991,False
2011-03-17,127.85,0.013275212997820418,13275.212997820418,0.010216368876111662,23766.828015359377,-13275.212997820418,False
2011-03-18,127.76,-0.0007039499413373784,-703.9499413373784,0.010425239481194956,24252.733703444523,703.9499413373784,False
2011-03-21,129.74,0.01549780839073267,15497.80839073267,0.010109115385484759,23517.319085456023,-15497.80839073267,False
2011-03-22,129.29,-0.003468475412363281,-3468.475412363281,0.010510636752327322,24451.39746359219,3468.475412363281,False
2011-03-23,129.66,0.0028617835872843944,2861.7835872843943,0.010225795575121845,23788.75779656094,-2861.7835872843943,False
2011-03-24,130.9,0.0095634737004473,9563.4737004473,0.009939027606036599,23121.635741336468,-9563.4737004473,False
2011-03-25,131.3,0.0030557677616500634,3055.767761650063,0.00991689544774437,23070.148641945405,-3055.767761650063,False
2011-03-28,130.98,-0.0024371667936026187,-2437.166793602619,0.00964387833804387,22435.015869216873,2437.166793602619,False
2011-03-29,131.86,0.006718582989769573,6718.582989769573,0.00936912551702893,21795.845228162045,-6718.582989769573,False
2011-03-30,132.77,0.006901258910966046,6901.258910966046,0.009231578609319066,21475.86327183031,-6901.258910966046,False
2011-03-31,132.59,-0.0013557279505912456,-1355.7279505912456,0.009108587348003334,21189.742812542856,1355.7279505912456,False
2011-04-01,133.15,0.004223546270457845,4223.546270457845,0.008837344712310076,20558.738083648608,-4223.546270457845,False
2011-04-04,133.26,0.0008261359369130528,826.1359369130528,0.008630355870777581,20077.210032199313,-826.1359369130528,False
2011-04-05,133.24,-0.00015008254539983223,-150.08254539983224,0.008369887092671245,19471.269043997625,150.08254539983224,False
2011-04-06,133.66,0.0031522065445810377,3152.2065445810376,0.008114989884999662,18878.289466831888,-3152.2065445810376,False
2011-04-07,133.32,-0.002543767768966032,-2543.7677689660322,0.007905571551103057,18391.109570986348,2543.7677689660322,False
2011-04-08,132.86,-0.003450345034503255,-3450.3450345032547,0.007690021009358766,17889.664026451166,3450.3450345032547,False
2011-04-11,132.46,-0.003010687942194834,-3010.6879421948342,0.00750350122198589,17455.754115629727,3010.6879421948342,False
2011-04-12,131.47,-0.007473954401328808,-7473.954401328809,0.007312197567500468,17010.71526572132,7473.954401328809,False
2011-04-13,131.46,-7.606298014750656e-05,-76.06298014750656,0.0073220037512813875,17033.527860512517,76.06298014750656,False
2011-04-14,131.56,0.0007606876616461644,760.6876616461644,0.007098970469889906,16514.67486050709,-760.6876616461644,False
2011-04-15,132.04,0.003648525387655699,3648.525387655699,0.006885228941113115,16017.437709442964,-3648.525387655699,False
2011-04-18,130.56,-0.011208724628900213,-11208.724628900212,0.006735035201653456,15668.034822956743,11208.724628900212,False
2011-04-19,131.31,0.0057444852941177516,5744.485294117751,0.007083585792933647,16478.884749977093,-5744.485294117751,False
2011-04-20,133.1,0.013631863529053323,13631.863529053324,0.007010456697131822,16308.761033427987,-13631.863529053324,False
2011-04-21,133.78,0.005108940646130877,5108.940646130877,0.00757280496993702,17616.9787423389,-5108.940646130877,False
2011-04-25,133.64,-0.0010464942442817149,-1046.4942442817148,0.007447993627647782,17326.624141548145,1046.4942442817148,False
2011-04-26,134.791,0.00861269081113436,8612.69081113436,0.007225646098795036,16809.366440503327,-8612.69081113436,False
2011-04-27,135.67,0.0065212069055053945,6521.206905505394,0.007316288022817439,17020.231087751814,-6521.206905505394,False
2011-04-28,136.11,0.003243163558635187,3243.163558635187,0.007271035316728784,16914.957551147876,-3243.163558635187,False
2011-04-29,136.43,0.0023510396003232348,2351.039600323235,0.0070941499768875605,16503.460716859256,-2351.039600323235,False
2011-05-02,136.22,-0.001539250897896416,-1539.2508978964158,0.006902100353735566,16056.686484329268,1539.2508978964158,False
2011-05-03,135.73,-0.003597122302158362,-3597.122302158362,0.006702447876340026,15592.225367993167,3597.122302158362,False
2011-05-04,134.83,-0.00663081116923292,-6630.811169232919,0.006557727991793555,15255.556572247047,6630.811169232919,False
2011-05-05,133.61,-0.00904843135800637,-9048.43135800637,0.006562135935441524,15265.810982581392,9048.43135800637,False
2011-05-06,134.2,0.004415837137938583,4415.837137938583,0.006737238080662832,15673.159485856973,-4415.837137938583,False
2011-05-09,134.72,0.003874813710879277,3874.8137108792766,0.006620946412404291,15402.624610635054,-3874.8137108792766,False
2011-05-10,135.87,0.008536223277909816,8536.223277909816,0.006489034318742241,15095.751191984067,-8536.223277909816,False
2011-05-11,134.44,-0.010524766320747836,-10524.766320747836,0.006629716349697435,15423.026535612431,10524.766320747836,False
2011-05-12,135.08,0.0047604879500149355,4760.487950014935,0.0069254742011778244,16111.06218463472,-4760.487950014935,False
2011-05-13,134.04,-0.007699141249630004,-7699.141249630004,0.006814997877317578,15854.05582349059,7699.141249630004,False
2011-05-16,133.19,-0.006341390629662769,-6341.390629662768,0.006871255406596218,15984.930407126745,6341.390629662768,False
2011-05-17,133.17,-0.00015016142353041495,-150.16142353041494,0.006840621018445297,15913.664163379308,150.16142353041494,False
2011-05-18,134.36,0.008935946534504913,8935.946534504912,0.006632330138805128,15429.107118346303,-8935.946534504912,False
2011-05-19,134.68,0.0023816612086930977,2381.6612086930977,0.006792613879350754,15801.982857407935,-2381.6612086930977,False
2011-05-20,133.61,-0.007944757944757908,-7944.757944757907,0.006611472280959151,15380.584485089268,7944.757944757907,False
2011-05-23,132.06,-0.011600928074246064,-11600.928074246063,0.006698956822269073,15584.103961777044,11600.928074246063,False
2011-05-24,131.95,-0.0008329547175527363,-832.9547175527363,0.0070893125962435645,16492.20728668217,832.9547175527363,False
2011-05-25,132.39,0.003334596438044679,3334.596438044679,0.006876371188040376,15996.831494413418,-3334.596438044679,False
2011-05-26,133.0,0.004607598761235954,4607.598761235954,0.006716739080613919,15625.471680673221,-4607.598761235954,False
2011-05-27,133.51,0.0038345864661653017,3834.5864661653018,0.006609198652264594,15375.295233809327,-3834.5864661653018,False
2011-05-31,134.9,0.010411205153172176,10411.205153172175,0.006476330721757517,15066.198206145984,-10411.205153172175,False
2011-06-01,131.87,-0.022461082283172673,-22461.082283172673,0.006777158667539942,15766.028658269,22461.082283172673,True
2011-06-02,131.73,-0.0010616516266021003,-1061.6516266021004,0.008569953317760738,19936.692681401943,1061.6516266021004,False
2011-06-03,130.42,-0.009944583618006542,-9944.583618006542,0.008312946537002291,19338.805503370448,9944.583618006542,False
2011-06-06,129.045,-0.010542861524306057,-10542.861524306058,0.008419766025226968,19587.30479270806,10542.861524306058,False
2011-06-07,128.96,-0.0006586849548605445,-658.6849548605445,0.008562010749329501,19918.21550421751,658.6849548605445,False
2011-06-08,128.42,-0.004187344913151536,-4187.344913151536,0.008302745229110758,19315.073712444544,4187.344913151536,False
2011-06-09,129.4,0.007631210091886054,7631.210091886053,0.00811489217947176,18878.062169784775,-7631.210091886053,False
2011-06-10,127.6,-0.01391035548686248,-13910.35548686248,0.00808668712312867,18812.447396923824,13910.35548686248,False
2011-06-13,127.7,0.0007836990595611049,783.6990595611048,0.008548726074450255,19887.31072905485,-783.6990595611048,False
2011-06-14,129.32,0.012685982772122184,12685.982772122185,0.008290520218851405,19286.63408581757,-12685.982772122185,False
2011-06-15,127.02,-0.017785338694710773,-17785.338694710772,0.008617703377519312,20047.775931406624,17785.338694710772,False
2011-06-16,127.3,0.0022043772634230407,2204.377263423041,0.00942273947224839,21920.569938905755,-2204.377263423041,False
2011-06-17,127.05,-0.0019638648860957897,-1963.8648860957896,0.009151627984097998,21289.870304819044,1963.8648860957896,False
2011-06-20,127.7,0.0051160960251870335,5116.096025187034,0.008885863097708429,20671.608726371964,-5116.096025187034,False
2011-06-21,129.45,0.013703993735316944,13703.993735316944,0.008705832270614885,20252.79439450108,-13703.993735316944,False
2011-06-22,128.67,-0.006025492468134441,-6025.492468134441,0.00908361113492267,21131.639452341064,6025.492468134441,False
2011-06-23,128.301,-0.002867801352296584,-2867.801352296584,0.008929706901375564,20773.604665822866,2867.801352296584,False
2011-06-24,126.81,-0.011621109734140656,-11621.109734140655,0.008686123559999589,20206.945077461103,11621.109734140655,False
2011-06-27,127.94,0.008910969166469496,8910.969166469496,0.008889591072528671,20680.28129266951,-8910.969166469496,False
2011-06-28,129.61,0.013052993590745743,13052.993590745742,0.008890875207746467,20683.26863790341,-13052.993590745742,False
2011-06-29,130.72,0.008564154000462842,8564.154000462842,0.009193891490709498,21388.189923574217,-8564.154000462842,False
2011-06-30,131.97,0.009562423500611983,9562.423500611983,0.009157328558208595,21303.13182328204,-9562.423500611983,False
2011-07-01,133.92,0.014776085473971357,14776.085473971356,0.00918213825510742,21360.84780891822,-14776.085473971356,False
2011-07-05,133.81,-0.0008213859020309577,-821.3859020309577,0.009610042938291128,22356.30295893476,821.3859020309577,False
2011-07-06,133.97,0.0011957252821164222,1195.7252821164222,0.009319454396436227,21680.292922369983,-1195.7252821164222,False
2011-07-07,135.36,0.010375457191908799,10375.4571919088,0.009040292139606816,21030.86439968244,-10375.4571919088,False
2011-07-08,134.4,-0.007092198581560294,-7092.198581560294,0.009125912325227461,21230.046736476008,7092.198581560294,False
2011-07-11,131.97,-0.018080357142857162,-18080.357142857163,0.009016834037781295,20976.292694371605,18080.357142857163,False
2011-07-12,131.4,-0.004319163446237728,-4319.163446237728,0.00979995189609591,22798.097259185226,4319.163446237728,False
2011-07-13,131.84,0.0033485540334854402,3348.5540334854404,0.009560126783069625,22240.180617354923,-3348.5540334854404,False
2011-07-14,130.93,-0.0069023058252426495,-6902.305825242649,0.009305107818224008,21646.917790646225,6902.305825242649,False
2011-07-15,131.69,0.005804628427403813,5804.628427403813,0.009178694850606912,21352.837252179,-5804.628427403813,False
2011-07-18,130.61,-0.008201078289923225,-8201.078289923225,0.009011945155277958,20964.91945295353,8201.078289923225,False
2011-07-19,132.73,0.016231528979404164,16231.528979404164,0.008965361524215329,20856.549721865882,-16231.528979404164,False
2011-07-20,132.65,-0.0006027273412189116,-602.7273412189115,0.009558388818458998,22236.137507077834,602.7273412189115,False
2011-07-21,134.49,0.013871089332830877,13871.089332830878,0.009268377733531508,21561.47083620849,-13871.089332830878,False
2011-07-22,134.58,0.0006691947356680661,669.1947356680661,0.009606928927576168,22349.05868672827,-669.1947356680661,False
2011-07-25,133.83,-0.005572893446277316,-5572.893446277316,0.009315705432761627,21671.57152869572,5572.893446277316,False
2011-07-26,133.33,-0.003736083090487896,-3736.0830904878962,0.009134487075320599,21249.99458812561,3736.0830904878962,False
2011-07-27,130.6,-0.020475511887797282,-20475.51188779728,0.008903371377910106,20712.339076797245,20475.51188779728,False
2011-07-28,130.22,-0.0029096477794793296,-2909.6477794793295,0.009983417040445083,23224.90100770252,2909.6477794793295,False
2011-07-29,129.33,-0.0068345876209490175,-6834.587620949018,0.009705486173668995,22578.33712664764,6834.587620949018,False
2011-08-01,128.78,-0.004252686924920868,-4252.686924920868,0.009557581777424088,22234.260048882006,4252.686924920868,False
2011-08-02,125.49,-0.025547445255474477,-25547.44525547448,0.009324786755261678,21692.697843987193,25547.44525547448,True
2011-08-03,126.17,0.00541875846681017,5418.75846681017,0.01099522017488169,25578.70707844698,-5418.75846681017,False
2011-08-04,120.26,-0.04684156297059516,-46841.562970595165,0.010742576566716917,24990.970157702854,46841.562970595165,True
2011-08-05,120.08,-0.0014967570264428076,-1496.7570264428077,0.015496021925189798,36049.13766175554,1496.7570264428077,False
2011-08-08,112.26,-0.06512325116588935,-65123.25116588935,0.015028423426007716,34961.34088727862,65123.25116588935,True
2011-08-09,117.48,0.04649919828968474,46499.19828968474,0.021604734911033405,50260.12912949849,-46499.19828968474,False
2011-08-10,112.29,-0.04417773237997957,-44177.73237997957,0.023843012033643512,55467.14035519677,44177.73237997957,False
2011-08-11,117.33,0.04488378306171503,44883.78306171503,0.025524110009175777,59377.959056630614,-44883.78306171503,False
2011-08-12,118.12,0.006733145828006437,6733.145828006437,0.027078859266422995,62994.846685894256,-6733.145828006437,False
2011-08-15,120.62,0.0211649170335253,21164.9170335253,0.026305681081944445,61196.16526017782,-21164.9170335253,False
2011-08-16,119.59,-0.008539214060686473,-8539.214060686472,0.026025886123935,60545.2648544452,8539.214060686472,False
2011-08-17,119.67,0.0006689522535328063,668.9522535328063,0.025319578081601676,58902.14664174512,-668.9522535328063,False
2011-08-18,114.51,-0.04311857608423164,-43118.57608423164,0.02454878860562278,57109.02218296857,43118.57608423164,False
2011-08-19,112.64,-0.016330451488952957,-16330.451488952956,0.026039146239752984,60576.11249668791,16330.451488952956,False
2011-08-22,112.73,0.0007990056818181213,799.0056818181213,0.02556082798798799,59463.37784857948,-799.0056818181213,False
2011-08-23,116.44,0.03291049410094904,32910.494100949036,0.02478291500994978,57653.68164593151,-32910.494100949036,False
2011-08-24,118.08,0.014084507042253502,14084.507042253503,0.02534417765730596,58959.37381238709,-14084.507042253503,False
2011-08-25,116.28,-0.015243902439024404,-15243.902439024403,0.024813103412813536,57723.9103727543,15243.902439024403,False
2011-08-26,117.97,0.014533883728930164,14533.883728930163,0.024345251869937794,56635.52493061859,-14533.883728930163,False
2011-08-29,121.36,0.02873611935237763,28736.11935237763,0.02387056425535079,55531.23640759059,-28736.11935237763,False
2011-08-30,121.68,0.002636783124588149,2636.783124588149,0.024190111221793636,56274.613813631106,-2636.783124588149,False
2011-08-31,122.22,0.004437869822485174,4437.869822485174,0.02346207470753915,54580.94761647109,-4437.869822485174,False
2011-09-01,120.94,-0.010472917689412498,-10472.917689412498,0.022773284653753813,52978.58233918709,10472.917689412498,False
2011-09-02,117.85,-0.025549859434430333,-25549.859434430335,0.02222804680086394,51710.16941927013,25549.859434430335,False
2011-09-06,116.99,-0.007297411964361511,-7297.411964361511,0.022441225896409105,52206.098154981584,7297.411964361511,False
2011-09-07,120.29,0.028207539105906676,28207.539105906675,0.02183087803621969,50786.216708004555,-28207.539105906675,False
2011-09-08,119.04,-0.010391553745116022,-10391.553745116022,0.022265038006413475,51796.223831658506,10391.553745116022,False
2011-09-09,115.92,-0.02620967741935487,-26209.67741935487,0.02173630754603165,50566.21284920861,26209.67741935487,False
2011-09-12,116.67,0.006469979296066297,6469.979296066297,0.022030339834354134,51250.234238046985,-6469.979296066297,False
2011-09-13,117.74,0.009171166538098907,9171.166538098907,0.02141792143858956,49825.53600503656,-9171.166538098907,False
2011-09-14,119.37,0.013844063190080025,13844.063190080025,0.02088660659285733,48589.51284322106,-13844.063190080025,False
2011-09-15,121.43,0.017257267320097247,17257.267320097246,0.020532286769952328,47765.241676475474,-17257.267320097246,False
2011-09-16,121.521,0.0007494029482004727,749.4029482004727,0.020350653761606375,47342.700113654224,-749.4029482004727,False
2011-09-19,120.31,-0.009965355782128205,-9965.355782128205,0.019731544751996052,45902.43718534772,9965.355782128205,False
2011-09-20,120.17,-0.0011636605435957348,-1163.6605435957347,0.0192855470690848,44864.89142387999,1163.6605435957347,False
2011-09-21,116.63,-0.02945826745443958,-29458.267454439578,0.018700204078038705,43503.1800010752,29458.267454439578,False
2011-09-22,112.86,-0.03232444482551655,-32324.44482551655,0.019513665619040298,45395.57452759824,32324.44482551655,False
2011-09-23,113.54,0.006025163919900933,6025.163919900933,0.020509225756592676,47711.593737073024,-6025.163919900933,False
2011-09-26,116.24,0.023780165580412183,23780.165580412184,0.019939127279860868,46385.34635773406,-23780.165580412184,False
2011-09-27,117.54,0.011183757742601719,11183.757742601718,0.02019020667015203,46969.444363553375,-11183.757742601718,False
2011-09-28,115.145,-0.020376042198400612,-20376.042198400613,0.01976588892246328,45982.33367329986,20376.042198400613,False
2011-09-29,116.05,0.007859655217334671,7859.655217334671,0.01980302827200192,46068.73272014233,-7859.655217334671,False
2011-09-30,113.15,-0.02498922878069787,-24989.22878069787,0.019296030260790107,44889.27897461679,24989.22878069787,False
2011-10-03,109.93,-0.028457799381352178,-28457.79938135218,0.019684112123716714,45792.09239138992,28457.79938135218,False
2011-10-04,112.34,0.02192304193577721,21923.04193577721,0.020317657213145063,47265.938663290566,-21923.04193577721,False
2011-10-05,114.42,0.018515221648566893,18515.221648566894,0.020417540229324502,47498.30130563239,-18515.221648566894,False
2011-10-06,116.49,0.018091242789721962,18091.24278972196,0.02030842677404759,47244.4654509197,-18091.24278972196,False
2011-10-07,115.71,-0.0066958537213495095,-6695.853721349509,0.020182265732450404,46950.970980013306,6695.853721349509,False
2011-10-10,119.58,0.03344568317345087,33445.68317345087,0.01963605068523174,45680.28476614705,-33445.68317345087,False
2011-10-11,119.7,0.0010035122930256435,1003.5122930256434,0.020725753079165587,48215.31161361227,-1003.5122930256434,False
2011-10-12,120.75,0.00877192982456143,8771.92982456143,0.02009586655190476,46749.976430032075,-8771.92982456143,False
2011-10-13,120.51,-0.0019875776397515477,-1987.5776397515476,0.019601786308764524,45600.57390679721,1987.5776397515476,False
2011-10-14,122.57,0.017094017094017033,17094.017094017032,0.019010871963096344,44225.901575011805,-17094.017094017032,False
2011-10-17,120.23,-0.01909113159827025,-19091.13159827025,0.01890134341400211,43971.100067679654,19091.13159827025,False
2011-10-18,122.58,0.019545870415037747,19545.87041503775,0.018912784412268513,43997.7158096736,-19545.87041503775,False
2011-10-19,121.13,-0.01182900962636646,-11829.00962636646,0.018951365976845495,44087.46995040443,11829.00962636646,False
2011-10-20,121.66,0.0043754643771154456,4375.464377115445,0.018601089865098685,43272.60586251495,-4375.464377115445,False
2011-10-21,123.97,0.018987341772152,18987.341772151998,0.018066244569091627,42028.369645208186,-18987.341772151998,False
2011-10-24,125.49,0.012261030894571201,12261.0308945712,0.018122830631961698,42160.00851226632,-12261.0308945712,False
2011-10-25,123.049,-0.0194517491433579,-19451.749143357898,0.01782556432272877,41468.46366575833,19451.749143357898,False
2011-10-26,124.3,0.010166681565880076,10166.681565880075,0.01792729571080044,41705.12626412208,-10166.681565880075,False
2011-10-27,128.63,0.03483507642799677,34835.07642799677,0.017558654289439587,40847.53807725587,-34835.07642799677,False
2011-10-28,128.6,-0.0002332270854388252,-233.2270854388252,0.019042502803291235,44299.48591285331,233.2270854388252,False
2011-10-31,125.5,-0.024105754276827374,-24105.754276827374,0.018462479842235608,42950.150730506684,24105.754276827374,False
2011-11-01,122.002,-0.02787250996015944,-27872.50996015944,0.018848782866931903,43848.82595074445,27872.50996015944,False
2011-11-02,123.99,0.01629481483910089,16294.81483910089,0.019508270741396126,45383.02416546001,-16294.81483910089,False
2011-11-03,126.25,0.018227276393257608,18227.27639325761,0.019330533596330714,44969.545735899,-18227.27639325761,False
2011-11-04,125.481,-0.006091089108910985,-6091.0891089109855,0.01926611983910384,44819.69692871528,6091.0891089109855,False
2011-11-07,126.26,0.006208111188148013,6208.111188148014,0.018738688674167933,43592.708559463754,-6208.111188148014,False
2011-11-08,127.88,0.012830666877871044,12830.666877871045,0.018231362667261344,42412.49178185098,-12830.666877871045,False
2011-11-09,123.161,-0.036901782921488824,-36901.782921488826,0.017953194433714348,41765.375703113226,36901.782921488826,False
2011-11-10,124.32,0.009410446488742341,9410.446488742342,0.01961332847630274,45627.425003711556,-9410.446488742342,False
2011-11-11,126.66,0.018822393822393924,18822.393822393922,0.019155027665634837,44561.25788714309,-18822.393822393922,False
2011-11-14,125.46,-0.009474182851729074,-9474.182851729074,0.01913523269603167,44515.20790169005,9474.182851729074,False
2011-11-15,126.083,0.004965726127849512,4965.7261278495125,0.018696879711702762,43495.44636851705,-4965.7261278495125,False
2011-11-16,124.08,-0.01588636057200421,-15886.36057200421,0.01816806039331821,42265.22867144142,15886.36057200421,False
2011-11-17,122.105,-0.01591715022566087,-15917.15022566087,0.018039298780201135,41965.68436650844,15917.15022566087,False
2011-11-18,121.979,-0.0010318987756439135,-1031.8987756439135,0.017919058645220726,41685.96398412238,1031.8987756439135,False
2011-11-21,119.661,-0.019003271054853665,-19003.271054853667,0.017375010557464377,40420.318871794414,19003.271054853667,False
2011-11-22,119.19,-0.003936119537694016,-3936.1195376940163,0.01747698460852824,40657.54598869416,3936.1195376940163,False
2011-11-23,116.56,-0.022065609531000896,-22065.609531000897,0.01697197318425969,39482.713735480684,22065.609531000897,False
2011-11-25,116.34,-0.0018874399450926616,-1887.4399450926614,0.017319886511743432,40292.08116522297,1887.4399450926614,False
2011-11-28,119.71,0.02896682138559381,28966.821385593812,0.016798616205678123,39079.42509690731,-28966.821385593812,False
2011-11-29,120.05,0.0028401971430958017,2840.197143095802,0.01776531734901533,41328.30824654268,-2840.197143095802,False
2011-11-30,124.99,0.041149521032902925,41149.52103290292,0.017238158650773883,40101.95372960655,-41149.52103290292,False
2011-12-01,124.97,-0.00016001280102406756,-160.01280102406756,0.019517219364533843,45403.84177587203,160.01280102406756,False
2011-12-02,124.86,-0.0008802112507001469,-880.2112507001469,0.01892268682998596,44020.75227807845,880.2112507001469,False
2011-12-05,126.22,0.010892199263174751,10892.19926317475,0.01834749243260594,42682.65001457324,-10892.19926317475,False
2011-12-06,126.26,0.00031690698779907045,316.90698779907046,0.01798752484745977,41845.24018814483,-316.90698779907046,False
2011-12-07,126.73,0.003722477427530402,3722.4774275304017,0.017439725139234235,40570.86750151416,-3722.4774275304017,False
2011-12-08,123.95,-0.02193640022094212,-21936.40022094212,0.01693300866497223,39392.06870887328,21936.40022094212,False
2011-12-09,126.05,0.01694231544977809,16942.31544977809,0.01727412848106509,40185.63206783411,-16942.31544977809,False
2011-12-12,124.21,-0.014597381991273362,-14597.381991273362,0.017254399643612955,40139.73592877004,14597.381991273362,False
2011-12-13,123.05,-0.009339022622977144,-9339.022622977145,0.017106620423034156,39795.950053149136,9339.022622977145,False
2011-12-14,121.74,-0.010646078829743999,-10646.078829744,0.016742500266479072,38948.8799010518,10646.078829744,False
2011-12-15,122.185,0.003655331033349807,3655.3310333498066,0.016440589281702042,38246.52992346618,-3655.3310333498066,False
2011-12-16,121.59,-0.004869664852477751,-4869.664852477751,0.015964870311770196,37139.84210912433,4869.664852477751,False
2011-12-19,120.29,-0.01069166872275673,-10691.66872275673,0.015524409076479216,36115.17605080776,10691.66872275673,False
2011-12-20,123.93,0.0302602045057776,30260.204505777598,0.015277615892149812,35541.04925111528,-30260.204505777598,False
2011-12-21,124.17,0.0019365770999757448,1936.5770999757449,0.016563273019275914,38531.93497555054,-1936.5770999757449,False
2011-12-22,125.27,0.008858822581944148,8858.822581944149,0.016065693641304692,37374.39224744062,-8858.822581944149,False
2011-12-23,126.39,0.008940688113674433,8940.688113674432,0.01572669214100614,36585.75682792444,-8940.688113674432,False
2011-12-27,126.49,0.0007912018355882289,791.2018355882288,0.01540406664465151,35835.21769036847,-791.2018355882288,False
2011-12-28,124.83,-0.013123567080401632,-13123.567080401632,0.014936054132935231,34746.457778712786,13123.567080401632,False
2011-12-29,126.12,0.010334054313866803,10334.054313866804,0.014833551532019611,34508.00107098908,-10334.054313866804,False
2011-12-30,125.5,-0.004915953060577238,-4915.953060577238,0.014602731138510133,33971.03253926303,4915.953060577238,False
2012-01-03,127.495,0.01589641434262945,15896.41434262945,0.01420898894964116,33055.05123526751,-15896.41434262945,False
2012-01-04,127.7,0.0016079061923996996,1607.9061923996996,0.014315844518920859,33303.63446169076,-1607.9061923996996,False
2012-01-05,128.04,0.002662490211432944,2662.490211432944,0.01388531316794601,32302.06876864249,-2662.490211432944,False
2012-01-06,127.71,-0.002577319587628857,-2577.319587628857,0.013478098445744388,31354.745665370618,2577.319587628857,False
2012-01-09,128.02,0.0024273745203979846,2427.3745203979847,0.013082742221177989,30435.00955286176,-2427.3745203979847,False
2012-01-10,129.13,0.00867052023121384,8670.52023121384,0.012698117348960918,29540.238299076347,-8670.52023121384,False
2012-01-11,129.2,0.0005420893673042659,542.0893673042659,0.012493131249622594,29063.369322672715,-542.0893673042659,False
2012-01-12,129.51,0.0023993808049536103,2399.38080495361,0.012113267947503161,28179.67513736104,-2399.38080495361,False
2012-01-13,128.84,-0.005173345687591646,-5173.345687591646,0.011758945804822719,27355.398574010793,5173.345687591646,False
2012-01-17,129.34,0.0038807823657249774,3880.7823657249774,0.011470930580842677,26685.374970013425,-3880.7823657249774,False
2012-01-18,130.77,0.011056131127261448,11056.131127261448,0.011162031257494683,25966.767685850165,-11056.131127261448,False
2012-01-19,131.46,0.005276439550355505,5276.439550355505,0.011155705599193759,25952.052004109904,-5276.439550355505,False
2012-01-20,131.54,0.0006085501293167095,608.5501293167094,0.010892806352388871,25340.456900218414,-608.5501293167094,False
2012-01-23,131.61,0.0005321575186256755,532.1575186256755,0.01056201952338653,24570.931663808104,-532.1575186256755,False
2012-01-24,131.46,-0.0011397310234785296,-1139.7310234785296,0.010241087467897739,23824.3320588102,1139.7310234785296,False
2012-01-25,132.56,0.008367564278107364,8367.564278107364,0.009933026697939402,23107.675541542238,-8367.564278107364,False
2012-01-26,131.88,-0.005129752564876355,-5129.752564876355,0.009846120359611386,22905.501166132184,5129.752564876355,False
2012-01-27,131.82,-0.00045495905368519995,-454.95905368519993,0.00962850884874745,22399.26109046705,454.95905368519993,False
2012-01-30,131.37,-0.003413746017296271,-3413.746017296271,0.009335850842628928,21718.4367601122,3413.746017296271,False
2012-01-31,131.32,-0.0003806043997869324,-380.6043997869324,0.009089985919169662,21146.46941812152,380.6043997869324,False
2012-02-01,132.47,0.008757234236978384,8757.234236978384,0.008813561422751236,20503.409878545706,-8757.234236978384,False
2012-02-02,132.68,0.0015852645882086236,1585.2645882086235,0.008810191947076445,20495.571305973022,-1585.2645882086235,False
2012-02-03,134.54,0.014018691588784993,14018.691588784994,0.00855061968775062,19891.71593233041,-14018.691588784994,False
2012-02-06,134.45,-0.00066894603835288,-668.94603835288,0.008973167448207118,20874.709016549103,668.94603835288,False
2012-02-07,134.79,0.0025288211230940494,2528.821123094049,0.008701351581132881,20242.370752050385,-2528.821123094049,False
2012-02-08,135.19,0.002967579197269865,2967.5791972698653,0.008458983647846299,19678.538625713474,-2967.5791972698653,False
2012-02-09,135.36,0.0012574894592796149,1257.489459279615,0.008233439844365375,19153.84527798254,-1257.489459279615,False
2012-02-10,134.361,-0.007380319148936332,-7380.319148936332,0.007988556600221863,18584.161663581057,7380.319148936332,False
2012-02-13,135.36,0.007435193248040983,7435.193248040983,0.007953374189993877,18502.31513834355,-7435.193248040983,False
2012-02-14,135.19,-0.0012559101654847638,-1255.9101654847636,0.007923239063908143,18432.210351840047,1255.9101654847636,False
2012-02-15,134.56,-0.004660107996153573,-4660.107996153573,0.007688022687833047,17885.01523541816,4660.107996153573,False
2012-02-16,136.049,0.011065695600475767,11065.695600475767,0.007540712676522451,17542.32090378082,-11065.695600475767,False
2012-02-17,136.41,0.0026534557402111414,2653.4557402111413,0.007797280548820706,18139.187028049048,-2653.4557402111413,False
2012-02-21,136.47,0.0004398504508467127,439.8504508467127,0.007587633264827197,17651.474514632315,-439.8504508467127,False
2012-02-22,136.032,-0.003209496592657679,-3209.4965926576792,0.007357272317439942,17115.574814415937,3209.4965926576792,False
2012-02-23,136.631,0.004403375676311327,4403.375676311327,0.007176331980788437,16694.644646918474,-4403.375676311327,False
2012-02-24,136.93,0.0021883759908074563,2188.375990807456,0.007040819504672839,16379.395486200945,-2188.375990807456,False
2012-02-27,137.16,0.0016796903527349638,1679.6903527349639,0.00684734184250846,15929.299138150449,-1679.6903527349639,False
2012-02-28,137.559,0.002909011373578352,2909.0113735783516,0.0066514815244832015,15473.659903703427,-2909.0113735783516,False
2012-02-29,137.02,-0.003918318685073197,-3918.318685073197,0.006488097942587287,15093.572855306687,3918.318685073197,False
2012-03-01,137.73,0.005181725295577033,5181.725295577034,0.006363244714523927,14803.120813634352,-5181.725295577034,False
2012-03-02,137.312,-0.0030349234008565373,-3034.9234008565372,0.006298606744465879,14652.750409407498,3034.9234008565372,False
2012-03-05,136.75,-0.004092868795152693,-4092.868795152693,0.006151808328377047,14311.24622622668,4092.868795152693,False
2012-03-06,134.75,-0.014625228519195566,-14625.228519195565,0.006048070391869121,14069.915698174085,14625.228519195565,True
2012-03-07,135.69,0.006975881261595429,6975.881261595429,0.0068715532953929105,15985.62340009563,-6975.881261595429,False
2012-03-08,137.04,0.009949148795047602,9949.148795047602,0.0068778576004808615,16000.28940683429,-9949.148795047602,False
2012-03-09,137.57,0.0038674839462931043,3867.4839462931045,0.0070997016392875725,16516.375814880914,-3867.4839462931045,False
2012-03-12,137.58,7.269026677336754e-05,72.69026677336754,0.006948299323530799,16164.161359495285,-72.69026677336754,False
2012-03-13,140.062,0.018040412850705012,18040.41285070501,0.006736649665264542,15671.79062694611,-18040.41285070501,False
2012-03-14,139.91,-0.0010852336822265718,-1085.2336822265718,0.007885866568690551,18345.268927043002,1085.2336822265718,False
2012-03-15,140.72,0.0057894360660424304,5789.436066042431,0.007650251105391389,17797.14539490585,-5789.436066042431,False
2012-03-16,140.3,-0.002984650369527997,-2984.650369527997,0.007551543925236561,17567.518156200098,2984.650369527997,False
2012-03-19,140.85,0.003920171062009814,3920.171062009814,0.007357904252243977,17117.044914603837,-3920.171062009814,False
2012-03-20,140.44,-0.002910898118565819,-2910.898118565819,0.007198089618461536,16745.26048106344,2910.898118565819,False
2012-03-21,140.21,-0.0016377100541156153,-1637.7100541156153,0.007015136789648489,16319.648556704451,1637.7100541156153,False
2012-03-22,139.2,-0.007203480493545578,-7203.480493545578,0.006813247476799298,15849.983782966168,7203.480493545578,False
2012-03-23,139.65,0.003232758620689724,3232.758620689724,0.006837289564042083,15905.914041510925,-3232.758620689724,False
2012-03-26,141.61,0.01403508771929829,14035.08771929829,0.006676126164594546,15530.991909832952,-14035.08771929829,False
2012-03-27,141.17,-0.003107125203022587,-3107.125203022587,0.007329081945847837,17049.994203394224,3107.125203022587,False
2012-03-28,140.47,-0.004958560600694106,-4958.560600694106,0.0071464515152942195,16625.132289540652,4958.560600694106,False
2012-03-29,140.23,-0.0017085498682993805,-1708.5498682993805,0.007034394252433491,16364.44811431376,1708.5498682993805,False
2012-03-30,140.81,0.004136062183555778,4136.062183555778,0.006832926818567364,15895.76477785083,-4136.062183555778,False
2012-04-02,141.84,0.007314821390526305,7314.821390526305,0.006701789029550072,15590.69266116404,-7314.821390526305,False
2012-04-03,141.26,-0.004089114495205992,-4089.114495205992,0.0067401434957514005,15679.91849207147,4089.114495205992,False
2012-04-04,139.86,-0.009910802775024652,-9910.802775024651,0.006611128022056065,15379.783619121956,9910.802775024651,False
2012-04-05,139.79,-0.0005005005005006558,-500.50050050065573,0.006854052348742329,15944.910110061346,500.50050050065573,False
2012-04-09,138.22,-0.011231132412905076,-11231.132412905075,0.0066463810926249405,15461.79452489327,11231.132412905075,False
2012-04-10,135.9,-0.016784835769063755,-16784.835769063757,0.0070065839641918655,16299.751709386392,16784.835769063757,True
2012-04-11,137.0,0.008094186902133815,8094.186902133815,0.007940436286760374,18472.217074661745,-8094.186902133815,False
2012-04-12,138.79,0.013065693430656777,13065.693430656778,0.007949745179252938,18493.872796921496,-13065.693430656778,False
2012-04-13,137.14,-0.01188846458678583,-11888.464586785829,0.008345614548946438,19414.802663505856,11888.464586785829,False
2012-04-16,137.05,-0.0006562636721596515,-656.2636721596515,0.00859944537057402,20005.30145576522,656.2636721596515,False
2012-04-17,139.082,0.014826705581904243,14826.705581904243,0.00833902116324461,19399.464154695677,-14826.705581904243,False
2012-04-18,138.61,-0.003393681425346018,-3393.681425346018,0.008863226806763283,20618.948839055553,3393.681425346018,False
2012-04-19,137.72,-0.0064208931534522895,-6420.89315345229,0.008633331134587849,20084.13153083904,6420.89315345229,False
2012-04-20,137.95,0.0016700551844321954,1670.0551844321953,0.008516807748444268,19813.05759920788,-1670.0551844321953,False
2012-04-23,136.79,-0.008408843783979658,-8408.843783979659,0.008267478359794213,19233.030705985926,8408.843783979659,False
2012-04-24,137.31,0.0038014474742307236,3801.4474742307234,0.008276028380261157,19252.921027922206,-3801.4474742307234,False
2012-04-25,139.19,0.013691646638992028,13691.646638992028,0.008077756320897215,18791.6712441392,-13691.646638992028,False
2012-04-26,140.16,0.006968891443350778,6968.891443350778,0.008519554542945807,19819.447598756964,-6968.891443350778,False
2012-04-27,140.39,0.0016409817351596967,1640.9817351596967,0.008434557955848503,19621.715969062425,-1640.9817351596967,False
2012-04-30,139.87,-0.0037039675190538857,-3703.9675190538856,0.008187480143441015,19046.927025445602,3703.9675190538856,False
2012-05-01,140.74,0.00622006148566534,6220.06148566534,0.007989737402206583,18586.908619767873,-6220.06148566534,False
2012-05-02,140.325,-0.0029486997299986717,-2948.6997299986715,0.007894751384557535,18365.938099546405,2948.6997299986715,False
2012-05-03,139.25,-0.00766078745768739,-7660.78745768739,0.007688248387272382,17885.540290829027,7660.78745768739,False
2012-05-04,137.0,-0.016157989228007152,-16157.989228007153,0.007686603498089662,17881.713706375773,16157.989228007153,False
2012-05-07,137.1,0.0007299270072991249,729.9270072991249,0.008438227176971316,19630.251853820864,-729.9270072991249,False
2012-05-08,136.55,-0.0040116703136395815,-4011.6703136395813,0.008183118282349688,19036.779819168933,4011.6703136395813,False
2012-05-09,135.74,-0.005931893079458073,-5931.893079458073,0.007994449903268542,18597.87153659478,5931.893079458073,False
2012-05-10,136.02,0.0020627670546633503,2062.7670546633503,0.007885923968114678,18345.40245807129,-2062.7670546633503,False
2012-05-11,135.61,-0.003014262608439955,-3014.262608439955,0.007662364484696658,17825.325329100113,3014.262608439955,False
2012-05-14,134.11,-0.011061131185015838,-11061.131185015838,0.007465538592152518,17367.43983242386,11061.131185015838,False
2012-05-15,133.34,-0.005741555439564561,-5741.55543956456,0.007728591583735764,17979.392600153627,5741.55543956456,False
2012-05-16,132.829,-0.003832308384580707,-3832.3083845807073,0.007623987652668084,17736.047467498018,3832.3083845807073,False
2012-05-17,130.86,-0.014823570154107846,-14823.570154107845,0.007451098691979924,17333.847601355985,14823.570154107845,False
2012-05-18,129.74,-0.008558765092465226,-8558.765092465226,0.008085297356399013,18809.214316046873,8558.765092465226,False
2012-05-21,131.97,0.017188222599044067,17188.222599044067,0.008114484514458658,18877.11379914822,-17188.222599044067,False
2012-05-22,132.2,0.0017428203379554752,1742.8203379554752,0.008923018949107044,20758.04616228131,-1742.8203379554752,False
2012-05-23,132.27,0.0005295007564298793,529.5007564298793,0.008661714408821122,20150.160900509934,-529.5007564298793,False
2012-05-24,132.53,0.0019656762682391804,1965.6762682391804,0.008398845216638074,19538.635714124066,-1965.6762682391804,False
2012-05-25,132.1,-0.003244548404135017,-3244.548404135017,0.008157205275469823,18976.49715070395,3244.548404135017,False
2012-05-29,133.7,0.012112036336108911,12112.036336108911,0.007948535946486627,18491.059700846366,-12112.036336108911,False
2012-05-30,131.76,-0.01451009723261032,-14510.09723261032,0.008257757305919568,19210.416152971207,14510.09723261032,False
2012-05-31,131.47,-0.0022009714632664767,-2200.971463266477,0.008759663103227674,20378.023637507693,2200.971463266477,False
2012-06-01,128.16,-0.025176846428843103,-25176.846428843102,0.008509903192401908,19796.99519993754,25176.846428843102,True
2012-06-04,128.1,-0.000468164794007464,-468.164794007464,0.010300765067192925,23963.16291505842,468.164794007464,False
2012-06-05,129.07,0.007572209211553549,7572.209211553549,0.009987620637959415,23234.68003784331,-7572.209211553549,False
2012-06-06,131.97,0.02246842798481441,22468.42798481441,0.009859397202057408,22936.387720330462,-22468.42798481441,False
2012-06-07,132.05,0.0006061983784193536,606.1983784193536,0.011030188836243408,25660.056349463866,-606.1983784193536,False
2012-06-08,133.1,0.00795153351003397,7951.53351003397,0.010695195669357211,24880.745707859955,-7951.53351003397,False
2012-06-11,131.415,-0.012659654395191566,-12659.654395191566,0.010550715183870647,24544.633837607897,12659.654395191566,False
2012-06-12,132.92,0.011452269527831627,11452.269527831626,0.0106889918328171,24866.31342591397,-11452.269527831626,False
2012-06-13,132.07,-0.006394823954258166,-6394.823954258167,0.010736318841120307,24976.41251106485,6394.823954258167,False
2012-06-14,133.47,0.010600439161051023,10600.439161051023,0.010526445559972295,24488.174249648193,-10600.439161051023,False
2012-06-15,134.14,0.005019854648984801,5019.8546489848,0.010530899837329452,24498.536448308405,-5019.8546489848,False
2012-06-18,134.4,0.001938273445653893,1938.273445653893,0.010283860984214518,23923.83813755899,-1938.273445653893,False
2012-06-19,135.7,0.009672619047618847,9672.619047618848,0.009981870725224717,23221.303740577026,-9672.619047618848,False
2012-06-20,135.48,-0.0016212232866616993,-1621.2232866616994,0.00996358630910647,23178.76782801226,1621.2232866616994,False
2012-06-21,132.44,-0.022438736344847943,-22438.73634484794,0.009668214463249452,22491.63016235127,22438.73634484794,False
2012-06-22,133.46,0.007701600724856705,7701.600724856706,0.010866265318781735,25278.71322311161,-7701.600724856706,False
2012-06-25,131.32,-0.01603476697137729,-16034.76697137729,0.010702806075183088,24898.45015927357,16034.76697137729,False
2012-06-26,131.98,0.005025890953396228,5025.890953396228,0.011095218768441648,25811.338593982262,-5025.890953396228,False
2012-06-27,133.173,0.00903924837096537,9039.24837096537,0.01082742912888054,25188.366735299114,-9039.24837096537,False
2012-06-28,132.79,-0.002875958339903839,-2875.9583399038393,0.010728546449318983,24958.331223921625,2875.9583399038393,False
2012-06-29,136.105,0.024964229234129,24964.229234128998,0.010425539533408091,24253.431729272652,-24964.229234128998,False
2012-07-02,136.51,0.0029756438044157285,2975.6438044157285,0.011813683869316301,27482.73835397455,-2975.6438044157285,False
2012-07-03,137.412,0.0066075745366640515,6607.574536664051,0.011476959803595243,26699.401039545977,-6607.574536664051,False
2012-07-05,136.79,-0.004526533344977213,-4526.533344977212,0.011244419612803267,26158.43166106801,4526.533344977212,False
2012-07-06,135.49,-0.009503618685576254,-9503.618685576253,0.010958107698433087,25492.370547760383,9503.618685576253,False
2012-07-09,135.32,-0.0012547051442911572,-1254.7051442911572,0.010876324882876615,25302.115268657508,1254.7051442911572,False
2012-07-10,134.14,-0.008720070942950131,-8720.070942950131,0.010549466028209902,24541.727866992176,8720.070942950131,False
2012-07-11,134.16,0.0001490979573579576,149.09795735795763,0.010448738570111634,24307.400758987733,-149.09795735795763,False
2012-07-12,133.51,-0.004844961240310086,-4844.961240310086,0.010130493732104052,23567.052556664323,4844.961240310086,False
2012-07-13,135.75,0.016777769455471603,16777.769455471604,0.009893316331040566,23015.29541392975,-16777.769455471604,False
2012-07-16,135.43,-0.002357274401473264,-2357.274401473264,0.010435260342633012,24276.045713147003,2357.274401473264,False
2012-07-17,136.36,0.006867016170715612,6867.016170715612,0.010133823733894723,23574.799299250604,-6867.016170715612,False
2012-07-18,137.37,0.0074068641830447035,7406.864183044703,0.009968052724920814,23189.158264946545,-7406.864183044703,False
2012-07-19,137.73,0.0026206595326490056,2620.6595326490055,0.009833211522221894,22875.4707197148,-2620.6595326490055,False
2012-07-20,136.47,-0.009148333696362365,-9148.333696362366,0.009555239258829463,22228.8105357295,9148.333696362366,False
2012-07-23,135.09,-0.01011211255220923,-10112.11255220923,0.00953131481072088,22173.153946734496,10112.11255220923,False
2012-07-24,133.925,-0.008623880376045556,-8623.880376045556,0.0095671570236887,22256.535402673104,8623.880376045556,False
2012-07-25,133.96,0.00026134030240809736,261.3403024080974,0.009513198340693927,22131.00873520217,-261.3403024080974,False
2012-07-26,136.17,0.016497461928933754,16497.461928933753,0.009223610141069413,21457.325842658367,-16497.461928933753,False
2012-07-27,138.675,0.018396122493941514,18396.122493941515,0.009813279777840299,22829.10254854675,-18396.122493941515,False
2012-07-30,138.68,3.605552550922653e-05,36.05552550922653,0.010527462741183425,24490.54056699622,-36.05552550922653,False
2012-07-31,137.71,-0.006994519757715589,-6994.51975771559,0.010206757637028524,23744.46892975142,6994.51975771559,False
2012-08-01,137.59,-0.0008713964127514684,-871.3964127514683,0.010043038672226754,23363.601664044658,871.3964127514683,False
2012-08-02,136.64,-0.006904571553165373,-6904.571553165373,0.009739426478392911,22657.29408238642,6904.571553165373,False
2012-08-03,139.349,0.019825819672131262,19825.819672131263,0.009592988530187375,22316.62847289957,-19825.819672131263,False
2012-08-06,139.62,0.0019447574076600915,1944.7574076600915,0.010492268141074177,24408.665683854357,-1944.7574076600915,False
2012-08-07,140.32,0.005013608365563638,5013.608365563638,0.010183778973545483,23691.01256480935,-5013.608365563638,False
2012-08-08,140.49,0.0012115165336374911,1211.5165336374912,0.009949621553692403,23146.280948943247,-1211.5165336374912,False
2012-08-09,140.61,0.0008541533205210783,854.1533205210783,0.009651079590215545,22451.76848689688,-854.1533205210783,False
2012-08-10,140.84,0.001635730033425764,1635.730033425764,0.009359407657270408,21773.23810577258,-1635.730033425764,False
2012-08-13,140.77,-0.0004970178926441138,-497.0178926441138,0.009083123788532705,21130.505715102845,497.0178926441138,False
2012-08-14,140.79,0.00014207572636193433,142.07572636193433,0.008807256729508724,20488.742968824507,-142.07572636193433,False
2012-08-15,140.95,0.001136444349740806,1136.444349740806,0.00853902312704617,19864.73829798943,-1136.444349740806,False
2012-08-16,141.99,0.007378503015253779,7378.503015253779,0.008283568757001964,19270.462567322647,-7378.503015253779,False
2012-08-17,142.18,0.0013381224029860306,1338.1224029860305,0.008232071372116914,19150.66173547665,-1338.1224029860305,False
2012-08-20,142.19,7.033338022210955e-05,70.33338022210955,0.007988016864341965,18582.90605016431,-70.33338022210955,False
2012-08-21,141.76,-0.003024122652788619,-3024.122652788619,0.007744688852792819,18016.84044780237,3024.122652788619,False
2012-08-22,141.82,0.0004232505643340101,423.2505643340101,0.007545204581065082,17552.770636363966,-423.2505643340101,False
2012-08-23,140.665,-0.008144126357354398,-8144.126357354397,0.007316081868208591,17019.751500415798,8144.126357354397,False
2012-08-24,141.51,0.006007180179860017,6007.180179860016,0.007368389126238105,17141.436378929662,-6007.180179860016,False
2012-08-27,141.54,0.0002119991520033171,211.99915200331708,0.007293883851523981,16968.11119149363,-211.99915200331708,False
2012-08-28,141.4,-0.0009891196834815874,-989.1196834815875,0.007071873426439275,16451.637711082923,989.1196834815875,False
2012-08-29,141.51,0.0007779349363505883,777.9349363505883,0.006860715093843959,15960.409972963802,-777.9349363505883,False
2012-08-30,140.49,-0.007207971168115224,-7207.971168115224,0.006654438959737786,15480.539926920543,7207.971168115224,False
2012-08-31,141.16,0.004769022706242243,4769.022706242243,0.006688942763872805,15560.807778316364,-4769.022706242243,False
2012-09-04,141.03,-0.0009209407764239064,-920.9407764239064,0.006589541155105082,15329.565057083333,920.9407764239064,False
2012-09-05,140.91,-0.000850882790895624,-850.882790895624,0.006392778534530586,14871.826753019148,850.882790895624,False
2012-09-06,143.77,0.020296643247462942,20296.643247462944,0.006201532104205562,14426.92102641463,-20296.643247462944,False
2012-09-07,144.33,0.0038951102455311304,3895.11024553113,0.0078018385038406,18149.79041701955,-3895.11024553113,False
2012-09-10,143.51,-0.005681424513268363,-5681.424513268363,0.007624098374699767,17736.30504546103,5681.424513268363,False
2012-09-11,143.91,0.002787262211692676,2787.262211692676,0.007521700508227621,17498.091986487238,-2787.262211692676,False
2012-09-12,144.39,0.0033354179695641584,3335.4179695641583,0.007324448761616614,17039.21580510788,-3335.4179695641583,False
2012-09-13,146.59,0.015236512223838261,15236.512223838261,0.007148160425155258,16629.107808362805,-15236.512223838261,False
2012-09-14,147.24,0.004434136025649904,4434.136025649904,0.00787143594909854,18311.698285834038,-4434.136025649904,False
2012-09-17,146.74,-0.0033958163542515685,-3395.8163542515686,0.0077085424954626254,17932.751446272956,3395.8163542515686,False
2012-09-18,146.62,-0.000817772931716032,-817.7729317160321,0.007519855309964422,17493.79941343046,817.7729317160321,False
2012-09-19,146.7,0.000545628154412725,545.628154412725,0.0072935214816920195,16967.268193205433,-545.628154412725,False
2012-09-20,146.71,6.816632583506177e-05,68.16632583506177,0.00707259435233225,16453.314835501387,-68.16632583506177,False
2012-09-21,145.87,-0.005725581078317776,-5725.581078317777,0.006857154965374647,15952.127875667906,5725.581078317777,False
2012-09-24,145.645,-0.0015424693219989738,-1542.4693219989738,0.006794576991033061,15806.549738096573,1542.4693219989738,False
2012-09-25,144.1,-0.010607985169418854,-10607.985169418855,0.006598412884505622,15350.203785913345,10607.985169418855,False
2012-09-26,143.295,-0.005586398334490039,-5586.398334490039,0.006904959840579947,16063.338645470541,5586.398334490039,False
2012-09-27,144.64,0.009386231201367723,9386.231201367724,0.006833025168775256,15895.993574647873,-9386.231201367724,False
2012-09-28,143.97,-0.004632190265486669,-4632.190265486669,0.0070124816683982075,16313.471821028537,4632.190265486669,False
2012-10-01,144.345,0.0026047093144405675,2604.7093144405676,0.0068928830252648135,16035.243771836997,-2604.7093144405676,False
2012-10-02,144.5,0.001073816204232969,1073.816204232969,0.006713285101405182,15617.436523483995,-1073.816204232969,False
2012-10-03,145.09,0.004083044982698958,4083.044982698958,0.006514083965993396,15154.025385612264,-4083.044982698958,False
2012-10-04,146.125,0.007133503342752645,7133.503342752645,0.006394338738360371,14875.456329881641,-7133.503342752645,False
2012-10-05,146.14,0.00010265183917868015,102.65183917868015,0.006441081122242301,14984.195375252968,-102.65183917868015,False
2012-10-08,145.642,-0.003407691254960876,-3407.691254960876,0.006244910464203067,14527.834181974204,3407.691254960876,False
2012-10-09,144.2,-0.00990099009900991,-9900.99009900991,0.0061119320909927,14218.480226162857,9900.99009900991,False
2012-10-10,143.28,-0.006380027739250949,-6380.027739250949,0.006402823388806969,14895.194578410063,6380.027739250949,False
2012-10-11,143.36,0.0005583472920156485,558.3472920156485,0.006401457938983512,14892.018067116154,-558.3472920156485,False
2012-10-12,142.89,-0.003278459821428714,-3278.4598214287143,0.0062079504686982315,14441.85237500697,3278.4598214287143,False
2012-10-15,144.08,0.00832808454055578,8328.08454055578,0.006072168311941403,14125.975843303042,-8328.08454055578,False
2012-10-16,145.54,0.010133259300388442,10133.259300388441,0.006230599798968895,14494.542596330579,-10133.259300388441,False
2012-10-17,146.2,0.004534835783976954,4534.835783976954,0.006530859672857096,15193.051515610166,-4534.835783976954,False
2012-10-18,145.82,-0.002599179206566271,-2599.179206566271,0.006428598954501385,14955.157510865467,2599.179206566271,False
2012-10-19,143.3896,-0.016667123851323518,-16667.12385132352,0.0062651907712070595,14575.013231057837,16667.12385132352,True
2012-10-22,143.41,0.00014226973225395234,142.26973225395233,0.007318814079081561,17026.107573371562,-142.26973225395233,False
2012-10-23,141.42,-0.013876298723938474,-13876.298723938475,0.007095939091714053,16507.622820332283,13876.298723938475,False
2012-10-24,141.02,-0.00282845424975231,-2828.4542497523103,0.0076736113059155744,17851.489347732455,2828.4542497523103,False
2012-10-25,141.43,0.0029073890228337174,2907.3890228337173,0.007472031922602802,17382.545577912322,-2907.3890228337173,False
2012-10-26,141.35,-0.0005656508520116565,-565.6508520116565,0.007279324147546751,16934.24025509954,565.6508520116565,False
2012-10-31,141.35,0.0,0.0,0.007058926554054568,16421.51878203528,-0.0,False
2012-11-01,142.83,0.01047046338875135,10470.46338875135,0.006843883214214317,15921.25316557127,-10470.46338875135,False
2012-11-02,141.56,-0.008891689420990057,-8891.689420990057,0.007113806956709408,16549.189690077874,8891.689420990057,False
2012-11-05,141.8486,0.0020387115004238954,2038.7115004238954,0.007232814313795726,16826.04220223085,-2038.7115004238954,False
2012-11-06,142.96,0.007835114340219107,7835.114340219107,0.007030232385838684,16354.766164808889,-7835.114340219107,False
2012-11-07,139.72,-0.022663682148852837,-22663.682148852837,0.007081105729928045,16473.11526067652,22663.682148852837,True
2012-11-08,138.04,-0.012024048096192397,-12024.048096192397,0.008829047749874756,20539.436462726204,12024.048096192397,False
2012-11-09,138.16,0.000869313242538361,869.313242538361,0.00905260311051839,21059.504000689958,-869.313242538361,False
2012-11-12,138.265,0.0007599884192239781,759.9884192239781,0.008779407042778707,20423.954909307427,-759.9884192239781,False
2012-11-13,137.79,-0.0034354319603658867,-3435.431960365887,0.008513986356887477,19806.494060957906,3435.431960365887,False
2012-11-14,135.9299,-0.013499528267653549,-13499.528267653548,0.008297398232543038,19302.634738346725,13499.528267653548,False
2012-11-15,135.7,-0.0016913129488067558,-1691.3129488067557,0.008697714883266434,20233.91052770025,1691.3129488067557,False
2012-11-16,136.37,0.004937361827560993,4937.361827560993,0.00844291785513793,19641.164003001577,-4937.361827560993,False
2012-11-19,139.13,0.020239055510742787,20239.055510742786,0.00827457205558486,19249.53311010759,-20239.055510742786,False
2012-11-20,139.19,0.00043125134766053286,431.2513476605329,0.009430672946237591,21939.02595925429,-431.2513476605329,False
2012-11-21,139.45,0.001867950283784614,1867.950283784614,0.009143986841047797,21272.094347928964,-1867.950283784614,False
2012-11-23,141.35,0.013624955181068543,13624.955181068543,0.00887722366081093,20651.510390712556,-13624.955181068543,False
2012-11-26,141.05,-0.002122391227449505,-2122.391227449505,0.009231205671513625,21474.995688759474,2122.391227449505,False
2012-11-27,140.33,-0.005104572846508337,-5104.5728465083375,0.00896507229932584,20855.876884159097,5104.5728465083375,False
2012-11-28,141.46,0.008052447801610407,8052.447801610408,0.008781433247991452,20428.66856749647,-8052.447801610408,False
2012-11-29,142.12,0.004665629860031162,4665.629860031162,0.008739409055047918,20330.905675583996,-4665.629860031162,False
2012-11-30,142.155,0.00024627075710670354,246.27075710670354,0.008549895935800342,19890.03223351955,-246.27075710670354,False
2012-12-03,141.45,-0.004959375329745774,-4959.375329745774,0.008289651153057204,19284.61233645483,4959.375329745774,False
2012-12-04,141.25,-0.0014139271827500188,-1413.9271827500188,0.00812840337856686,18909.4939190754,1413.9271827500188,False
2012-12-05,141.5,0.001769911504424737,1769.9115044247371,0.007888386172107856,18351.130401096278,-1769.9115044247371,False
2012-12-06,141.98,0.003392226148409838,3392.226148409838,0.007660352042843332,17820.643689272994,-3392.226148409838,False
2012-12-07,142.415,0.003063811804479455,3063.811804479455,0.007473323605303981,17385.550481218146,-3063.811804479455,False
2012-12-10,142.473,0.000407260471158466,407.260471158466,0.0072844181877082075,16946.090764599423,-407.260471158466,False
2012-12-11,143.44,0.006787250917717591,6787.250917717591,0.007063209971315547,16431.48350067399,-6787.250917717591,False
2012-12-12,143.51,0.00048800892359168735,488.00892359168733,0.007046957179816079,16393.673853721975,-488.00892359168733,False
2012-12-13,142.63,-0.006131976865723643,-6131.976865723643,0.006833324105227412,15896.68900482782,6131.976865723643,False
2012-12-14,142.1051,-0.003680151440790924,-3680.151440790924,0.0067932854823246815,15803.545239558529,3680.151440790924,False
2012-12-17,143.77,0.011715976414639728,11715.976414639728,0.00664773757479421,15464.950174303925,-11715.976414639728,False
2012-12-18,145.37,0.011128886415803008,11128.886415803008,0.00705526159489743,16412.992812091627,-11128.886415803008,False
2012-12-19,144.29,-0.0074293182912569256,-7429.3182912569255,0.00736350731468634,17130.079587004748,7429.3182912569255,False
2012-12-20,145.12,0.005752304386998475,5752.304386998475,0.007367472551112842,17139.304106335607,-5752.304386998475,False
2012-12-21,142.79,-0.016055678059537004,-16055.678059537004,0.007280673940615526,16937.38034333548,16055.678059537004,False
2012-12-24,142.35,-0.003081448280691901,-3081.448280691901,0.008080520288005866,18798.10119314633,3081.448280691901,False
2012-12-26,141.75,-0.004214963119072657,-4214.963119072657,0.007870631426243812,18309.826685801323,4214.963119072657,False
2012-12-27,141.5616,-0.0013291005291005131,-1329.100529100513,0.007700388532445532,17913.78249174313,1329.100529100513,False
2012-12-28,140.03,-0.010819318233193154,-10819.318233193153,0.007472898703352592,17384.562011466856,10819.318233193153,False
2012-12-31,142.41,0.01699635792330212,16996.35792330212,0.007714727535733266,17947.140001557418,-16996.35792330212,False
2013-01-02,146.06,0.02563022259672776,25630.22259672776,0.008560290336956142,19914.213226550273,-25630.22259672776,False
2013-01-03,145.7341,-0.0022312748185676634,-2231.2748185676633,0.010406553465738525,24209.26353111316,2231.2748185676633,False
2013-01-04,146.37,0.004363426267428139,4363.426267428139,0.01010432031222865,23506.1640769808,-4363.426267428139,False
2013-01-07,145.9695,-0.0027362164377945364,-2736.2164377945364,0.009854634491510398,22925.307998774755,2736.2164377945364,False
2013-01-08,145.5496,-0.0028766283367416268,-2876.6283367416268,0.00957790188544745,22281.531688982435,2876.6283367416268,False
2013-01-09,145.92,0.0025448369490537193,2544.8369490537193,0.009312815454570494,21664.848434074756,-2544.8369490537193,False
2013-01-10,147.08,0.007949561403508998,7949.5614035089975,0.00905060172006646,21054.848070266984,-7949.5614035089975,False
2013-01-11,147.07,-6.79902094099516e-05,-67.9902094099516,0.008988343540165972,20910.013885813834,67.9902094099516,False
2013-01-14,146.97,-0.0006799483239273707,-679.9483239273707,0.008714538299898354,20273.047647216015,679.9483239273707,False
2013-01-15,147.07,0.0006804109682247983,680.4109682247984,0.008450699787411942,19659.267484603155,-680.4109682247984,False
2013-01-16,147.05,-0.0001359896647853409,-135.98966478534092,0.008194952399391178,19064.310092189553,135.98966478534092,False
2013-01-17,148.0,0.006460387623257402,6460.387623257402,0.007945370962385942,18483.696846812363,-6460.387623257402,False
2013-01-18,148.33,0.0022297297297297902,2229.72972972979,0.007864183431272086,18294.82640640702,-2229.72972972979,False
2013-01-22,149.13,0.005393379626508432,5393.379626508432,0.007644145462922013,17782.941546527563,-5393.379626508432,False
2013-01-23,149.37,0.0016093341380005732,1609.3341380005731,0.007528100350988336,17512.98024708782,-1609.3341380005731,False
2013-01-24,149.41,0.00026779139050669976,267.79139050669977,0.007309401793781875,17004.211323474774,-267.79139050669977,False
2013-01-25,150.25,0.005622113647011595,5622.113647011595,0.00708703153948781,16486.900755147853,-5622.113647011595,False
2013-01-28,150.07,-0.0011980033277870783,-1198.0033277870782,0.007007777450146951,16302.528172900702,1198.0033277870782,False
2013-01-29,150.66,0.003931498633970909,3931.498633970909,0.006800626502149941,15820.623005422314,-3931.498633970909,False
2013-01-30,150.07,-0.003916102482410699,-3916.1024824106994,0.006663408321795566,15501.40578327516,3916.1024824106994,False
2013-01-31,149.7,-0.0024655160924902386,-2465.5160924902384,0.006531240414680854,15193.937253542423,2465.5160924902384,False
2013-02-01,151.24,0.010287241148964732,10287.241148964731,0.006361006323628251,14797.913537732924,-10287.241148964731,False
2013-02-04,149.535,-0.011273472626289416,-11273.472626289416,0.006662154095313428,15498.488016164874,11273.472626289416,False
2013-02-05,151.05,0.010131407362824918,10131.407362824917,0.007024721379646399,16341.94564726964,-10131.407362824917,False
2013-02-06,151.16,0.000728235683548295,728.235683548295,0.007248767670649385,16863.155260031173,-728.235683548295,False
2013-02-07,150.96,-0.0013231013495632604,-1323.1013495632603,0.007030204435940408,16354.701143622455,1323.1013495632603,False
2013-02-08,151.8,0.00556438791732905,5564.38791732905,0.0068237367898624415,15874.385574110762,-5564.38791732905,False
2013-02-11,151.77,-0.00019762845849802257,-197.62845849802258,0.006754800183895442,15714.015047375842,197.62845849802258,False
2013-02-12,152.02,0.001647229360216107,1647.229360216107,0.006549200669803084,15235.719054863255,-1647.229360216107,False
2013-02-13,152.151,0.0008617287199053081,861.728719905308,0.006362492398616889,14801.370665123408,-861.728719905308,False
2013-02-14,152.29,0.0009135661283854457,913.5661283854457,0.006172275555604497,14358.86011677477,-913.5661283854457,False
2013-02-15,152.11,-0.0011819554796768106,-1181.9554796768107,0.005988425718543232,13931.161439184541,1181.9554796768107,False
2013-02-19,153.25,0.007494576293471722,7494.576293471722,0.005813208163886419,13523.544453414028,-7494.576293471722,False
2013-02-20,151.34,-0.012463295269168007,-12463.295269168006,0.005927554827784831,13789.554571877763,12463.295269168006,False
2013-02-21,150.42,-0.006079027355623157,-6079.027355623157,0.00650751685362393,15138.74799771297,6079.027355623157,False
2013-02-22,151.89,0.009772636617471075,9772.636617471075,0.006482606225864131,15080.79721178294,-9772.636617471075,False
2013-02-25,149.0,-0.019026927381657677,-19026.927381657675,0.006725548160430037,15645.964664775704,19026.927381657675,True
2013-02-26,150.02,0.006845637583892783,6845.637583892783,0.0080150144173283,18645.711750158378,-6845.637583892783,False
2013-02-27,151.91,0.012598320223970116,12598.320223970117,0.007949704018338166,18493.77704231492,-12598.320223970117,False
2013-02-28,151.61,-0.0019748535316962412,-1974.8535316962411,0.008302348263495862,19314.150232330263,1974.8535316962411,False
2013-03-01,152.11,0.003297935492381665,3297.935492381665,0.008063947561546365,18759.54726618021,-3297.935492381665,False
2013-03-04,152.92,0.005325093682203574,5325.093682203575,0.007859910811807092,18284.886807198047,-5325.093682203575,False
2013-03-05,154.29,0.00895893277530746,8958.93277530746,0.007731293776260411,17985.67883998859,-8958.93277530746,False
2013-03-06,154.5,0.0013610733035194222,1361.0733035194223,0.007810395498046247,18169.69696229804,-1361.0733035194223,False
2013-03-07,154.776,0.001786407766990461,1786.407766990461,0.00757979501028888,17633.24000785091,-1786.407766990461,False
2013-03-08,155.44,0.004290070812012159,4290.070812012159,0.00736189989178867,17126.340162164066,-4290.070812012159,False
2013-03-11,156.03,0.0037956767884714804,3795.6767884714804,0.007214568474277561,16783.596032257676,-3795.6767884714804,False
2013-03-12,155.68,-0.0022431583669806354,-2243.1583669806355,0.007056304139617973,16415.418133785854,2243.1583669806355,False
2013-03-13,155.905,0.0014452723535456347,1445.2723535456346,0.0068633700171055675,15966.586248049185,-1445.2723535456346,False
2013-03-14,156.73,0.005291684038356559,5291.684038356559,0.0066636946090556145,15502.07178703394,-5291.684038356559,False
2013-03-15,155.83,-0.005742359471702763,-5742.359471702763,0.006589434838428808,15329.317727509508,5742.359471702763,False
2013-03-18,154.97,-0.005518834627478708,-5518.834627478708,0.0065417042075166165,15218.279675760303,5518.834627478708,False
2013-03-19,154.61,-0.002323030263921999,-2323.030263921999,0.006484883379140264,15086.094662465735,2323.030263921999,False
2013-03-20,155.69,0.0069853178966430285,6985.317896643029,0.0063130244630456266,14686.291038374013,-6985.317896643029,False
2013-03-21,154.359,-0.008549039758494414,-8549.039758494415,0.006355367901686058,14784.79660683476,8549.039758494415,False
2013-03-22,155.6,0.008039699661179345,8039.699661179345,0.006507873995658924,15139.578834326809,-8039.699661179345,False
2013-03-25,154.95,-0.004177377892030876,-4177.377892030876,0.006609802171418542,15376.699229310057,4177.377892030876,False
2013-03-26,156.19,0.00800258147789612,8002.58147789612,0.006489618234052109,15097.1095821238,-8002.58147789612,False
2013-03-27,156.19,0.0,0.0,0.006590198384945561,15331.094002325488,-0.0,False
2013-03-28,156.67,0.0030731801011587567,3073.1801011587568,0.006389434393415643,14864.04711744591,-3073.1801011587568,False
2013-04-01,156.05,-0.003957362609306014,-3957.3626093060143,0.006240356216735264,14517.239418059626,3957.3626093060143,False
2013-04-02,156.82,0.0049343159243830925,4934.315924383092,0.006127411043689959,14254.489654862504,-4934.315924383092,False
2013-04-03,155.23,-0.010139012881010045,-10139.012881010045,0.006062450375131403,14103.368541665037,10139.012881010045,False
2013-04-04,155.86,0.00405849384783874,4058.49384783874,0.006380915389656276,14844.22895116136,-4058.49384783874,False
2013-04-05,155.158,-0.004504042089054416,-4504.0420890544165,0.006265891690424585,14576.643812989401,4504.0420890544165,False
2013-04-08,156.21,0.0067801853594402495,6780.185359440249,0.006174374337855,14363.742614401302,-6780.185359440249,False
2013-04-09,156.75,0.003456884962550255,3456.8849625502553,0.006212389183448402,14452.178369629504,-3456.8849625502553,False
2013-04-10,158.67,0.012248803827751065,12248.803827751064,0.006082364328391343,14149.695324495045,-12248.803827751064,False
2013-04-11,159.19,0.003277242074746445,3277.242074746445,0.006616452084503747,15392.16924047838,-3277.242074746445,False
2013-04-12,158.8,-0.002449902632074785,-2449.9026320747853,0.006464921564282991,15039.656536910523,2449.9026320747853,False
2013-04-15,155.118,-0.023186397984886753,-23186.397984886753,0.0062966355743992505,14648.164782113623,23186.397984886753,True
2013-04-16,157.41,0.01477584806405452,14775.84806405452,0.00833818358362278,19397.51565312309,-14775.84806405452,False
2013-04-17,155.11,-0.014611524045486157,-14611.524045486158,0.008857388345695704,20605.36654756332,14611.524045486158,False
2013-04-18,154.14,-0.0062536264586424695,-6253.6264586424695,0.009303543771272713,21643.279273346183,6253.6264586424695,False
2013-04-19,155.48,0.008693395614376653,8693.395614376654,0.00914926454611528,21284.372125892518,-8693.395614376654,False
2013-04-22,156.17,0.004437869822485174,4437.869822485174,0.009122554843309946,21222.236065555066,-4437.869822485174,False
2013-04-23,157.78,0.01030927835051565,10309.27835051565,0.008911196764224508,20730.543647613304,-10309.27835051565,False
2013-04-24,157.88,0.0006337938902267748,633.7938902267748,0.00900120743628245,20939.939783196285,-633.7938902267748,False
2013-04-25,158.52,0.004053711679756766,4053.7116797567664,0.008728375156582386,20305.236989346322,-4053.7116797567664,False
2013-04-26,158.24,-0.001766338632349207,-1766.338632349207,0.008520529068347675,19821.7146838538,1766.338632349207,False
2013-04-29,159.3,0.006698685540950544,6698.685540950544,0.008272281897888393,19244.205406619196,-6698.685540950544,False
2013-04-30,159.68,0.002385436283741438,2385.436283741438,0.008186400442736505,19044.415266007065,-2385.436283741438,False
2013-05-01,158.28,-0.008767535070140275,-8767.535070140275,0.007958488641201524,18514.213131037344,8767.535070140275,False
2013-05-02,159.75,0.009287338893100738,9287.338893100738,0.008009336379337182,18632.502658549016,-9287.338893100738,False
2013-05-03,161.368,0.010128325508607094,10128.325508607095,0.008091710629159306,18824.133819498427,-10128.325508607095,False
2013-05-06,161.78,0.0025531703931387373,2553.1703931387374,0.008228135433267053,19141.50537250092,-2553.1703931387374,False
2013-05-07,162.5999,0.005067993571516771,5067.993571516771,0.008001949805458524,18615.318918109955,-5067.993571516771,False
2013-05-08,163.34,0.004551663315906174,4551.663315906174,0.00785686974425497,18277.812226163354,-4551.663315906174,False
2013-05-09,162.881,-0.002810089384106762,-2810.089384106762,0.00769867757371224,17909.802206531367,2810.089384106762,False
2013-05-10,163.41,0.003247769844242132,3247.769844242132,0.007495815788941265,17437.87512480528,-3247.769844242132,False
2013-05-13,163.54,0.0007955449482894839,795.5449482894838,0.007310875434508975,17007.63952444736,-795.5449482894838,False
2013-05-14,165.23,0.010333863275039823,10333.863275039823,0.007090834869580402,16495.748624023032,-10333.863275039823,False
2013-05-15,166.115,0.005356170187012177,5356.170187012177,0.007326013009136067,17042.85478899923,-5356.170187012177,False
2013-05-16,165.34,-0.004665442615055859,-4665.442615055859,0.007222987758383876,16803.182215939345,4665.442615055859,False
2013-05-17,166.94,0.009677029152050265,9677.029152050265,0.007095578927470279,16506.78495300947,-9677.029152050265,False
2013-05-20,166.93,-5.9901761111702534e-05,-59.901761111702534,0.007276338329790645,16927.294204310347,59.901761111702534,False
2013-05-21,167.17,0.001437728389145132,1437.728389145132,0.0070546870103119904,16411.656128462833,-1437.728389145132,False
2013-05-22,165.93,-0.007417598851468421,-7417.598851468421,0.006848833189669177,15932.76853044724,7417.598851468421,False
2013-05-23,165.45,-0.002892786114626733,-2892.7861146267333,0.006884284382533712,16015.240337599864,2892.7861146267333,False
2013-05-24,165.308,-0.0008582653369597626,-858.2653369597626,0.0067120683743776294,15614.60599315016,858.2653369597626,False
2013-05-28,166.3,0.00600091949572934,6000.91949572934,0.006510986662088837,15146.819979258635,-6000.91949572934,False
2013-05-29,165.22,-0.006494287432351253,-6494.287432351253,0.006481514681208264,15078.257899193342,6494.287432351253,False
2013-05-30,165.83,0.003692046967679552,3692.046967679552,0.006482281756001886,15080.042382008716,-3692.046967679552,False
2013-05-31,163.445,-0.014382198637158616,-14382.198637158617,0.006349539416921224,14771.237523693208,14382.198637158617,False
2013-06-03,164.35,0.005537030805469634,5537.030805469633,0.007092849217129557,16500.43469716159,-5537.030805469633,False
2013-06-04,163.56,-0.004806814724672925,-4806.814724672925,0.007009245467549444,16305.943292064048,4806.814724672925,False
2013-06-05,161.272,-0.013988750305698239,-13988.750305698239,0.006896961560770121,16044.731864238971,13988.750305698239,False
2013-06-06,162.73,0.009040627015229008,9040.627015229007,0.007513661035168312,17479.389375427305,-9040.627015229007,False
2013-06-07,164.8,0.01272045719904158,12720.457199041579,0.007613919636562464,17712.6257596349,-12720.457199041579,False
2013-06-10,164.8,0.0,0.0,0.008012619283309829,18640.139835226466,-0.0,False
2013-06-11,163.098,-0.010327669902912562,-10327.669902912561,0.0077685226209693444,18072.286083730214,10327.669902912561,False
2013-06-12,161.75,-0.008264969527523425,-8264.969527523424,0.00794535040304537,18483.649018634133,8264.969527523424,False
2013-06-13,164.21,0.015208655332302978,15208.655332302978,0.007964889247377913,18529.10316760836,-15208.655332302978,False
2013-06-14,163.175,-0.006302904817002575,-6302.904817002574,0.008573872223250343,19945.809418856254,6302.904817002574,False
2013-06-17,164.44,0.007752413053470075,7752.413053470075,0.008454833194955297,19668.883228454182,-7752.413053470075,False
2013-06-18,165.735,0.007875212843590385,7875.212843590384,0.008414341720083854,19574.685971970226,-7875.212843590384,False
2013-06-19,163.45,-0.013787069719733425,-13787.069719733425,0.00838297181358223,19501.70865667131,13787.069719733425,False
2013-06-20,159.4,-0.02477821963903326,-24778.21963903326,0.00880129313959504,20474.869584107157,24778.21963903326,True
2013-06-21,159.07,-0.0020702634880803705,-2070.2634880803707,0.010471513996655317,24360.384324108003,2070.2634880803707,False
2013-06-24,157.06,-0.012635946438674717,-12635.946438674717,0.010165166428240318,23647.71330960819,12635.946438674717,False
2013-06-25,158.575,0.009645995161084775,9645.995161084775,0.010330091991219533,24031.387542419874,-9645.995161084775,False
2013-06-26,160.14,0.009869147091281727,9869.147091281728,0.01029032875437392,23938.8844209191,-9869.147091281728,False
2013-06-27,161.08,0.005869863869114589,5869.863869114589,0.01026554517691439,23881.229198184996,-5869.863869114589,False
2013-06-28,160.42,-0.004097342935187598,-4097.3429351875975,0.010056134984328238,23394.06824185972,4097.3429351875975,False
2013-07-01,161.36,0.005859618501433905,5859.618501433905,0.00980130567431505,22801.246618267243,-5859.618501433905,False
2013-07-02,161.21,-0.0009295984134853885,-929.5984134853885,0.009610502852869851,22357.372880237213,929.5984134853885,False
2013-07-03,161.28,0.0004342162396873128,434.21623968731285,0.009320510091864052,21682.748837184135,-434.21623968731285,False
2013-07-05,163.02,0.010788690476190466,10788.690476190466,0.009037195720728624,21023.661052208015,-10788.690476190466,False
2013-07-08,163.945,0.005674150410992507,5674.150410992506,0.009151743147430055,21290.13821479174,-5674.150410992506,False
2013-07-09,165.13,0.007228033791820465,7228.033791820465,0.008981141210978424,20893.258762620237,-7228.033791820465,False
2013-07-10,165.192,0.0003754617574034391,375.46175740343915,0.008885713924845025,20671.261698398317,-375.46175740343915,False
2013-07-11,167.44,0.013608407186788574,13608.407186788574,0.008615510172288699,20042.673773081053,-13608.407186788574,False
2013-07-12,167.51,0.0004180602006689238,418.0602006689238,0.00899359324001079,20922.226513887177,-418.0602006689238,False
2013-07-15,168.155,0.0038505163870814485,3850.5163870814486,0.008720213452929046,20286.250027403825,-3850.5163870814486,False
2013-07-16,167.525,-0.003746543367726174,-3746.543367726174,0.008507007928266965,19790.25980837243,3746.543367726174,False
2013-07-17,167.9501,0.002537531711684693,2537.5317116846927,0.008298748585809571,19305.776129797527,-2537.5317116846927,False
2013-07-18,168.87,0.005477222103470014,5477.222103470014,0.008069908204949799,18773.4137962897,-5477.222103470014,False
2013-07-19,169.17,0.0017765144785928388,1776.514478592839,0.007938262470363496,18467.160021508313,-1776.514478592839,False
2013-07-22,169.5,0.0019507004788084092,1950.7004788084093,0.007708723020516281,17933.17141034774,-1950.7004788084093,False
2013-07-23,169.14,-0.002123893805309862,-2123.8938053098623,0.00748914280222355,17422.351436341018,2123.8938053098623,False
2013-07-24,168.52,-0.003665602459500872,-3665.6024595008716,0.00727960711928501,16934.89854580125,3665.6024595008716,False
2013-07-25,168.93,0.0024329456444338593,2432.9456444338593,0.007114725399194423,16551.326306800318,-2432.9456444338593,False
2013-07-26,169.11,0.0010655301012254537,1065.5301012254536,0.006923677630140783,16106.882735422136,-1065.5301012254536,False
2013-07-29,168.59,-0.0030749216486311015,-3074.9216486311016,0.006717826618359708,15628.001671796075,3074.9216486311016,False
2013-07-30,168.588,-1.1863099828035573e-05,-11.863099828035573,0.006556580770080919,15252.887735454804,11.863099828035573,False
2013-07-31,168.71,0.000723657674330358,723.657674330358,0.006356841570694323,14788.224873599176,-723.657674330358,False
2013-08-01,170.66,0.011558295299626486,11558.295299626487,0.006165735113949516,14343.644774235418,-11558.295299626487,False
2013-08-02,170.95,0.0016992851283252897,1699.2851283252896,0.006614451114013068,15387.51428703137,-1699.2851283252896,False
2013-08-05,170.7,-0.001462415911085091,-1462.415911085091,0.006426442244673909,14950.140253543395,1462.415911085091,False
2013-08-06,169.73,-0.005682483889865253,-5682.483889865253,0.006240955851991052,14518.634378262126,5682.483889865253,False
2013-08-07,169.18,-0.003240440699935121,-3240.440699935121,0.006208864271283916,14443.978197709472,3240.440699935121,False
2013-08-08,169.8,0.0036647357843717643,3664.735784371764,0.0060718220628292584,14125.170347417117,-3664.735784371764,False
2013-08-09,169.31,-0.002885747938751515,-2885.747938751515,0.0059548987459952536,13853.166037874526,2885.747938751515,False
2013-08-12,169.111,-0.0011753588092847655,-1175.3588092847656,0.005816598868798931,13531.432412578753,1175.3588092847656,False
2013-08-13,169.61,0.0029507246719611135,2950.7246719611135,0.00564674606798606,13136.295710507846,-2950.7246719611135,False
2013-08-14,168.74,-0.005129414539237098,-5129.414539237098,0.0055222281057848615,12846.623613861191,5129.414539237098,False
2013-08-15,166.38,-0.013986013986014068,-13986.013986014068,0.005499450578748869,12793.635162265102,13986.013986014068,True
2013-08-16,165.83,-0.0033056857795407124,-3305.6857795407122,0.0063376521284332155,14743.58355539102,3305.6857795407122,False
2013-08-19,164.77,-0.006392088283181607,-6392.088283181607,0.006197704247489991,14418.01610008223,6392.088283181607,False
2013-08-20,165.58,0.004915943436305081,4915.943436305081,0.00620953888949843,14445.547594358595,-4915.943436305081,False
2013-08-21,164.56,-0.006160164271047264,-6160.164271047263,0.006139614061088763,14282.878118445096,6160.164271047263,False
2013-08-22,166.06,0.009115216334467657,9115.216334467657,0.006140849013023278,14285.751046252497,-9115.216334467657,False
2013-08-23,166.62,0.0033722750812958946,3372.275081295895,0.00635866771691624,14792.47312498022,-3372.275081295895,False
2013-08-26,166.0,-0.003721041891729726,-3721.041891729726,0.00622005065731296,14470.001623066337,3721.041891729726,False
2013-08-27,163.33,-0.016084337349397515,-16084.337349397516,0.006099053822878386,14188.520894513797,16084.337349397516,True
2013-08-28,163.91,0.003551092879446438,3551.092879446438,0.007105554486488641,16529.991573524207,-3551.092879446438,False
2013-08-29,164.17,0.0015862363492160636,1586.2363492160637,0.006943787577766088,16153.665469327338,-1586.2363492160637,False
2013-08-30,163.65,-0.003167448376682591,-3167.448376682591,0.006743454864901579,15687.621888654152,3167.448376682591,False
2013-09-03,164.39,0.004521845401771918,4521.845401771918,0.006583896738042284,15316.434179449094,-4521.845401771918,False
2013-09-04,165.75,0.008273009307135482,8273.009307135482,0.006478708176173947,15071.728992173274,-8273.009307135482,False
2013-09-05,165.96,0.001266968325791984,1266.968325791984,0.006600136440548694,15354.213376849937,-1266.968325791984,False
2013-09-06,166.04,0.0004820438659915993,482.0438659915993,0.006406590785756561,14903.958854294415,-482.0438659915993,False
2013-09-09,167.634,0.009600096362322397,9600.096362322396,0.0062125424057866046,14452.534818090237,-9600.096362322396,False
2013-09-10,168.87,0.0073732059128817085,7373.205912881708,0.006466038444443982,15042.254788698601,-7373.205912881708,False
2013-09-11,169.4,0.003138508912180926,3138.508912180926,0.006524026663123866,15177.155557943966,-3138.508912180926,False
2013-09-12,168.95,-0.002656434474616387,-2656.434474616387,0.006371825700581616,14823.083172306833,2656.434474616387,False
2013-09-13,169.33,0.002249186149748672,2249.186149748672,0.006211887928814611,14451.012276977832,-2249.186149748672,False
2013-09-16,170.31,0.005787515502273521,5787.515502273522,0.0060477953703739675,14069.275902503518,-5787.515502273522,False
2013-09-17,171.07,0.004462450824966213,4462.450824966213,0.006032495275816232,14033.682560056506,-4462.450824966213,False
2013-09-18,173.051,0.01158005494826675,11580.054948266748,0.0059499871713723,13841.740006692226,-11580.054948266748,False
2013-09-19,172.76,-0.0016815851974273377,-1681.5851974273378,0.006428379800184327,14954.647681685894,1681.5851974273378,False
2013-09-20,170.72,-0.011808288955776791,-11808.28895577679,0.006246141734756363,14530.698545608233,11808.28895577679,False
2013-09-23,169.93,-0.004627460168697195,-4627.460168697195,0.006711152707263673,15612.475832906277,4627.460168697195,False
2013-09-24,169.53,-0.0023539104337080285,-2353.9104337080284,0.006604695275133632,15364.81881199471,2353.9104337080284,False
2013-09-25,169.04,-0.002890343891936542,-2890.343891936542,0.006429396033573087,14957.011794069364,2890.343891936542,False
2013-09-26,169.69,0.003845243729294845,3845.243729294845,0.006273607464924238,14594.593388593248,-3845.243729294845,False
2013-09-27,168.909,-0.004602510460251064,-4602.510460251064,0.0061549829850923886,14318.631582127226,4602.510460251064,False
2013-09-30,168.01,-0.005322392530889397,-5322.392530889397,0.0060730365358833,14127.995634224466,5322.392530889397,False
2013-10-01,169.34,0.007916195464555686,7916.195464555686,0.006030633311301149,14029.350982865302,-7916.195464555686,False
2013-10-02,169.18,-0.0009448446911538566,-944.8446911538566,0.006160064519567606,14330.452999050513,944.8446911538566,False
2013-10-03,167.62,-0.009220948102612647,-9220.948102612647,0.005976886738222971,13904.317756847904,9220.948102612647,False
2013-10-04,168.89,0.007576661496241366,7576.661496241366,0.006219432257957107,14468.56301103954,-7576.661496241366,False
2013-10-07,167.43,-0.008644679969210589,-8644.679969210589,0.006309104953981664,14677.172896795779,8644.679969210589,False
2013-10-08,165.48,-0.011646658304963364,-11646.658304963365,0.006473047698521838,15058.560752021232,11646.658304963365,False
2013-10-09,165.6,0.0007251631617113397,725.1631617113396,0.006893838168774551,16037.465767910278,-725.1631617113396,False
2013-10-10,169.17,0.02155797101449264,21557.97101449264,0.006686183972348044,15554.389869517816,-21557.97101449264,False
2013-10-11,170.26,0.006443222793639514,6443.222793639514,0.008361071677785159,19450.76132231859,-6443.222793639514,False
2013-10-14,170.94,0.003993891695054597,3993.8916950545968,0.008258569829159648,19212.306364683376,-3993.8916950545968,False
2013-10-15,169.7,-0.007254007254007266,-7254.007254007266,0.008066523869550578,18765.540654828685,7254.007254007266,False
2013-10-16,172.07,0.013965822038892295,13965.822038892295,0.008020094523895517,18657.529845270925,-13965.822038892295,False
2013-10-17,173.22,0.006683326553146962,6683.326553146962,0.008495013379342397,19762.356314981684,-6683.326553146962,False
2013-10-18,174.388,0.006742870338298124,6742.870338298124,0.008397341746365567,19535.138119251937,-6742.870338298124,False
2013-10-21,174.4,6.881207422537727e-05,68.81207422537727,0.008307370554205747,19325.83382764602,-68.81207422537727,False
2013-10-22,175.41,0.005791284403669605,5791.284403669605,0.008054312217656153,18737.13210440556,-5791.284403669605,False
2013-10-23,174.57,-0.004788780571233109,-4788.780571233109,0.007936747890929085,18463.636582861003,4788.780571233109,False
2013-10-24,175.15,0.0033224494472132715,3322.4494472132715,0.007783854714772265,18107.95386755323,-3322.4494472132715,False
2013-10-25,175.95,0.00456751355980578,4567.5135598057805,0.007590481591256166,17658.10071276492,-4567.5135598057805,False
2013-10-28,176.23,0.001591361182154083,1591.361182154083,0.0074438039299210045,17316.877447148585,-1591.361182154083,False
2013-10-29,177.17,0.005333938602962052,5333.938602962052,0.007227554894637948,16813.80696365446,-5333.938602962052,False
2013-10-30,176.29,-0.0049669808658350245,-4966.980865835025,0.0071281379637963506,16582.528597947447,4966.980865835025,False
2013-10-31,175.79,-0.002836235747915361,-2836.235747915361,0.007017263264005005,16324.595475802933,2836.235747915361,False
2013-11-01,176.21,0.0023892144035497775,2389.2144035497777,0.006838868231398972,15909.586570960442,-2389.2144035497777,False
2013-11-04,176.83,0.0035185290278645365,3518.5290278645366,0.006656306204887181,15484.88378870415,-3518.5290278645366,False
2013-11-05,176.27,-0.00316688344737881,-3166.8834473788097,0.00651082409122086,15146.441782865537,3166.8834473788097,False
2013-11-06,177.17,0.005105803596754832,5105.803596754832,0.0063599630165724645,14795.486442581725,-5105.803596754832,False
2013-11-07,174.93,-0.012643224022125588,-12643.224022125587,0.006291767289081616,14636.83945691472,12643.224022125587,False
2013-11-08,177.29,0.013491110730006195,13491.110730006196,0.006841214972735414,15915.045907679398,-13491.110730006196,False
2013-11-11,177.32,0.00016921428168537034,169.21428168537034,0.007410444864429245,17239.27265606184,-169.21428168537034,False
2013-11-12,176.96,-0.002030227836679388,-2030.227836679388,0.007184812420085064,16714.373098847114,2030.227836679388,False
2013-11-13,178.38,0.008024412296564032,8024.412296564032,0.006983662881699671,16246.429297859959,-8024.412296564032,False
2013-11-14,179.27,0.0049893485816796534,4989.348581679654,0.007050441544529736,16401.77969816597,-4989.348581679654,False
2013-11-15,180.05,0.00435097897026826,4350.97897026826,0.0069440491336562075,16154.27393931626,-4350.97897026826,False
2013-11-18,179.42,-0.0034990280477646962,-3499.028047764696,0.006816339952524128,15857.17795729415,3499.028047764696,False
2013-11-19,179.03,-0.002173670716753895,-2173.670716753895,0.006664032770343846,15502.8584678279,2173.670716753895,False
2013-11-20,178.47,-0.0031279673797687257,-3127.9673797687256,0.006482920905074816,15081.52926509572,3127.9673797687256,False
2013-11-21,179.91,0.008068582955118586,8068.582955118586,0.006331952183134562,14730.323499763348,-8068.582955118586,False
2013-11-22,180.81,0.005002501250625402,5002.501250625402,0.006449350602715766,15003.433063571836,-5002.501250625402,False
2013-11-25,180.63,-0.0009955201592832807,-995.5201592832807,0.006371811118567132,14823.049249468437,995.5201592832807,False
2013-11-26,180.68,0.0002768089464653123,276.80894646531226,0.006182510973553249,14382.67125955977,-276.80894646531226,False
2013-11-27,181.12,0.0024352446313924414,2435.2446313924415,0.005994550259476565,13945.409251964276,-2435.2446313924415,False
2013-11-29,181.0,-0.0006625441696113121,-662.5441696113121,0.005842463506901062,13591.60255844048,662.5441696113121,False
2013-12-02,180.53,-0.002596685082872918,-2596.6850828729184,0.005666802884017015,13182.954841841489,2596.6850828729184,False
2013-12-03,179.75,-0.00432061153270924,-4320.61153270924,0.00553086449263605,12866.714854051848,4320.61153270924,False
2013-12-04,179.73,-0.00011126564673158423,-111.26564673158424,0.005465811500110748,12715.378963190617,111.26564673158424,False
2013-12-05,178.94,-0.004395482112056981,-4395.482112056981,0.005299370947207497,12328.180336789956,4395.482112056981,False
2013-12-06,180.94,0.011176930814798203,11176.930814798203,0.00524952838546333,12212.229199239666,-11176.930814798203,False
2013-12-09,181.4,0.0025422792085774137,2542.2792085774136,0.005779231983570591,13444.504038568275,-2542.2792085774136,False
2013-12-10,180.75,-0.0035832414553472747,-3583.2414553472745,0.005637671682103495,13115.185532201715,3583.2414553472745,False
2013-12-11,178.72,-0.011230982019363789,-11230.982019363788,0.005535947853359829,12878.540519464594,11230.982019363788,False
2013-12-12,178.13,-0.003301253357206768,-3301.253357206768,0.006031253016096118,14030.792631797613,3301.253357206768,False
2013-12-13,178.11,-0.00011227755010378981,-112.27755010378982,0.005903164286315141,13732.813687583044,112.27755010378982,False
2013-12-16,179.216,0.006209645724552182,6209.6457245521815,0.005723396198993075,13314.610579820968,-6209.6457245521815,False
2013-12-17,178.65,-0.0031582001606998977,-3158.200160699898,0.005753730112637925,13385.177815340005,3158.200160699898,False
2013-12-18,181.7,0.01707248810523354,17072.48810523354,0.005631832676121916,13101.601973049957,-17072.48810523354,False
2013-12-19,181.49,-0.001155751238304803,-1155.7512383048029,0.006877694231392155,15999.909353502093,1155.7512383048029,False
2013-12-20,181.56,0.0003856961816077753,385.6961816077753,0.006674178819868704,15526.461708569967,-385.6961816077753,False
2013-12-23,182.53,0.0053425864727914,5342.5864727913995,0.006471546093251549,15055.067495793048,-5342.5864727913995,False
2013-12-24,182.93,0.0021914205883963866,2191.420588396387,0.006409418703752302,14910.53757531177,-2191.420588396387,False
2013-12-26,183.855,0.005056579019296903,5056.5790192969025,0.006237302997652438,14510.136568337311,-5056.5790192969025,False
2013-12-27,183.845,-5.4390688314143176e-05,-54.390688314143176,0.006172831704020147,14360.153911459169,54.390688314143176,False
2013-12-30,183.82,-0.00013598411705517677,-135.98411705517677,0.005984797212287598,13922.720271370803,135.98411705517677,False
2013-12-31,184.69,0.004732890871504747,4732.890871504746,0.005802571784362393,13498.80053452082,-4732.890871504746,False
2014-01-02,182.92,-0.009583626617575502,-9583.626617575503,0.005744011169384355,13362.568172364137,9583.626617575503,False
2014-01-03,182.885,-0.00019134047671109933,-191.3404767110993,0.0060435749688307495,14059.457780345854,191.3404767110993,False
2014-01-06,182.36,-0.002870656423435314,-2870.6564234353136,0.005859650772044919,13631.58611616847,2870.6564234353136,False
2014-01-07,183.48,0.006141697740732477,6141.697740732477,0.005724492714484983,13317.16145630442,-6141.697740732477,False
2014-01-08,183.52,0.00021800741225219689,218.0074122521969,0.005750378674158012,13377.38120355728,-218.0074122521969,False
2014-01-09,183.64,0.0006538796861377261,653.879686137726,0.005575454711173465,12970.44721414938,-653.879686137726,False
2014-01-10,184.14,0.002722718362012655,2722.718362012655,0.005407976242625537,12580.834034895292,-2722.718362012655,False
2014-01-13,181.685,-0.013332247203214909,-13332.247203214909,0.005285473142026599,12295.849207253541,13332.247203214909,True
2014-01-14,183.67,0.01092550293089678,10925.50293089678,0.006076592933892921,14136.269053173392,-10925.50293089678,False
2014-01-15,184.66,0.0053901018130342315,5390.101813034232,0.006470817540370396,15053.372628346853,-5390.101813034232,False
2014-01-16,184.42,-0.0012996859092386792,-1299.6859092386792,0.006411113999580086,14914.481423156603,1299.6859092386792,False
2014-01-17,183.635,-0.004256588222535496,-4256.588222535495,0.0062239529850759215,14479.079794961513,4256.588222535495,False
2014-01-21,184.18,0.002967843820622429,2967.843820622429,0.006123760928757997,14245.998217750532,-2967.843820622429,False
2014-01-22,184.3,0.0006515365403410023,651.5365403410023,0.00598154719570484,13915.159602202906,-651.5365403410023,False
2014-01-23,182.79,-0.00819316332067288,-8193.16332067288,0.0058015207002114315,13496.355347140792,8193.16332067288,False
2014-01-24,178.89,-0.021335959297554608,-21335.959297554607,0.005972090036229863,13893.15895936383,21335.959297554607,True
2014-01-27,178.01,-0.004919224104198094,-4919.224104198094,0.007799954960485366,18145.40863993944,4919.224104198094,False
2014-01-28,179.07,0.005954721644851446,5954.721644851446,0.0076577323986741445,17814.549485629264,-5954.721644851446,False
2014-01-29,177.35,-0.009605182330931994,-9605.182330931993,0.007566368756040191,17602.005869823137,9605.182330931993,False
2014-01-30,179.23,0.010600507471102416,10600.507471102415,0.0077039283252030065,17922.01728109903,-10600.507471102415,False
2014-01-31,178.18,-0.00585839424203527,-5858.39424203527,0.007907700453366149,18396.062138240133,5858.39424203527,False
2014-02-03,174.17,-0.02250533168705815,-22505.33168705815,0.007799940375301844,18145.374709728763,22505.33168705815,True
2014-02-04,175.385,0.006975943044152277,6975.943044152277,0.009358318381388736,21770.704071141008,-6975.943044152277,False
2014-02-05,175.17,-0.0012258745046611619,-1225.8745046611618,0.009232727789397203,21478.536664461975,1225.8745046611618,False
2014-02-06,177.48,0.013187189587258175,13187.189587258175,0.008956496680353967,20835.927011195297,-13187.189587258175,False
2014-02-07,179.68,0.012395762902862373,12395.762902862372,0.009264978195910531,21553.562329091208,-12395.762902862372,False
2014-02-10,180.01,0.0018365983971504463,1836.5983971504463,0.009482021302923468,22058.480099665972,-1836.5983971504463,False
2014-02-11,181.98,0.010943836453530364,10943.836453530364,0.009204161554975755,21412.081665746286,-10943.836453530364,False
2014-02-12,182.07,0.0004945598417409602,494.5598417409602,0.009317706150849859,21676.225894966832,-494.5598417409602,False
2014-02-13,183.01,0.005162849453506979,5162.849453506979,0.009034663491519422,21017.770206170608,-5162.849453506979,False
2014-02-14,184.02,0.005518824107972442,5518.824107972442,0.008850250652352674,20588.76178982921,-5518.824107972442,False
2014-02-18,184.24,0.0011955222258450693,1195.5222258450692,0.008686470260409869,20207.751623223485,-1195.5222258450692,False
2014-02-19,183.02,-0.006621797655232298,-6621.797655232298,0.008426935151847044,19603.9826751794,6621.797655232298,False
2014-02-20,184.1,0.005900994426838446,5900.994426838446,0.008329665908152597,19377.70057690126,-5900.994426838446,False
2014-02-21,183.89,-0.0011406844106464087,-1140.6844106464087,0.008204245133251927,19085.928223850537,1140.6844106464087,False
2014-02-24,184.91,0.005546794279188694,5546.7942791886935,0.007959216642960548,18515.906716381745,-5546.7942791886935,False
2014-02-25,184.84,-0.0003785625439403084,-378.5625439403084,0.007835444939628112,18227.97067746792,378.5625439403084,False
2014-02-26,184.85,5.41008439731705e-05,54.1008439731705,0.007597311638586877,17673.989778852316,-54.1008439731705,False
2014-02-27,185.82,0.005247497971328174,5247.497971328175,0.007365878840970592,17135.59658213435,-5247.497971328175,False
2014-02-28,186.29,0.0025293294586159476,2529.3294586159477,0.007256236967699744,16880.531443344855,-2529.3294586159477,False
2014-03-03,184.98,-0.007032046808739034,-7032.0468087390345,0.007062410840933921,16429.624445409612,7032.0468087390345,False
2014-03-04,187.58,0.014055573575521896,14055.573575521896,0.00706059268136821,16425.394773769254,-14055.573575521896,False
2014-03-05,187.75,0.0009062799872054939,906.2799872054939,0.007662532204413465,17825.71550350674,-906.2799872054939,False
2014-03-06,188.18,0.0022902796271637715,2290.2796271637717,0.00743241659230466,17290.386538493814,-2290.2796271637717,False
2014-03-07,188.26,0.0004251248804334473,425.1248804334473,0.007227799821778946,16814.37674938822,-425.1248804334473,False
2014-03-10,188.16,-0.0005311802825879175,-531.1802825879175,0.007008385599959744,16303.942940924791,531.1802825879175,False
2014-03-11,187.23,-0.004942602040816313,-4942.602040816313,0.0067961275550284025,15810.156889350701,4942.602040816313,False
2014-03-12,187.28,0.00026705122042414153,267.05122042414155,0.006699393081137742,15585.118851668703,-267.05122042414155,False
2014-03-13,185.18,-0.011213156770610855,-11213.156770610854,0.006495631961366059,15111.099603875668,11213.156770610854,False
2014-03-14,184.66,-0.0028080786262015822,-2808.078626201582,0.006870642880299253,15983.505457878005,2808.078626201582,False
2014-03-17,186.33,0.009043647785118791,9043.647785118792,0.006696753534926175,15578.978348950992,-9043.647785118792,False
2014-03-18,187.66,0.007137873665002958,7137.873665002959,0.006860245720728266,15959.318047813977,-7137.873665002959,False
2014-03-19,186.66,-0.005328786102525851,-5328.786102525851,0.006877219459585162,15998.804869118241,5328.786102525851,False
2014-03-20,187.747,0.005823422265081035,5823.422265081035,0.006794272317560386,15805.840961611138,-5823.422265081035,False
2014-03-21,186.2,-0.00823981208754343,-8239.81208754343,0.006739966094744381,15679.505795615938,8239.81208754343,False
2014-03-24,185.43,-0.004135338345864548,-4135.338345864548,0.006839238596151417,15910.448168214913,4135.338345864548,False
2014-03-25,186.31,0.004745726150029661,4745.726150029661,0.006707811483238676,15604.702983499032,-4745.726150029661,False
2014-03-26,184.97,-0.007192313885459711,-7192.313885459711,0.006606539623922121,15369.1094088778,7192.313885459711,False
2014-03-27,184.58,-0.0021084500189219035,-2108.4500189219034,0.006643142825193844,15454.261188339364,2108.4500189219034,False
2014-03-28,185.49,0.00493011160472423,4930.11160472423,0.006461439428572127,15031.555877902432,-4930.11160472423,False
2014-03-31,187.01,0.008194511833521823,8194.511833521823,0.006379933192899616,14841.944019824616,-8194.511833521823,False
2014-04-01,188.25,0.006630661461954013,6630.661461954012,0.006503102040141636,15128.477605754148,-6630.661461954012,False
2014-04-02,188.88,0.003346613545816668,3346.6135458166677,0.006510826081320802,15146.446412530304,-3346.6135458166677,False
2014-04-03,188.63,-0.00132359169843288,-1323.5916984328799,0.00636548460205799,14808.331571237311,1323.5916984328799,False
2014-04-04,186.4,-0.011822085564332285,-11822.085564332285,0.006180076396367988,14377.00758610065,11822.085564332285,False
2014-04-07,184.34,-0.011051502145922765,-11051.502145922765,0.006654881368925497,15481.569124593829,11051.502145922765,False
2014-04-08,185.1,0.004122816534664064,4122.816534664064,0.006997023742512492,16277.511308007222,-4122.816534664064,False
2014-04-09,187.09,0.010750945434900183,10750.945434900183,0.0068586221465245095,15955.541049416719,-10750.945434900183,False
2014-04-10,183.155,-0.021032658078999455,-21032.658078999455,0.007152148317010823,16638.385032102902,21032.658078999455,True
2014-04-11,181.51,-0.00898146378750242,-8981.46378750242,0.008638656977082467,20096.52129320387,8981.46378750242,False
2014-04-14,182.9401,0.00787890474354036,7878.90474354036,0.008659608086490226,20145.26086203341,-7878.90474354036,False
2014-04-15,184.2,0.006886953707798238,6886.953707798238,0.008614761277968036,20040.931584370297,-6886.953707798238,False
2014-04-16,186.125,0.010450597176981713,10450.597176981713,0.008520978408973713,19822.7600064639,-10450.597176981713,False
2014-04-17,186.39,0.0014237743451981366,1423.7743451981366,0.008648904412973744,20120.360393903917,-1423.7743451981366,False
2014-04-21,187.04,0.003487311551048977,3487.311551048977,0.008392673155510939,19524.277352842506,-3487.311551048977,False
2014-04-22,187.89,0.004544482463644028,4544.482463644028,0.008181712867411364,19033.510335115017,-4544.482463644028,False
2014-04-23,187.45,-0.0023417957315450266,-2341.7957315450267,0.008010189708728558,18634.4877995645,2341.7957315450267,False
2014-04-24,187.83,0.002027207255268282,2027.2072552682819,0.00778732247017732,18116.021072967476,-2027.2072552682819,False
2014-04-25,186.29,-0.008198903263589519,-8198.903263589518,0.007566400857382962,17602.08054871365,8198.903263589518,False
2014-04-28,186.875,0.003140265177948409,3140.265177948409,0.0076058344382501,17693.81677572973,-3140.265177948409,False
2014-04-29,187.75,0.00468227424749168,4682.27424749168,0.00741413989450004,17247.868581411552,-4682.27424749168,False
2014-04-30,188.31,0.002982689747003997,2982.689747003997,0.007279198010799504,16933.946817145745,-2982.689747003997,False
2014-05-01,188.325,7.965588656988487e-05,79.65588656988487,0.007095160783746537,16505.8122052467,-79.65588656988487,False
2014-05-02,188.06,-0.0014071419089339843,-1407.1419089339843,0.006879041274625251,16003.043044663647,1407.1419089339843,False
2014-05-05,188.42,0.0019142826757416742,1914.2826757416742,0.0066783784878988875,15536.231597363661,-1914.2826757416742,False
2014-05-06,186.78,-0.008703959239995673,-8703.959239995673,0.006491884438568779,15102.381562183296,8703.959239995673,False
2014-05-07,187.88,0.005889281507656108,5889.281507656107,0.006645406243187692,15459.526685977416,-5889.281507656107,False
2014-05-08,187.675,-0.0010911219927612903,-1091.1219927612904,0.0066024811161686245,15359.667907993677,1091.1219927612904,False
2014-05-09,187.96,0.0015185826561876503,1518.5826561876504,0.006406920032916497,14904.724797724964,-1518.5826561876504,False
2014-05-12,189.785,0.009709512662268605,9709.512662268604,0.0062228668993250975,14476.55318168406,-9709.512662268604,False
2014-05-13,189.96,0.000922096056063415,922.0960560634151,0.006485145046044712,15086.703390712604,-922.0960560634151,False
2014-05-14,189.06,-0.004737839545167488,-4737.839545167488,0.006291636953952478,14636.53625206414,4737.839545167488,False
2014-05-15,187.4,-0.00878028139215059,-8780.281392150591,0.006209383322042952,14445.185690339275,8780.281392150591,False
2014-05-16,188.05,0.003468516542155742,3468.5165421557417,0.006392859707922739,14872.015590567415,-3468.5165421557417,False
2014-05-19,188.74,0.0036692369050783658,3669.236905078366,0.006256066843525856,14553.787801293767,-3669.236905078366,False
2014-05-20,187.55,-0.0063049697997245024,-6304.969799724502,0.006131710036976561,14264.490608755306,6304.969799724502,False
2014-05-21,189.13,0.0084244201546253,8424.4201546253,0.006142243445959451,14288.994982349057,-8424.4201546253,False
2014-05-22,189.59,0.0024321894992862525,2432.1894992862526,0.006302521445656916,14661.857366200773,-2432.1894992862526,False
2014-05-23,190.35,0.004008650245266088,4008.6502452660875,0.006139495315106423,14282.601873981528,-4008.6502452660875,False
2014-05-27,191.52,0.006146572104019032,6146.572104019033,0.00603290603010632,14034.638117426006,-6146.572104019033,False
2014-05-28,191.38,-0.0007309941520469154,-730.9941520469155,0.006039786318720383,14050.644062216117,730.9941520469155,False
2014-05-29,192.37,0.005172954331696067,5172.954331696067,0.005858527015920759,13628.971868498089,-5172.954331696067,False
2014-05-30,192.68,0.0016114778811664454,1611.4778811664455,0.005819670597170065,13538.57832134457,-1611.4778811664455,False
2014-06-02,192.895,0.0011158397342745374,1115.8397342745375,0.005656170397511125,13158.219979462743,-1115.8397342745375,False
2014-06-03,192.8,-0.0004924959174680277,-492.4959174680277,0.005490667869257385,12773.20352471127,492.4959174680277,False
2014-06-04,193.19,0.0020228215767634783,2022.8215767634783,0.005324766733406175,12387.259770022847,-2022.8215767634783,False
2014-06-05,194.45,0.006522076712045077,6522.076712045077,0.005186276192718907,12065.082595120255,-6522.076712045077,False
2014-06-06,195.375,0.004757006942658792,4757.0069426587925,0.0052759702596395655,12273.742197015205,-4757.0069426587925,False
2014-06-09,195.58,0.0010492642354447135,1049.2642354447134,0.0052462803349530756,12204.673103840356,-1049.2642354447134,False
2014-06-10,195.6,0.00010225994477952582,102.25994477952582,0.0050929468127879985,11847.965990532435,-102.25994477952582,False
2014-06-11,194.92,-0.003476482617586929,-3476.482617586929,0.004937858668430331,11487.177015617037,3476.482617586929,False
2014-06-12,193.54,-0.007079827621588319,-7079.82762158832,0.004862577219854925,11312.046177768925,7079.82762158832,False
2014-06-13,194.13,0.0030484654335021233,3048.4654335021232,0.0050232873036482025,11685.913739538342,-3048.4654335021232,False
2014-06-16,194.29,0.0008241899757894799,824.18997578948,0.004927169461754799,11462.31020239223,-824.18997578948,False
2014-06-17,194.83,0.0027793504555047033,2779.3504555047034,0.0047813320651811705,11123.041684917518,-2779.3504555047034,False
2014-06-18,196.255,0.007314068675255303,7314.068675255303,0.004685398112834032,10899.865938826419,-7314.068675255303,False
2014-06-19,196.48,0.0011464676059207424,1146.4676059207425,0.004883186887923177,11359.991435264192,-1146.4676059207425,False
2014-06-20,195.94,-0.0027483713355048733,-2748.3713355048735,0.004742746736831653,11033.27878834245,2748.3713355048735,False
2014-06-23,195.88,-0.00030621618862913813,-306.2161886291381,0.004647283132434815,10811.197235205591,306.2161886291381,False
2014-06-24,194.7,-0.006024096385542244,-6024.096385542243,0.004506332453723656,10483.296923441272,6024.096385542243,False
2014-06-25,195.58,0.00451977401129966,4519.77401129966,0.004611506748147754,10727.968919678518,-4519.77401129966,False
2014-06-26,195.44,-0.0007158196134574579,-715.8196134574579,0.004606054303382965,10715.284636391625,715.8196134574579,False
2014-06-27,195.82,0.001944330740892397,1944.330740892397,0.004469176203072619,10396.858558731903,-1944.330740892397,False
2014-06-30,195.72,-0.0005106730671023962,-510.67306710239626,0.004359122514894793,10140.835395209064,510.67306710239626,False
2014-07-01,197.03,0.006693235234007888,6693.235234007888,0.004228176837924209,9836.210197973709,-6693.235234007888,False
2014-07-02,197.23,0.0010150738466223608,1015.0738466223607,0.0044150644937825225,10270.975898864172,-1015.0738466223607,False
2014-07-03,198.2,0.004918115905288234,4918.115905288234,0.00428777906497634,9974.865712164532,-4918.115905288234,False
2014-07-07,197.51,-0.003481331987891023,-3481.3319878910233,0.004328188789195471,10068.872788192284,3481.3319878910233,False
2014-07-08,196.24,-0.006430054174472066,-6430.054174472067,0.0042821029235431875,9961.661032608763,6430.054174472067,False
2014-07-09,197.12,0.004484304932735439,4484.304932735439,0.004440378015681415,10329.863956718147,-4484.304932735439,False
2014-07-10,196.34,-0.0039569805194805685,-3956.9805194805685,0.004443025877777817,10336.023805076866,3956.9805194805685,False
2014-07-11,196.61,0.0013751655291840414,1375.1655291840414,0.004415372227056295,10271.691793511383,-1375.1655291840414,False
2014-07-14,197.6,0.005035349168404313,5035.349168404313,0.004294094316990699,9989.557185262169,-5035.349168404313,False
2014-07-15,197.23,-0.0018724696356275938,-1872.4696356275938,0.004342139532290978,10101.327069733807,1872.4696356275938,False
2014-07-16,197.96,0.003701262485423129,3701.262485423129,0.0042347719805193645,9851.552793928944,-3701.262485423129,False
2014-07-17,195.71,-0.011365932511618548,-11365.932511618548,0.0042046708245155676,9781.52703365334,11365.932511618548,True
2014-07-18,197.7099,0.010218690920239082,10218.690920239082,0.00493655412707088,11484.14219859888,-10218.690920239082,False
2014-07-21,197.34,-0.0018709230038556068,-1870.9230038556068,0.005401174992345009,12565.011960764366,1870.9230038556068,False
2014-07-22,198.2,0.004357960879699974,4357.960879699974,0.005256648266075873,12228.79251836608,-4357.960879699974,False
2014-07-23,198.64,0.002219979818365303,2219.979818365303,0.00520710277557337,12113.532471867271,-2219.979818365303,False
2014-07-24,198.65,5.034232782930026e-05,50.34232782930026,0.005077674938404173,11812.438298027004,-50.34232782930026,False
2014-07-25,197.72,-0.004681600805436781,-4681.600805436781,0.004923003948230209,11452.619768860011,4681.600805436781,False
2014-07-28,197.8,0.0004046125834513692,404.6125834513692,0.004908854547439839,11419.703340412383,-404.6125834513692,False
2014-07-29,196.95,-0.004297269969666395,-4297.269969666395,0.004760342894204867,11074.213571638915,4297.269969666395,False
2014-07-30,196.98,0.00015232292460010122,152.3229246001012,0.004733836113947563,11012.549579739669,-152.3229246001012,False
2014-07-31,193.09,-0.019748197786577215,-19748.197786577217,0.004589776054329104,10677.41576631207,19748.197786577217,True
2014-08-01,192.5,-0.0030555699414780424,-3055.5699414780424,0.006572789402089928,15290.594652070073,3055.5699414780424,False
2014-08-04,193.89,0.007220779220779239,7220.779220779239,0.006416358574207646,14926.682128191678,-7220.779220779239,False
2014-08-05,192.01,-0.009696219505905379,-9696.21950590538,0.006467445946040348,15045.529127045018,9696.21950590538,False
2014-08-06,192.07,0.00031248372480607856,312.48372480607856,0.00670516114671814,15598.53737876899,-312.48372480607856,False
2014-08-07,191.03,-0.005414692560004153,-5414.692560004153,0.006501345522885791,15124.391335570297,5414.692560004153,False
2014-08-08,193.24,0.011568863529288542,11568.863529288543,0.006441318011294905,14984.746461596878,-11568.863529288543,False
2014-08-11,193.795,0.002872076174704974,2872.0761747049737,0.006857948618999152,15953.974190089997,-2872.0761747049737,False
2014-08-12,193.53,-0.0013674243401531339,-1367.424340153134,0.006686142460221806,15554.293297871194,1367.424340153134,False
2014-08-13,194.84,0.0067689763860900865,6768.976386090087,0.006491103288196903,15100.564334676375,-6768.976386090087,False
2014-08-14,195.76,0.004721823034284478,4721.823034284478,0.006508110252837218,15140.128450711261,-4721.823034284478,False
2014-08-15,195.72,-0.0002043318348998735,-204.3318348998735,0.006414975127412872,14923.463749681805,204.3318348998735,False
2014-08-18,197.36,0.008379317392193109,8379.317392193108,0.006219750527322736,14469.303416301645,-8379.317392193108,False
2014-08-19,198.39,0.0052188893392783875,5218.8893392783875,0.00637000442875436,14818.846260463446,-5218.8893392783875,False
2014-08-20,198.92,0.0026715056202428755,2671.5056202428755,0.006306865100281373,14671.962217901944,-2671.5056202428755,False
2014-08-21,199.5,0.0029157450231249715,2915.7450231249713,0.006149648045725682,14306.22065727335,-2915.7450231249713,False
2014-08-22,199.19,-0.0015538847117794186,-1553.8847117794185,0.006004929222190094,13969.554329807643,1553.8847117794185,False
2014-08-25,200.2,0.005070535669461362,5070.535669461362,0.005834423530011502,13572.898775296115,-5070.535669461362,False
2014-08-26,200.33,0.0006493506493507883,649.3506493507883,0.005791432290065694,13472.886195645804,-649.3506493507883,False
2014-08-27,200.25,-0.0003993410872061842,-399.3410872061842,0.005617254317559368,13067.687639600968,399.3410872061842,False
2014-08-28,200.14,-0.000549313358302217,-549.3133583022169,0.005447008509474431,12671.636665898212,549.3133583022169,False
2014-08-29,200.71,0.002848006395523184,2848.006395523184,0.0052827845223978424,12289.594542696079,-2848.006395523184,False
2014-09-02,200.61,-0.0004982312789596488,-498.2312789596488,0.005169140353793606,12025.218672666475,498.2312789596488,False
2014-09-03,200.5,-0.0005483276008175775,-548.3276008175775,0.005013153233427487,11662.338366825,548.3276008175775,False
2014-09-04,200.2101,-0.0014458852867830219,-1445.885286783022,0.004862287816530825,11311.372924961164,1445.885286783022,False
2014-09-05,201.11,0.004494778235463626,4494.778235463626,0.004727448286114739,10997.689270041039,-4494.778235463626,False
2014-09-08,200.59,-0.0025856496444732757,-2585.6496444732757,0.004713811954583646,10965.966419173963,2585.6496444732757,False
2014-09-09,199.32,-0.00633132259833491,-6331.322598334909,0.004613887384800699,10733.50710869496,6331.322598334909,False
2014-09-10,200.07,0.003762793497892769,3762.793497892769,0.004734534627848531,11014.174566068174,-3762.793497892769,False
2014-09-11,200.3,0.0011495976408257835,1149.5976408257836,0.004681921181334225,10891.777386623655,-1149.5976408257836,False
2014-09-12,199.13,-0.005841238142785921,-5841.238142785921,0.004548016850835101,10580.269332042157,5841.238142785921,False
2014-09-15,198.981,-0.0007482549088535517,-748.2549088535517,0.0046357948208905295,10784.471426068223,748.2549088535517,False
2014-09-16,200.48,0.0075333825842667235,7533.382584266724,0.0044983053618700836,10464.623115372984,-7533.382584266724,False
2014-09-17,200.75,0.0013467677573824055,1346.7677573824055,0.004735586262604387,11016.621034346726,-1346.7677573824055,False
2014-09-18,201.82,0.005330012453300004,5330.0124533000035,0.004603157353281857,10708.54532268271,-5330.0124533000035,False
2014-09-19,200.7,-0.005549499554058146,-5549.499554058146,0.0046499737770301945,10817.456610539852,5549.499554058146,False
2014-09-22,199.15,-0.007722969606377639,-7722.969606377639,0.004708793632924874,10954.292057251827,7722.969606377639,False
2014-09-23,198.01,-0.00572432839568171,-5724.32839568171,0.004941763733859337,11496.261556275795,5724.32839568171,False
2014-09-24,199.56,0.007827887480430284,7827.887480430284,0.004992178202759454,11613.54314882248,-7827.887480430284,False
2014-09-25,196.34,-0.01613549809581083,-16135.49809581083,0.005206062039583936,12111.111357910811,16135.49809581083,True
2014-09-26,197.9,0.00794540083528572,7945.400835285721,0.006410784271085087,14913.714359973252,-7945.400835285721,False
2014-09-29,197.54,-0.0018191005558363393,-1819.1005558363393,0.006513066047428812,15151.6573529236,1819.1005558363393,False
2014-09-30,197.02,-0.0026323782525057293,-2632.3782525057295,0.006330353480479145,14726.604361239695,2632.3782525057295,False
2014-10-01,194.35,-0.013551923662572407,-13551.923662572408,0.006171283301907428,14356.551789496085,13551.923662572408,False
2014-10-02,194.38,0.00015436068947782822,154.3606894778282,0.006842436074544561,15917.886615277095,-154.3606894778282,False
2014-10-03,196.52,0.011009363103199998,11009.363103199998,0.006634095656645479,15433.214327020785,-11009.363103199998,False
2014-10-06,196.29,-0.001170364339507568,-1170.364339507568,0.006974447377887165,16224.990830157521,1170.364339507568,False
2014-10-07,193.26,-0.015436344184624806,-15436.344184624806,0.006768051892127718,15744.843130649406,15436.344184624806,False
2014-10-08,196.64,0.017489392528200254,17489.392528200253,0.007573306948541937,17618.14651919926,-17489.392528200253,False
2014-10-09,192.74,-0.01983319772172487,-19833.19772172487,0.008500965269247464,19776.20248140886,19833.19772172487,True
2014-10-10,190.54,-0.011414340562415748,-11414.340562415748,0.009567223724286814,22256.690571467723,11414.340562415748,False
2014-10-13,187.4099,-0.01642752178020368,-16427.52178020368,0.009687987088740966,22537.62816762766,16427.52178020368,False
2014-10-14,187.7,0.0015479438386125643,1547.9438386125644,0.010218486997205551,23771.755501863106,-1547.9438386125644,False
2014-10-15,186.43,-0.006766116142780887,-6766.116142780887,0.009914443793223366,23064.445240662586,6766.116142780887,False
2014-10-16,186.27,-0.0008582309714101344,-858.2309714101344,0.00975424234088441,22691.760932595604,858.2309714101344,False
2014-10-17,188.47,0.011810812261770387,11810.812261770387,0.00945942506974062,22005.91340063972,-11810.812261770387,False
2014-10-20,190.3,0.009709768132859509,9709.768132859508,0.009616735229172228,22371.871555598467,-9709.768132859508,False
2014-10-21,194.07,0.019810825013137023,19810.825013137022,0.00962234256881118,22384.916178246567,-19810.825013137022,False
2014-10-22,192.69,-0.007110836296181811,-7110.83629618181,0.01051580882209878,24463.429497109413,7110.83629618181,False
2014-10-23,194.93,0.01162488971923814,11624.889719238141,0.010343168791130718,24061.808728092517,-11624.889719238141,False
2014-10-24,196.43,0.007695070025137252,7695.070025137252,0.01042451705655366,24251.05309241609,-7695.070025137252,False
2014-10-27,196.16,-0.0013745354579239866,-1374.5354579239865,0.010281204631371823,23917.658536770687,1374.5354579239865,False
2014-10-28,198.41,0.011470228384991898,11470.228384991899,0.009973682339804009,23202.254707561733,-11470.228384991899,False
2014-10-29,198.11,-0.0015120205634795436,-1512.0205634795436,0.010069749123122765,23425.739464701262,1512.0205634795436,False
2014-10-30,199.38,0.006410579980818731,6410.579980818731,0.00977000659823405,22728.434079166767,-6410.579980818731,False
2014-10-31,201.66,0.0114354498946736,11435.4498946736,0.009601644616168269,22336.765540118737,-11435.4498946736,False
2014-11-03,201.77,0.0005454725776059544,545.4725776059544,0.00972143278702769,22615.434496732792,-545.4725776059544,False
2014-11-04,201.07,-0.0034692967239927652,-3469.2967239927652,0.009426225783775303,21928.680312314635,3469.2967239927652,False
2014-11-05,202.34,0.006316208285671809,6316.20828567181,0.009178489514111465,21352.359568059353,-6316.20828567181,False
2014-11-06,203.15,0.004003162992982201,4003.162992982201,0.0090323672866804,21012.428434924983,-4003.162992982201,False
2014-11-07,203.34,0.0009352695052915472,935.2695052915471,0.008811932711403753,20499.62092936506,-935.2695052915471,False
2014-11-10,203.98,0.0031474377889249006,3147.4377889249004,0.00854655675500612,19882.264137377875,-3147.4377889249004,False
2014-11-11,204.175,0.0009559760760859959,955.9760760859958,0.008321982714633422,19359.826795992085,-955.9760760859958,False
2014-11-12,203.96,-0.0010530182441532698,-1053.0182441532697,0.008071858889994357,18777.951768296032,1053.0182441532697,False
2014-11-13,204.19,0.0011276720925670336,1127.6720925670336,0.007830207048918519,18215.785521551203,-1127.6720925670336,False
2014-11-14,204.24,0.0002448699740438265,244.8699740438265,0.007596690894336726,17672.545711785653,-244.8699740438265,False
2014-11-17,204.37,0.0006365060712887338,636.5060712887338,0.007365509315023905,17134.73693623387,-636.5060712887338,False
2014-11-18,205.55,0.005773841561873105,5773.841561873105,0.007142828026786653,16616.702794754463,-5773.841561873105,False
2014-11-19,205.22,-0.001605448795913511,-1605.448795913511,0.00706817002270961,16443.0223056897,1605.448795913511,False
2014-11-20,205.58,0.0017542149887925795,1754.2149887925796,0.006864119300530326,15968.329341951425,-1754.2149887925796,False
2014-11-21,206.68,0.005350715050102206,5350.715050102206,0.006668868116795565,15514.107165766107,-5350.715050102206,False
2014-11-24,207.26,0.0028062705631894946,2806.2705631894946,0.00659721023876783,15347.40601355801,-2806.2705631894946,False
2014-11-25,207.11,-0.0007237286500046958,-723.7286500046957,0.006433063129401291,14965.54273465321,723.7286500046957,False
2014-11-26,207.64,0.002559026604219916,2559.026604219916,0.006239604966885391,14515.4917495685,-2559.026604219916,False
2014-11-28,207.2,-0.0021190522057407124,-2119.0522057407125,0.006081909812211976,14148.63796174746,2119.0522057407125,False
2014-12-01,205.76,-0.006949806949806958,-6949.806949806958,0.005919431753224862,13770.657474644504,6949.806949806958,False
2014-12-02,207.085,0.006439541213063782,6439.5412130637815,0.005986257674256652,13926.11781396763,-6439.5412130637815,False
2014-12-03,207.89,0.0038872926576043465,3887.2926576043465,0.006014418138783309,13991.628850751222,-3887.2926576043465,False
2014-12-04,207.66,-0.0011063543219971272,-1106.3543219971273,0.005908425735133684,13745.053647856437,1106.3543219971273,False
2014-12-05,208.0,0.001637291726861223,1637.291726861223,0.005734837938484637,13341.228046162492,-1637.291726861223,False
2014-12-08,206.61,-0.006682692307692251,-6682.69230769225,0.005574576904283646,12968.40512995743,6682.69230769225,False
2014-12-09,206.47,-0.0006776051497991986,-677.6051497991987,0.005647198933172413,13137.349232471346,677.6051497991987,False
2014-12-10,203.1601,-0.01603090037293553,-16030.90037293553,0.005477677734927118,12742.983953328549,16030.90037293553,True
2014-12-11,204.19,0.005069400930596046,5069.400930596046,0.00660484989773972,15365.17851796566,-5069.400930596046,False
2014-12-12,200.89,-0.016161418286889773,-16161.418286889773,0.006522923362195798,15174.588896175526,16161.418286889773,True
2014-12-15,199.51,-0.006869431031907958,-6869.431031907958,0.007461039063050391,17356.972362462944,6869.431031907958,False
2014-12-16,197.91,-0.008019648137937874,-8019.648137937874,0.007426871658273787,17277.487092999396,8019.648137937874,False
2014-12-17,201.79,0.01960487090091445,19604.87090091445,0.00746376598280935,17363.316126446876,-19604.87090091445,False
2014-12-18,206.78,0.024728678328955978,24728.67832895598,0.00868483691671092,20203.951897581857,-24728.67832895598,False
2014-12-19,206.52,-0.0012573749879097873,-1257.3749879097873,0.01037262072224236,24130.324165420483,1257.3749879097873,False
2014-12-22,207.47,0.004600038737168299,4600.038737168299,0.010061344071258839,23406.186390166415,-4600.038737168299,False
2014-12-23,207.75,0.0013495927121993656,1349.5927121993657,0.009819695882869642,22844.02864084139,-1349.5927121993657,False
2014-12-24,207.77,9.626955475328103e-05,96.26955475328103,0.009526286035357823,22161.45526585962,-96.26955475328103,False
2014-12-26,208.44,0.003224719641911733,3224.719641911733,0.009236107088997863,21486.398090903716,-3224.719641911733,False
2014-12-29,208.72,0.001343312224141302,1343.312224141302,0.00898950848022328,20912.723941639535,-1343.312224141302,False
2014-12-30,207.6,-0.00536604062859336,-5366.04062859336,0.008721860823066231,20290.082383420224,5366.04062859336,False
2014-12-31,205.54,-0.009922928709055867,-9922.928709055866,0.008557702283065483,19908.192512883834,9922.928709055866,False
2015-01-02,205.43,-0.0005351756349127879,-535.1756349127878,0.008645697375778858,20112.899709743622,535.1756349127878,False
2015-01-05,201.72,-0.01805967969624689,-18059.679696246887,0.008383339603305399,19502.5642635119,18059.679696246887,False
2015-01-06,199.82,-0.009418996628990706,-9418.996628990706,0.009253792831804143,21527.54128108194,9418.996628990706,False
2015-01-07,202.31,0.012461215093584332,12461.215093584333,0.009263788140783935,21550.79384687746,-12461.215093584333,False
2015-01-08,205.9,0.01774504473333005,17745.04473333005,0.009486074919101355,22067.910221043578,-17745.04473333005,False
2015-01-09,204.25,-0.008013598834385682,-8013.5988343856825,0.010172496108813638,23664.76469642733,8013.5988343856825,False
2015-01-12,202.65,-0.007833537331701335,-7833.537331701335,0.010056041091578085,23393.849814660014,7833.537331701335,False
2015-01-13,202.08,-0.0028127313101405926,-2812.7313101405925,0.009936718931166667,23116.26496046095,2812.7313101405925,False
2015-01-14,200.86,-0.006037212984956408,-6037.212984956408,0.009658611058292408,22469.2893016459,6037.212984956408,False
2015-01-15,199.0199,-0.009161107238872868,-9161.107238872868,0.009480417604641151,22054.7493395763,9161.107238872868,False
2015-01-16,201.63,0.013114768925117426,13114.768925117425,0.009461562874674258,22010.886678602204,-13114.768925117425,False
2015-01-20,202.055,0.0021078212567575694,2107.8212567575692,0.009719554081699576,22611.063974586785,-2107.8212567575692,False
2015-01-21,203.08,0.005072876197075082,5072.876197075082,0.009437590915126819,21955.119561472427,-5072.876197075082,False
2015-01-22,206.1,0.01487098680323018,14870.98680323018,0.009234071654425163,21481.662962012768,-14870.98680323018,False
2015-01-23,204.97,-0.0054827753517709965,-5482.775351770996,0.009665442021450728,22485.180498266905,5482.775351770996,False
2015-01-26,205.45,0.0023418061179685257,2341.8061179685255,0.009466740348995702,22022.931284982795,-2341.8061179685255,False
2015-01-27,202.74,-0.013190557313214835,-13190.557313214835,0.009196252813990835,21393.68318296968,13190.557313214835,False
2015-01-28,200.14,-0.012824306994179802,-12824.306994179802,0.009483472465489454,22061.85600861624,12824.306994179802,False
2015-01-29,201.9902,0.009244528829819076,9244.528829819077,0.009716370001000011,22603.656695220576,-9244.528829819077,False
2015-01-30,199.45,-0.012575857640618193,-12575.857640618193,0.00968870755228345,22539.30421645804,12575.857640618193,False
2015-02-02,201.92,0.012384056154424616,12384.056154424616,0.009885743397209922,22997.678135412578,-12384.056154424616,False
2015-02-03,204.84,0.014461172741679906,14461.172741679906,0.010053165569844522,23387.160350788377,-14461.172741679906,False
2015-02-04,204.06,-0.003807850029291182,-3807.850029291182,0.010370617181253355,24125.663232100156,3807.850029291182,False
2015-02-05,206.12,0.01009507007742827,10095.07007742827,0.010097856306545226,23491.12655110138,-10095.07007742827,False
2015-02-06,205.55,-0.002765379390646139,-2765.3793906461387,0.010097689154478283,23490.737697245808,2765.3793906461387,False
2015-02-09,204.63,-0.004475796643152563,-4475.796643152563,0.009813478795783525,22829.56553351587,4475.796643152563,False
2015-02-10,206.81,0.010653374383032821,10653.37438303282,0.009577477196330286,22280.54371435759,-10653.37438303282,False
2015-02-11,206.93,0.0005802427348775563,580.2427348775562,0.009645415928002101,22438.59283834735,-580.2427348775562,False
2015-02-12,208.92,0.009616778620789468,9616.778620789468,0.009352657719418043,21757.53540219982,-9616.778620789468,False
2015-02-13,209.78,0.00411640819452419,4116.408194524191,0.009368714954254448,21794.890116324466,-4116.408194524191,False
2015-02-17,210.11,0.0015730765563923832,1573.0765563923833,0.009139099500818636,21260.724694377142,-1573.0765563923833,False
2015-02-18,210.13,9.518823473420035e-05,95.18823473420035,0.008869060011965637,20632.518903576893,-95.18823473420035,False
2015-02-19,209.98,-0.0007138438109741685,-713.8438109741685,0.008598904326371991,20004.042798736067,713.8438109741685,False
2015-02-20,211.239,0.005995809124678564,5995.809124678563,0.008338780525738818,19398.90434814566,-5995.809124678563,False
2015-02-23,211.209,-0.00014201922940371148,-142.01922940371148,0.00821706326132574,19115.747648844233,142.01922940371148,False
2015-02-24,211.81,0.0028455226813250967,2845.5226813250965,0.007966814362710021,18533.58165556849,-2845.5226813250965,False
2015-02-25,211.63,-0.0008498182333223081,-849.8182333223081,0.007755497610359109,18041.985377987734,849.8182333223081,False
2015-02-26,211.38,-0.0011813069980626256,-1181.3069980626256,0.00752211473290656,17499.05561718846,1181.3069980626256,False
2015-02-27,210.66,-0.0034061879080329316,-3406.187908032932,0.007298698967975706,16979.31282741436,3406.187908032932,False
2015-03-02,211.99,0.006313490933257393,6313.490933257393,0.007125368284623023,16576.085360690802,-6313.490933257393,False
2015-03-03,211.12,-0.004103967168262668,-4103.967168262668,0.007079281804383855,16468.872175364388,4103.967168262668,False
2015-03-04,210.2301,-0.0042151383099660045,-4215.138309966004,0.006936844369381382,16137.513151262556,4215.138309966004,False
2015-03-05,210.46,0.0010935636714248798,1093.5636714248797,0.006804312211755548,15829.19724812765,-1093.5636714248797,False
2015-03-06,207.5,-0.014064430295543162,-14064.430295543161,0.00660246148680555,15359.62224326662,14064.430295543161,False
2015-03-09,208.36,0.004144578313252989,4144.578313252989,0.0072694869004598294,16911.355396252464,-4144.578313252989,False
2015-03-10,204.98,-0.016221923593780163,-16221.923593780162,0.007120769984480671,16565.38811493044,16221.923593780162,False
2015-03-11,204.5,-0.0023416918723777602,-2341.6918723777603,0.007965682115582727,18530.947654871023,2341.6918723777603,False
2015-03-12,207.1,0.01271393643031793,12713.93643031793,0.007744286753603152,18015.905025207336,-12713.93643031793,False
2015-03-13,205.8272,-0.0061458232737807705,-6145.82327378077,0.008128603167578128,18909.958697817023,6145.82327378077,False
2015-03-16,208.58,0.01337432564792218,13374.32564792218,0.008023466003626875,18665.37307997634,-13374.32564792218,False
2015-03-17,207.96,-0.0029724805829897116,-2972.480582989712,0.008440722806778754,19636.057556917793,2972.480582989712,False
2015-03-18,210.46,0.012021542604347069,12021.542604347069,0.008215910896534695,19113.066847462465,-12021.542604347069,False
2015-03-19,209.5,-0.004561436852608569,-4561.436852608569,0.008492477232439165,19756.456355025093,4561.436852608569,False
2015-03-20,210.41,0.004343675417661119,4343.675417661119,0.008309226302160019,19330.150942954195,-4343.675417661119,False
2015-03-23,210.0,-0.0019485765885651762,-1948.5765885651763,0.008126050590792367,18904.020516238143,1948.5765885651763,False
2015-03-24,208.82,-0.005619047619047635,-5619.047619047635,0.007892943263140832,18361.73178013265,5619.047619047635,False
2015-03-25,205.76,-0.01465376879609237,-14653.76879609237,0.007775285327404912,18088.01849146936,14653.76879609237,False
2015-03-26,205.27,-0.002381415241057394,-2381.4152410573943,0.008349355340561597,19423.50504612701,2381.4152410573943,False
2015-03-27,205.74,0.0022896672675012386,2289.6672675012387,0.008115990317872922,18880.61682171972,-2289.6672675012387,False
2015-03-30,208.25,0.012199863905900665,12199.863905900665,0.00788870683199538,18351.876367543908,-12199.863905900665,False
2015-03-31,206.43,-0.008739495798319341,-8739.495798319342,0.00821145507883044,19102.701065419056,8739.495798319342,False
2015-04-01,205.7,-0.0035363077072131377,-3536.3077072131377,0.0082440913416508,19178.62436604784,3536.3077072131377,False
2015-04-02,206.435,0.0035731648031114283,3573.1648031114282,0.008039743021920445,18703.23908687931,-3573.1648031114282,False
2015-04-06,207.83,0.006757575023615292,6757.575023615292,0.007843804573650406,18247.418094303444,-6757.575023615292,False
2015-04-07,207.28,-0.002646393687148252,-2646.393687148252,0.007782907116895925,18105.749425248163,2646.393687148252,False
2015-04-08,207.975,0.003352952527981401,3352.952527981401,0.0075736007665877245,17618.830042185433,-3352.952527981401,False
2015-04-09,208.9,0.004447649957927791,4447.649957927791,0.007388667017578509,17188.609808339443,-4447.649957927791,False
2015-04-10,210.04,0.005457156534226737,5457.156534226737,0.007245947259520224,16856.59400259693,-5457.156534226737,False
2015-04-13,209.09,-0.004522948009902827,-4522.948009902828,0.007151248844280762,16636.29254562957,4522.948009902828,False
2015-04-14,209.49,0.0019130517958774185,1913.0517958774185,0.007021350436552384,16334.103660969366,-1913.0517958774185,False
2015-04-15,210.43,0.004487087689149849,4487.087689149849,0.006823561113240247,15873.9768891742,-4487.087689149849,False
2015-04-16,210.37,-0.00028513044717959346,-285.1304471795935,0.0067063674553340885,15601.343672253139,285.1304471795935,False
2015-04-17,207.95,-0.011503541379474291,-11503.54137947429,0.006502439583842428,15126.93650195084,11503.54137947429,False
2015-04-20,209.85,0.009136811733589933,9136.811733589933,0.006905411295874148,16064.388887534431,-9136.811733589933,False
2015-04-21,209.6,-0.0011913271384321744,-1191.3271384321745,0.007059214019604385,16422.18752690596,1191.3271384321745,False
2015-04-22,210.63,0.0049141221374044974,4914.122137404497,0.0068503801384412425,15936.367271434385,-4914.122137404497,False
2015-04-23,211.16,0.0025162607415847305,2516.2607415847306,0.006749886024338557,15702.583002737985,-2516.2607415847306,False
2015-04-24,211.6499,0.002320041674559681,2320.041674559681,0.006573218218517148,15291.59222825389,-2320.041674559681,False
2015-04-27,210.77,-0.00415733718749689,-4157.33718749689,0.00639825925433259,14884.576813878753,4157.33718749689,False
2015-04-28,211.44,0.003178820515253644,3178.8205152536443,0.006286371397391833,14624.28673575364,-3178.8205152536443,False
2015-04-29,210.57,-0.004114642451759409,-4114.64245175941,0.0061444000046612535,14294.011888100238,4114.64245175941,False
2015-04-30,208.46,-0.010020420762691717,-10020.420762691718,0.006041874649692228,14055.502246532764,10020.420762691718,False
2015-05-01,210.72,0.010841408423678311,10841.408423678311,0.006351261627528893,14775.24398467901,-10841.408423678311,False
2015-05-04,211.32,0.0028473804100228595,2847.3804100228595,0.00670599589935618,15600.479303793845,-2847.3804100228595,False
2015-05-05,208.9,-0.011451826613666394,-11451.826613666393,0.0065390070082554505,15212.005051993225,11451.826613666393,False
2015-05-06,208.04,-0.004116802297750133,-4116.802297750133,0.006932658643128316,16127.775695892416,4116.802297750133,False
2015-05-07,208.87,0.003989617381272792,3989.617381272792,0.0067966855289868225,15811.45493088264,-3989.617381272792,False
2015-05-08,211.62,0.013166084167185232,13166.084167185232,0.006661701054541534,15497.434085728324,-13166.084167185232,False
2015-05-11,210.605,-0.004796333049806312,-4796.3330498063115,0.00721916280613752,16794.28404641273,4796.3330498063115,False
2015-05-12,209.98,-0.0029676408442345092,-2967.640844234509,0.007097155878780461,16510.45349033738,2967.640844234509,False
2015-05-13,210.02,0.00019049433279372252,190.49433279372252,0.00691923823874187,16096.55516667924,-190.49433279372252,False
2015-05-14,212.21,0.01042757832587382,10427.578325873821,0.0067086126450741825,15606.566764631825,-10427.578325873821,False
2015-05-15,212.44,0.0010838320531547652,1083.8320531547652,0.006987790637167392,16256.031893016854,-1083.8320531547652,False
2015-05-18,213.1,0.003106759555639327,3106.7595556393267,0.006780114042161677,15772.903887737268,-3106.7595556393267,False
2015-05-19,213.03,-0.0003284842796809073,-328.4842796809073,0.006617466806522587,15394.529836889651,328.4842796809073,False
2015-05-20,212.88,-0.0007041261794114018,-704.1261794114017,0.006416376628177496,14926.724128006055,704.1261794114017,False
2015-05-21,213.5,0.0029124389327321865,2912.4389327321865,0.006223298427131469,14477.557065478999,-2912.4389327321865,False
2015-05-22,212.99,-0.00238875878220135,-2388.75878220135,0.0060757398517845085,14134.284487424104,2388.75878220135,False
2015-05-26,210.7,-0.01075167848255798,-10751.67848255798,0.005919637486615319,13771.136082080013,10751.67848255798,False
2015-05-27,212.7,0.009492168960607561,9492.168960607562,0.006314704815436971,14690.200122587257,-9492.168960607562,False
2015-05-28,212.46,-0.0011283497884343463,-1128.3497884343462,0.00654897269702203,15235.18871086871,1128.3497884343462,False
2015-05-29,211.14,-0.00621293419937885,-6212.93419937885,0.006355477258071434,14785.051007829392,6212.93419937885,False
2015-06-01,211.57,0.0020365634176375824,2036.5634176375825,0.006347014951072676,14765.36473793335,-2036.5634176375825,False
2015-06-02,211.36,-0.000992579288178752,-992.5792881787521,0.006173846312877837,14362.514244618238,992.5792881787521,False
2015-06-03,211.92,0.0026495079485238104,2649.5079485238102,0.005990701829997252,13936.45646622668,-2649.5079485238102,False
2015-06-04,210.1292,-0.008450358625896492,-8450.358625896493,0.0058443469654987056,13595.984138344951,8450.358625896493,False
2015-06-05,209.77,-0.0017094244874105158,-1709.4244874105157,0.006032538571805545,14033.7832815892,1709.4244874105157,False
2015-06-08,208.48,-0.006149592410735649,-6149.5924107356495,0.005863732450222461,13641.081519519312,6149.5924107356495,False
2015-06-09,208.45,-0.00014389869531850064,-143.89869531850064,0.00588127587875412,13681.893637187324,143.89869531850064,False
2015-06-10,210.95,0.011993283761093876,11993.283761093875,0.005702217464668022,13265.341476249005,-11993.283761093875,False
2015-06-11,211.63,0.0032235126807300674,3223.5126807300676,0.006260566930873768,14564.25656992858,-3223.5126807300676,False
2015-06-12,210.01,-0.0076548693474460805,-7654.869347446081,0.006120986720975861,14239.54444537441,7654.869347446081,False
2015-06-15,209.11,-0.004285510213799193,-4285.510213799193,0.006223689517934617,14478.466878737461,4285.510213799193,False
2015-06-16,210.25,0.005451676151307927,5451.676151307927,0.006124719455637532,14248.228084718947,-5451.676151307927,False
2015-06-17,210.59,0.0016171224732461909,1617.1224732461908,0.006086436024240572,14159.16750547764,-1617.1224732461908,False
2015-06-18,212.78,0.010399354195355981,10399.354195355982,0.0059142984684704275,13758.715668569179,-10399.354195355982,False
2015-06-19,210.81,-0.009258388946329577,-9258.388946329576,0.006274470882276101,14596.601997714166,9258.388946329576,False
2015-06-22,211.89,0.005123096627294599,5123.096627294599,0.006492296335986972,15103.339778866432,-5123.096627294599,False
2015-06-23,212.04,0.0007079144839303719,707.914483930372,0.006418386413622158,14931.399588102524,-707.914483930372,False
2015-06-24,210.5,-0.007262780607432573,-7262.780607432573,0.0062252720165699455,14482.14832107343,7262.780607432573,False
2015-06-25,209.86,-0.003040380047505842,-3040.380047505842,0.0062923485209080265,14638.191604338415,3040.380047505842,False
2015-06-26,209.82,-0.00019060325931585798,-190.60325931585797,0.00614594708438458,14297.61093372557,190.60325931585797,False
2015-06-29,205.42,-0.02097035554284632,-20970.35554284632,0.005958899680843747,13862.473604153494,20970.35554284632,True
2015-06-30,205.85,0.002093272320124573,2093.272320124573,0.007730674289968584,17984.2376993706,-2093.272320124573,False
2015-07-01,207.5,0.008015545299975724,8015.5452999757235,0.007512684794352706,17477.11829968137,-8015.5452999757235,False
2015-07-02,207.31,-0.000915662650602389,-915.662650602389,0.007543801749615259,17549.50716240303,915.662650602389,False
2015-07-06,206.72,-0.002845979451063685,-2845.979451063685,0.0073174253964513256,17022.877014486996,2845.979451063685,False
2015-07-07,208.02,0.006288699690402577,6288.699690402577,0.007128675017759302,16583.777972292402,-6288.699690402577,False
2015-07-08,204.53,-0.016777232958369415,-16777.232958369415,0.007081086900050036,16473.071455829846,16777.232958369415,True
2015-07-09,204.9,0.0018090255708209657,1809.0255708209656,0.008001363441892916,18613.954832475687,-1809.0255708209656,False
2015-07-10,207.48,0.012591508052708589,12591.508052708588,0.007770254971650406,18076.316134054196,-12591.508052708588,False
2015-07-13,209.77,0.011037208405629606,11037.208405629606,0.00814045545946146,18937.531251842323,-11037.208405629606,False
2015-07-14,210.68,0.004338084568813461,4338.0845688134605,0.008342672973668894,19407.959536112612,-4338.0845688134605,False
2015-07-15,210.61,-0.000332257452060003,-332.257452060003,0.008158021786463979,18978.396639319337,332.257452060003,False
2015-07-16,212.3,0.008024310336641083,8024.310336641083,0.007909914285324629,18401.212281510227,-8024.310336641083,False
2015-07-17,212.48,0.0008478568064058667,847.8568064058667,0.007916824662946324,18417.288223799274,-847.8568064058667,False
2015-07-20,212.59,0.0005176957831325435,517.6957831325435,0.00767845542078973,17862.75844407156,-517.6957831325435,False
2015-07-21,211.75,-0.003951267698386607,-3951.2676983866068,0.0074456186798374435,17321.09918675861,3951.2676983866068,False
2015-07-22,211.37,-0.0017945690672963588,-1794.5690672963588,0.007283388926830038,16943.696345743658,1794.5690672963588,False
2015-07-23,210.18,-0.005629938023371306,-5629.9380233713055,0.007075176159795599,16459.32101780493,5629.9380233713055,False
2015-07-24,208.0,-0.010372062042059205,-10372.062042059204,0.006996885218397664,16277.18905272719,10372.062042059204,False
2015-07-27,206.79,-0.005817307692307705,-5817.307692307705,0.007243880096614338,16851.785062565526,5817.307692307705,False
2015-07-28,209.33,0.012282992407756765,12282.992407756765,0.007166298559932929,16671.303419641907,-12282.992407756765,False
2015-07-29,210.77,0.006879090431376245,6879.090431376245,0.007571446301495612,17613.818006898702,-6879.090431376245,False
2015-07-30,210.82,0.0002372254115861061,237.2254115861061,0.007531699958205241,17521.35418568425,-237.2254115861061,False
2015-07-31,210.5,-0.0015178825538373353,-1517.8825538373353,0.007302485231656222,16988.12099387809,1517.8825538373353,False
2015-08-03,209.79,-0.0033729216152019736,-3372.9216152019735,0.007089777935300824,16493.289827208733,3372.9216152019735,False
2015-08-04,209.38,-0.0019543352876686404,-1954.3352876686404,0.006923268744957364,16105.931526244962,1954.3352876686404,False
2015-08-05,210.07,0.0032954436908969598,3295.4436908969597,0.006729406860415479,15654.941343283397,-3295.4436908969597,False
2015-08-06,208.35,-0.00818774694149571,-8187.74694149571,0.006574147749983937,15293.754641805508,8187.74694149571,False
2015-08-07,207.95,-0.0019198464122870407,-1919.8464122870407,0.006681961203043614,15544.56623912389,1919.8464122870407,False
2015-08-10,210.57,0.012599182495792283,12599.182495792282,0.006495447467468853,15110.670406890129,-12599.182495792282,False
2015-08-11,208.67,-0.00902312770100211,-9023.12770100211,0.0070131128258588155,16314.940112845208,9023.12770100211,False
2015-08-12,208.92,0.001198063928691262,1198.063928691262,0.007149666875333941,16632.612335533333,-1198.063928691262,False
2015-08-13,208.66,-0.001244495500670073,-1244.4955006700732,0.006938068439644165,16140.360764516055,1244.4955006700732,False
2015-08-14,209.42,0.003642288891018808,3642.2888910188076,0.006733610635897097,15664.720787438006,-3642.2888910188076,False
2015-08-17,210.59,0.005586858943749551,5586.858943749551,0.006589157576356241,15328.67271947644,-5586.858943749551,False
2015-08-18,209.98,-0.0028966237713092813,-2896.6237713092814,0.006533357275056289,15198.86180717646,2896.6237713092814,False
2015-08-19,208.32,-0.007905514810934378,-7905.514810934377,0.006373938939374139,14827.999300879159,7905.514810934377,False
2015-08-20,203.97,-0.020881336405529916,-20881.336405529917,0.006476056022939572,15065.559161134855,20881.336405529917,True
2015-08-21,197.83,-0.030102466048928744,-30102.466048928745,0.008098441585908448,18839.79236642205,30102.466048928745,True
2015-08-24,189.5,-0.04210685942475867,-42106.859424758666,0.010771219916368042,25057.604553269157,42106.859424758666,True
2015-08-25,187.27,-0.011767810026385161,-11767.810026385161,0.014677781999148957,34145.62694935509,11767.810026385161,False
2015-08-26,194.46,0.03839376301596631,38393.76301596631,0.014519639407323245,33777.73226706604,-38393.76301596631,False
2015-08-27,199.27,0.02473516404401943,24735.16404401943,0.016929725193255307,39384.43021142515,-24735.16404401943,False
2015-08-28,199.28,5.01831685653098e-05,50.1831685653098,0.017496524221372312,40703.001925493554,-50.1831685653098,False
2015-08-31,197.67,-0.008079084704937789,-8079.084704937789,0.016963514062255745,39463.03487499055,8079.084704937789,False
2015-09-01,191.77,-0.029847726007993014,-29847.726007993013,0.01656536921894894,38536.81146520344,29847.726007993013,False
2015-09-02,195.41,0.01898107107472491,18981.07107472491,0.017646528689501183,41051.96450102178,-18981.07107472491,False
2015-09-03,195.55,0.0007164423519778751,716.4423519778751,0.01772943427892302,41244.83174271937,-716.4423519778751,False
2015-09-04,192.59,-0.015136793658910852,-15136.793658910852,0.017190220092780487,39990.43196713403,15136.793658910852,False
2015-09-08,197.43,0.02513110753413983,25131.10753413983,0.017073980150049566,39720.01742348332,-25131.10753413983,False
2015-09-09,194.79,-0.013371827989667295,-13371.827989667296,0.01766136756392266,41086.48488498534,13371.827989667296,False
2015-09-10,195.85,0.005441757790441093,5441.757790441093,0.017433783783258744,40557.045840671664,-5441.757790441093,False
2015-09-11,196.74,0.004544294102629687,4544.294102629687,0.016955157671113538,39443.59500222223,-4544.294102629687,False
2015-09-14,196.01,-0.0037104808376537957,-3710.480837653796,0.016476278884707332,38329.556355542896,3710.480837653796,False
2015-09-15,198.46,0.012499362277434978,12499.362277434977,0.0160001799994953,37221.98472609667,-12499.362277434977,False
2015-09-16,200.18,0.008666733850650088,8666.733850650087,0.015812003600297726,36784.22095987873,-8666.733850650087,False
2015-09-17,199.73,-0.0022479768208613082,-2247.976820861308,0.015476596102591772,36003.94644065313,2247.976820861308,False
2015-09-18,195.45,-0.021428929054223222,-21428.929054223223,0.015015216591665305,34930.61719628334,21428.929054223223,False
2015-09-21,196.46,0.005167562036326512,5167.562036326512,0.015475182246474506,36000.65731948053,-5167.562036326512,False
2015-09-22,193.91,-0.012979741423190583,-12979.741423190582,0.015057045243734267,35027.925192097966,12979.741423190582,False
2015-09-23,193.6,-0.0015986797999071323,-1598.6797999071323,0.014940554073672181,34756.9262062795,1598.6797999071323,False
2015-09-24,192.9,-0.003615702479338734,-3615.7024793387336,0.014490696784239912,33710.40165738697,3615.7024793387336,False
2015-09-25,192.85,-0.00025920165889070645,-259.2016588907064,0.014077140120079783,32748.32499092263,259.2016588907064,False
2015-09-28,188.01,-0.025097225823178637,-25097.225823178636,0.013648441400128315,31751.0226351595,25097.225823178636,False
2015-09-29,188.12,0.0005850752619542821,585.075261954282,0.014590935546932892,33943.59188987427,-585.075261954282,False
2015-09-30,191.63,0.018658303210716598,18658.303210716596,0.014147162786594135,32911.22207230296,-18658.303210716596,False
2015-10-01,192.13,0.002609194802484005,2609.194802484005,0.01445757997515326,33633.36043897321,-2609.194802484005,False
2015-10-02,195.0,0.014937802529537247,14937.802529537248,0.014031706790861685,32642.631262085506,-14937.802529537248,False
2015-10-05,198.47,0.017794871794871714,17794.871794871713,0.014087716081803965,32772.92835699562,-17794.871794871713,False
2015-10-06,197.79,-0.0034262105104045926,-3426.2105104045927,0.014337202219023844,33353.31990191974,3426.2105104045927,False
2015-10-07,199.41,0.008190505081146604,8190.505081146604,0.013925745241412673,32396.127836794723,-8190.505081146604,False
2015-10-08,201.21,0.009026628554235083,9026.628554235083,0.01364975677827489,31754.082662314344,-9026.628554235083,False
2015-10-09,201.33,0.0005963918294320525,596.3918294320525,0.013417365981557839,31213.460826424976,-596.3918294320525,False
2015-10-12,201.52,0.0009437242338448115,943.7242338448116,0.013009439199401887,30264.481223992156,-943.7242338448116,False
2015-10-13,200.25,-0.006302104009527687,-6302.104009527687,0.012615237402115391,29347.430710931636,6302.104009527687,False
2015-10-14,199.29,-0.0047940074906367425,-4794.007490636743,0.01232795817343008,28679.11928802347,4794.007490636743,False
2015-10-15,202.35,0.015354508505193376,15354.508505193377,0.012009945463302816,27939.311095900943,-15354.508505193377,False
2015-10-16,203.27,0.00454657771188538,4546.57771188538,0.01223642588813338,28466.183350717394,-4546.57771188538,False
2015-10-19,203.37,0.0004919565110443891,491.9565110443891,0.011915812751895974,27720.325662841937,-491.9565110443891,False
2015-10-20,203.09,-0.0013768009047548935,-1376.8009047548935,0.011553437548992828,26877.314879963087,1376.8009047548935,False
2015-10-21,201.85,-0.006105667438081719,-6105.6674380817185,0.01120654892865992,26070.331275522665,6105.6674380817185,False
2015-10-22,205.26,0.016893732970027164,16893.732970027166,0.010967601608778875,25514.45668590964,-16893.732970027166,False
2015-10-23,207.51,0.010961707103186225,10961.707103186225,0.011410297137485537,26544.320487963767,-10961.707103186225,False
2015-10-26,207.0,-0.002457712881306917,-2457.712881306917,0.011383880238158279,26482.86559037505,2457.712881306917,False
2015-10-27,206.6,-0.0019323671497585293,-1932.3671497585292,0.011053487534554117,25714.257226746904,1932.3671497585292,False
2015-10-28,208.95,0.011374636979670782,11374.636979670782,0.010727201594266727,24955.202623229918,-11374.636979670782,False
2015-10-29,208.83,-0.0005743000717873814,-574.3000717873814,0.010767145619269478,25048.1263208757,574.3000717873814,False
2015-10-30,207.93,-0.004309725614135895,-4309.725614135895,0.0104400827838532,24287.26438902727,4309.725614135895,False
2015-11-02,210.39,0.011830904631366268,11830.904631366267,0.010176936322579298,23675.09417828136,-11830.904631366267,False
2015-11-03,211.0,0.0028993773468322104,2899.3773468322106,0.010283678777693945,23923.41426180722,-2899.3773468322106,False
2015-11-04,210.36,-0.003033175355450224,-3033.175355450224,0.009995658537114234,23253.378987453878,3033.175355450224,False
2015-11-05,210.15,-0.0009982886480319753,-998.2886480319753,0.009719588848267412,22611.144853717957,998.2886480319753,False
2015-11-06,210.04,-0.0005234356412087138,-523.4356412087138,0.00942666312912951,21929.697729749612,523.4356412087138,False
2015-11-09,208.08,-0.009331555894115273,-9331.555894115274,0.009140388294668539,21263.72287720994,9331.555894115274,False
2015-11-10,208.56,0.0023068050749710522,2306.8050749710524,0.009151970957721328,21290.668180778528,-2306.8050749710524,False
2015-11-11,207.74,-0.0039317222861526835,-3931.7222861526834,0.008891138231157522,20683.880521856543,3931.7222861526834,False
2015-11-12,204.84,-0.01395975738904398,-13959.757389043982,0.00867390944793313,20178.530803822,13959.757389043982,False
2015-11-13,202.54,-0.011228275727397041,-11228.275727397042,0.009078270341091694,21119.21490796668,11228.275727397042,False
2015-11-16,205.62,0.015206872716500452,15206.872716500453,0.009221417645428257,21452.22533508472,-15206.872716500453,False
2015-11-17,205.47,-0.0007295010213014264,-729.5010213014264,0.009685422523405028,22531.66209651056,729.5010213014264,False
2015-11-18,208.73,0.015866063172239153,15866.063172239154,0.009392065544589928,21849.21171250901,-15866.063172239154,False
2015-11-19,208.55,-0.0008623580702341593,-862.3580702341593,0.009900614077791837,23032.27251156986,862.3580702341593,False
2015-11-20,209.3108,0.0036480460321264285,3648.0460321264286,0.009601325390632567,22336.022910472417,-3648.0460321264286,False
2015-11-23,209.07,-0.0011504423087581594,-1150.4423087581595,0.009351621072977032,21755.123801955644,1150.4423087581595,False
2015-11-24,209.35,0.0013392643612186728,1339.2643612186728,0.009071111218662355,21102.56029872319,-1339.2643612186728,False
2015-11-25,209.32,-0.00014330069262002976,-143.30069262002976,0.008800884782714482,20473.919603946222,143.30069262002976,False
2015-11-27,209.56,0.001146569845213108,1146.5698452131078,0.008532846575815644,19850.36949116539,-1146.5698452131078,False
2015-11-30,208.69,-0.004151555640389382,-4151.555640389382,0.008277667533177527,19256.73426782443,4151.555640389382,False
2015-12-01,210.68,0.009535674924529225,9535.674924529225,0.008089667351414828,18819.38044466148,-9535.674924529225,False
2015-12-02,208.529,-0.010209796848300812,-10209.796848300812,0.00818363614545099,19037.984548893688,10209.796848300812,False
2015-12-03,205.61,-0.01399805302859547,-13998.05302859547,0.008319133586406603,19353.198732598754,13998.05302859547,False
2015-12-04,209.62,0.01950294246388795,19502.94246388795,0.008764258892014314,20388.71504098103,-19502.94246388795,False
2015-12-07,208.35,-0.0060585821963553554,-6058.582196355355,0.00974809652063726,22677.463616729405,6058.582196355355,False
2015-12-08,206.949,-0.006724262059035202,-6724.262059035202,0.009566935126931733,22256.019193624277,6724.262059035202,False
2015-12-09,205.34,-0.007774862405713567,-7774.862405713568,0.009420595250506196,21915.58173321433,7774.862405713568,False
2015-12-10,205.87,0.0025810850297067756,2581.0850297067755,0.009330041109614415,21704.92130006514,-2581.0850297067755,False
2015-12-11,201.88,-0.019381162869772206,-19381.162869772204,0.009067877760341935,21095.038149833683,19381.162869772204,False
2015-12-14,202.9008,0.005056469189617552,5056.469189617552,0.009991525964685869,23243.76518637083,-5056.469189617552,False
2015-12-15,205.0308,0.01049774076790233,10497.74076790233,0.009766003710666172,22719.121970183212,-10497.74076790233,False
2015-12-16,208.03,0.014628046127703742,14628.046127703743,0.009811447010606817,22824.83889438953,-14628.046127703743,False
2015-12-17,204.86,-0.01523818679998068,-15238.18679998068,0.010165008947673505,23647.346955026384,15238.18679998068,False
2015-12-18,200.0208,-0.023621985746363428,-23621.98574636343,0.010538496226168695,24516.208291334966,23621.98574636343,False
2015-12-21,201.67,0.00824514250517927,8245.14250517927,0.01174206971459961,27316.13891739814,-8245.14250517927,False
2015-12-22,203.5,0.009074230178013565,9074.230178013564,0.011562117955089764,26897.508524232504,-9074.230178013564,False
2015-12-23,206.02,0.012383292383292499,12383.292383292499,0.011428128303024029,26585.80198200591,-12383.292383292499,False
2015-12-24,205.68,-0.0016503252111446098,-1650.3252111446097,0.011487677978371554,26724.335242650446,1650.3252111446097,False
2015-12-28,205.21,-0.002285103072734329,-2285.103072734329,0.011145050695839358,25927.264992343284,2285.103072734329,False
2015-12-29,207.4,0.010671994542176266,10671.994542176266,0.010820015132856367,25171.119201410133,-10671.994542176266,False
2015-12-30,205.93,-0.007087753134040531,-7087.753134040531,0.010811191048040023,25150.591310457276,7087.753134040531,False
2015-12-31,203.87,-0.010003399213324937,-10003.399213324938,0.01062464660277854,24716.6240368091,10003.399213324938,False
2016-01-04,201.0192,-0.013983420807377245,-13983.420807377244,0.010588399702370823,24632.301137105034,13983.420807377244,False
2016-01-05,201.36,0.0016953604431815261,1695.360443181526,0.010822177193629202,25176.148906892566,-1695.360443181526,False
2016-01-06,198.82,-0.0126142232816846,-12614.2232816846,0.010500704875370406,24428.292462748235,12614.2232816846,False
2016-01-07,194.05,-0.02399155014586052,-23991.550145860518,0.010639362407910625,24750.858118792923,23991.550145860518,False
2016-01-08,191.923,-0.010961092501932557,-10961.092501932557,0.011871812801932587,27617.96647278671,10961.092501932557,False
2016-01-11,192.11,0.0009743490879154937,974.3490879154937,0.011819148691087609,27495.451430484245,-974.3490879154937,False
2016-01-12,193.6608,0.008072458487324852,8072.458487324851,0.01146157496175037,26663.610545427706,-8072.458487324851,False
2016-01-13,188.83,-0.024944645483236605,-24944.645483236603,0.011286962112515866,26257.4003148308,24944.645483236603,False
2016-01-14,191.93,0.01641688291055443,16416.882910554432,0.01253339152834012,29157.02873647552,-16416.882910554432,False
2016-01-15,187.81,-0.02146615953733133,-21466.159537331332,0.012799671545803004,29776.48868899986,21466.159537331332,False
2016-01-19,188.06,0.0013311325275544572,1331.1325275544573,0.013477739294723816,31353.910155157446,-1331.1325275544573,False
2016-01-20,185.65,-0.012815059023715825,-12815.059023715825,0.013071220445509464,30408.20589453011,12815.059023715825,False
2016-01-21,186.69,0.005601939132776623,5601.939132776623,0.013055992492563619,30372.78037856855,-5601.939132776623,False
2016-01-22,190.52,0.020515292731265733,20515.292731265734,0.012732411668288335,29620.01881593536,-20515.292731265734,False
2016-01-25,187.64,-0.015116523199664167,-15116.523199664167,0.013328168764998835,31005.957071312576,15116.523199664167,False
2016-01-26,190.2,0.013643146450650123,13643.146450650123,0.01344218115074158,31271.189542499535,-13643.146450650123,False
2016-01-27,188.13,-0.010883280757097769,-10883.28075709777,0.013454323719474878,31299.43738145764,10883.28075709777,False
2016-01-28,189.11,0.005209163876043199,5209.163876043199,0.013314069443479244,30973.15714467006,-5209.163876043199,False
2016-01-29,193.7208,0.024381576860028398,24381.5768600284,0.012971380101372746,30175.942522204154,-24381.5768600284,False
2016-02-01,193.65,-0.00036547443537293667,-365.4744353729367,0.013922247557097952,32387.991006325108,365.4744353729367,False
2016-02-02,190.16,-0.01802220500903695,-18022.205009036952,0.013498416674278037,31402.012933124148,18022.205009036952,False
2016-02-03,191.3,0.00599495161968866,5994.95161968866,0.013811691060581506,32130.798135692672,-5994.95161968866,False
2016-02-04,191.6,0.001568217459487542,1568.2174594875419,0.013471206629367495,31338.71290299395,-1568.2174594875419,False
2016-02-05,187.95,-0.01905010438413368,-19050.104384133683,0.01306646707905631,30397.14791058728,19050.104384133683,False
2016-02-08,185.42,-0.013461026868848092,-13461.026868848092,0.013500481355683654,31406.816100322674,13461.026868848092,False
2016-02-09,185.43,5.393161471256569e-05,53.93161471256569,0.013498117338609977,31401.31657422913,-53.93161471256569,False
2016-02-10,185.27,-0.000862859300005403,-862.859300005403,0.013086916974704706,30444.721481853285,862.859300005403,False
2016-02-11,182.86,-0.013008042316619006,-13008.042316619007,0.012689996994441791,29521.347529604318,13008.042316619007,False
2016-02-12,186.63,0.020616865361478665,20616.865361478664,0.012709304158389721,29566.262709408344,-20616.865361478664,False
2016-02-16,189.78,0.016878315383378917,16878.31538337892,0.013316836549985693,30979.59439700858,-16878.31538337892,False
2016-02-17,192.88,0.016334703340710188,16334.703340710188,0.01355693547111371,31538.14801173424,-16334.703340710188,False
2016-02-18,192.09,-0.004095810866860172,-4095.810866860172,0.013739447638082295,31962.734803348198,4095.810866860172,False
2016-02-19,192.0,-0.000468530376386056,-468.530376386056,0.013358615800862537,31076.787468464943,468.530376386056,False
2016-02-22,194.78,0.014479166666666599,14479.166666666599,0.012952167015251415,30131.24620015203,-14479.166666666599,False
2016-02-23,192.32,-0.012629633432590603,-12629.633432590603,0.01304882709706797,30356.111175990587,12629.633432590603,False
2016-02-24,193.2,0.0045757071547420924,4575.707154742093,0.01302405596314456,30298.484901250282,-4575.707154742093,False
2016-02-25,195.54,0.012111801242236098,12111.801242236097,0.012676935649643867,29490.96229790155,-12111.801242236097,False
2016-02-26,195.0892,-0.002305410657665874,-2305.410657665874,0.012643739928406656,29413.737502374115,2305.410657665874,False
2016-02-29,193.56,-0.007838465686465512,-7838.465686465513,0.012271560818110403,28547.919420374015,7838.465686465513,False
2016-03-01,198.11,0.023506922917958306,23506.922917958305,0.01205164823901284,28036.326259515565,-23506.922917958305,False
2016-03-02,199.0,0.00449245368734541,4492.45368734541,0.013026212698422258,30303.502217778423,-4492.45368734541,False
2016-03-03,199.775,0.003894472361809065,3894.4723618090648,0.012677232057379152,29491.65184540638,-3894.4723618090648,False
2016-03-04,200.43,0.003278688524590123,3278.688524590123,0.012327996381288276,28679.208172793158,-3278.688524590123,False
2016-03-07,200.59,0.0007982836900664037,798.2836900664037,0.011979387004221465,27868.22148958308,-798.2836900664037,False
2016-03-08,198.4,-0.010917792512089353,-10917.792512089352,0.011616092528388583,27023.072158078474,10917.792512089352,False
2016-03-09,199.38,0.0049395161290322065,4939.516129032207,0.011575382537550196,26928.36655743937,-4939.516129032207,False
2016-03-10,199.54,0.0008024877119068297,802.4877119068296,0.011287782829790927,26259.30958871883,-802.4877119068296,False
2016-03-11,202.76,0.016137115365340238,16137.115365340238,0.010945676677640225,25463.45166896675,-16137.115365340238,False
2016-03-14,202.5,-0.0012823042020121411,-1282.304202012141,0.011324476022951745,26344.670720620266,1282.304202012141,False
2016-03-15,202.17,-0.0016296296296296475,-1629.6296296296475,0.010983978787613088,25552.555701073397,1629.6296296296475,False
2016-03-16,203.34,0.005787208784686193,5787.208784686193,0.010656841190996337,24791.51984866519,-5787.208784686193,False
2016-03-17,204.63,0.00634405429330176,6344.05429330176,0.010428982474381775,24261.44120768723,-6344.05429330176,False
2016-03-18,204.38,-0.0012217172457605896,-1221.7172457605895,0.010229989072158684,23798.513329477384,1221.7172457605895,False
2016-03-21,204.67,0.0014189255308738602,1418.9255308738602,0.009922856010907961,23084.014985389113,-1418.9255308738602,False
2016-03-22,204.56,-0.0005374505301215526,-537.4505301215527,0.009626842063114439,22395.383567253215,537.4505301215527,False
2016-03-23,203.2092,-0.0066034415330464835,-6603.4415330464835,0.009334498058599625,21715.28971386159,6603.4415330464835,False
2016-03-24,203.12,-0.00043895650393788177,-438.9565039378818,0.009193541709834243,21387.376211578685,438.9565039378818,False
2016-03-28,203.24,0.0005907837731391474,590.7837731391475,0.008914117880585559,20737.339180449657,-590.7837731391475,False
2016-03-29,205.1208,0.009254083841763405,9254.083841763406,0.008643769389660563,20108.414543336145,-9254.083841763406,False
2016-03-30,206.02,0.004383758253672987,4383.758253672987,0.008681598261320214,20196.41765849894,-4383.758253672987,False
2016-03-31,205.52,-0.0024269488399184524,-2426.9488399184524,0.008485339100725405,19739.850577488163,2426.9488399184524,False
2016-04-01,206.92,0.006811989100817373,6811.989100817373,0.008248292290852475,19188.397235292112,-6811.989100817373,False
2016-04-04,206.25,-0.003237966363812017,-3237.966363812017,0.008169238514267744,19004.49065019932,3237.966363812017,False
2016-04-05,204.1892,-0.009991757575757543,-9991.757575757543,0.007959983417018304,18517.690499580876,9991.757575757543,False
2016-04-06,206.42,0.01092516156584189,10925.16156584189,0.00809628118375446,18834.766519464047,-10925.16156584189,False
2016-04-07,203.95,-0.011965894777637875,-11965.894777637875,0.008293270294667626,19293.031718846087,11965.894777637875,False
2016-04-08,204.4992,0.0026928168668791663,2692.8168668791664,0.00855818850688401,19909.323638630372,-2692.8168668791664,False
2016-04-11,204.0201,-0.00234279645103741,-2342.79645103741,0.008323647688898947,19363.70010533502,2342.79645103741,False
2016-04-12,205.92,0.009312317756926758,9312.317756926757,0.008090453999043417,18821.21046069987,-9312.317756926757,False
2016-04-13,208.0008,0.010104895104895206,10104.895104895206,0.008168921279848262,19003.75265258199,-10104.895104895206,False
2016-04-14,208.01,4.423059911307092e-05,44.23059911307092,0.008297826985942308,19303.632167905605,-44.23059911307092,False
2016-04-15,207.78,-0.0011057160713426883,-1105.7160713426883,0.008045049043235742,18715.582738285768,1105.7160713426883,False
2016-04-18,209.2392,0.007022812590239624,7022.812590239624,0.007804665383180099,18156.366721761166,-7022.812590239624,False
2016-04-19,209.9,0.0031581080409406326,3158.1080409406327,0.0077599759947736225,18052.403658049574,-3158.1080409406327,False
2016-04-20,210.1,0.000952834683182413,952.8346831824131,0.007563240877890266,17594.729337138804,-952.8346831824131,False
2016-04-21,208.97,-0.005378391242265579,-5378.3912422655785,0.007336547516262634,17067.361717257187,5378.3912422655785,False
2016-04-22,208.97,0.0,0.0,0.007234020958786987,16828.849278240992,-0.0,False
2016-04-25,208.61,-0.0017227353208594254,-1722.7353208594254,0.0070136435380078474,16316.174733924836,1722.7353208594254,False
2016-04-26,208.9192,0.0014821916494893728,1482.1916494893728,0.006813060469178964,15849.548738186175,-1482.1916494893728,False
2016-04-27,209.35,0.0020620412101903796,2062.0412101903794,0.006615477224239889,15389.901376376067,-2062.0412101903794,False
2016-04-28,207.4475,-0.009087652256985934,-9087.652256985933,0.006433800386033273,14967.257850051645,9087.652256985933,False
2016-04-29,206.3308,-0.005383048723170858,-5383.048723170858,0.006623087314501952,15407.605093678476,5383.048723170858,False
2016-05-02,207.97,0.007944524036159306,7944.524036159306,0.006555303292323519,15249.915877789741,-7944.524036159306,False
2016-05-03,206.1592,-0.008707025051690187,-8707.025051690187,0.006646849547624309,15462.884314185136,8707.025051690187,False
2016-05-04,205.01,-0.0055743328456843155,-5574.3328456843155,0.006788115312019523,15791.517624860695,5574.3328456843155,False
2016-05-05,204.97,-0.00019511243353975694,-195.11243353975692,0.006721472317906693,15636.482837186597,195.11243353975692,False
2016-05-06,205.72,0.0036590720593256965,3659.0720593256965,0.006516884443111303,15160.540269601808,-3659.0720593256965,False
2016-05-09,205.8892,0.0008224771534124375,822.4771534124376,0.006381608290571776,14845.840879733056,-822.4771534124376,False
2016-05-10,208.45,0.01243775778428402,12437.75778428402,0.006190477932430573,14401.205177406602,-12437.75778428402,False
2016-05-11,206.5,-0.009354761333653094,-9354.761333653094,0.006730866595916634,15658.337195863172,9354.761333653094,False
2016-05-12,206.56,0.00029055690072632423,290.5569007263242,0.006916428616033094,16090.019006863822,-290.5569007263242,False
2016-05-13,204.76,-0.008714175058094575,-8714.175058094575,0.006706104018831959,15600.730827306465,8714.175058094575,False
2016-05-16,206.78,0.009865208048446927,9865.208048446928,0.006843225267466909,15919.722552554207,-9865.208048446928,False
2016-05-17,204.8508,-0.009329722410291175,-9329.722410291175,0.007061110955647718,16426.600460037556,9329.722410291175,False
2016-05-18,204.91,0.0002889908167309496,288.99081673094963,0.0072173647453537704,16790.101131531057,-288.99081673094963,False
2016-05-19,204.2,-0.00346493582548435,-3464.93582548435,0.006997852783315483,16279.439945316753,3464.93582548435,False
2016-05-20,205.49,0.006317335945151825,6317.335945151825,0.0068375502761458635,15906.520548559292,-6317.335945151825,False
2016-05-23,205.21,-0.0013625967200350253,-1362.5967200350253,0.006807458568271089,15836.516767918552,1362.5967200350253,False
2016-05-24,207.87,0.012962331270405913,12962.331270405914,0.006608509878822217,15373.692907175957,-12962.331270405914,False
2016-05-25,209.28,0.006783085582335202,6783.085582335202,0.007150760838344823,16635.15727405798,-6783.085582335202,False
2016-05-26,209.34,0.00028669724770646887,286.6972477064689,0.007129235073569298,16585.080856935332,-286.6972477064689,False
2016-05-27,210.24,0.004299226139294898,4299.2261392948985,0.00691240659169211,16080.662379088833,-4299.2261392948985,False
2016-05-31,209.84,-0.0019025875190259445,-1902.5875190259444,0.006784061004983978,15782.085896307846,1902.5875190259444,False
2016-06-01,210.27,0.002049180327868827,2049.180327868827,0.006593880879439419,15339.660765562441,-2049.180327868827,False
2016-06-02,210.91,0.00304370571170387,3043.7057117038703,0.00641267943609144,14918.123173056738,-3043.7057117038703,False
2016-06-03,210.28,-0.0029870560902754972,-2987.0560902754974,0.006261865438081,14567.27734940955,2987.0560902754974,False
2016-06-06,211.35,0.005088453490583955,5088.4534905839555,0.006115034871850075,14225.698373814026,-5088.4534905839555,False
2016-06-07,211.68,0.0015613910574876488,1561.3910574876488,0.006058347458709848,14093.823730770386,-1561.3910574876488,False
2016-06-08,212.37,0.0032596371882085418,3259.637188208542,0.0058862242581040735,13693.405288968035,-3259.637188208542,False
2016-06-09,212.08,-0.001365541272307702,-1365.541272307702,0.0057624900808258585,13405.556548710669,1365.541272307702,False
2016-06-10,210.07,-0.009477555639381463,-9477.555639381462,0.005596945291290774,13020.441779517187,9477.555639381462,False
2016-06-13,208.4492,-0.007715523396962909,-7715.523396962909,0.005902176924824783,13730.51674127904,7715.523396962909,False
2016-06-14,208.04,-0.001963068219978714,-1963.068219978714,0.006026384403783334,14019.466545894238,1963.068219978714,False
2016-06-15,207.75,-0.0013939626994807774,-1393.9626994807775,0.005862549671722249,13638.329965269882,1393.9626994807775,False
2016-06-16,208.37,0.0029843561973526,2984.3561973526002,0.0056941994393117845,13246.688760007517,-2984.3561973526002,False
2016-06-17,206.52,-0.00887843739501848,-8878.43739501848,0.0055689187221703755,12955.242230027288,8878.43739501848,False
2016-06-20,207.85,0.00644005423203553,6440.054232035531,0.005820797490441245,13541.19986711025,-6440.054232035531,False
2016-06-21,208.44,0.0028385855184027697,2838.5855184027696,0.005859798659505035,13631.930153846906,-2838.5855184027696,False
2016-06-22,208.1,-0.0016311648436000414,-1631.1648436000414,0.005723675390416366,13315.260076194993,1631.1648436000414,False
2016-06-23,210.81,0.01302258529553102,13022.58529553102,0.005563674532284061,12943.042420034193,-13022.58529553102,False
2016-06-24,203.13,-0.03643090934965143,-36430.90934965143,0.006266775048609767,14578.698811425516,36430.90934965143,True
2016-06-27,199.6,-0.017378033771476398,-17378.0337714764,0.010795776521484526,25114.731759375547,17378.0337714764,False
2016-06-28,203.1997,0.018034569138276613,18034.569138276613,0.011299363996503557,26286.251411279667,-18034.569138276613,False
2016-06-29,206.66,0.017029060574400345,17029.060574400344,0.011812274554976647,27479.45979855664,-17029.060574400344,False
2016-06-30,209.475,0.013621407142165864,13621.407142165865,0.012188411487770489,28354.485152509835,-13621.407142165865,False
2016-07-01,209.9208,0.0021281775868242647,2128.177586824265,0.012279108113843673,28565.477055757863,-2128.177586824265,False
2016-07-05,208.41,-0.007197000011432975,-7197.000011432975,0.011916444717181274,27721.795833939865,7197.000011432975,False
2016-07-06,209.66,0.005997792812244995,5997.792812244996,0.011687145244483495,27188.3654931107,-5997.792812244996,False
2016-07-07,209.526,-0.0006391300200323524,-639.1300200323524,0.011425953493902864,26580.742619430443,639.1300200323524,False
2016-07-08,212.65,0.014909844124356919,14909.84412435692,0.011078979090200124,25773.559453029986,-14909.84412435692,False
2016-07-11,213.4,0.0035269221725839905,3526.9221725839907,0.011345367254037366,26393.270991642396,-3526.9221725839907,False
2016-07-12,214.95,0.007263355201499344,7263.355201499344,0.011033615338678988,25668.02758612027,-7263.355201499344,False
2016-07-13,214.92,-0.00013956734124220826,-139.56734124220827,0.010844427468631302,25227.910786840526,139.56734124220827,False
2016-07-14,216.12,0.005583472920156485,5583.472920156485,0.01051411810080262,24459.4962912165,-5583.472920156485,False
2016-07-15,215.83,-0.0013418471219692751,-1341.8471219692751,0.010285153808396596,23926.845696346478,1341.8471219692751,False
2016-07-18,216.4092,0.002683593569012599,2683.593569012599,0.00997724204139384,23210.535811787457,-2683.593569012599,False
2016-07-19,216.19,-0.001012895939728975,-1012.895939728975,0.009695604039667774,22555.347845222914,1012.895939728975,False
2016-07-20,217.085,0.004139876960081557,4139.876960081557,0.009403510563798177,21875.836808612476,-4139.876960081557,False
2016-07-21,216.265,-0.0037773222470461887,-3777.3222470461887,0.009173263603687235,21340.202282454018,3777.3222470461887,False
2016-07-22,217.24,0.004508357801771057,4508.357801771057,0.008941807928805603,20801.75586525845,-4508.357801771057,False
2016-07-25,216.65,-0.0027158902596207124,-2715.890259620712,0.008739455972635772,20331.014822214758,2715.890259620712,False
2016-07-26,216.75,0.00046157396722823485,461.57396722823484,0.008499292255824534,19772.310470189186,-461.57396722823484,False
2016-07-27,216.52,-0.0010611303344867373,-1061.1303344867374,0.008241145172277767,19171.77055119032,1061.1303344867374,False
2016-07-28,216.77,0.0011546277480141143,1154.6277480141143,0.00799431330263768,18597.55375600758,-1154.6277480141143,False
2016-07-29,217.12,0.0016146145684365898,1614.6145684365897,0.0077559327217347,18042.99759841131,-1614.6145684365897,False
2016-08-01,216.94,-0.000829034635224768,-829.034635224768,0.007530049246406493,17517.51405580058,829.034635224768,False
2016-08-02,215.5492,-0.006410989213607388,-6410.989213607388,0.00730347732656799,16990.428951766924,6410.989213607388,False
2016-08-03,216.18,0.002926478038424607,2926.478038424607,0.007253025655402754,16873.060813809872,-2926.478038424607,False
2016-08-04,216.4097,0.0010625404755295609,1062.5404755295608,0.0070685114918925904,16443.81668179758,-1062.5404755295608,False
2016-08-05,218.18,0.00818031724086321,8180.317240863211,0.006858116575568315,15954.364915497601,-8180.317240863211,False
2016-08-08,218.05,-0.0005958382986525068,-595.8382986525069,0.00694455128830579,16155.442125717756,595.8382986525069,False
2016-08-09,218.18,0.0005961935335931923,596.1935335931922,0.006734573961049318,15666.961816857884,-596.1935335931922,False
2016-08-10,217.64,-0.0024750206251720197,-2475.0206251720197,0.006531044637299824,15193.481807248278,2475.0206251720197,False
2016-08-11,218.65,0.004640691049439427,4640.691049439427,0.006361038833149837,14797.989166189353,-4640.691049439427,False
2016-08-12,218.46,-0.0008689686713926337,-868.9686713926337,0.006271140800493213,14588.855069038162,868.9686713926337,False
2016-08-15,219.09,0.0028838231255150504,2883.8231255150504,0.0060838212429644685,14153.084614614896,-2883.8231255150504,False
2016-08-16,217.96,-0.005157697749783141,-5157.697749783141,0.005940630792308196,13819.973814147726,5157.697749783141,False
2016-08-17,218.37,0.0018810790970820168,1881.079097082017,0.005896587091070237,13717.51284340791,-1881.079097082017,False
2016-08-18,218.86,0.0022438979713330642,2243.897971333064,0.0057354914765336655,13342.748403013455,-2243.897971333064,False
2016-08-19,218.54,-0.00146212190441386,-1462.12190441386,0.005587863224443854,12999.313732615958,1462.12190441386,False
2016-08-22,218.53,-4.575821359931176e-05,-45.75821359931176,0.005429459505143082,12630.811576980444,45.75821359931176,False
2016-08-23,218.97,0.002013453530407716,2013.4535304077162,0.005264068228637994,12246.05393249793,-2013.4535304077162,False
2016-08-24,217.85,-0.005114855916335537,-5114.855916335537,0.005127477856018226,11928.297209539487,5114.855916335537,False
2016-08-25,217.7,-0.0006885471654808351,-688.547165480835,0.005126721415955053,11926.537466806687,688.547165480835,False
2016-08-26,217.29,-0.001883325677537906,-1883.325677537906,0.004973401447716538,11569.861884647007,1883.325677537906,False
2016-08-29,218.3608,0.00492797643701981,4927.97643701981,0.004843908915225434,11268.617206982162,-4927.97643701981,False
2016-08-30,218.0,-0.0016523112206953128,-1652.3112206953128,0.004848994067854668,11280.447040990353,1652.3112206953128,False
2016-08-31,217.38,-0.0028440366972477538,-2844.0366972477536,0.004718663667192918,10977.253190488002,2844.0366972477536,False
2016-09-01,217.39,4.600239212426693e-05,46.00239212426693,0.004627650838163877,10765.52568916585,-46.00239212426693,False
2016-09-02,218.37,0.004508027048162333,4508.027048162333,0.004486688101079256,10437.597325430064,-4508.027048162333,False
2016-09-06,219.0308,0.003026056692769119,3026.056692769119,0.0044879712990840296,10440.582490380442,-3026.056692769119,False
2016-09-07,219.01,-9.49638133085351e-05,-94.9638133085351,0.004413931846436807,10268.34096711943,94.9638133085351,False
2016-09-08,218.51,-0.0022830007762202342,-2283.000776220234,0.004279528919383532,9955.673003504176,2283.000776220234,False
2016-09-09,213.28,-0.023934831357832587,-23934.831357832587,0.004186673053652854,9739.657957669391,23934.831357832587,True
2016-09-12,216.34,0.014347336834208635,14347.336834208634,0.007130855945141869,16588.851568072274,-14347.336834208634,False
2016-09-13,213.23,-0.014375520014791587,-14375.520014791588,0.007755573774634449,18042.162562587746,14375.520014791588,False
2016-09-14,213.15,-0.00037518172864969834,-375.18172864969836,0.008302970772025527,19315.59840372482,375.18172864969836,False
2016-09-15,215.28,0.009992962702322306,9992.962702322306,0.008050553391066624,18728.387766160122,-9992.962702322306,False
2016-09-16,213.37,-0.008872166480862087,-8872.166480862086,0.008180115128925126,19029.793439584282,8872.166480862086,False
2016-09-19,213.41,0.00018746777897549194,187.46777897549194,0.008223280780501753,19130.21176136116,-187.46777897549194,False
2016-09-20,213.42,4.6858160348550726e-05,46.858160348550726,0.007972898760009473,18547.73608029089,-46.858160348550726,False
2016-09-21,215.82,0.011245431543435602,11245.431543435603,0.007730020666230487,17982.71714317706,-11245.431543435603,False
2016-09-22,217.18,0.0063015475859513614,6301.547585951362,0.007984711025842776,18575.215519799804,-6301.547585951362,False
2016-09-23,215.99,-0.005479325904779397,-5479.325904779397,0.007893848470481482,18363.837607305137,5479.325904779397,False
2016-09-26,214.24,-0.008102226954951663,-8102.226954951663,0.0077701643352425095,18076.105282239372,8102.226954951663,False
2016-09-27,215.57,0.006207991038088112,6207.991038088112,0.007790487241928255,18123.383433002087,-6207.991038088112,False
2016-09-28,216.64,0.004963584914412955,4963.584914412955,0.007704708894071666,17923.833155827175,-4963.584914412955,False
2016-09-29,214.68,-0.009047267355982158,-9047.267355982158,0.007568290249851619,17606.475932866335,9047.267355982158,False
2016-09-30,216.3,0.00754611514812753,7546.11514812753,0.007665080499530083,17831.643724433714,-7546.11514812753,False
2016-10-03,215.78,-0.00240406842348595,-2404.06842348595,0.007657994695097912,17815.159678357064,2404.06842348595,False
2016-10-04,214.68,-0.005097784780795256,-5097.784780795256,0.007448017352572899,17326.679333977256,5097.784780795256,False
2016-10-05,215.63,0.004425190981926619,4425.190981926618,0.007328289658266236,17048.151066863138,-4425.190981926618,False
2016-10-06,215.78,0.0006956360432222031,695.636043222203,0.007187248323949592,16720.039858623728,-695.636043222203,False
2016-10-07,215.04,-0.0034294188525350044,-3429.4188525350046,0.006970378808370966,16215.525922113125,3429.4188525350046,False
2016-10-10,216.16,0.005208333333333259,5208.333333333259,0.006810041461564178,15842.525476239804,-5208.333333333259,False
2016-10-11,213.43,-0.01262953367875641,-12629.53367875641,0.0067247058666083225,15644.00519633424,12629.53367875641,False
2016-10-12,213.71,0.0013119055428010284,1311.9055428010283,0.007216555695719611,16788.219000634635,-1311.9055428010283,False
2016-10-13,213.01,-0.0032754667540125793,-3275.4667540125793,0.00700408604402114,16293.9406781077,3275.4667540125793,False
2016-10-14,213.12,0.0005164076803907403,516.4076803907402,0.006837946254594803,15907.44173218215,-516.4076803907402,False
2016-10-17,212.38,-0.00347222222222221,-3472.22222222221,0.00663084150432096,15425.644036678836,3472.22222222221,False
2016-10-18,213.71,0.006262359920896632,6262.359920896632,0.006484855830450632,15086.030574630178,-6262.359920896632,False
2016-10-19,214.28,0.0026671657854100417,2667.1657854100417,0.006471721790988618,15055.476229850154,-2667.1657854100417,False
2016-10-20,213.88,-0.0018667164457719654,-1866.7164457719655,0.00630848780320381,14675.737189395755,1866.7164457719655,False
2016-10-21,213.98,0.00046755189826064303,467.55189826064304,0.006133373874036694,14268.361272562897,-467.55189826064304,False
2016-10-24,214.89,0.004252733900364403,4252.733900364403,0.005947629347954272,13836.25488919633,-4252.733900364403,False
2016-10-25,214.17,-0.0033505514449253537,-3350.5514449253537,0.0058597766089371235,13631.878856555124,3350.5514449253537,False
2016-10-26,213.74,-0.0020077508521266774,-2007.7508521266773,0.005740238208589722,13353.790953040703,2007.7508521266773,False
2016-10-27,213.17,-0.002666791428838855,-2666.791428838855,0.005587054538746249,12997.432448362566,2666.791428838855,False
2016-10-28,212.54,-0.002955387718722169,-2955.3877187221688,0.005456095151780737,12692.775356909655,2955.3877187221688,False
2016-10-31,212.55,4.704996706506037e-05,47.04996706506037,0.0053391848479938,12420.801320241444,-47.04996706506037,False
2016-11-01,211.01,-0.0072453540343450085,-7245.354034345009,0.00517654459775513,12042.443519865246,7245.354034345009,False
2016-11-02,209.74,-0.006018672100848166,-6018.672100848165,0.005323394259227371,12384.06691763481,6018.672100848165,False
2016-11-03,208.78,-0.004577095451511415,-4577.0954515114145,0.005367651226027648,12487.024018262131,4577.0954515114145,False
2016-11-04,208.55,-0.0011016380879393939,-1101.638087939394,0.00532352956876867,12384.381694698548,1101.638087939394,False
2016-11-07,213.15,0.022057060656916816,22057.060656916816,0.005168402599835756,12023.502400315063,-22057.060656916816,False
2016-11-08,214.11,0.0045038705137228074,4503.870513722807,0.007368885790764038,17142.59179339368,-4503.870513722807,False
2016-11-09,216.3792,0.010598290598290427,10598.290598290427,0.007229076020194254,16817.345630858526,-10598.290598290427,False
2016-11-10,216.92,0.002499316015587505,2499.316015587505,0.007474181795738676,17387.54693071142,-2499.316015587505,False
2016-11-11,216.42,-0.0023049972340033476,-2304.9972340033473,0.007272302574670052,16917.905633965405,2304.9972340033473,False
2016-11-14,216.59,0.0007855096571482978,785.5096571482978,0.007073328946700081,16455.023757547275,-785.5096571482978,False
2016-11-15,218.28,0.007802760976961087,7802.760976961087,0.006860545530074133,15960.015508648352,-7802.760976961087,False
2016-11-16,217.87,-0.0018783214220267075,-1878.3214220267075,0.006920696829353396,16099.94835584746,1878.3214220267075,False
2016-11-17,218.99,0.005140680222150751,5140.6802221507505,0.006725620224890749,15646.132311780675,-5140.6802221507505,False
2016-11-18,218.5,-0.002237545093383253,-2237.545093383253,0.0066411990599346315,15449.73931416096,2237.545093383253,False
2016-11-21,220.15,0.007551487414187763,7551.487414187763,0.006462166040821874,15033.246230764882,-7551.487414187763,False
2016-11-22,220.58,0.0019532137179196774,1953.2137179196773,0.0065326497130031805,15197.215771698457,-1953.2137179196773,False
2016-11-23,220.7,0.0005440203100914864,544.0203100914864,0.006351683569425092,14776.2255683122,-544.0203100914864,False
2016-11-25,221.52,0.003715450838241985,3715.450838241985,0.006159627310317234,14329.435898240397,-3715.450838241985,False
2016-11-28,220.48,-0.0046948356807512415,-4694.835680751242,0.0060409289502334935,14053.302220607455,4694.835680751242,False
2016-11-29,220.91,0.00195029027576199,1950.29027576199,0.005968730363403786,13885.343191627411,-1950.29027576199,False
2016-11-30,220.38,-0.0023991670816169153,-2399.1670816169153,0.005806583810773861,13508.133903633734,2399.1670816169153,False
2016-12-01,219.57,-0.00367546964334331,-3675.46964334331,0.005660281863969274,13167.784680716848,3675.46964334331,False
2016-12-02,219.68,0.0005009791865919766,500.9791865919766,0.0055612056209740175,12937.298873456879,-500.9791865919766,False
2016-12-05,221.0,0.006008739985433387,6008.739985433387,0.005393185171116575,12546.424857135631,-6008.739985433387,False
2016-12-06,221.7,0.0031674208144796268,3167.4208144796266,0.005432085868734715,12636.921412338297,-3167.4208144796266,False
2016-12-07,224.6,0.013080739738385194,13080.739738385195,0.005323444068377995,12384.182791046473,-13080.739738385195,False
2016-12-08,225.15,0.0024487978628673357,2448.797862867336,0.006074953371870612,14132.454861548435,-2448.797862867336,False
2016-12-09,226.51,0.006040417499444839,6040.4174994448385,0.005920350633245383,13772.795109226741,-6040.4174994448385,False
2016-12-12,226.25,-0.0011478521919561224,-1147.8521919561224,0.0059276232283598145,13789.713695409959,1147.8521919561224,False
2016-12-13,227.76,0.0066740331491712546,6674.033149171255,0.005753917620927683,13385.614024851247,-6674.033149171255,False
2016-12-14,225.88,-0.00825430277485073,-8254.30277485073,0.005813232923055033,13523.602051853299,8254.30277485073,False
2016-12-15,226.81,0.004117230387816528,4117.2303878165285,0.0059878265885514766,13929.767654401947,-4117.2303878165285,False
2016-12-16,225.04,-0.007803888717428764,-7803.888717428764,0.005892361019427762,13707.681530626895,7803.888717428764,False
2016-12-19,225.53,0.0021773906861002335,2177.3906861002333,0.006024181606418932,14014.342072928619,-2177.3906861002333,False
2016-12-20,226.4,0.0038575799228484087,3857.579922848409,0.005864962062748929,13643.942026006154,-3857.579922848409,False
2016-12-21,225.77,-0.0027826855123674887,-2782.6855123674886,0.005764266524832531,13409.689175448944,2782.6855123674886,False
2016-12-22,225.38,-0.001727421712362176,-1727.421712362176,0.0056300766224618125,13097.516781351074,1727.421712362176,False
2016-12-23,225.71,0.0014641938060164783,1464.1938060164782,0.005474937091386892,12736.60826305524,-1464.1938060164782,False
2016-12-27,226.27,0.0024810597669575607,2481.059766957561,0.005320251102669868,12376.754842059487,-2481.059766957561,False
2016-12-28,224.4,-0.008264462809917328,-8264.462809917328,0.005193852803243973,12082.708426907677,8264.462809917328,False
2016-12-29,224.35,-0.00022281639928700692,-222.8163992870069,0.005427303313566486,12625.795525290205,222.8163992870069,False
2016-12-30,223.53,-0.003655003342990848,-3655.003342990848,0.005262248835894236,12241.821392056445,3655.003342990848,False
2017-01-03,225.24,0.007649979868474155,7649.9798684741545,0.005179896717933137,12050.241717514882,-7649.9798684741545,False
2017-01-04,226.58,0.005949209731841654,5949.209731841654,0.0053602967946962425,12469.915052569537,-5949.209731841654,False
2017-01-05,226.4,-0.0007944213964162783,-794.4213964162783,0.005397443895919931,12556.332132528045,794.4213964162783,False
2017-01-06,227.21,0.003577738515901041,3577.738515901041,0.005236632782077828,12182.229539719327,-3577.738515901041,False
2017-01-09,226.46,-0.0033009110514502504,-3300.9110514502504,0.005152183643268351,11985.771465185322,3300.9110514502504,False
2017-01-10,226.46,0.0,0.0,0.0050602428145791,11771.885113826529,-0.0,False
2017-01-11,227.1,0.0028261061556125178,2826.106155612518,0.004906087433174162,11413.266070023197,-2826.106155612518,False
2017-01-12,226.53,-0.002509907529722577,-2509.9075297225772,0.004806737441134052,11182.143427254712,2509.9075297225772,False
2017-01-13,227.05,0.002295501699554281,2295.501699554281,0.0047006828745178525,10935.423611674794,-2295.501699554281,False
2017-01-17,226.25,-0.0035234529839243134,-3523.4529839243132,0.004592035931995491,10682.67302791686,3523.4529839243132,False
2017-01-18,226.75,0.0022099447513812542,2209.9447513812543,0.004535026969764231,10550.050349828894,-2209.9447513812543,False
2017-01-19,225.91,-0.003704520396912936,-3704.5203969129357,0.00443006916286293,10305.881978880063,3704.5203969129357,False
2017-01-20,226.74,0.003674029480766672,3674.029480766672,0.004389919168134278,10212.479124000314,-3674.029480766672,False
2017-01-23,226.15,-0.0026020993208080156,-2602.099320808016,0.004350289236604866,10120.286117038482,2602.099320808016,False
2017-01-24,227.6,0.006411673667919393,6411.673667919393,0.004265650092086072,9923.386023126548,-6411.673667919393,False
2017-01-25,229.57,0.008655536028119526,8655.536028119526,0.004423866862718693,10291.453271125354,-8655.536028119526,False
2017-01-26,229.33,-0.0010454327656052032,-1045.4327656052033,0.004784502103036575,11130.416295743069,1045.4327656052033,False
2017-01-27,228.97,-0.0015697902585793955,-1569.7902585793954,0.004645809782112025,10807.76970981445,1569.7902585793954,False
2017-01-30,227.55,-0.006201685810368063,-6201.685810368062,0.004520662573896614,10516.633768040383,6201.685810368062,False
2017-01-31,227.53,-8.789277081966418e-05,-87.89277081966418,0.0046387348613645745,10791.310982974612,87.89277081966418,False
2017-02-01,227.62,0.0003955522348702001,395.5522348702001,0.004497471840439517,10462.684054565018,-395.5522348702001,False
2017-02-02,227.77,0.0006589930586065051,658.9930586065052,0.0043615370538887185,10146.452452864372,-658.9930586065052,False
2017-02-03,229.34,0.006892918294771011,6892.9182947710115,0.004231746856225584,9844.515302459398,-6892.9182947710115,False
2017-02-06,228.93,-0.0017877387285253343,-1787.7387285253344,0.004436660898126873,10321.216648197576,1787.7387285253344,False
2017-02-07,228.94,4.368147468647443e-05,43.68147468647443,0.004323734834047762,10058.51133910334,-43.68147468647443,False
2017-02-08,229.24,0.0013103870009609775,1310.3870009609775,0.004192030107778616,9752.12032914598,-1310.3870009609775,False
2017-02-09,230.6,0.005932647007502956,5932.647007502956,0.004076978818265836,9484.471006382268,-5932.647007502956,False
2017-02-10,231.51,0.0039462272333044,3946.2272333044,0.0042114402451478555,9797.27506094975,-3946.2272333044,False
2017-02-13,232.77,0.005442529480368163,5442.529480368164,0.004196000210290315,9761.356168683795,-5442.529480368164,False
2017-02-14,233.7,0.003995360226833222,3995.3602268332224,0.004281039631625894,9959.187445717484,-3995.3602268332224,False
2017-02-15,234.92,0.005220367993153507,5220.367993153507,0.004264438592409103,9920.567653428632,-5220.367993153507,False
2017-02-16,234.72,-0.0008513536523071519,-851.3536523071518,0.004327752862278406,10067.858670535532,851.3536523071518,False
2017-02-17,235.09,0.0015763462849351928,1576.346284935193,0.004201091087945987,9773.19932109507,-1576.346284935193,False
2017-02-21,236.49,0.00595516610659752,5955.16610659752,0.004091369991343705,9517.949881276922,-5955.16610659752,False
2017-02-22,236.28,-0.0008879868070531538,-887.9868070531538,0.00422643941197952,9832.168340820977,887.9868070531538,False
2017-02-23,236.44,0.0006771626883359527,677.1626883359527,0.004103453902642966,9546.061262638055,-677.1626883359527,False
2017-02-24,236.74,0.0012688208424971315,1268.8208424971315,0.003981902416388089,9263.290221002517,-1268.8208424971315,False
2017-02-27,237.11,0.0015628960040550144,1562.8960040550144,0.003873087711663702,9010.149364002556,-1562.8960040550144,False
2017-02-28,236.47,-0.0026991691619924207,-2699.169161992421,0.0037745620344717366,8780.944364328594,2699.169161992421,False
2017-03-01,239.78,0.013997547257580178,13997.547257580178,0.003718818399553001,8651.265277744085,-13997.547257580178,False
2017-03-02,238.27,-0.006297439319376097,-6297.439319376097,0.004975511373237341,11574.770305396713,6297.439319376097,False
2017-03-03,238.42,0.0006295379191672001,629.5379191672001,0.005064566628900713,11781.94381008136,-629.5379191672001,False
2017-03-06,237.71,-0.0029779380924418453,-2977.938092441845,0.004912700286986823,11428.649868431623,2977.938092441845,False
2017-03-07,237.0,-0.0029868326953009783,-2986.8326953009782,0.004818571736533529,11209.674115198057,2986.8326953009782,False
2017-03-08,236.56,-0.0018565400843881807,-1856.5400843881807,0.004728719249257213,11000.645972445518,1856.5400843881807,False
2017-03-09,236.86,0.001268177206628307,1268.177206628307,0.004607162148122677,10717.861868646622,-1268.177206628307,False
2017-03-10,237.69,0.0035041796842014694,3504.1796842014696,0.004477597891860478,10416.450336539372,-3504.1796842014696,False
2017-03-13,237.81,0.0005048592704783861,504.85927047838607,0.00442523518288825,10294.636459842812,-504.85927047838607,False
2017-03-14,236.9,-0.0038265842479290324,-3826.5842479290322,0.004292206543424834,9985.165567240547,3826.5842479290322,False
2017-03-15,238.95,0.008653440270156132,8653.440270156132,0.0042657027101198385,9923.50843097754,-8653.440270156132,False
2017-03-16,238.48,-0.00196693869010256,-1966.9386901025598,0.004647296864307885,10811.229180319315,1966.9386901025598,False
2017-03-17,237.03,-0.0060801744381079326,-6080.1744381079325,0.004531407830348411,10541.630972543044,6080.1744381079325,False
2017-03-20,236.77,-0.0010969075644432502,-1096.9075644432503,0.004638938324801871,10791.78430970941,1096.9075644432503,False
2017-03-21,233.73,-0.012839464459179828,-12839.464459179828,0.004505636051295379,10481.676849132773,12839.464459179828,True
2017-03-22,234.28,0.0023531425148677343,2353.1425148677345,0.005382733665066588,12522.11101825572,-2353.1425148677345,False
2017-03-23,234.03,-0.0010670991975414434,-1067.0991975414433,0.005250488471391533,12214.462693097636,1067.0991975414433,False
2017-03-24,233.86,-0.0007264025979574207,-726.4025979574207,0.005097243713887544,11857.962077270327,726.4025979574207,False
2017-03-27,233.62,-0.0010262550243735902,-1026.2550243735902,0.004945163244433825,11504.170000473536,1026.2550243735902,False
2017-03-28,235.32,0.007276774248780038,7276.774248780038,0.004801099156001304,11169.026814622908,-7276.774248780038,False
2017-03-29,235.54,0.0009348971613123425,934.8971613123424,0.004984436430277103,11595.533092866855,-934.8971613123424,False
2017-03-30,236.29,0.0031841725396959397,3184.1725396959396,0.004838013238712657,11254.901812460632,-3184.1725396959396,False
2017-03-31,235.74,-0.0023276482288712153,-2327.6482288712155,0.004755031762021639,11061.858030575713,2327.6482288712155,False
2017-04-03,235.33,-0.0017392042080257575,-1739.2042080257575,0.004645296999224762,10806.576798434822,1739.2042080257575,False
2017-04-04,235.48,0.0006374027960736051,637.402796073605,0.0045238862756460906,10524.133219751819,-637.402796073605,False
2017-04-05,234.78,-0.0029726516052318575,-2972.6516052318575,0.004388848499589255,10209.988376506797,2972.6516052318575,False
2017-04-06,235.44,0.0028111423460259743,2811.1423460259743,0.004316997931105747,10042.83895926656,-2811.1423460259743,False
2017-04-07,235.2,-0.0010193679918450993,-1019.3679918450993,0.004241748948997128,9867.78364971444,1019.3679918450993,False
2017-04-10,235.34,0.0005952380952380931,595.2380952380931,0.004120101305029653,9584.788911788626,-595.2380952380931,False
2017-04-11,235.06,-0.0011897679952409534,-1189.7679952409535,0.003997246449905983,9298.98578075608,1189.7679952409535,False
2017-04-12,234.03,-0.004381859950650879,-4381.859950650879,0.003886416511821501,9041.15678991317,4381.859950650879,False
2017-04-13,232.51,-0.006494893817032055,-6494.893817032054,0.003917910297950218,9114.422292319205,6494.893817032054,False
2017-04-17,234.57,0.008859833985634946,8859.833985634947,0.004118256740210422,9580.49781234288,-8859.833985634947,False
2017-04-18,233.87,-0.0029841838257236297,-2984.1838257236295,0.004544473100236372,10572.025335370674,2984.1838257236295,False
2017-04-19,233.44,-0.0018386282977722601,-1838.62829777226,0.004466253776890459,10390.059978795995,1838.62829777226,False
2017-04-20,235.34,0.008139136394790913,8139.136394790913,0.004353551501091394,10127.875279091275,-8139.136394790913,False
2017-04-21,234.59,-0.00318687855868105,-3186.87855868105,0.004668076531878673,10859.569915795892,3186.87855868105,False
2017-04-24,237.17,0.01099791124941385,10997.91124941385,0.004592695711006195,10684.207903415749,-10997.91124941385,False
2017-04-25,238.55,0.005818611122823336,5818.611122823336,0.00520427956313456,12106.964697612279,-5818.611122823336,False
2017-04-26,238.4,-0.0006287989939216532,-628.7989939216532,0.005243169685305164,12197.436650645051,628.7989939216532,False
2017-04-27,238.6,0.0008389261744965459,838.926174496546,0.005085774467910888,11831.280621275682,-838.926174496546,False
2017-04-28,238.08,-0.0021793797150041483,-2179.3797150041482,0.0049351214422466184,11480.809275303789,2179.3797150041482,False
2017-05-01,238.68,0.002520161290322509,2520.161290322509,0.004814465701120873,11200.122048445088,-2520.161290322509,False
2017-05-02,238.77,0.00037707390648566985,377.07390648566985,0.004708440077540283,10953.469564434528,-377.07390648566985,False
2017-05-03,238.48,-0.0012145579427902398,-1214.5579427902398,0.004565936330022291,10621.956274353195,1214.5579427902398,False
2017-05-04,238.76,0.0011741026501175256,1174.1026501175256,0.004436825121121191,10321.59868801128,-1174.1026501175256,False
2017-05-05,239.7,0.003937007874015741,3937.007874015741,0.004311264680817931,10029.501424648157,-3937.007874015741,False
2017-05-08,239.66,-0.00016687526074254944,-166.87526074254944,0.004289730156919869,9979.404630759418,166.87526074254944,False
2017-05-09,239.44,-0.0009179671200867379,-917.9671200867379,0.004159248558477284,9675.85904162106,917.9671200867379,False
2017-05-10,239.87,0.0017958569996658902,1795.8569996658903,0.0040388052038860785,9395.665899725464,-1795.8569996658903,False
2017-05-11,239.38,-0.0020427731687997497,-2042.7731687997498,0.003940398046928251,9166.736619346217,2042.7731687997498,False
2017-05-12,238.98,-0.0016709833737154067,-1670.9833737154067,0.003852986879719668,8963.387836343101,1670.9833737154067,False
2017-05-15,240.3,0.005523474767763048,5523.474767763048,0.0037579660120453974,8742.336242839547,-5523.474767763048,False
2017-05-16,240.08,-0.0009155222638368432,-915.5222638368432,0.003886579015719864,9041.53483051165,915.5222638368432,False
2017-05-17,235.82,-0.01774408530489846,-17744.08530489846,0.003774845363672902,8781.60348661338,17744.08530489846,True
2017-05-18,236.77,0.004028496310745533,4028.496310745533,0.00568204574664047,13218.415042899858,-4028.496310745533,False
2017-05-19,238.31,0.006504202390505531,6504.202390505531,0.005596626857888739,13019.700992649337,-6504.202390505531,False
2017-05-22,239.52,0.0050774201670094055,5077.420167009405,0.005655190286759108,13155.939900898462,-5077.420167009405,False
2017-05-23,240.05,0.0022127588510354457,2212.758851035446,0.005622198705295688,13079.190005499791,-2212.758851035446,False
2017-05-24,240.61,0.002332847323474274,2332.847323474274,0.005477805152512176,12743.280370956663,-2332.847323474274,False
2017-05-25,241.76,0.004779518723244891,4779.518723244891,0.005341582062426268,12426.378074940038,-4779.518723244891,False
2017-05-26,241.71,-0.00020681667769684164,-206.81667769684165,0.005309536415489297,12351.82875231595,206.81667769684165,False
2017-05-30,241.5,-0.0008688097306690512,-868.8097306690512,0.005148035811729841,11976.122166103829,868.8097306690512,False
2017-05-31,241.44,-0.0002484472049689712,-248.44720496897122,0.004995740803585396,11621.830997679968,248.44720496897122,False
2017-06-01,243.36,0.007952286282306265,7952.286282306264,0.004843932717000825,11268.672578191741,-7952.286282306264,False
2017-06-02,244.17,0.003328402366863825,3328.402366863825,0.005084308659372139,11827.870640697813,-3328.402366863825,False
2017-06-05,243.99,-0.0007371913011425812,-737.1913011425812,0.0049963865553102685,11623.333240832282,737.1913011425812,False
2017-06-06,243.21,-0.0031968523300135443,-3196.8523300135444,0.004847540918274843,11277.066509554666,3196.8523300135444,False
2017-06-07,243.66,0.0018502528678918662,1850.2528678918661,0.004764653782415125,11084.242197262076,-1850.2528678918661,False
2017-06-08,243.78,0.0004924895345974623,492.48953459746224,0.004641682482334861,10798.168174752314,-492.48953459746224,False
2017-06-09,243.41,-0.0015177619164821188,-1517.7619164821187,0.004501894717483599,10472.973205173661,1517.7619164821187,False
2017-06-12,243.36,-0.00020541473234458874,-205.41473234458874,0.004380553476283076,10190.691266673348,205.41473234458874,False
2017-06-13,244.55,0.00488987508218286,4889.87508218286,0.004247402211446079,9880.935104793953,-4889.87508218286,False
2017-06-14,244.24,-0.0012676344305867504,-1267.6344305867503,0.00428866560974511,9976.928123702603,1267.6344305867503,False
2017-06-15,243.77,-0.0019243367179823112,-1924.3367179823113,0.0041695931902829934,9699.924253830008,1924.3367179823113,False
2017-06-16,242.64,-0.004635517085777696,-4635.517085777697,0.004069958382877833,9468.139031442544,4635.517085777697,False
2017-06-19,244.66,0.008325090669304425,8325.090669304425,0.0041060892200740495,9552.191927741278,-8325.090669304425,False
2017-06-20,243.01,-0.0067440529714706265,-6744.052971470626,0.004472896001624025,10405.512104183828,6744.052971470626,False
2017-06-21,242.95,-0.0002469034196124209,-246.90341961242092,0.004640616958097667,10795.68939470838,246.90341961242092,False
2017-06-22,242.84,-0.0004527680592714134,-452.7680592714134,0.004499651529240194,10467.754768972542,452.7680592714134,False
2017-06-23,243.13,0.0011942019436665952,1194.201943666595,0.004363983499790962,10152.143737088012,-1194.201943666595,False
2017-06-26,243.29,0.000658084152511007,658.084152511007,0.0042411387579512575,9866.36413307212,-658.084152511007,False
2017-06-27,241.33,-0.00805622919149973,-8056.22919149973,0.004115095013660282,9573.142536504662,8056.22919149973,False
2017-06-28,243.49,0.008950399867401426,8950.399867401426,0.004451082596439091,10354.766535406265,-8950.399867401426,False
2017-06-29,241.35,-0.008788861965583816,-8788.861965583816,0.004840453240212776,11260.57810476309,8788.861965583816,False
2017-06-30,241.8,0.0018645121193288094,1864.5121193288094,0.005163219344115678,12011.44434439005,-1864.5121193288094,False
2017-07-03,242.21,0.0016956162117451878,1695.616211745188,0.005026717446038791,11693.893443996345,-1695.616211745188,False
2017-07-05,242.77,0.0023120432682384173,2312.043268238417,0.004891249517825081,11378.747917195664,-2312.043268238417,False
2017-07-06,240.55,-0.009144457717180865,-9144.457717180865,0.0047759391934298154,11110.495989183779,9144.457717180865,False
2017-07-07,242.11,0.006485138224901377,6485.138224901377,0.005143761841790231,11966.179425221102,-6485.138224901377,False
2017-07-10,242.37,0.0010738920325470414,1073.8920325470413,0.005233947821646525,12175.983387728083,-1073.8920325470413,False
2017-07-11,242.19,-0.0007426661715559391,-742.6661715559391,0.005081313989273776,11820.903996281033,742.6661715559391,False
2017-07-12,244.01,0.007514761137949577,7514.7611379495775,0.004929874230513029,11468.60243544271,-7514.7611379495775,False
2017-07-13,244.42,0.001680259005778506,1680.259005778506,0.005121888170448676,11915.293656398208,-1680.259005778506,False
2017-07-14,245.56,0.004664102773913825,4664.102773913825,0.004982881730920085,11591.916321322884,-4664.102773913825,False
2017-07-17,245.53,-0.00012216973448442303,-122.16973448442303,0.004964332281869813,11548.763849960154,122.16973448442303,False
2017-07-18,245.66,0.0005294668675925873,529.4668675925873,0.004813191750924464,11197.158397114037,-529.4668675925873,False
2017-07-19,246.99,0.005413986811039662,5413.986811039662,0.004668364387141385,10860.239567274333,-5413.986811039662,False
2017-07-20,247.1,0.00044536216041124455,445.36216041124453,0.004716427003513237,10972.04993269183,-445.36216041124453,False
2017-07-21,246.88,-0.0008903278025090833,-890.3278025090833,0.004574046731936206,10640.823890603247,890.3278025090833,False
2017-07-24,246.82,-0.00024303305249517848,-243.03305249517848,0.004440061971564738,10329.128728159212,243.03305249517848,False
2017-07-25,247.42,0.0024309213191799905,2430.9213191799904,0.004305211399749324,10015.419387103231,-2430.9213191799904,False
2017-07-26,247.43,4.041710451874181e-05,40.41710451874181,0.004216315594490321,9808.6168195278,-40.41710451874181,False
2017-07-27,247.2,-0.0009295558339733612,-929.5558339733611,0.004087881624184094,9509.834725751285,929.5558339733611,False
2017-07-28,246.91,-0.0011731391585759754,-1173.1391585759754,0.003969883379376516,9235.329759802626,1173.1391585759754,False
2017-07-31,246.77,-0.0005670082216191474,-567.0082216191474,0.003859656841251819,8978.904487173355,567.0082216191474,False
2017-08-01,247.32,0.0022287960449001165,2228.7960449001166,0.003744652690930318,8711.364826567058,-2228.7960449001166,False
2017-08-02,247.44,0.00048520135856389146,485.20135856389146,0.0036713935035264087,8540.938471696014,-485.20135856389146,False
2017-08-03,246.96,-0.0019398642095053154,-1939.8642095053153,0.0035615316457632234,8285.36157245045,1939.8642095053153,False
2017-08-04,247.41,0.0018221574344023939,1822.1574344023938,0.003485573352122388,8108.6561575233245,-1822.1574344023938,False
2017-08-07,247.87,0.0018592619538417843,1859.2619538417844,0.0034087363876353118,7929.906648541062,-1859.2619538417844,False
2017-08-08,247.26,-0.0024609674426111505,-2460.9674426111505,0.003336124403487662,7760.98591358929,2460.9674426111505,False
2017-08-09,247.25,-4.044325810881322e-05,-40.44325810881322,0.0032901860310062528,7654.117278430267,40.44325810881322,False
2017-08-10,243.76,-0.014115267947421684,-14115.267947421684,0.0031899690924738666,7420.97781653257,14115.267947421684,True
2017-08-11,244.12,0.0014768624876928538,1476.8624876928538,0.00463894341374551,10791.796148362626,-1476.8624876928538,False
2017-08-14,246.54,0.009913157463542488,9913.157463542488,0.004512147560156929,10496.824883929638,-9913.157463542488,False
2017-08-15,246.51,-0.00012168410805546426,-121.68410805546426,0.0050034136868913415,11639.680793446516,121.68410805546426,False
2017-08-16,246.94,0.0017443511419414914,1744.3511419414915,0.00485108111993301,11285.302250155817,-1744.3511419414915,False
2017-08-17,243.09,-0.015590831780999403,-15590.831780999404,0.004722666027216389,10986.56407221975,15590.831780999404,True
2017-08-18,242.71,-0.0015632070426591094,-1563.2070426591094,0.005962365476700642,13870.536250977042,1563.2070426591094,False
2017-08-21,242.9,0.0007828272423879845,782.8272423879845,0.005793395457637923,13477.453206353845,-782.8272423879845,False
2017-08-22,245.44,0.010456978180320986,10456.978180320986,0.005620177415558198,13074.48778241616,-10456.978180320986,False
2017-08-23,244.56,-0.003585397653194211,-3585.397653194211,0.006020972852557297,14006.877395204283,3585.397653194211,False
2017-08-24,243.99,-0.0023307163886162607,-2330.7163886162607,0.005903244178047344,13732.999543544409,2330.7163886162607,False
2017-08-25,244.56,0.0023361613180867824,2336.1613180867826,0.005751810901721365,13380.713063104427,-2336.1613180867826,False
2017-08-28,244.57,4.0889761203866115e-05,40.889761203866115,0.005605870843362215,13041.205718603223,-40.889761203866115,False
2017-08-29,244.85,0.001144866500388364,1144.866500388364,0.005435102662881847,12643.939524988897,-1144.866500388364,False
2017-08-30,246.01,0.004737594445578974,4737.594445578974,0.005276984333587141,12276.101285787267,-4737.594445578974,False
2017-08-31,247.49,0.006016015609121572,6016.015609121572,0.005246185081118995,12204.45151028595,-6016.015609121572,False
2017-09-01,247.84,0.0014141985534767976,1414.1985534767975,0.005295531801395007,12319.249148090938,-1414.1985534767975,False
2017-09-05,246.06,-0.007182052937378947,-7182.052937378947,0.005145881371439692,11971.110188515093,7182.052937378947,False
2017-09-06,246.9,0.003413801511826353,3413.8015118263534,0.005290198715295396,12306.842534581032,-3413.8015118263534,False
2017-09-07,246.87,-0.00012150668286758926,-121.50668286758926,0.00519675598293812,12089.462232817114,121.50668286758926,False
2017-09-08,246.58,-0.0011747073358447935,-1174.7073358447935,0.00503852976709177,11721.373011965432,1174.7073358447935,False
2017-09-11,249.21,0.010665909643928995,10665.909643928995,0.0048935029907552835,11383.990279156049,-10665.909643928995,False
2017-09-12,250.05,0.003370651257975199,3370.651257975199,0.005416205954470944,12599.979207550821,-3370.651257975199,False
2017-09-13,250.17,0.0004799040191960646,479.9040191960646,0.005315716990110093,12366.20691894539,-479.9040191960646,False
2017-09-14,250.09,-0.00031978254786735327,-319.7825478673533,0.00515511927736564,11992.60077132651,319.7825478673533,False
2017-09-15,249.19,-0.0035987044663920997,-3598.7044663920997,0.004998687340763578,11628.685668180213,3598.7044663920997,False
2017-09-18,249.72,0.002126891127252284,2126.8911272522837,0.00492592154353409,11459.407110492506,-2126.8911272522837,False
2017-09-19,249.97,0.0010011212558065363,1001.1212558065363,0.004804189923587654,11176.217015226566,-1001.1212558065363,False
2017-09-20,250.06,0.00036004320518467914,360.04320518467915,0.004664285690083396,10850.751099044623,-360.04320518467915,False
2017-09-21,249.39,-0.002679356954330969,-2679.356954330969,0.004523052642338989,10522.193898680114,2679.356954330969,False
2017-09-22,249.44,0.0002004891936324693,200.48919363246932,0.004434102176807705,10315.264172296469,-200.48919363246932,False
2017-09-25,248.93,-0.0020445798588838437,-2044.5798588838438,0.004299302052951663,10001.672190743522,2044.5798588838438,False
2017-09-26,249.08,0.0006025790382839791,602.5790382839791,0.004198306404006826,9766.721177533327,-602.5790382839791,False
2017-09-27,250.05,0.003894331138589946,3894.331138589946,0.004073084353662713,9475.411126932264,-3894.331138589946,False
2017-09-28,250.35,0.0011997600479902726,1199.7600479902726,0.004062580963371481,9450.976587258036,-1199.7600479902726,False
2017-09-29,251.23,0.0035150788895546015,3515.0788895546016,0.003949766536046994,9188.53098409058,-3515.0788895546016,False
2017-10-02,252.32,0.004338653823189986,4338.653823189987,0.0039250430728729096,9131.01560809662,-4338.653823189987,False
2017-10-03,252.86,0.0021401395053901595,2140.1395053901597,0.003951080909867833,9191.588674834384,-2140.1395053901597,False
2017-10-04,253.16,0.0011864272720081281,1186.427272008128,0.0038664182082509646,8994.633778917429,-1186.427272008128,False
2017-10-05,254.66,0.005925106651919698,5925.106651919698,0.0037598796464427954,8746.788022151624,-5925.106651919698,False
2017-10-06,254.37,-0.00113877326631584,-1138.7732663158401,0.0039236343596961345,9127.738451192698,1138.7732663158401,False
2017-10-09,253.95,-0.0016511381059087782,-1651.1381059087782,0.003814317824512969,8873.43016197183,1651.1381059087782,False
2017-10-10,254.62,0.0026383146288639914,2638.3146288639914,0.003720168633422489,8654.406391435827,-2638.3146288639914,False
2017-10-11,255.02,0.0015709685020814934,1570.9685020814934,0.0036642758665645222,8524.380372081536,-1570.9685020814934,False
2017-10-12,254.64,-0.0014900792094738602,-1490.0792094738601,0.0035734267994156368,8313.033837861132,1490.0792094738601,False
2017-10-13,254.95,0.001217404963870461,1217.404963870461,0.003483738869141219,8104.3885119401175,-1217.404963870461,False
2017-10-16,255.29,0.0013335948225141614,1333.5948225141615,0.003390748414233472,7888.06036485939,-1333.5948225141615,False
2017-10-17,255.47,0.000705080496690158,705.080496690158,0.0033036423579357664,7685.42137597514,-705.080496690158,False
2017-10-18,255.72,0.0009785884839708103,978.5884839708103,0.003207653031393408,7462.116810242712,-978.5884839708103,False
2017-10-19,255.79,0.00027373689973408943,273.73689973408943,0.0031191591522197926,7256.249262561545,-273.73689973408943,False
2017-10-20,257.11,0.005160483208882294,5160.483208882294,0.003024880245775106,7036.923728987053,-5160.483208882294,False
2017-10-23,256.11,-0.0038893858659717617,-3889.3858659717616,0.0031935468820972405,7429.300999816671,3889.3858659717616,False
2017-10-24,256.56,0.0017570575143492917,1757.0575143492918,0.00323951486055074,7536.238508765924,-1757.0575143492918,False
2017-10-25,255.29,-0.00495010913626448,-4950.10913626448,0.0031701773146543735,7374.935256278703,4950.10913626448,False
2017-10-26,255.62,0.0012926475772652157,1292.6475772652157,0.003304124329020324,7686.54260838305,-1292.6475772652157,False
2017-10-27,257.71,0.008176199045458077,8176.199045458077,0.0032190774442792057,7488.693968871753,-8176.199045458077,False
2017-10-30,256.75,-0.0037251173800006976,-3725.1173800006977,0.0037083319520490737,8626.870152887082,3725.1173800006977,False
2017-10-31,257.15,0.0015579357351507284,1557.9357351507283,0.0037093412197154096,8629.218060577003,-1557.9357351507283,False
2017-11-01,257.49,0.0013221854948475276,1322.1854948475275,0.0036165300181962533,8413.306919235736,-1322.1854948475275,False
2017-11-02,257.59,0.0003883645966833438,388.3645966833438,0.003521281368923936,8191.725426495819,-388.3645966833438,False
2017-11-03,258.45,0.0033386389223184487,3338.6389223184487,0.003415334061842326,7945.255133906164,-3338.6389223184487,False
2017-11-06,258.85,0.0015476881408398313,1547.6881408398312,0.003410780986806212,7934.663097475552,-1547.6881408398312,False
2017-11-07,258.67,-0.000695383426695062,-695.383426695062,0.0033285344580519225,7743.329060160771,695.383426695062,False
2017-11-08,259.11,0.001701009007615939,1701.009007615939,0.0032316260035375375,7517.886283024649,-1701.009007615939,False
2017-11-09,258.17,-0.0036278028636486104,-3627.8028636486106,0.0031607606881532534,7353.028907237186,3627.8028636486106,False
2017-11-10,258.09,-0.00030987333927268157,-309.87333927268156,0.0031907116537158837,7422.705272299281,309.87333927268156,False
2017-11-13,258.33,0.0009299081715681279,929.9081715681278,0.0030944407725649508,7198.74571260177,-929.9081715681278,False
2017-11-14,257.73,-0.002322610614330367,-2322.6106143303673,0.003008806013300056,6999.529472441883,2322.6106143303673,False
2017-11-15,256.44,-0.005005238039809234,-5005.238039809235,0.002972105316451345,6914.150884352066,5005.238039809235,False
2017-11-16,258.62,0.008501013882389774,8501.013882389774,0.0031315411352020994,7285.054062348845,-8501.013882389774,False
2017-11-17,257.86,-0.0029386745031320105,-2938.6745031320106,0.003681601704460995,8564.68629823797,2938.6745031320106,False
2017-11-20,258.3,0.001706352284185142,1706.352284185142,0.0036413030790905317,8470.937676780626,-1706.352284185142,False
2017-11-21,259.99,0.00654277971351136,6542.77971351136,0.003555030395655031,8270.23740308265,-6542.77971351136,False
2017-11-22,259.76,-0.0008846494095927637,-884.6494095927637,0.003801108342307733,8842.700311126498,884.6494095927637,False
2017-11-24,260.36,0.0023098244533417134,2309.8244533417133,0.003691676506255298,8588.12379197353,-2309.8244533417133,False
2017-11-27,260.23,-0.0004993086495621579,-499.30864956215794,0.0036236561980329215,8429.884892548802,499.30864956215794,False
2017-11-28,262.87,0.010144871844137926,10144.871844137926,0.0035153932546304854,8178.027624327141,-10144.871844137926,False
2017-11-29,262.71,-0.0006086658804733691,-608.6658804733692,0.0042180108860289086,9812.560657394473,608.6658804733692,False
2017-11-30,265.01,0.00875490084123176,8754.900841231762,0.004092230117408113,9519.950833718263,-8754.900841231762,False
2017-12-01,264.46,-0.0020753933813818515,-2075.3933813818517,0.004510040334429475,10491.922743838451,2075.3933813818517,False
2017-12-04,264.14,-0.0012100128563865553,-1210.0128563865553,0.004402098528013532,10240.812551962596,1210.0128563865553,False
2017-12-05,263.19,-0.0035965775724994264,-3596.5775724994264,0.004278271967754717,9952.748896754709,3596.5775724994264,False
2017-12-06,263.24,0.00018997682282773098,189.97682282773098,0.004240461835976315,9864.789377074821,-189.97682282773098,False
2017-12-07,264.07,0.003153016258927055,3153.016258927055,0.004111543634575951,9564.880793321916,-3153.016258927055,False
2017-12-08,265.51,0.0054530995569357366,5453.0995569357365,0.004060417994150874,9445.94476841006,-5453.0995569357365,False
2017-12-11,266.31,0.0030130691876013582,3013.0691876013584,0.004157156758730889,9670.992787728117,-3013.0691876013584,False
2017-12-12,266.78,0.0017648605009199514,1764.8605009199514,0.004097529784323545,9532.279702580105,-1764.8605009199514,False
2017-12-13,266.75,-0.00011245220781153087,-112.45220781153087,0.003996154309917961,9296.445083216791,112.45220781153087,False
2017-12-14,265.66,-0.004086223055295157,-4086.2230552951573,0.0038745132652370463,9013.46569752724,4086.2230552951573,False
2017-12-15,266.51,0.003199578408491943,3199.5784084919433,0.0038875409954630077,9043.772730041981,-3199.5784084919433,False
2017-12-18,268.2,0.0063412254699635184,6341.225469963519,0.003849731758375699,8955.815291724815,-6341.225469963519,False
2017-12-19,267.17,-0.0038404175988067113,-3840.4175988067113,0.004042756109687364,9404.857081036818,3840.4175988067113,False
2017-12-20,267.03,-0.0005240109293709327,-524.0109293709328,0.004030902229608539,9377.28083231631,524.0109293709328,False
2017-12-21,267.58,0.0020596936673782373,2059.6936673782375,0.0039102119718538685,9096.51330777129,-2059.6936673782375,False
2017-12-22,267.51,-0.0002616040062785041,-261.60400627850413,0.003824514673150809,8897.151579122385,261.60400627850413,False
2017-12-26,267.19,-0.0011962169638517484,-1196.2169638517485,0.0037085582017009184,8627.396488283655,1196.2169638517485,False
2017-12-27,267.32,0.00048654515513302243,486.54515513302243,0.00360749993773463,8392.299810751421,-486.54515513302243,False
2017-12-28,267.87,0.002057459224898972,2057.459224898972,0.003499630841101536,8141.358767124318,-2057.459224898972,False
2017-12-29,266.86,-0.003770485683353808,-3770.485683353808,0.0034302418821822193,7979.935910060458,3770.485683353808,False
2018-01-02,268.77,0.007157310949561513,7157.310949561513,0.003451602460504824,8029.628046029532,-7157.310949561513,False
2018-01-03,270.47,0.006325110689437308,6325.110689437308,0.0037778792958965707,8788.661468391896,-6325.110689437308,False
2018-01-04,271.61,0.00421488519983737,4214.88519983737,0.003976990214964097,9251.862731662954,-4214.88519983737,False
2018-01-05,273.42,0.006663966716983882,6663.966716983882,0.003991663755202015,9285.998490800086,-6663.966716983882,False
2018-01-08,273.92,0.0018286884646332435,1828.6884646332435,0.004200224268633995,9771.18279783144,-1828.6884646332435,False
2018-01-09,274.54,0.0022634345794392274,2263.4345794392275,0.004096830111495182,9530.652020183317,-2263.4345794392275,False
2018-01-10,274.12,-0.0015298317185110655,-1529.8317185110654,0.004010531649349058,9329.891776236687,1529.8317185110654,False
2018-01-11,276.12,0.007296074711805156,7296.074711805156,0.003906369845396414,9087.575185055195,-7296.074711805156,False
2018-01-12,277.92,0.006518904823989535,6518.9048239895355,0.004187851981493093,9742.400553944179,-6518.9048239895355,False
2018-01-16,276.97,-0.0034182498560736407,-3418.249856073641,0.004362978933253738,10149.806765859808,3418.249856073641,False
2018-01-17,279.61,0.009531718236632125,9531.718236632125,0.0043121358960969474,10031.528174460329,-9531.718236632125,False
2018-01-18,279.14,-0.00168091269983206,-1680.91269983206,0.004788534658930233,11139.797423573229,1680.91269983206,False
2018-01-19,280.41,0.004549688328437496,4549.688328437495,0.004660878498658479,10842.824786516818,-4549.688328437495,False
2018-01-22,282.69,0.008130951107307105,8130.951107307105,0.004654281997221132,10827.479029421938,-8130.951107307105,False
2018-01-23,283.29,0.002122466305847448,2122.466305847448,0.0049324783232815575,11474.660461118581,-2122.466305847448,False
2018-01-24,283.18,-0.0003882946803629439,-388.2946803629439,0.004810392256171149,11190.645798446274,388.2946803629439,False
2018-01-25,283.3,0.00042375874002398284,423.75874002398285,0.004664818067649087,10851.989594462757,-423.75874002398285,False
2018-01-26,286.58,0.011577832686198386,11577.832686198386,0.004523899892370988,10524.164896990836,-11577.832686198386,False
2018-01-29,284.68,-0.006629911368553176,-6629.9113685531765,0.005223074056970552,12150.687228391313,6629.9113685531765,False
2018-01-30,281.76,-0.010257130813545068,-10257.130813545067,0.005317989839555461,12371.494357420639,10257.130813545067,False
2018-01-31,281.9,0.0004968767745598957,496.87677455989564,0.005735562651490154,13342.913980722167,-496.87677455989564,False
2018-02-01,281.58,-0.001135154310038966,-1135.154310038966,0.005562166069542014,12939.533210941163,1135.154310038966,False
2018-02-02,275.45,-0.02177001207472118,-21770.01207472118,0.005399883741388382,12562.008061846564,21770.01207472118,True
2018-02-05,263.93,-0.04182247231802494,-41822.47231802494,0.007472966298551756,17384.719261414728,41822.47231802494,True
2018-02-06,269.13,0.0197021937634978,19702.1937634978,0.01254757599016044,29190.026729075635,-19702.1937634978,False
2018-02-07,267.67,-0.005424887600787631,-5424.8876007876315,0.013087618185933772,30446.352743105275,5424.8876007876315,False
2018-02-08,257.63,-0.03750887286584237,-37508.87286584237,0.012758305887648569,29680.257778093986,37508.87286584237,True
2018-02-09,261.5,0.015021542522221765,15021.542522221765,0.015408531389960409,35845.604241125955,-15021.542522221765,False
2018-02-12,265.34,0.014684512428298158,14684.512428298158,0.015385586553800493,35792.22657030512,-14684.512428298158,False
2018-02-13,266.0,0.0024873746890783366,2487.374689078337,0.015344425421097653,35696.47145674875,-2487.374689078337,False
2018-02-14,269.59,0.013496240601503562,13496.240601503561,0.014889443575367155,34638.025407206434,-13496.240601503561,False
2018-02-15,273.03,0.012760117215030231,12760.117215030232,0.014809547893417279,34452.160257357296,-12760.117215030232,False
2018-02-16,273.11,0.00029300809434884556,293.0080943488456,0.014694644662578731,34184.85537057562,-293.0080943488456,False
2018-02-20,271.4,-0.006261213430486023,-6261.213430486024,0.014247167370340237,33143.86752309505,6261.213430486024,False
2018-02-21,270.05,-0.004974207811348386,-4974.207811348386,0.013898022845394384,32331.63589975426,4974.207811348386,False
2018-02-22,270.4,0.0012960562858728153,1296.0562858728154,0.01352960831921851,31474.57555001925,-1296.0562858728154,False
2018-02-23,274.71,0.015939349112426004,15939.349112426005,0.013121283051171015,30524.668930779804,-15939.349112426005,False
2018-02-26,277.9,0.01161224564085761,11612.24564085761,0.013307206911372447,30957.19250769287,-11612.24564085761,False
2018-02-27,274.43,-0.012486505937387427,-12486.505937387426,0.013211642795828643,30734.877130662953,12486.505937387426,False
2018-02-28,271.65,-0.010130087818387312,-10130.087818387312,0.013169260604687011,30636.281410403422,10130.087818387312,False
2018-03-01,267.7,-0.014540769372354045,-14540.769372354045,0.013006951223642147,30258.69332687282,14540.769372354045,False
2018-03-02,269.08,0.005155024280911524,5155.024280911524,0.013104044099534806,30484.56513229022,-5155.024280911524,False
2018-03-05,272.19,0.011557900995986303,11557.900995986303,0.012767437878329664,29701.501965200714,-11557.900995986303,False
2018-03-06,272.88,0.0025349939380578945,2534.9939380578944,0.012698115068952869,29540.232994984468,-2534.9939380578944,False
2018-03-07,272.78,-0.00036646144825569493,-366.4614482556949,0.012326928667842012,28676.724299887355,366.4614482556949,False
2018-03-08,274.1,0.004839064447540231,4839.064447540231,0.011951737856844283,27803.899954363133,-4839.064447540231,False
2018-03-09,278.87,0.017402407880335646,17402.407880335646,0.011648106636464492,27097.54811034018,-17402.407880335646,False
2018-03-12,278.52,-0.0012550650840894573,-1255.0650840894573,0.012070969841880783,28081.275029270462,1255.0650840894573,False
2018-03-13,276.72,-0.006462731581214798,-6462.731581214798,0.011707276602613337,27235.198035297613,6462.731581214798,False
2018-03-14,275.3,-0.005131540907776899,-5131.540907776899,0.011460485150836402,26661.075266124888,5131.540907776899,False
2018-03-15,275.0,-0.0010897203051217774,-1089.7203051217775,0.01118222336676747,26013.741556329318,1089.7203051217775,False
2018-03-16,274.2,-0.0029090909090909722,-2909.090909090972,0.010844853234572944,25228.901266533703,2909.090909090972,False
2018-03-19,270.49,-0.01353026987600281,-13530.269876002809,0.01053859382335722,24516.435336347004,13530.269876002809,False
2018-03-20,270.95,0.0017006173980553818,1700.6173980553817,0.010741616934257566,24988.737718771183,-1700.6173980553817,False
2018-03-21,270.43,-0.0019191732792027683,-1919.1732792027683,0.010422711752354246,24246.853326829787,1919.1732792027683,False
2018-03-22,263.67,-0.024997226639056236,-24997.226639056236,0.01011612270688923,23533.620552708035,24997.226639056236,True
2018-03-23,258.05,-0.021314521940304143,-21314.521940304145,0.011562329466082951,26898.000572381843,21314.521940304145,False
2018-03-26,265.11,0.027359038945940606,27359.038945940607,0.012366274526062305,28768.256453510447,-27359.038945940607,False
2018-03-27,260.6,-0.01701180641997657,-17011.806419976572,0.013735366090404396,31953.23970358492,17011.806419976572,False
2018-03-28,259.83,-0.002954719877206635,-2954.7198772066354,0.01395366468707882,32461.078179864566,2954.7198772066354,False
2018-03-29,263.15,0.012777585344263542,12777.585344263542,0.013547925851606591,31517.18850254794,-12777.585344263542,False
2018-04-02,257.47,-0.021584647539426016,-21584.647539426016,0.013502944805544778,31412.546941669905,21584.647539426016,False
2018-04-03,260.77,0.01281702722647271,12817.02722647271,0.014118908168848197,32845.49200237786,-12817.02722647271,False
2018-04-04,263.56,0.010699083483529659,10699.08348352966,0.01404419898118062,32671.692442476076,-10699.08348352966,False
2018-04-05,265.64,0.00789194111397773,7891.941113977729,0.013866267585939172,32257.762119431012,-7891.941113977729,False
2018-04-06,259.72,-0.02228580033127525,-22285.80033127525,0.013582118326379167,31596.732093543316,22285.80033127525,False
2018-04-09,261.0,0.004928384413984244,4928.384413984244,0.014254996167035157,33162.08002764257,-4928.384413984244,False
2018-04-10,265.15,0.015900383141762342,15900.383141762342,0.013873354286356849,32274.24824988164,-15900.383141762342,False
2018-04-11,263.76,-0.005242315670375253,-5242.315670375253,0.01400325293097214,32576.43768562321,5242.315670375253,False
2018-04-12,265.93,0.00822717622080682,8227.17622080682,0.013637248238010656,31724.98344626329,-8227.17622080682,False
2018-04-13,265.15,-0.0029331026961983975,-2933.1026961983976,0.013374500097159138,31113.739867385175,2933.1026961983976,False
2018-04-16,267.33,0.008221761267207306,8221.761267207306,0.012986947415138093,30212.157509486693,-8221.761267207306,False
2018-04-17,270.19,0.010698387760445849,10698.387760445848,0.012751352731135833,29664.082317222714,-10698.387760445848,False
2018-04-18,270.39,0.0007402198452939324,740.2198452939324,0.012637583104604536,29399.414588411208,-740.2198452939324,False
2018-04-19,268.89,-0.005547542438699704,-5547.542438699704,0.01225393291345276,28506.910781849914,5547.542438699704,False
2018-04-20,266.61,-0.008479303804529659,-8479.303804529658,0.011958087353883448,27818.671093301422,8479.303804529658,False
2018-04-23,266.57,-0.00015003188177498128,-150.0318817749813,0.011778370751249575,27400.587756834266,150.0318817749813,False
2018-04-24,262.98,-0.013467381925948096,-13467.381925948097,0.011419613262917046,26565.993036555657,13467.381925948097,False
2018-04-25,263.63,0.0024716708494940676,2471.6708494940676,0.011552719835886122,26875.64522960313,-2471.6708494940676,False
2018-04-26,266.31,0.010165762621856311,10165.762621856311,0.011217128192072264,26094.94232247089,-10165.762621856311,False
2018-04-27,266.56,0.0009387555855957519,938.7555855957519,0.011156840536898216,25954.692264025838,-938.7555855957519,False
2018-04-30,264.51,-0.007690576230492185,-7690.5762304921855,0.010819402064938616,25169.69299216303,7690.5762304921855,False
2018-05-01,264.98,0.0017768704396809998,1776.8704396809999,0.01065760719606661,24793.301842931924,-1776.8704396809999,False
2018-05-02,263.2,-0.006717488112310432,-6717.488112310432,0.010342096102361285,24059.31328085424,6717.488112310432,False
2018-05-03,262.62,-0.0022036474164133235,-2203.6474164133233,0.010161146267788383,23638.361017887528,2203.6474164133233,False
2018-05-04,266.02,0.012946462569491946,12946.462569491945,0.009866373375410962,22952.616726380445,-12946.462569491945,False
2018-05-07,266.92,0.0033832042703556553,3383.2042703556554,0.010077760552416028,23444.376836205673,-3383.2042703556554,False
2018-05-08,266.92,0.0,0.0,0.009805832272419296,22811.777060143693,-0.0,False
2018-05-09,269.5,0.009665817473400118,9665.817473400119,0.009507107118442002,22116.838433266093,-9665.817473400119,False
2018-05-10,272.02,0.00935064935064922,9350.64935064922,0.009516704380277028,22139.16500293262,-9350.64935064922,False
2018-05-11,272.85,0.0030512462318947886,3051.2462318947887,0.009506822872159591,22116.177177531303,-3051.2462318947887,False
2018-05-14,272.98,0.000476452263148186,476.45226314818603,0.009247459460269013,21512.80765567568,-476.45226314818603,False
2018-05-15,271.1,-0.006886951425012833,-6886.951425012833,0.008966504139669108,20859.207842897627,6886.951425012833,False
2018-05-16,272.24,0.0042050903725561195,4205.090372556119,0.008855513011301505,20601.00386738226,-4205.090372556119,False
2018-05-17,272.01,-0.0008448427857773444,-844.8427857773444,0.008647304270939718,20116.637906884895,844.8427857773444,False
2018-05-18,271.33,-0.002499908091614267,-2499.908091614267,0.008386426202198427,19509.74476628471,2499.908091614267,False
2018-05-21,273.37,0.0075185198835368006,7518.519883536801,0.008153967635833259,18968.96527461852,-7518.519883536801,False
2018-05-22,272.61,-0.0027801148626402927,-2780.114862640293,0.008117243706344632,18883.53263932623,2780.114862640293,False
2018-05-23,273.36,0.002751183008693703,2751.183008693703,0.007899367631897407,18376.67709673156,-2751.183008693703,False
2018-05-24,272.8,-0.0020485806262803274,-2048.5806262803276,0.007688312488555329,17885.689412712334,2048.5806262803276,False
2018-05-25,272.15,-0.0023826979472142407,-2382.6979472142407,0.007470966533275166,17380.06711171495,2382.6979472142407,False
2018-05-29,269.02,-0.011501010472166118,-11501.010472166117,0.0072668463211559686,16905.21249020269,11501.010472166117,False
2018-05-30,272.61,0.013344732733625797,13344.732733625797,0.007587820941537342,17651.911115947965,-13344.732733625797,False
2018-05-31,270.94,-0.00612596749935812,-6125.96749935812,0.008050182516334454,18727.524982515402,6125.96749935812,False
2018-06-01,273.6,0.009817671809256856,9817.671809256855,0.00794787776086866,18489.528532133285,-9817.671809256855,False
2018-06-04,274.9,0.004751461988304007,4751.461988304007,0.008072288153483162,18778.95038450062,-4751.461988304007,False
2018-06-05,275.1,0.0007275372862860507,727.5372862860507,0.00791244016296304,18407.088351584433,-727.5372862860507,False
2018-06-06,277.4,0.008360596146855581,8360.596146855582,0.007673465019318101,17851.149034217422,-8360.596146855582,False
2018-06-07,277.37,-0.00010814708002870876,-108.14708002870876,0.007716418570449999,17951.073936575616,108.14708002870876,False
2018-06-08,278.19,0.0029563399069834073,2956.339906983407,0.007481392274742556,17404.321013212913,-2956.339906983407,False
2018-06-11,278.56,0.0013300262410582686,1330.0262410582686,0.007289537247672193,16957.999478863727,-1330.0262410582686,False
2018-06-12,278.92,0.001292360712234375,1292.360712234375,0.007074973517703263,16458.849601804235,-1292.360712234375,False
2018-06-13,278.03,-0.003190879105119948,-3190.8791051199482,0.0068667420974041216,15974.43087988282,3190.8791051199482,False
2018-06-14,278.73,0.002517713915764608,2517.713915764608,0.00670327686867667,15594.153892553115,-2517.713915764608,False
2018-06-15,277.13,-0.00574032217558218,-5740.32217558218,0.006528263056368489,15187.010882362196,5740.32217558218,False
2018-06-18,276.56,-0.0020567964493197755,-2056.7964493197755,0.00648368748027893,15083.312585692103,2056.7964493197755,False
2018-06-19,275.5,-0.00383280300838873,-3832.8030083887297,0.006306325066109917,14670.705910555269,3832.8030083887297,False
2018-06-20,275.97,0.0017059891107078506,1705.9891107078506,0.006185868930323879,14390.483035154246,-1705.9891107078506,False
2018-06-21,274.24,-0.00626879733304353,-6268.79733304353,0.006011963064466442,13985.917493833565,6268.79733304353,False
2018-06-22,274.74,0.0018232205367560983,1823.2205367560982,0.006027681734743851,14022.484589016163,-1823.2205367560982,False
2018-06-25,271.0,-0.013612870350149242,-13612.870350149242,0.005861093605905105,13634.942649651706,13612.870350149242,False
2018-06-26,271.6,0.0022140221402215943,2214.0221402215943,0.006588618027473528,15327.417541080198,-2214.0221402215943,False
2018-06-27,269.35,-0.008284241531664183,-8284.241531664182,0.006410881991073903,14913.941690661486,8284.241531664182,False
2018-06-28,270.89,0.005717467978466617,5717.467978466617,0.006538437343476202,15210.679813545104,-5717.467978466617,False
2018-06-29,271.28,0.0014396987707185893,1439.6987707185892,0.006492107479546048,15102.90043308659,-1439.6987707185892,False
2018-07-02,271.86,0.002138012385727084,2138.0123857270837,0.006304203035074584,14665.769328167575,-2138.0123857270837,False
2018-07-03,270.9,-0.003531229309203354,-3531.229309203354,0.00613454669643066,14271.089665445728,3531.229309203354,False
2018-07-05,273.11,0.0081579918789223,8157.991878922299,0.006010231127543901,13981.88840605584,-8157.991878922299,False
2018-07-06,275.42,0.008458130423638854,8458.130423638855,0.0061602496218823395,14330.883611426872,-8458.130423638855,False
2018-07-09,277.9,0.009004429598431285,9004.429598431285,0.006321720738490789,14706.521600267939,-9004.429598431285,False
2018-07-10,278.9,0.003598416696653395,3598.416696653395,0.00651391503270675,15153.632388020022,-3598.416696653395,False
2018-07-11,276.86,-0.007314449623520791,-7314.449623520792,0.006376687217787057,14834.392752522324,7314.449623520792,False
2018-07-12,279.37,0.009065953911724378,9065.953911724378,0.006436806807632253,14974.251832546903,-9065.953911724378,False
2018-07-13,279.59,0.0007874861295056323,787.4861295056323,0.006624048926889407,15409.842138611684,-787.4861295056323,False
2018-07-16,279.34,-0.0008941664580278674,-894.1664580278674,0.006425149865872783,14947.13373086694,894.1664580278674,False
2018-07-17,280.47,0.004045249516718252,4045.2495167182524,0.006233263171908375,14500.738528306116,-4045.2495167182524,False
2018-07-18,281.06,0.002103611794487703,2103.6117944877033,0.006124067129220879,14246.710546546386,-2103.6117944877033,False
2018-07-19,280.0,-0.003771436703906672,-3771.436703906672,0.005959820237719079,13864.615139683357,3771.436703906672,False
2018-07-20,279.68,-0.0011428571428571122,-1142.8571428571122,0.005851641984833386,13612.954891065274,1142.8571428571122,False
2018-07-23,280.2,0.0018592677345536934,1859.2677345536933,0.005680279784525027,13214.306800686962,-1859.2677345536933,False
2018-07-24,281.61,0.005032119914347044,5032.119914347044,0.0055260344113278745,12855.47840466913,-5032.119914347044,False
2018-07-25,284.01,0.008522424629807013,8522.424629807012,0.005497651024411345,12789.44877285778,-8522.424629807012,False
2018-07-26,283.34,-0.002359071863666795,-2359.0718636667953,0.005724388183315569,13316.918280440683,2359.0718636667953,False
2018-07-27,281.42,-0.00677631114561994,-6776.311145619939,0.005580001440175675,12981.02448749751,6776.311145619939,False
2018-07-30,279.95,-0.0052235093454623405,-5223.50934546234,0.0056589163867790115,13164.608105758229,5223.50934546234,False
2018-07-31,281.33,0.004929451687801345,4929.451687801345,0.005633740993791835,13106.04138380437,-4929.451687801345,False
2018-08-01,280.86,-0.001670635908008311,-1670.6359080083112,0.0055939847127575194,13013.554443940418,1670.6359080083112,False
2018-08-02,282.39,0.005447553941465344,5447.553941465344,0.005438985799650385,12652.973051954996,-5447.553941465344,False
2018-08-03,283.6,0.004284854279542616,4284.854279542616,0.005439500268754576,12654.169886061789,-4284.854279542616,False
2018-08-06,284.64,0.0036671368124117087,3667.136812411709,0.005377217863837128,12509.279345791932,-3667.136812411709,False
2018-08-07,285.58,0.003302417088251852,3302.4170882518524,0.005290224681610005,12306.902941261818,-3302.4170882518524,False
2018-08-08,285.46,-0.0004201974928216279,-420.19749282162786,0.005192460502352176,12079.46945068802,420.19749282162786,False
2018-08-09,285.07,-0.0013662159321795597,-1366.2159321795598,0.005035329310021002,11713.927635462891,1366.2159321795598,False
2018-08-10,283.16,-0.006700108745220312,-6700.108745220312,0.004893389576064392,11383.726437131008,6700.108745220312,False
2018-08-13,282.1,-0.0037434665913265164,-3743.466591326516,0.005020162674895524,11678.644766082381,3743.466591326516,False
2018-08-14,283.9,0.006380716058135283,6380.716058135283,0.004952850069676246,11522.052230034364,-6380.716058135283,False
2018-08-15,281.78,-0.007467418104966539,-7467.4181049665385,0.005049920061625055,11747.870799437638,7467.4181049665385,False
2018-08-16,284.06,0.008091418837391062,8091.418837391062,0.005226598421568079,12158.886126480114,-8091.418837391062,False
2018-08-17,285.06,0.003520383017672213,3520.3830176722126,0.005441190561342515,12658.102094630249,-3520.3830176722126,False
2018-08-20,285.67,0.002139900371851633,2139.900371851633,0.005345441725135463,12435.356993078089,-2139.900371851633,False
2018-08-21,286.34,0.0023453635313472887,2345.3635313472887,0.005209037609645095,12118.03356899665,-2345.3635313472887,False
2018-08-22,286.17,-0.0005936997974435032,-593.6997974435033,0.0050829196585452435,11824.639341577124,593.6997974435033,False
2018-08-23,285.79,-0.0013278820281650283,-1327.8820281650283,0.0049302187260689785,11469.40385194691,1327.8820281650283,False
2018-08-24,287.51,0.006018405122642401,6018.405122642401,0.004791078117346008,11145.714392651478,-6018.405122642401,False
2018-08-27,289.78,0.007895377552085137,7895.377552085137,0.004873441881066805,11337.321159281357,-7895.377552085137,False
2018-08-28,289.92,0.0004831251294086236,483.1251294086236,0.005105450893255756,11877.054831545438,-483.1251294086236,False
2018-08-29,291.48,0.005380794701986824,5380.794701986824,0.004951332718317282,11518.522342926264,-5380.794701986824,False
2018-08-30,290.3,-0.004048305201042934,-4048.305201042934,0.004978145341763961,11580.897832478904,4048.305201042934,False
2018-08-31,290.31,3.444712366507119e-05,34.44712366507119,0.004927305722314186,11462.627191854875,-34.44712366507119,False
2018-09-04,289.81,-0.0017222968550859585,-1722.2968550859584,0.004777207591945408,11113.446725373964,1722.2968550859584,False
2018-09-05,289.03,-0.0026914185155793025,-2691.4185155793025,0.004650848097000238,10819.490582943392,2691.4185155793025,False
2018-09-06,288.16,-0.0030100681590145006,-3010.0681590145005,0.004557103110271773,10601.407132365643,3010.0681590145005,False
2018-09-07,287.6,-0.0019433647973348123,-1943.3647973348122,0.0044793736226736575,10420.581304141482,1943.3647973348122,False
2018-09-10,288.1,0.00173852573018074,1738.52573018074,0.004368924441157739,10163.638085532375,-1738.52573018074,False
2018-09-11,289.05,0.0032974661575841946,3297.4661575841947,0.004257182052609773,9903.686417493569,-3297.4661575841947,False
2018-09-12,289.12,0.0002421726344923325,242.17263449233252,0.004205779365461743,9784.105885526762,-242.17263449233252,False
2018-09-13,290.83,0.005914499169894727,5914.499169894727,0.004078085840413487,9487.04632500197,-5914.499169894727,False
2018-09-14,290.88,0.0001719217412234908,171.9217412234908,0.004210916183007594,9796.055910103887,-171.9217412234908,False
2018-09-17,289.34,-0.005294279427942916,-5294.279427942916,0.0040828518978041125,9498.13383248021,5294.279427942916,False
2018-09-18,290.91,0.005426142254786992,5426.1422547869915,0.004165484668307742,9690.366402467433,-5426.1422547869915,False
2018-09-19,291.22,0.001065621669932293,1065.621669932293,0.004251678251789938,9890.8826621572,-1065.621669932293,False
2018-09-20,293.58,0.008103839022045145,8103.839022045145,0.0041304109785764275,9608.77279892622,-8103.839022045145,False
2018-09-21,291.99,-0.005415900265685614,-5415.900265685614,0.004469564808182258,10397.762589402553,5415.900265685614,False
2018-09-24,291.02,-0.003322031576423967,-3322.031576423967,0.0045319209548865735,10542.824678721518,3322.031576423967,False
2018-09-25,290.75,-0.000927771287196677,-927.771287196677,0.004468575020803065,10395.459999637214,927.771287196677,False
2018-09-26,289.88,-0.0029922613929492803,-2992.2613929492804,0.004338400457223053,10092.62868039866,2992.2613929492804,False
2018-09-27,290.69,0.002794259693666312,2794.259693666312,0.004269617443076521,9932.615461668755,-2794.259693666312,False
2018-09-28,290.72,0.00010320272455199841,103.20272455199841,0.004195751226866147,9760.77694662431,-103.20272455199841,False
2018-10-01,291.73,0.0034741331865713043,3474.133186571304,0.004068010288141507,9463.607085394262,-3474.133186571304,False
2018-10-02,291.56,-0.0005827306070682603,-582.7306070682603,0.004034843407871216,9386.449383988904,582.7306070682603,False
2018-10-03,291.72,0.000548772122376251,548.772122376251,0.0039145291088589634,9106.556470265035,-548.772122376251,False
2018-10-04,289.44,-0.007815713698066773,-7815.713698066773,0.003797656501843701,8834.67012940147,7815.713698066773,False
2018-10-05,287.82,-0.005597014925373123,-5597.014925373122,0.004149938077639823,9654.199624318535,5597.014925373122,False
2018-10-08,287.82,0.0,0.0,0.004250677763585613,9888.555178550065,-0.0,False
2018-10-09,287.4,-0.0014592453616844026,-1459.2453616844025,0.0041211849949802926,9587.309951601415,1459.2453616844025,False
2018-10-10,278.3,-0.03166318719554617,-31663.187195546172,0.004011593154672532,9332.361206889233,31663.187195546172,True
2018-10-11,272.17,-0.022026590010779667,-22026.590010779666,0.008676448136369547,20184.43667626891,22026.590010779666,True
2018-10-12,275.95,0.013888378586912387,13888.378586912386,0.009993705377761678,23248.835259346397,-13888.378586912386,False
2018-10-15,274.4,-0.005616959594129445,-5616.959594129445,0.010269124691679272,23889.55639474838,5616.959594129445,False
2018-10-16,280.4,0.02186588921282806,21865.88921282806,0.010050902482970693,23381.89562345068,-21865.88921282806,False
2018-10-17,280.45,0.00017831669044232612,178.31669044232612,0.01111964158338368,25868.15455760075,-178.31669044232612,False
2018-10-18,276.4,-0.014441076840791656,-14441.076840791655,0.010780980985831762,25080.31219646445,14441.076840791655,False
2018-10-19,276.25,-0.0005426917510853446,-542.6917510853447,0.011034874714973116,25670.957333484734,542.6917510853447,False
2018-10-22,275.01,-0.004488687782805423,-4488.687782805423,0.010699533785957477,24890.837676190324,4488.687782805423,False
2018-10-23,273.61,-0.005090723973673605,-5090.7239736736055,0.01043168830646915,24267.735914411205,5090.7239736736055,False
2018-10-24,265.32,-0.030298600197361303,-30298.600197361302,0.010190478001668706,23706.59683464195,30298.600197361302,True
2018-10-25,270.08,0.0179406000301523,17940.600030152298,0.012356998091102741,28746.676238763586,-17940.600030152298,False
2018-10-26,265.33,-0.017587381516587675,-17587.381516587673,0.012761096562624225,29686.749858890744,17587.381516587673,False
2018-10-29,263.86,-0.005540270606414488,-5540.270606414488,0.013100908734449806,30477.27118239039,5540.270606414488,False
2018-10-30,267.77,0.014818464337148285,14818.464337148285,0.012774093196458926,29716.98455038179,-14818.464337148285,False
2018-10-31,270.63,0.010680808156253496,10680.808156253495,0.012905891007248949,30023.592107316395,-10680.808156253495,False
2018-11-01,273.51,0.010641835716661108,10641.835716661108,0.012783312602833876,29738.432096802073,-10641.835716661108,False
2018-11-02,271.89,-0.005923000987166804,-5923.000987166804,0.012665039134597624,29463.28686541523,5923.000987166804,False
2018-11-05,273.39,0.005516936996579513,5516.936996579513,0.012364624529102156,28764.41798659003,-5516.936996579513,False
2018-11-06,275.12,0.0063279563992830745,6327.9563992830745,0.012063875786428998,28064.771788451875,-6327.9563992830745,False
2018-11-07,281.01,0.02140883977900554,21408.83977900554,0.011798620893241645,27447.696631606545,-21408.83977900554,False
2018-11-08,280.5,-0.001814882032667886,-1814.882032667886,0.012583930742199744,29274.600529193554,1814.882032667886,False
2018-11-09,277.76,-0.00976827094474153,-9768.270944741531,0.012208669950349261,28401.6133838613,9768.270944741531,False
2018-11-12,272.57,-0.018685195852534586,-18685.195852534587,0.012076161297124193,28093.352160139148,18685.195852534587,False
2018-11-13,272.06,-0.001871078988883501,-1871.078988883501,0.01257107171312634,29244.68595424641,1871.078988883501,False
2018-11-14,270.2,-0.006836727192531145,-6836.727192531144,0.012196720443239231,28373.814673400044,6836.727192531144,False
2018-11-15,273.02,0.010436713545521892,10436.713545521892,0.011943150359875894,27783.922449047386,-10436.713545521892,False
2018-11-16,273.73,0.0026005420848291827,2600.542084829183,0.011858162145348,27586.210296861893,-2600.542084829183,False
2018-11-19,269.1,-0.016914477770065384,-16914.477770065383,0.01151454810426968,26786.84450290876,16914.477770065383,False
2018-11-20,264.12,-0.018506131549609894,-18506.131549609894,0.011907800067890382,27701.68537244017,18506.131549609894,False
2018-11-21,265.02,0.0034075420263515177,3407.5420263515175,0.012403087301366833,28853.89577507768,-3407.5420263515175,False
2018-11-23,263.25,-0.006678741227077123,-6678.741227077123,0.012054171920488303,28042.19722055076,6678.741227077123,False
2018-11-26,267.5,0.01614434947768273,16144.349477682728,0.011800898783993655,27452.99579791478,-16144.349477682728,False
2018-11-27,268.4,0.0033644859813082295,3364.4859813082294,0.012105533469736574,28161.68205145192,-3364.4859813082294,False
2018-11-28,274.58,0.023025335320417284,23025.335320417285,0.011765648732934484,27370.991916573446,-23025.335320417285,False
2018-11-29,273.98,-0.002185155510233683,-2185.155510233683,0.012725353617776365,29603.599335131967,2185.155510233683,False
2018-11-30,275.65,0.006095335425943427,6095.335425943426,0.01234929315757955,28728.751883042285,-6095.335425943426,False
2018-12-03,279.3,0.013241429348812117,13241.429348812117,0.012065816418279215,28069.286373230923,-13241.429348812117,False
2018-12-04,270.25,-0.0324024346580738,-32402.4346580738,0.01213956413390589,28240.849214694408,32402.4346580738,True
2018-12-06,269.84,-0.0015171137835338078,-1517.1137835338077,0.014195842441566683,33024.46788415739,1517.1137835338077,False
2018-12-07,263.57,-0.02323599169878443,-23235.99169878443,0.013768395844184975,32030.07840107246,23235.99169878443,False
2018-12-10,264.07,0.0018970292521911514,1897.0292521911513,0.01451169456984258,33759.2498112833,-1897.0292521911513,False
2018-12-11,264.13,0.00022721248153900753,227.2124815390075,0.014077281190986946,32748.653170927595,-227.2124815390075,False
2018-12-12,265.46,0.005035399235225002,5035.3992352250025,0.013648543970585798,31751.261249725205,-5035.3992352250025,False
2018-12-13,265.37,-0.0003390341294355892,-339.0341294355892,0.013290112945098676,30917.42599559296,339.0341294355892,False
2018-12-14,260.47,-0.01846478501714577,-18464.78501714577,0.01288551018067682,29976.17921474913,18464.78501714577,False
2018-12-17,255.36,-0.019618382155334624,-19618.382155334624,0.013286500193922818,30909.021479575567,19618.382155334624,False
2018-12-18,255.08,-0.0010964912280702066,-1096.4912280702065,0.01374889367412846,31984.709569222305,1096.4912280702065,False
2018-12-19,251.26,-0.014975693899953013,-14975.693899953014,0.013332752536799528,31016.620519096206,14975.693899953014,False
2018-12-20,247.17,-0.01627795908620555,-16277.959086205552,0.013436995097944614,31259.124979600652,16277.959086205552,False
2018-12-21,240.7,-0.02617631589594205,-26176.315895942047,0.013624169117681535,31694.556862491314,26176.315895942047,False
2018-12-24,234.34,-0.026422933111757363,-26422.933111757364,0.014683081281917804,34157.95492455835,26422.933111757364,False
2018-12-26,246.18,0.05052487838183839,50524.87838183839,0.015638017362479967,36379.46844541903,-50524.87838183839,False
2018-12-27,248.07,0.00767730928588839,7677.309285888389,0.01957142130601263,45529.9343472001,-7677.309285888389,False
2018-12-28,247.75,-0.0012899584794614505,-1289.9584794614505,0.019068155775886393,44359.16365111289,1289.9584794614505,False
2018-12-31,249.92,0.00875882946518658,8758.82946518658,0.01848996296331027,43014.08603079073,-8758.82946518658,False
2019-01-02,250.18,0.0010403329065302724,1040.3329065302723,0.01805461249037275,42001.309383609856,-1040.3329065302723,False
2019-01-03,244.21,-0.02386281877048524,-23862.81877048524,0.017506451033840548,40726.09514457503,23862.81877048524,False
2019-01-04,252.39,0.03349576184431413,33495.76184431413,0.017951415691042943,41761.23772888114,-33495.76184431413,False
2019-01-07,254.38,0.007884623004080993,7884.623004080993,0.0192415199369937,44762.46899873974,-7884.623004080993,False
2019-01-08,256.77,0.009395392719553364,9395.392719553363,0.01875505161047475,43630.774441554175,-9395.392719553363,False
2019-01-09,257.97,0.00467344315924767,4673.44315924767,0.018328754663592267,42639.059445464016,-4673.44315924767,False
2019-01-10,258.88,0.0035275419622435855,3527.5419622435857,0.017807220920874462,41425.79053185188,-3527.5419622435857,False
2019-01-11,258.98,0.000386279357231345,386.279357231345,0.01728635019450499,40214.06402491216,-386.279357231345,False
2019-01-14,257.4,-0.006100857209051069,-6100.85720905107,0.016760005416727893,38989.60297011791,6100.85720905107,False
2019-01-15,260.35,0.011460761460761582,11460.761460761581,0.016318000557535756,37961.34590562056,-11460.761460761581,False
2019-01-16,260.98,0.002419819473785223,2419.819473785223,0.01606802591669623,37379.8179313394,-2419.819473785223,False
2019-01-17,262.96,0.0075867882596365455,7586.788259636545,0.015589801186198207,36267.30084623157,-7586.788259636545,False
2019-01-18,266.46,0.01331000912686342,13310.00912686342,0.015228688332534398,35427.22672682195,-13310.00912686342,False
2019-01-22,262.86,-0.013510470614726322,-13510.470614726322,0.015120434914615795,35175.39161818935,13510.470614726322,False
2019-01-23,263.41,0.0020923685612113108,2092.368561211311,0.015028701469541121,34961.98771326145,-2092.368561211311,False
2019-01-24,263.55,0.0005314908317830547,531.4908317830547,0.014579877782776814,33917.86768373813,-531.4908317830547,False
2019-01-25,265.78,0.008461392525137335,8461.392525137335,0.014136315465542022,32885.987430034336,-8461.392525137335,False
2019-01-28,263.76,-0.007600270900744888,-7600.2709007448875,0.013861493420721672,32246.65575032696,7600.2709007448875,False
2019-01-29,263.41,-0.001326963906581602,-1326.9639065816018,0.013567549039064871,31562.838862973415,1326.9639065816018,False
2019-01-30,267.58,0.015830834060969412,15830.834060969411,0.013158242044602558,30610.648406575965,-15830.834060969411,False
2019-01-31,269.93,0.008782420210778241,8782.42021077824,0.013333712615248714,31018.853995555382,-8782.42021077824,False
2019-02-01,270.06,0.00048160634238514355,481.60634238514353,0.01310528415812497,30487.44993995513,-481.60634238514353,False
2019-02-04,271.96,0.007035473598459463,7035.473598459463,0.012706592036161023,29559.953369627474,-7035.473598459463,False
2019-02-05,273.1,0.004191792910722247,4191.792910722247,0.012439449570953777,28938.487063626566,-4191.792910722247,False
2019-02-06,272.74,-0.001318198462101794,-1318.198462101794,0.012104122395241501,28158.399401300194,1318.198462101794,False
2019-02-07,270.14,-0.009532888465205058,-9532.888465205058,0.011739823297331902,27310.912969363202,9532.888465205058,False
2019-02-08,270.47,0.0012215888058044744,1221.5888058044743,0.011619234128754987,27030.380613411944,-1221.5888058044743,False
2019-02-11,270.62,0.0005545901578731804,554.5901578731805,0.011269238766976372,26216.169647614108,-554.5901578731805,False
2019-02-12,274.1,0.012859359988175445,12859.359988175445,0.010926776837589773,25419.484066245666,-12859.359988175445,False
2019-02-13,274.99,0.0032469901495804088,3246.990149580409,0.01105226552763316,25711.414413544273,-3246.990149580409,False
2019-02-14,274.38,-0.002218262482272082,-2218.262482272082,0.010745045164986424,24996.71297603898,2218.262482272082,False
2019-02-15,277.37,0.010897295721262523,10897.295721262522,0.010431868345035686,24268.15474674771,-10897.295721262522,False
2019-02-19,277.85,0.001730540433356298,1730.5404333562979,0.010460377994138976,24334.4781083288,-1730.5404333562979,False
2019-02-20,278.41,0.002015475976246295,2015.4759762462947,0.01015056764545411,23613.75146230991,-2015.4759762462947,False
2019-02-21,277.42,-0.0035559067562228597,-3555.9067562228597,0.009853715579317933,22923.170289349382,3555.9067562228597,False
2019-02-22,279.14,0.0061999855814287574,6199.9855814287575,0.009593155708448833,22317.017387692697,-6199.9855814287575,False
2019-02-25,279.52,0.0013613240667764703,1361.3240667764703,0.009424081256671508,21923.691396245897,-1361.3240667764703,False
2019-02-26,279.32,-0.0007155123068116609,-715.5123068116609,0.009143068482369225,21269.957926169463,715.5123068116609,False
2019-02-27,279.2,-0.0004296147787483662,-429.6147787483662,0.008866266219134626,20626.01956956396,429.6147787483662,False
2019-02-28,278.68,-0.0018624641833809852,-1862.464183380985,0.008596808140230937,19999.166340563235,1862.464183380985,False
2019-03-01,280.42,0.006243720396153396,6243.720396153396,0.008347390607729283,19418.9343940795,-6243.720396153396,False
2019-03-04,279.4,-0.003637401041295285,-3637.4010412952853,0.008236336371448603,19160.58360760471,3637.4010412952853,False
2019-03-05,279.02,-0.0013600572655690923,-1360.0572655690924,0.00803497627839319,18692.149983208583,1360.0572655690924,False
2019-03-06,277.33,-0.006056913482904491,-6056.9134829044915,0.007797318674558481,18139.275721778067,6056.9134829044915,False
2019-03-07,275.01,-0.008365485162081243,-8365.485162081242,0.007703989866181337,17922.160446823134,8365.485162081242,False
2019-03-08,274.46,-0.0019999272753717934,-1999.9272753717935,0.0077452729317017185,18018.19921853036,1999.9272753717935,False
2019-03-11,278.44,0.014501202360999832,14501.202360999832,0.007525282729955388,17506.42548038797,-14501.202360999832,False
2019-03-12,279.49,0.0037710099123688945,3771.0099123688947,0.008114750738667145,18877.733129269654,-3771.0099123688947,False
2019-03-13,281.34,0.006619199255787134,6619.199255787134,0.007921581895253505,18428.355201063405,-6619.199255787134,False
2019-03-14,281.16,-0.0006397952655148309,-639.7952655148309,0.007849535022349056,18260.74911145085,639.7952655148309,False
2019-03-15,281.31,0.0005335040546308178,533.5040546308178,0.0076120199909068716,17708.20652300258,-533.5040546308178,False
2019-03-18,282.33,0.003625893142796155,3625.8931427961547,0.007381284104817152,17171.43458493283,-3625.8931427961547,False
2019-03-19,282.4,0.00024793681153267855,247.93681153267855,0.007211323026937799,16776.04599273851,-247.93681153267855,False
2019-03-20,281.55,-0.003009915014164144,-3009.915014164144,0.006991900841020524,16265.593657012461,3009.915014164144,False
2019-03-21,284.73,0.011294619072988787,11294.619072988788,0.006818874689563751,15863.074637417529,-11294.619072988788,False
2019-03-22,279.25,-0.019246303515611296,-19246.303515611296,0.007166682224732033,16672.195957431646,19246.303515611296,True
2019-03-25,279.04,-0.0007520143240823396,-752.0143240823396,0.008396717573229113,19533.686075402915,752.0143240823396,False
2019-03-26,281.12,0.007454128440366858,7454.128440366859,0.008143003473959569,18943.458819953023,-7454.128440366859,False
2019-03-27,279.65,-0.005229083665338696,-5229.083665338696,0.008103322595740078,18851.147293267037,5229.083665338696,False
2019-03-28,280.71,0.003790452351153162,3790.452351153162,0.007960188805797293,18518.168305330233,-3790.452351153162,False
2019-03-29,282.48,0.006305439777706701,6305.439777706701,0.007773337842657158,18083.487964466694,-6305.439777706701,False
2019-04-01,285.83,0.011859246672330626,11859.246672330626,0.007693166356614021,17896.981198351546,-11859.246672330626,False
2019-04-02,285.97,0.0004898016303398478,489.8016303398478,0.00800451272553281,18621.281161776107,-489.8016303398478,False
2019-04-03,286.42,0.0015735916354862045,1573.5916354862045,0.007761590357204424,18056.1592266584,-1573.5916354862045,False
2019-04-04,287.18,0.0026534459884086647,2653.4459884086646,0.0075350062520731925,17529.045775394916,-2653.4459884086646,False
2019-04-05,288.57,0.004840169928267857,4840.169928267856,0.007334315687401198,17062.169706930163,-4840.169928267856,False
2019-04-08,288.79,0.0007623800117824153,762.3800117824153,0.0072090422458452996,16770.74010249282,-762.3800117824153,False
2019-04-09,287.31,-0.005124831192215851,-5124.831192215851,0.006991920057693826,16265.638361679543,5124.831192215851,False
2019-04-10,288.29,0.003410949845115141,3410.949845115141,0.006894168768786623,16038.23485854552,-3410.949845115141,False
2019-04-11,288.21,-0.0002774983523536889,-277.4983523536889,0.006736160921661206,15670.653639303537,277.4983523536889,False
2019-04-12,290.16,0.006765899864682234,6765.899864682235,0.006531304038620324,15194.085264958747,-6765.899864682235,False
2019-04-15,289.97,-0.0006548111386820432,-654.8111386820432,0.006545616896591084,15227.381951670473,654.8111386820432,False
2019-04-16,290.16,0.0006552401972617083,655.2401972617083,0.006348237643721515,14768.209146377581,-655.2401972617083,False
2019-04-17,289.45,-0.0024469258340227285,-2446.9258340227284,0.006156937086998662,14323.177502942544,2446.9258340227284,False
2019-04-18,290.02,0.0019692520297114324,1969.2520297114324,0.005999387351879895,13956.662011593304,-1969.2520297114324,False
2019-04-22,290.27,0.0008620095165849939,862.0095165849939,0.005836588635103045,13577.935562922901,-862.0095165849939,False
2019-04-23,292.88,0.008991628483825398,8991.628483825398,0.005662720592267481,13173.458011108745,-8991.628483825398,False
2019-04-24,292.23,-0.0022193389784210815,-2219.3389784210817,0.005915520535269333,13761.558621068749,2219.3389784210817,False
2019-04-25,292.05,-0.000615953187557805,-615.953187557805,0.005761016242041845,13402.1278869888,615.953187557805,False
2019-04-26,293.41,0.004656736860126687,4656.736860126687,0.00558754987023485,12998.584761718019,-4656.736860126687,False
2019-04-29,293.87,0.0015677720595752564,1567.7720595752564,0.005536116204550584,12878.932162899298,-1567.7720595752564,False
2019-04-30,294.02,0.0005104297818763204,510.42978187632036,0.005381184091472563,12518.50617101959,-510.42978187632036,False
2019-05-01,291.81,-0.007516495476498131,-7516.49547649813,0.005218749467685906,12140.626729302876,7516.49547649813,False
2019-05-02,291.18,-0.002158939035673879,-2158.939035673879,0.005384337238785905,12525.84148856852,2158.939035673879,False
2019-05-03,294.03,0.009787760148361802,9787.760148361802,0.005247026140253488,12206.40810641542,-9787.760148361802,False
2019-05-06,292.82,-0.004115226337448541,-4115.226337448541,0.005623826210048171,13082.976147720721,4115.226337448541,False
2019-05-07,287.93,-0.01669967898367597,-16699.67898367597,0.005544896864223996,12899.359031863216,16699.67898367597,True
2019-05-08,287.53,-0.00138922654811946,-1389.22654811946,0.006755285711963483,15715.144554564715,1389.22654811946,False
2019-05-09,286.66,-0.0030257712238721535,-3025.7712238721533,0.006558326689892971,15256.949352297815,3025.7712238721533,False
2019-05-10,288.1,0.005023372636572931,5023.372636572932,0.006401583204413851,14892.309478083715,-5023.372636572932,False
2019-05-13,280.86,-0.025130163137799366,-25130.163137799365,0.006327361838112601,14719.644760380395,25130.163137799365,True
2019-05-14,283.4,0.009043651641386985,9043.651641386985,0.008690505354726163,20217.13865630775,-9043.651641386985,False
2019-05-15,285.06,0.0058574453069866195,5857.4453069866195,0.008712097819810012,20267.370241550863,-5857.4453069866195,False
2019-05-16,287.7,0.009261208166701618,9261.208166701617,0.00856768285174483,19931.41078761275,-9261.208166701617,False
2019-05-17,285.84,-0.006465067778936406,-6465.067778936406,0.008610869682187527,20031.878378799684,6465.067778936406,False
2019-05-20,283.95,-0.006612090680100713,-6612.090680100713,0.008497415969915434,19767.945576453458,6612.090680100713,False
2019-05-21,286.51,0.009015671773199507,9015.671773199507,0.00839624309233242,19532.58226777762,-9015.671773199507,False
2019-05-22,285.63,-0.003071446022826385,-3071.446022826385,0.008434691721274198,19622.02715397611,3071.446022826385,False
2019-05-23,282.14,-0.012218604488324125,-12218.604488324125,0.008212271902903833,19104.601282365664,12218.604488324125,False
2019-05-24,282.78,0.002268377401290156,2268.377401290156,0.00850603215120399,19787.98981147644,-2268.377401290156,False
2019-05-28,280.15,-0.009300516302425899,-9300.516302425898,0.008265601015168713,19228.66334930755,9300.516302425898,False
2019-05-29,278.27,-0.006710690701409949,-6710.69070140995,0.008331322028522362,19381.553289002622,6710.69070140995,False
2019-05-30,279.03,0.0027311603837998355,2731.1603837998355,0.008243074263875393,19176.25828932729,-2731.1603837998355,False
2019-05-31,275.27,-0.013475253556965217,-13475.253556965217,0.008019908424857556,18657.096914169604,13475.253556965217,False
2019-06-03,274.57,-0.002542957823228109,-2542.957823228109,0.00844717365631756,19651.06447702815,2542.957823228109,False
2019-06-04,280.53,0.021706668609097868,21706.66860909787,0.008213492331683841,19107.440424263452,-21706.66860909787,False
2019-06-05,282.96,0.008662175168431263,8662.175168431264,0.009575204260588032,22275.25607512577,-8662.175168431264,False
2019-06-06,284.8,0.006502685891998983,6502.685891998983,0.009522891428183954,22153.558228677484,-6502.685891998983,False
2019-06-07,287.65,0.010007022471909988,10007.022471909988,0.009369174398654388,21795.958943827507,-10007.022471909988,False
2019-06-10,288.97,0.004588910133843438,4588.9101338434375,0.009408664788526344,21887.827328351177,-4588.9101338434375,False
2019-06-11,288.9,-0.00024223967885961262,-242.2396788596126,0.00919103261280655,21381.539179042553,242.2396788596126,False
2019-06-12,288.39,-0.0017653167185877061,-1765.3167185877062,0.008911234283981878,20730.630931621097,1765.3167185877062,False
2019-06-13,289.58,0.004126356669787334,4126.356669787335,0.008650576354393313,20124.24991127085,-4126.356669787335,False
2019-06-14,289.26,-0.001105048691207977,-1105.048691207977,0.008447729407916382,19652.357348578564,1105.048691207977,False
2019-06-17,289.37,0.00038028071631068805,380.28071631068804,0.008194849124725189,19064.06983938989,-380.28071631068804,False
2019-06-18,292.4,0.01047102325742122,10471.023257421219,0.00794574702918363,18484.571709007665,-10471.023257421219,False
2019-06-19,293.06,0.0022571819425445394,2257.181942544539,0.008119442208927966,18888.64712113704,-2257.181942544539,False
2019-06-20,295.86,0.009554357469460317,9554.357469460318,0.007891483605531898,18358.33610875728,-9554.357469460318,False
2019-06-21,294.0,-0.0062867572500507896,-6286.7572500507895,0.008001007904373669,18613.127728523647,6286.7572500507895,False
2019-06-24,293.64,-0.001224489795918382,-1224.489795918382,0.007908638241819062,18398.24376041387,1224.489795918382,False
2019-06-25,290.76,-0.00980792807519415,-9807.92807519415,0.007673573341356921,17851.401028962144,9807.92807519415,False
2019-06-26,290.47,-0.000997386160407121,-997.386160407121,0.007818083610665948,18187.58218674627,997.386160407121,False
2019-06-27,291.5,0.0035459772093502373,3545.9772093502374,0.007583849432309425,17642.672003898868,-3545.9772093502374,False
2019-06-28,293.0,0.005145797598627766,5145.797598627766,0.007403939704061445,17224.13939006991,-5145.797598627766,False
2019-07-01,295.66,0.00907849829351548,9078.49829351548,0.007288208128782919,16954.907485961317,-9078.49829351548,False
2019-07-02,296.43,0.0026043428262192414,2604.3428262192415,0.007407836859750071,17233.205529920953,-2604.3428262192415,False
2019-07-03,298.8,0.007995142192085858,7995.1421920858575,0.00721043966881495,16773.990994447402,-7995.1421920858575,False
2019-07-05,298.46,-0.0011378848728247348,-1137.8848728247349,0.00725991403012896,16889.08556970978,1137.8848728247349,False
2019-07-08,296.82,-0.0054948736849158575,-5494.873684915858,0.007044264158902598,16387.40895024515,5494.873684915858,False
2019-07-09,297.19,0.0012465467286570941,1246.5467286570943,0.006961032703325462,16193.783630509954,-1246.5467286570943,False
2019-07-10,298.61,0.004778088091793142,4778.088091793143,0.006755875253715401,15716.516033765947,-4778.088091793143,False
2019-07-11,299.31,0.0023441947690967524,2344.194769096752,0.006653806952858973,15479.069659061635,-2344.194769096752,False
2019-07-12,300.65,0.00447696368313788,4476.96368313788,0.006476609691411639,15066.847186607773,-4476.96368313788,False
2019-07-15,300.75,0.00033261267254292015,332.61267254292017,0.006374345216443966,14828.944442676822,-332.61267254292017,False
2019-07-16,299.71,-0.003458021612635198,-3458.021612635198,0.006180693989633698,14378.444322881354,3458.021612635198,False
2019-07-17,297.74,-0.006573020586566947,-6573.020586566947,0.006051974414213233,14078.997812254516,6573.020586566947,False
2019-07-18,298.83,0.003660912205279754,3660.912205279754,0.006084495593684006,14154.653388977651,-3660.912205279754,False
2019-07-19,297.17,-0.005554997824850139,-5554.997824850138,0.005966905238251438,13881.09731560939,5554.997824850138,False
2019-07-22,297.9,0.002456506376821155,2456.506376821155,0.005942995935130824,13825.47595912495,-2456.506376821155,False
2019-07-23,300.03,0.0071500503524672965,7150.050352467297,0.005793281803834885,13477.18880807077,-7150.050352467297,False
2019-07-24,301.44,0.004699530046995415,4699.5300469954145,0.005883517690777753,13687.108871822502,-4699.5300469954145,False
2019-07-25,300.0,-0.004777070063694211,-4777.070063694211,0.0058192756037491345,13537.65942923953,4777.070063694211,False
2019-07-26,302.01,0.006699999999999928,6699.999999999928,0.005762061639973411,13404.559846244423,-6699.999999999928,False
2019-07-29,301.46,-0.0018211317506042768,-1821.1317506042767,0.005822600199419657,13545.393595309693,1821.1317506042767,False
2019-07-30,300.72,-0.002454720360910101,-2454.720360910101,0.0056628176686635825,13173.683844576435,2454.720360910101,False
2019-07-31,297.43,-0.010940409683426466,-10940.409683426466,0.005523132520104216,12848.727596190272,10940.409683426466,False
2019-08-01,294.84,-0.008707931277947889,-8707.93127794789,0.005988008609465043,13930.191098367253,8707.93127794789,False
2019-08-02,292.62,-0.007529507529507429,-7529.507529507428,0.006185026783215544,14388.52390801914,7529.507529507428,False
2019-08-05,283.82,-0.03007313239013054,-30073.13239013054,0.00627382594186056,14595.10164194959,30073.13239013054,True
2019-08-06,287.8,0.01402297230639138,14022.972306391379,0.009553158427300154,22223.969797725054,-14022.972306391379,False
2019-08-07,287.97,0.0005906879777624052,590.6879777624052,0.009878547004454622,22980.936822425527,-590.6879777624052,False
2019-08-08,293.62,0.019620099315900807,19620.099315900807,0.009578699504697419,22283.387228828895,-19620.099315900807,False
2019-08-09,291.62,-0.006811525100470006,-6811.525100470006,0.010456734336262055,24326.001692573092,6811.525100470006,False
2019-08-12,288.07,-0.012173376311638506,-12173.376311638507,0.010274556333587943,23902.192283355165,12173.376311638507,False
2019-08-13,292.55,0.015551775610094909,15551.775610094908,0.010398268261130479,24189.989262987237,-15551.775610094908,False
2019-08-14,283.9,-0.029567595282857795,-29567.595282857794,0.010777198492104154,25071.512800222652,29567.595282857794,True
2019-08-15,284.65,0.002641775272983482,2641.775272983482,0.012713523836709154,29576.079149095895,-2641.775272983482,False
2019-08-16,288.85,0.014754962234323044,14754.962234323044,0.012343192684283688,28714.560059959815,-14754.962234323044,False
2019-08-19,292.33,0.01204777566210824,12047.77566210824,0.012501026995213275,29081.73757364156,-12047.77566210824,False
2019-08-20,290.09,-0.007662573119419869,-7662.573119419869,0.012474296344211855,29019.552780512677,7662.573119419869,False
2019-08-21,292.45,0.008135406253231725,8135.406253231725,0.012239055794253557,28472.301427228995,-8135.406253231725,False
2019-08-22,292.36,-0.00030774491366036827,-307.7449136603683,0.012032369160937,27991.47641722036,307.7449136603683,False
2019-08-23,284.85,-0.025687508551101357,-25687.508551101357,0.011666058271047539,27139.309857288008,25687.508551101357,False
2019-08-26,288.0,0.011058451816745585,11058.451816745584,0.01294302848572321,30109.986801412233,-11058.451816745584,False
2019-08-27,286.87,-0.003923611111111058,-3923.611111111058,0.012837757927079982,29865.090861113466,3923.611111111058,False
2019-08-28,288.89,0.007041517063478109,7041.517063478109,0.012483718609762103,29041.472247944148,-7041.517063478109,False
2019-08-29,292.58,0.012773027796046943,12773.027796046943,0.012225694837569464,28441.219194051802,-12773.027796046943,False
2019-08-30,292.45,-0.0004443229202268917,-444.3229202268917,0.012259223945682922,28519.219563430033,444.3229202268917,False
2019-09-03,290.74,-0.005847153359548551,-5847.153359548552,0.011886256888391213,27651.568442612195,5847.153359548552,False
2019-09-04,294.04,0.01135034738942009,11350.34738942009,0.011612814852240722,27015.447143140103,-11350.34738942009,False
2019-09-05,297.82,0.012855393823969496,12855.393823969496,0.01159723431756504,26979.201399420912,-12855.393823969496,False
2019-09-06,298.05,0.0007722785575179358,772.2785575179358,0.011676547529543094,27163.711521489407,-772.2785575179358,False
2019-09-09,298.2,0.0005032712632107028,503.27126321070284,0.011322413228959731,26339.87194420236,-503.27126321070284,False
2019-09-10,298.13,-0.00023474178403748436,-234.74178403748436,0.010978179073304707,25539.06354802205,234.74178403748436,False
2019-09-11,300.25,0.007110991849193393,7110.991849193393,0.010643894824824373,24761.402097244485,-7110.991849193393,False
2019-09-12,301.29,0.0034637801831807202,3463.78018318072,0.010465606505318522,24346.641444195735,-3463.78018318072,False
2019-09-13,301.09,-0.0006638122738891195,-663.8122738891194,0.010182192825818963,23687.322633417843,663.8122738891194,False
2019-09-16,300.16,-0.0030887774419606773,-3088.777441960677,0.009873341202537647,22968.826316203293,3088.777441960677,False
2019-09-17,300.92,0.0025319829424306217,2531.9829424306217,0.009602412575846854,22338.552081484362,-2531.9829424306217,False
2019-09-18,301.1,0.000598165625415481,598.165625415481,0.009330520022882994,21706.03541892935,-598.165625415481,False
2019-09-19,301.08,-6.64231152441852e-05,-66.4231152441852,0.00904746128980395,21047.54233700222,66.4231152441852,False
2019-09-20,298.28,-0.009299853859439433,-9299.853859439432,0.008771854260353693,20406.384509969903,9299.853859439432,False
2019-09-23,298.21,-0.00023467882526484463,-234.67882526484462,0.008804427207002618,20482.160515157877,234.67882526484462,False
2019-09-24,295.87,-0.0078468193554877,-7846.8193554877,0.00853640243813898,19858.641663921666,7846.8193554877,False
2019-09-25,297.62,0.00591475986074963,5914.75986074963,0.008496605853549557,19766.06096396797,-5914.75986074963,False
2019-09-26,297.0,-0.0020831933337813746,-2083.193333781375,0.008364199628258422,19458.03802325217,2083.193333781375,False
2019-09-27,295.4,-0.005387205387205496,-5387.205387205496,0.008125430878669236,18902.578850257978,5387.205387205496,False
2019-09-30,296.77,0.004637779282329113,4637.779282329113,0.007987652236998414,18582.057800118826,-4637.779282329113,False
2019-10-01,293.24,-0.011894733295144344,-11894.733295144344,0.007827194437598205,18208.777139610876,11894.733295144344,False
2019-10-02,288.06,-0.017664711499113417,-17664.71149911342,0.00812884710201189,18910.526174168408,17664.71149911342,False
2019-10-03,290.42,0.008192737624106217,8192.737624106217,0.008990883595967,20915.922939226497,-8192.737624106217,False
2019-10-04,294.35,0.013532125886646984,13532.125886646983,0.008945003384722752,20809.1896073379,-13532.125886646983,False
2019-10-07,293.08,-0.004314591472736717,-4314.591472736717,0.009284363536627758,21598.659375256288,4314.591472736717,False
2019-10-08,288.53,-0.015524771393476189,-15524.771393476189,0.00906335389787048,21084.514071990758,15524.771393476189,False
2019-10-09,291.27,0.009496412851349945,9496.412851349945,0.00957480195380266,22274.320169590905,-9496.412851349945,False
2019-10-10,293.24,0.006763484052597413,6763.484052597412,0.009570116714537377,22263.42067318674,-6763.484052597412,False
2019-10-11,296.28,0.010366934933842442,10366.934933842442,0.009425316381207582,21926.56472558457,-10366.934933842442,False
2019-10-14,295.95,-0.0011138112596191796,-1113.8112596191795,0.009484450113109338,22064.13035707832,1113.8112596191795,False
2019-10-15,298.88,0.00990032100016891,9900.32100016891,0.00919956199188306,21401.38148192408,-9900.32100016891,False
2019-10-16,298.4,-0.0016059957173447659,-1605.9957173447658,0.00924310584956878,21502.679642678788,1605.9957173447658,False
2019-10-17,299.28,0.0029490616621983268,2949.0616621983268,0.008970153774389845,20867.69816287124,-2949.0616621983268,False
2019-10-18,297.97,-0.004377171879176522,-4377.171879176522,0.008726835456984121,20301.655112459237,4377.171879176522,False
2019-10-21,299.99,0.006779205960331547,6779.2059603315465,0.008528644422607262,19840.593820982678,-6779.2059603315465,False
2019-10-22,299.01,-0.0032667755591854197,-3266.7755591854198,0.008433917663410609,19620.226426110763,3266.7755591854198,False
2019-10-23,299.88,0.002909601685562313,2909.601685562313,0.00821604640184338,19113.382079949242,-2909.601685562313,False
2019-10-24,300.37,0.0016339869281045694,1633.9869281045694,0.007997572149516786,18605.13496751661,-1633.9869281045694,False
2019-10-25,301.6,0.0040949495622066845,4094.9495622066843,0.007764256916562972,18062.362571353162,-4094.9495622066843,False
2019-10-28,303.3,0.005636604774535758,5636.604774535758,0.00759425974361117,17666.890009463787,-5636.604774535758,False
2019-10-29,303.21,-0.00029673590504464276,-296.7359050446428,0.007491241084979602,17427.2327719697,296.7359050446428,False
2019-10-30,304.14,0.0030671811615712308,3067.181161571231,0.007263391394213157,16897.175128254315,-3067.181161571231,False
2019-10-31,303.33,-0.0026632471887946263,-2663.2471887946263,0.0070820829767429165,16475.388676726714,2663.2471887946263,False
2019-11-01,306.14,0.00926383806415454,9263.83806415454,0.006897254415158313,16045.413145422344,-9263.83806415454,False
2019-11-04,307.37,0.0040177696478735925,4017.7696478735925,0.007061650876396277,16427.85650352312,-4017.7696478735925,False
2019-11-05,307.03,-0.0011061587012396457,-1106.1587012396456,0.006916895740916171,16091.105701842478,1106.1587012396456,False
2019-11-06,307.1,0.0002279907500897238,227.9907500897238,0.006711650699611959,15613.634336347002,-227.9907500897238,False
2019-11-07,308.18,0.0035167697818299093,3516.7697818299093,0.006507426418616901,15138.537614426628,-3516.7697818299093,False
2019-11-08,308.94,0.002466091245376001,2466.091245376001,0.006367720381737401,14813.532772541332,-2466.091245376001,False
2019-11-11,308.35,-0.0019097559396645813,-1909.7559396645813,0.0062032158958257675,14430.838111470623,1909.7559396645813,False
2019-11-12,309.0,0.0021079941624775334,2107.9941624775333,0.006032406175661333,14033.47528210058,-2107.9941624775333,False
2019-11-13,309.1,0.00032362459546941835,323.62459546941835,0.00587138375303556,13658.881111552208,-323.62459546941835,False
2019-11-14,309.55,0.001455839534131309,1455.8395341313092,0.005693069674403511,13244.060533814989,-1455.8395341313092,False
2019-11-15,311.79,0.007236310773703902,7236.310773703903,0.005531143453527896,12867.363814129534,-7236.310773703903,False
2019-11-18,312.02,0.0007376759998716231,737.6759998716232,0.005647989611013075,13139.188624185022,-737.6759998716232,False
2019-11-19,311.93,-0.0002884430485224909,-288.4430485224909,0.0054789095083047435,12745.849486706888,288.4430485224909,False
2019-11-20,310.77,-0.0037187830603020444,-3718.7830603020443,0.005312469708122113,12358.652611396243,3718.7830603020443,False
2019-11-21,310.27,-0.0016089069086462349,-1608.9069086462348,0.005230559738948358,12168.101528746129,1608.9069086462348,False
2019-11-22,310.96,0.002223869532987477,2223.8695329874768,0.005086506144514762,11832.98275558759,-2223.8695329874768,False
2019-11-25,313.37,0.007750192950861878,7750.192950861879,0.004961544902011897,11542.279434753547,-7750.192950861879,False
2019-11-26,314.08,0.0022656923126016526,2265.6923126016527,0.005171444826384091,12030.579677578135,-2265.6923126016527,False
2019-11-27,315.48,0.004457463066734668,4457.463066734668,0.005044523049418808,11735.315471565462,-4457.463066734668,False
2019-11-29,314.31,-0.0037086344617726086,-3708.6344617726086,0.005011239232747603,11657.88573541244,3708.6344617726086,False
2019-12-02,311.64,-0.008494798129235481,-8494.798129235482,0.004942773078265065,11498.609642488234,8494.798129235482,False
2019-12-03,309.55,-0.006706456167372532,-6706.456167372532,0.005224446485171071,12153.879973817862,6706.456167372532,False
2019-12-04,311.46,0.006170247132934792,6170.247132934792,0.005325011161615036,12387.828395066887,-6170.247132934792,False
2019-12-05,312.02,0.0017979836897192847,1797.9836897192847,0.0053794717417172695,12514.522649806748,-1797.9836897192847,False
2019-12-06,314.87,0.0091340298698801,9134.0298698801,0.005234153032501854,12176.460779565106,-9134.0298698801,False
2019-12-09,313.88,-0.0031441547305237627,-3144.1547305237627,0.005546026198046775,12901.986255200922,3144.1547305237627,False
2019-12-10,313.53,-0.001115075825156131,-1115.075825156131,0.0054319466798031435,12636.597610463246,1115.075825156131,False
2019-12-11,314.42,0.0028386438299365935,2838.6438299365936,0.0052735458369148345,12268.102146363752,-2838.6438299365936,False
2019-12-12,317.13,0.008619044590038705,8619.044590038704,0.005159955666475586,12003.851894850468,-8619.044590038704,False
2019-12-13,317.32,0.0005991233878850366,599.1233878850367,0.005430000894097387,12632.07103602332,-599.1233878850367,False
2019-12-16,319.5,0.00687003655615781,6870.03655615781,0.005266626250014251,12252.004780088337,-6870.03655615781,False
2019-12-17,319.57,0.00021909233176842235,219.09233176842235,0.005376332864590464,12507.220529675928,-219.09233176842235,False
2019-12-18,319.59,6.258409738069126e-05,62.58409738069126,0.005212824364355023,12126.842877765604,-62.58409738069126,False
2019-12-19,320.9,0.0040990018461153355,4099.001846115336,0.005054043983638374,11757.464476646033,-4099.001846115336,False
2019-12-20,320.73,-0.0005297600498596067,-529.7600498596066,0.0050018864362663795,11636.127877202009,529.7600498596066,False
2019-12-23,321.22,0.0015277647865805655,1527.7647865805654,0.004851244643249079,11285.682662274512,-1527.7647865805654,False
2019-12-24,321.23,3.1131311873489054e-05,31.131311873489054,0.00471832004297299,10976.453801014504,-31.131311873489054,False
2019-12-26,322.94,0.0053232886094074505,5323.28860940745,0.004574587362348668,10642.08158501392,-5323.28860940745,False
2019-12-27,322.86,-0.0002477240354245014,-247.72403542450138,0.00462293009472968,10754.543597713813,247.72403542450138,False
2019-12-30,321.08,-0.005513225546676659,-5513.225546676659,0.004482507750464637,10427.872375665,5513.225546676659,False
2019-12-31,321.86,0.002429301108757942,2429.301108757942,0.004550938644357743,10587.066440191942,-2429.301108757942,False
2020-01-02,324.87,0.009351892127011707,9351.892127011708,0.004452243280038382,10357.46668922991,-9351.892127011708,False
2020-01-03,322.41,-0.007572259673099935,-7572.259673099935,0.004886777587785629,11368.344652255526,7572.259673099935,False
2020-01-06,323.64,0.003815018144598392,3815.018144598392,0.005088035620388897,11836.54084853578,-3815.018144598392,False
2020-01-07,322.73,-0.0028117661599307286,-2811.7661599307285,0.0050207650704352175,11680.04614766548,2811.7661599307285,False
2020-01-08,324.45,0.005329532426486372,5329.532426486372,0.0049162952225471675,11437.012939129745,-5329.532426486372,False
2020-01-09,326.65,0.006780705809831922,6780.705809831922,0.004942063956023221,11496.959977468487,-6780.705809831922,False
2020-01-10,325.71,-0.0028776978417266452,-2877.697841726645,0.005071216289359758,11797.413233553354,2877.697841726645,False
2020-01-13,327.95,0.006877283473028184,6877.283473028184,0.004966998013524505,11554.96526912781,-6877.283473028184,False
2020-01-14,327.45,-0.0015246226558927045,-1524.6226558927044,0.005101825828904608,11868.621670798884,1524.6226558927044,False
2020-01-15,328.19,0.00225988700564983,2259.88700564983,0.004960481593125931,11539.805808387233,-2259.88700564983,False
2020-01-16,330.92,0.008318352174045529,8318.352174045529,0.004841117674080543,11262.12380907881,-8318.352174045529,False
2020-01-17,331.95,0.003112534751601448,3112.534751601448,0.0051168285184989525,11903.523145841582,-3112.534751601448,False
2020-01-21,331.3,-0.001958126223828849,-1958.1262238288489,0.005019192205649863,11676.387117015916,1958.1262238288489,False
2020-01-22,331.34,0.00012073649260480046,120.73649260480046,0.004889867940131689,11375.533886865818,-120.73649260480046,False
2020-01-23,331.72,0.0011468582121085813,1146.8582121085813,0.004740995106689191,11029.203887284428,-1146.8582121085813,False
2020-01-24,328.77,-0.00889304232485244,-8893.04232485244,0.0046051416428892445,10713.161470592338,8893.04232485244,False
2020-01-27,323.5,-0.016029443075706418,-16029.443075706418,0.004967903167887365,11557.070973055528,16029.443075706418,True
2020-01-28,326.89,0.010479134466769624,10479.134466769625,0.006214164536879736,14456.30845931016,-10479.134466769625,False
2020-01-29,326.62,-0.0008259659212578319,-825.9659212578318,0.006548864480830801,15234.936962362308,825.9659212578318,False
2020-01-30,327.68,0.003245361582266959,3245.361582266959,0.006352582278977171,14778.31627936806,-3245.361582266959,False
2020-01-31,321.73,-0.018157958984375,-18157.958984375,0.0062101470049012175,14446.962282333041,18157.958984375,True
2020-02-03,324.12,0.0074285891896932466,7428.589189693246,0.007485630149949252,17414.179785190463,-7428.589189693246,False
2020-02-04,329.06,0.015241268665926233,15241.268665926233,0.007482219955218715,17406.246485929012,-15241.268665926233,False
2020-02-05,332.86,0.01154804594906711,11548.04594906711,0.008158576760905879,18979.6877029324,-11548.04594906711,False
2020-02-06,333.98,0.003364777984738332,3364.7779847383317,0.008400599632900248,19542.717096665758,-3364.7779847383317,False
2020-02-07,332.2,-0.005329660458710195,-5329.660458710195,0.008186279594171062,19044.134130203765,5329.660458710195,False
2020-02-10,334.68,0.007465382299819412,7465.382299819412,0.00804354275270626,18712.078582514816,-7465.382299819412,False
2020-02-11,335.26,0.0017329986853114043,1732.9986853114044,0.008010030036565655,18634.11634656779,-1732.9986853114044,False
2020-02-12,337.42,0.006442760842331419,6442.760842331419,0.007777605247251908,18093.415432073365,-6442.760842331419,False
2020-02-13,337.06,-0.001066919566119373,-1066.919566119373,0.007704039512842878,17922.27594222866,1066.919566119373,False
2020-02-14,337.6,0.0016020886489052089,1602.0886489052089,0.007473913992557833,17386.923927351007,-1602.0886489052089,False
2020-02-18,336.73,-0.002577014218009488,-2577.014218009488,0.007256846989457591,16881.95056616434,2577.014218009488,False
2020-02-19,338.34,0.004781278769340203,4781.278769340202,0.007064034164093851,16433.400859791596,-4781.278769340202,False
2020-02-20,336.95,-0.00410829343264163,-4108.29343264163,0.006948250251063544,16164.047199865412,4108.29343264163,False
2020-02-21,333.48,-0.01029826383736454,-10298.26383736454,0.006811326974535983,15845.516026608815,10298.26383736454,False
2020-02-24,322.42,-0.03316540722082284,-33165.40722082284,0.007069213458980938,16445.4497014412,33165.40722082284,True
2020-02-25,312.65,-0.03030209044103971,-30302.09044103971,0.010628829021124553,24726.353796836695,30302.09044103971,True
2020-02-26,311.5,-0.0036782344474651785,-3678.2344474651786,0.012699869569586084,29544.314573802552,3678.2344474651786,False
2020-02-27,297.51,-0.04491171749598721,-44911.71749598721,0.012345900144520036,28720.858554324695,44911.71749598721,True
2020-02-28,296.26,-0.004201539444052327,-4201.539444052327,0.016257297360327584,37820.12915184785,4201.539444052327,False
2020-03-02,309.09,0.043306555052993856,43306.555052993855,0.01579559781826516,36746.055403725295,-43306.555052993855,False
2020-03-03,300.24,-0.02863243715422681,-28632.43715422681,0.01862950129347749,43338.700728522446,28632.43715422681,False
2020-03-04,312.86,0.04203304023447907,42033.04023447907,0.01937585628509108,45074.982076542496,-42033.04023447907,False
2020-03-05,302.46,-0.03324170555520056,-33241.70555520056,0.021422067282474713,49835.1806801449,33241.70555520056,False
2020-03-06,297.46,-0.016531111551940758,-16531.111551940758,0.02230854831558298,51897.44394689384,16531.111551940758,False
2020-03-09,274.23,-0.07809453371881925,-78094.53371881925,0.022004720112292746,51190.63385209596,78094.53371881925,True
2020-03-10,288.42,0.05174488567990365,51744.88567990365,0.028654504298499188,66660.34515650771,-51744.88567990365,False
2020-03-11,274.36,-0.0487483530961792,-48748.3530961792,0.030536335262089393,71038.13861796002,48748.3530961792,False
2020-03-12,248.11,-0.09567721242163585,-95677.21242163585,0.03192340553167513,74264.94659075605,95677.21242163585,True
2020-03-13,269.32,0.08548627624843808,85486.27624843808,0.038822742434066776,90315.20432592637,-85486.27624843808,False
2020-03-16,239.85,-0.10942373384821036,-109423.73384821035,0.043072580789932154,100201.80675011102,109423.73384821035,True
2020-03-17,252.8,0.05399207838232245,53992.07838232245,0.04962202731356265,115438.09774650299,-53992.07838232245,False
2020-03-18,240.0,-0.05063291139240511,-50632.91139240511,0.0498950251098048,116073.18558940876,50632.91139240511,False
2020-03-19,240.51,0.0021249999999999325,2124.9999999999327,0.04993960574363635,116176.89565214618,-2124.9999999999327,False
2020-03-20,228.8,-0.04868820423267217,-48688.20423267217,0.048421041975777915,112644.18805919326,48688.20423267217,False
2020-03-23,222.95,-0.02556818181818188,-25568.181818181878,0.04843711326599664,112681.57547102668,25568.181818181878,False
2020-03-24,243.15,0.09060327427674375,90603.27427674374,0.04737730068650667,110216.08272984845,-90603.27427674374,False
2020-03-25,246.79,0.01497018301460007,14970.183014600068,0.051014402884864744,118677.24769666803,-14970.183014600068,False
2020-03-26,261.2,0.05838972405689047,58389.72405689047,0.049596043454763365,115377.65025182591,-58389.72405689047,False
2020-03-27,253.42,-0.02978560490045945,-29785.60490045945,0.05016715127761549,116706.24572136605,29785.60490045945,False
2020-03-30,261.65,0.03247573198642573,32475.731986425726,0.04918301961886506,114416.81312925568,-32475.731986425726,False
2020-03-31,257.75,-0.014905407987769848,-14905.407987769848,0.04834368256332087,112464.22315448675,14905.407987769848,False
2020-04-01,246.15,-0.04500484966052376,-45004.84966052376,0.04701292605649066,109368.4205839563,45004.84966052376,False
2020-04-02,251.83,0.023075360552508695,23075.360552508693,0.04689486638201943,109093.77271124019,-23075.360552508693,False
2020-04-03,248.19,-0.01445419529047376,-14454.195290473759,0.04581625387660917,106584.54480236517,14454.195290473759,False
2020-04-06,264.86,0.0671662838954028,67166.2838954028,0.0445613823598243,103665.27711709827,-67166.2838954028,False
2020-04-07,265.13,0.0010194064788944246,1019.4064788944246,0.046230426901429575,107548.05533814117,-1019.4064788944246,False
2020-04-08,274.03,0.033568438124693456,33568.43812469346,0.044822757395917436,104273.32637664089,-33568.43812469346,False
2020-04-09,278.2,0.015217311973141578,15217.311973141579,0.04422833037801401,102890.48234726883,-15217.311973141579,False
2020-04-13,275.66,-0.00913012221423426,-9130.12221423426,0.043042658962550474,100132.19817059423,9130.12221423426,False
2020-04-14,283.79,0.029492853515199924,29492.853515199924,0.0417912886739719,97221.0755601216,-29492.853515199924,False
2020-04-15,277.76,-0.021248105993868838,-21248.105993868838,0.04115714767810714,95745.84300254946,21248.105993868838,False
2020-04-16,279.1,0.004824308755760454,4824.308755760454,0.040241335430093145,93615.34512636154,-4824.308755760454,False
2020-04-17,286.64,0.02701540666427782,27015.40666427782,0.03903331410300293,90805.06728028924,-27015.40666427782,False
2020-04-20,281.59,-0.017617917945855432,-17617.91794585543,0.038418401386653825,89374.5663898898,17617.91794585543,False
2020-04-21,273.04,-0.03036329415107053,-30363.29415107053,0.03749718140293341,87231.4882392379,30363.29415107053,False
2020-04-22,279.1,0.022194550249047706,22194.550249047705,0.03710784383761594,86325.75362187736,-22194.550249047705,False
2020-04-23,279.08,-7.16589036189319e-05,-71.6589036189319,0.036385827370910895,84646.09214953559,71.6589036189319,False
2020-04-24,282.97,0.013938655582628856,13938.655582628857,0.03527737285509924,82067.44134320618,-13938.655582628857,False
2020-04-27,287.05,0.014418489592536332,14418.489592536333,0.03437267258435544,79962.79379171717,-14418.489592536333,False
2020-04-28,285.73,-0.004598502003135274,-4598.502003135274,0.03351216725136748,77960.95903971982,4598.502003135274,False
2020-04-29,293.21,0.026178560179189958,26178.560179189957,0.03251077061361326,75631.36210040865,-26178.560179189957,False
2020-04-30,290.48,-0.009310732921796516,-9310.732921796516,0.03216601023317702,74829.32952232729,9310.732921796516,False
2020-05-01,282.79,-0.026473423299366527,-26473.42329936653,0.03126938544829526,72743.46836020527,26473.42329936653,False
2020-05-04,283.57,0.0027582304890554354,2758.2304890554356,0.03100255677853784,72122.73205158196,-2758.2304890554356,False
2020-05-05,286.19,0.009239341256127354,9239.341256127354,0.03006568617750009,69943.24512060641,-9239.341256127354,False
2020-05-06,284.25,-0.006778713442118889,-6778.713442118888,0.029237487611204135,68016.56714662016,6778.713442118888,False
2020-05-07,287.68,0.012066842568161817,12066.842568161817,0.02839538515784243,66057.54389451757,-12066.842568161817,False
2020-05-08,292.44,0.016546162402669706,16546.162402669706,0.027688563446671862,64413.23070941002,-16546.162402669706,False
2020-05-11,292.5,0.00020517029134192732,205.17029134192734,0.027149285117867874,63158.68171568056,-205.17029134192734,False
2020-05-12,286.67,-0.019931623931623843,-19931.623931623843,0.026322256498209115,61234.72544456648,19931.623931623843,False
2020-05-13,281.6,-0.017685840862315505,-17685.840862315505,0.02598318098080299,60445.91783550944,17685.840862315505,False
2020-05-14,284.97,0.011967329545454541,11967.329545454542,0.02556140626547611,59464.72312318458,-11967.329545454542,False
2020-05-15,286.28,0.004596975120187974,4596.9751201879735,0.02495546792668029,58055.09975692708,-4596.9751201879735,False
2020-05-18,295.0,0.030459689814168023,30459.68981416802,0.02422141175671914,56347.4297465114,-30459.68981416802,False
2020-05-19,291.97,-0.010271186440677926,-10271.186440677926,0.024640286979938773,57321.87923153677,10271.186440677926,False
2020-05-20,296.93,0.01698804671712839,16988.046717128393,0.024021760013797196,55882.97033881638,-16988.046717128393,False
2020-05-21,294.88,-0.006903984103997618,-6903.984103997618,0.023658780204960653,55038.55303220974,6903.984103997618,False
2020-05-22,295.44,0.0018990775908844792,1899.0775908844792,0.023000293644428432,53506.684222031145,-1899.0775908844792,False
2020-05-26,299.08,0.012320606552937985,12320.606552937985,0.022304463387580315,51887.94098331923,-12320.606552937985,False
2020-05-27,303.53,0.014878962150595143,14878.962150595144,0.021834550202314083,50794.75944379137,-14878.962150595144,False
2020-05-28,302.97,-0.0018449576648105204,-1844.9576648105203,0.021480822574237283,49971.8659282254,1844.9576648105203,False
2020-05-29,304.32,0.004455886721457469,4455.886721457469,0.020831332801455764,48460.92677610384,-4455.886721457469,False
2020-06-01,305.55,0.004041798107255579,4041.7981072555785,0.02022619727720399,47053.171035754145,-4041.7981072555785,False
2020-06-02,308.08,0.008280150548191756,8280.150548191756,0.01963500142182273,45677.84381444619,-8280.150548191756,False
2020-06-03,312.18,0.013308231628148537,13308.231628148536,0.019144579848378102,44536.952629679516,-13308.231628148536,False
2020-06-04,311.36,-0.0026266897302837933,-2626.6897302837933,0.018845439317266566,43841.047691088745,2626.6897302837933,False
2020-06-05,319.34,0.025629496402877594,25629.496402877594,0.018282656207823867,42531.81840089063,-25629.496402877594,False
2020-06-08,323.2,0.012087430325045556,12087.430325045556,0.018804585932282018,43746.00850578257,-12087.430325045556,False
2020-06-09,320.79,-0.007456683168316713,-7456.683168316714,0.0184705729004618,42968.97799930567,7456.683168316714,False
2020-06-10,319.0,-0.0055799744381059835,-5579.974438105984,0.018000790730058412,41876.101245925456,5579.974438105984,False
2020-06-11,300.61,-0.05764890282131652,-57648.902821316515,0.017505854043054006,40724.706336327945,57648.902821316515,True
2020-06-12,304.21,0.011975649512657505,11975.649512657505,0.022078754267852243,51362.8630524882,-11975.649512657505,False
2020-06-15,307.05,0.009335656290062833,9335.656290062832,0.0216062046064086,50263.54815221007,-9335.656290062832,False
2020-06-16,312.96,0.0192476795310208,19247.6795310208,0.021072438433800775,49021.822351328934,-19247.6795310208,False
2020-06-17,311.66,-0.0041538854805724945,-4153.885480572494,0.02096743169520953,48777.54014824723,4153.885480572494,False
2020-06-18,311.78,0.0003850349740099901,385.0349740099901,0.020354127007927,47350.78009284823,-385.0349740099901,False
2020-06-19,308.64,-0.010071204054140748,-10071.204054140748,0.019734283675760984,45908.80887482543,10071.204054140748,False
2020-06-22,310.62,0.006415241057542875,6415.241057542876,0.01929147957336841,44878.6924926079,-6415.241057542876,False
2020-06-23,312.05,0.004603695834138222,4603.6958341382215,0.018769678530851083,43664.801746675425,-4603.6958341382215,False
2020-06-24,304.09,-0.025508732574907933,-25508.732574907932,0.01823278429484642,42415.7989821612,25508.732574907932,False
2020-06-25,307.35,0.010720510375217929,10720.51037521793,0.018749135553634055,43617.01163530012,-10720.51037521793,False
2020-06-26,300.05,-0.02375142345859771,-23751.42345859771,0.018366655643593396,42727.230309713705,23751.42345859771,False
2020-06-29,304.46,0.014697550408265148,14697.550408265148,0.018733440798131513,43580.5001742032,-14697.550408265148,False
2020-06-30,308.36,0.012809564474808077,12809.564474808078,0.018516111232358756,43074.91600090152,-12809.564474808078,False
2020-07-01,310.52,0.007004799584900745,7004.799584900745,0.018224178697022073,42395.77936795768,-7004.799584900745,False
2020-07-02,312.23,0.005506891665593372,5506.891665593372,0.01775211201135265,41297.58803734511,-5506.891665593372,False
2020-07-06,317.05,0.01543733785991086,15437.33785991086,0.017264089415917342,40162.27770997029,-15437.33785991086,False
2020-07-07,313.78,-0.010313830626084375,-10313.830626084375,0.01715996912500731,39920.05769256722,10313.830626084375,False
2020-07-08,316.18,0.007648671043406274,7648.671043406274,0.01682792839537729,39147.61544709745,-7648.671043406274,False
2020-07-09,314.38,-0.005692959706496303,-5692.959706496304,0.016422501446459462,38204.4513264036,5692.959706496304,False
2020-07-10,317.59,0.01021057319167884,10210.57319167884,0.01598315450549774,37182.37750433095,-10210.57319167884,False
2020-07-13,314.84,-0.008658962813690607,-8658.962813690607,0.01569678000622974,36516.170796779326,8658.962813690607,False
2020-07-14,318.92,0.012958963282937441,12958.96328293744,0.015365683409164327,35745.92493209405,-12958.96328293744,False
2020-07-15,321.85,0.009187256992349235,9187.256992349236,0.015232007641638677,35434.948594499976,-9187.256992349236,False
2020-07-16,320.79,-0.003293459686189215,-3293.459686189215,0.014938458918169936,34752.05214573107,3293.459686189215,False
2020-07-17,321.72,0.0028990928644907488,2899.092864490749,0.014505823456844256,33745.591560041394,-2899.092864490749,False
2020-07-20,324.32,0.00808156160636564,8081.561606365639,0.014081834528131679,32759.245817114035,-8081.561606365639,False
2020-07-21,325.01,0.002127528367044995,2127.5283670449953,0.013795610828697277,32093.38992243471,-2127.5283670449953,False
2020-07-22,326.86,0.005692132549767859,5692.132549767859,0.013385489459329169,31139.304946706492,-5692.132549767859,False
2020-07-23,322.96,-0.011931713883620021,-11931.713883620021,0.013052397126953774,30364.41630742569,11931.713883620021,False
2020-07-24,320.88,-0.006440426058954674,-6440.426058954674,0.012987883364357824,30214.334852964224,6440.426058954674,False
2020-07-27,323.22,0.007292445774121248,7292.445774121248,0.012690656117720814,29522.880879643202,-7292.445774121248,False
2020-07-28,321.17,-0.006342429305117303,-6342.429305117303,0.012433035568937297,28923.565863671436,6342.429305117303,False
2020-07-29,325.12,0.012298782576205758,12298.782576205758,0.012153976123901882,28274.37651698228,-12298.782576205758,False
2020-07-30,323.96,-0.0035679133858268486,-3567.9133858268488,0.012162713128844291,28294.701829855538,3567.9133858268488,False
2020-07-31,326.52,0.007902210149401068,7902.210149401068,0.011824529401672328,27507.968835113832,-7902.210149401068,False
2020-08-03,328.79,0.006952100943280692,6952.100943280692,0.011626565329084527,27047.435535712735,-6952.100943280692,False
2020-08-04,330.06,0.003862647890750859,3862.647890750859,0.011400276423048522,26521.00882023685,-3862.647890750859,False
2020-08-05,332.11,0.006210991940859278,6210.991940859279,0.011093400168310723,25807.107897433954,-6210.991940859279,False
2020-08-06,334.33,0.006684532233296014,6684.532233296014,0.010862518166152125,25269.996042558007,-6684.532233296014,False
2020-08-07,334.57,0.0007178536176830619,717.8536176830619,0.010658124653336732,24794.50562855218,-717.8536176830619,False
2020-08-10,335.57,0.0029889111396719237,2988.9111396719236,0.010334931189296116,24042.645200577397,-2988.9111396719236,False
2020-08-11,332.8,-0.008254611556456126,-8254.611556456126,0.010046798988448399,23372.349467692602,8254.611556456126,False
2020-08-12,337.44,0.013942307692307754,13942.307692307753,0.009948376572904205,23143.384690533403,-13942.307692307753,False
2020-08-13,336.83,-0.0018077287814129983,-1807.7287814129984,0.01023207023418769,23803.3548363391,1807.7287814129984,False
2020-08-14,336.84,2.9688566932861704e-05,29.688566932861704,0.009930237590387133,23101.18710711755,-29.688566932861704,False
2020-08-17,337.91,0.003176582353639823,3176.582353639823,0.009627725295733452,22397.43827357874,-3176.582353639823,False
2020-08-18,338.64,0.0021603385516852924,2160.3385516852923,0.009366800373386145,21790.43613519181,-2160.3385516852923,False
2020-08-19,337.23,-0.004163713678242309,-4163.713678242309,0.009096854183741138,21162.447390805723,4163.713678242309,False
2020-08-20,338.28,0.0031136019927051617,3113.6019927051616,0.008878501076955312,20654.482105044306,-3113.6019927051616,False
2020-08-21,339.48,0.003547357218872005,3547.357218872005,0.008641746671433127,20103.708997087964,-3547.357218872005,False
2020-08-24,342.92,0.01013314480970906,10133.14480970906,0.008423421098077016,19595.80776366223,-10133.14480970906,False
2020-08-25,344.12,0.003499358450950618,3499.358450950618,0.00853566746305579,19856.931856199415,-3499.358450950618,False
2020-08-26,347.57,0.010025572474718025,10025.572474718025,0.008319909402846373,19355.00355152406,-10025.572474718025,False
2020-08-27,348.33,0.0021866098915326315,2186.6098915326315,0.008431984649536942,19615.729563395267,-2186.6098915326315,False
2020-08-28,350.58,0.006459391955903948,6459.391955903948,0.008192639317783367,19058.92905970874,-6459.391955903948,False
2020-08-31,349.31,-0.003622568315363006,-3622.568315363006,0.008099111267183105,18841.350278031634,3622.568315363006,False
2020-09-01,352.6,0.009418568034124553,9418.568034124553,0.007902357065527214,18383.63155930085,-9418.568034124553,False
2020-09-02,357.7,0.014463981849120788,14463.981849120788,0.008001435982898856,18614.123588090635,-14463.981849120788,False
2020-09-03,345.39,-0.03441431367067371,-34414.31367067371,0.00852842338167053,19840.079602869435,34414.31367067371,True
2020-09-04,342.57,-0.00816468340137233,-8164.68340137233,0.011808076226880243,27469.693026915043,8164.68340137233,False
2020-09-08,333.21,-0.02732288291444085,-27322.88291444085,0.011621727394484185,27036.180816840482,27322.88291444085,True
2020-09-09,339.79,0.019747306503406392,19747.30650340639,0.013105459572986235,30487.858015944712,-19747.30650340639,False
2020-09-10,333.89,-0.01736366579357851,-17363.665793578508,0.01359578071426553,31628.51556055708,17363.665793578508,False
2020-09-11,334.06,0.0005091497199676276,509.14971996762756,0.013850788837609077,32221.753166160484,-509.14971996762756,False
2020-09-14,338.46,0.013171286595222265,13171.286595222266,0.013429417126027273,31241.4959807412,-13171.286595222266,False
2020-09-15,340.17,0.005052295692253184,5052.295692253184,0.013414069372064297,31205.79176593813,-5052.295692253184,False
2020-09-16,338.82,-0.003968603933327541,-3968.603933327541,0.013064170972440533,30391.806367843095,3968.603933327541,False
2020-09-17,335.84,-0.008795230505873386,-8795.230505873385,0.012703432545422742,29552.603295065423,8795.230505873385,False
2020-09-18,330.65,-0.015453787517865636,-15453.787517865636,0.012503436779902802,29087.343571130936,15453.787517865636,False
2020-09-21,326.97,-0.011129593225464807,-11129.593225464807,0.012699801114557856,29544.155323593168,11129.593225464807,False
2020-09-22,330.3,0.010184420589044896,10184.420589044896,0.012611103130583945,29337.81295714375,-10184.420589044896,False
2020-09-23,322.64,-0.02319103844989412,-23191.03844989412,0.01247881693928092,29030.069257241,23191.03844989412,False
2020-09-24,323.5,0.0026655095462435607,2665.5095462435606,0.013365892253602355,31093.71502882678,-2665.5095462435606,False
2020-09-25,328.73,0.01616692426584243,16166.92426584243,0.012975151161326788,30184.715319511117,-16166.92426584243,False
2020-09-28,334.19,0.016609375475314048,16609.37547531405,0.013188458636731291,30680.942711435404,-16609.37547531405,False
2020-09-29,332.37,-0.005446003770310237,-5446.003770310237,0.013418330595152426,31215.704853210016,5446.003770310237,False
2020-09-30,334.89,0.00758191172488476,7581.91172488476,0.013077768832149063,30423.43971986754,-7581.91172488476,False
2020-10-01,337.04,0.006420018513541903,6420.018513541903,0.012814658734969822,29811.354104655937,-6420.018513541903,False
2020-10-02,333.84,-0.00949442202705919,-9494.42202705919,0.012523400019442297,29133.78501099261,9494.42202705919,False
2020-10-05,339.76,0.017733045770429,17733.045770429002,0.012362607255018,28759.725105312995,-17733.045770429002,False
2020-10-06,334.93,-0.014215917117965549,-14215.917117965548,0.01274879089918264,29658.12260490475,14215.917117965548,False
2020-10-07,340.76,0.017406622279282136,17406.622279282135,0.012841546137358582,29873.903556041507,-17406.622279282135,False
2020-10-08,343.78,0.008862542551942632,8862.542551942632,0.013160183080658515,30615.163931678177,-8862.542551942632,False
2020-10-09,346.85,0.00893012973413243,8930.12973413243,0.01294263007361963,30109.059956262074,-8930.12973413243,False
2020-10-12,352.43,0.01608764595646539,16087.64595646539,0.012737574567134657,29632.029514690388,-16087.64595646539,False
2020-10-13,350.13,-0.006526118661861924,-6526.118661861924,0.012963016572054181,30156.48604355443,6526.118661861924,False
2020-10-14,347.93,-0.006283380458686705,-6283.3804586867045,0.012669365580637115,29473.351683961355,6283.3804586867045,False
2020-10-15,347.5,-0.0012358807806167604,-1235.8807806167604,0.012379455034943938,28798.91890232601,1235.8807806167604,False
2020-10-16,347.29,-0.0006043165467625178,-604.3165467625178,0.012006144119687251,27930.46784826238,604.3165467625178,False
2020-10-19,342.01,-0.015203432290017083,-15203.432290017083,0.011641329766597121,27081.78275353157,15203.432290017083,False
2020-10-20,343.38,0.004005730826583953,4005.730826583953,0.011885200310234937,27649.110474264584,-4005.730826583953,False
2020-10-21,342.73,-0.0018929465897838949,-1892.9465897838948,0.011564828576198042,26903.814371885077,1892.9465897838948,False
2020-10-22,344.61,0.0054853674904442595,5485.36749044426,0.011222100480950188,26106.509596131167,-5485.36749044426,False
2020-10-23,345.78,0.003395142334813084,3395.142334813084,0.010962881110482922,25503.475164734435,-3395.142334813084,False
2020-10-26,339.39,-0.018479958355023363,-18479.958355023362,0.010661392779390818,24802.1084266502,18479.958355023362,False
2020-10-27,338.22,-0.0034473614425880594,-3447.3614425880596,0.011284321418891956,26251.257142832823,3447.3614425880596,False
2020-10-28,326.66,-0.034178936786706915,-34178.936786706916,0.010973094975745105,25527.236168472857,34178.936786706916,True
2020-10-29,329.98,0.010163472723933031,10163.472723933031,0.01353795655695872,31493.996455138178,-10163.472723933031,False
2020-10-30,326.54,-0.010424874234802095,-10424.874234802095,0.013359545738625373,31078.95082720251,10424.874234802095,False
2020-11-02,330.2,0.011208427757701811,11208.427757701811,0.013201874668794746,30712.153069104286,-11208.427757701811,False
2020-11-03,336.03,0.01765596608116282,17655.96608116282,0.013090830999302824,30453.826864656057,-17655.96608116282,False
2020-11-04,343.54,0.02234919501235022,22349.19501235022,0.013408640989030903,31193.163458608917,-22349.19501235022,False
2020-11-05,350.24,0.019502823543109837,19502.823543109836,0.014105791188173745,32814.97734227202,-19502.823543109836,False
2020-11-06,350.16,-0.00022841480127910874,-228.41480127910873,0.014486426471387596,33700.46742416149,228.41480127910873,False
2020-11-09,354.56,0.012565684258624588,12565.684258624588,0.014045223002699198,32674.07467275879,-12565.684258624588,False
2020-11-10,354.04,-0.0014666064981948557,-1466.6064981948557,0.01396087307789396,32477.847404512624,1466.6064981948557,False
2020-11-11,356.67,0.007428539148118807,7428.539148118807,0.013540335097347974,31499.52976751604,-7428.539148118807,False
2020-11-12,353.21,-0.009700843917346713,-9700.843917346712,0.013253347717013727,30831.89728539891,9700.843917346712,False
2020-11-13,358.1,0.013844455140001877,13844.455140001877,0.013067460905933944,30399.459897631226,-13844.455140001877,False
2020-11-16,362.57,0.012482546774643888,12482.546774643888,0.013115378711414959,30510.93338254069,-12482.546774643888,False
2020-11-17,360.62,-0.0053782717820006765,-5378.2717820006765,0.013078272349896865,30424.61107730968,5378.2717820006765,False
2020-11-18,356.28,-0.012034828905773454,-12034.828905773453,0.01274810902213564,29656.536321686104,12034.828905773453,False
2020-11-19,357.78,0.004210171775008487,4210.171775008486,0.012706441399121752,29559.602935471412,-4210.171775008486,False
2020-11-20,355.33,-0.006847783554139397,-6847.783554139397,0.012362441774587288,28759.340140264816,6847.783554139397,False
2020-11-23,357.46,0.0059944277150818515,5994.427715081852,0.01210263182157161,28154.93180841214,-5994.427715081852,False
2020-11-24,363.22,0.016113691042354494,16113.691042354494,0.011825449885982654,27510.11020183225,-16113.691042354494,False
2020-11-25,362.66,-0.0015417653212929094,-1541.7653212929094,0.012125586643376941,28208.33270931796,1541.7653212929094,False
2020-11-27,363.67,0.002784977665030608,2784.977665030608,0.011762256704290859,27363.100877949662,-2784.977665030608,False
2020-11-30,362.06,-0.004427090494129371,-4427.090494129371,0.011424316515514628,26576.93443823712,4427.090494129371,False
2020-12-01,366.02,0.010937413688338893,10937.413688338893,0.01112924324428455,25890.49136102475,-10937.413688338893,False
2020-12-02,366.79,0.002103710179771623,2103.7101797716227,0.011117826809697024,25863.932762692933,-2103.7101797716227,False
2020-12-03,366.69,-0.0002726355680362502,-272.6355680362502,0.01079144310940021,25104.650735385858,272.6355680362502,False
2020-12-04,369.85,0.008617633423327664,8617.633423327665,0.010462905405746223,24340.357746948146,-8617.633423327665,False
2020-12-07,369.09,-0.0020548871163986737,-2054.8871163986737,0.010361460442763324,24104.361472980727,2054.8871163986737,False
2020-12-08,370.17,0.002926115581565636,2926.1155815656357,0.010058410630919811,23399.362187470095,-2926.1155815656357,False
2020-12-09,366.85,-0.008968852149012552,-8968.852149012551,0.009778295152979864,22747.716140878565,8968.852149012551,False
2020-12-10,366.73,-0.0003271091726864128,-327.1091726864128,0.009731627369824275,22639.15064274836,327.1091726864128,False
2020-12-11,366.3,-0.0011725247457257115,-1172.5247457257115,0.009435503007993664,21950.26236315202,1172.5247457257115,False
2020-12-14,364.66,-0.004477204477204455,-4477.204477204455,0.009152567008756964,21292.0548028381,4477.204477204455,False
2020-12-15,369.59,0.013519442768606282,13519.442768606283,0.008941254692415444,20800.46884495836,-13519.442768606283,False
2020-12-16,370.17,0.0015693065288564512,1569.3065288564512,0.009279859552416727,21588.181541162237,-1569.3065288564512,False
2020-12-17,372.24,0.0055920252856795916,5592.025285679591,0.009005365572408254,20949.61305433252,-5592.025285679591,False
2020-12-18,369.18,-0.00822050290135401,-8220.50290135401,0.008837819717265888,20559.84311041772,8220.50290135401,False
2020-12-21,367.86,-0.0035754916300990702,-3575.4916300990703,0.008802001703628002,20476.51795053886,3575.4916300990703,False
2020-12-22,367.24,-0.0016854238025335588,-1685.4238025335587,0.008578681039358237,19956.996397985502,1685.4238025335587,False
2020-12-23,367.57,0.0008985949243001112,898.5949243001112,0.00832757956888979,19372.8470259927,-898.5949243001112,False
2020-12-24,369.0,0.003890415431074379,3890.415431074379,0.008076887702444418,18789.65053544818,-3890.415431074379,False
2020-12-28,372.17,0.008590785907859111,8590.78590785911,0.007888603678345395,18351.636396269565,-8590.78590785911,False
2020-12-29,371.46,-0.0019077303382863953,-1907.7303382863952,0.007932487634105992,18453.725743457733,1907.7303382863952,False
2020-12-30,371.99,0.0014268023474937053,1426.8023474937054,0.007705015545989956,17924.546534865363,-1426.8023474937054,False
2020-12-31,373.88,0.005080781741444662,5080.781741444662,0.007478460709694135,17397.501173094908,-5080.781741444662,False
2021-01-04,368.79,-0.013613993794800439,-13613.993794800439,0.007356669946212376,17114.17348939131,13613.993794800439,False
2021-01-05,371.33,0.006887388486672474,6887.388486672475,0.00787361459295196,18316.766569330728,-6887.388486672475,False
2021-01-06,373.55,0.005978509681415556,5978.509681415556,0.007817950214910952,18187.27186181523,-5978.509681415556,False
2021-01-07,379.1,0.014857448802034545,14857.448802034545,0.007719953335979655,17959.297030850765,-14857.448802034545,False
2021-01-08,381.26,0.005697705091004979,5697.705091004978,0.008322646564250212,19361.371141136788,-5697.705091004978,False
2021-01-11,378.69,-0.0067408067985101905,-6740.806798510191,0.00818891260679122,19050.25943351499,6740.806798510191,False
2021-01-12,378.77,0.00021125458818560539,211.25458818560537,0.008109321850713213,18865.103647319618,-211.25458818560537,False
2021-01-13,379.79,0.0026929271061595372,2692.9271061595373,0.007862449525167665,18290.792737627216,-2692.9271061595373,False
2021-01-14,378.46,-0.003501935280023294,-3501.935280023294,0.007651414063270005,17799.850839494367,3501.935280023294,False
2021-01-15,375.7,-0.007292712572002258,-7292.712572002258,0.00746775079792289,17372.586192614704,7292.712572002258,False
2021-01-19,378.65,0.007852009582113295,7852.009582113295,0.00745736436420775,17348.423734622625,-7852.009582113295,False
2021-01-20,383.89,0.01383863726396406,13838.63726396406,0.007481630138785148,17404.874367722707,-13838.63726396406,False
2021-01-21,384.24,0.000911719502982633,911.719502982633,0.008006670658955448,18626.301265606184,-911.719502982633,False
2021-01-22,382.88,-0.0035394545075994044,-3539.454507599404,0.007765966938227752,18066.340676617587,3539.454507599404,False
2021-01-25,384.39,0.003943794400334211,3943.794400334211,0.007579135322000107,17631.70534340279,-3943.794400334211,False
2021-01-26,383.79,-0.001560914696011828,-1560.914696011828,0.007411471213717606,17241.660301546843,1560.914696011828,False
2021-01-27,374.41,-0.0244404492039918,-24440.4492039918,0.007195852868142344,16740.057021713626,24440.4492039918,True
2021-01-28,377.63,0.008600197644293539,8600.19764429354,0.009193128631077099,21386.41524669019,-8600.19764429354,False
2021-01-29,370.07,-0.02001959590074942,-20019.59590074942,0.00915863533268644,21306.171835310426,20019.59590074942,False
2021-02-01,376.23,0.01664549950009464,16645.49950009464,0.010143708310547119,23597.7942631317,-16645.49950009464,False
2021-02-02,381.55,0.014140286526858503,14140.286526858503,0.010646383818393642,24767.192362142854,-14140.286526858503,False
2021-02-03,381.85,0.0007862665443585382,786.2665443585381,0.01088768208976273,25328.536082752064,-786.2665443585381,False
2021-02-04,386.19,0.011365719523372952,11365.719523372953,0.010557756244354307,24561.013793695052,-11365.719523372953,False
2021-02-05,387.71,0.003935886480747719,3935.886480747719,0.010607969585049209,24677.827492069126,-3935.886480747719,False
2021-02-08,390.51,0.007221892651724238,7221.892651724238,0.010329895920949508,24030.93141476404,-7221.892651724238,False
2021-02-09,390.25,-0.000665796010345443,-665.796010345443,0.010170235432956903,23659.505577954118,665.796010345443,False
2021-02-10,390.08,-0.0004356181934657144,-435.6181934657144,0.009861757677803144,22941.879008063283,435.6181934657144,False
2021-02-11,390.71,0.00161505332239531,1615.05332239531,0.00956192420063009,22244.362035875474,-1615.05332239531,False
2021-02-12,392.64,0.004939725115814753,4939.725115814753,0.009279066471770231,21586.336559686322,-4939.725115814753,False
2021-02-16,392.3,-0.0008659331703341211,-865.9331703341211,0.00907739297185416,21117.173841906195,865.9331703341211,False
2021-02-17,392.39,0.00022941626306383078,229.4162630638308,0.008803414666529593,20479.804993781076,-229.4162630638308,False
2021-02-18,390.72,-0.004255969825938344,-4255.969825938344,0.008535412181770822,19856.337983124846,4255.969825938344,False
2021-02-19,390.03,-0.0017659705159706052,-1765.9705159706052,0.00834079505775776,19403.590850425117,1765.9705159706052,False
2021-02-22,387.03,-0.007691716021844486,-7691.716021844486,0.008098262133049408,18839.374896644935,7691.716021844486,False
2021-02-23,387.5,0.0012143761465519542,1214.3761465519542,0.008074446626406603,18783.971743397236,-1214.3761465519542,False
2021-02-24,391.77,0.011019354838709638,11019.354838709638,0.007834115750283914,18224.87852066285,-11019.354838709638,False
2021-02-25,382.33,-0.02409577047757616,-24095.770477576163,0.00806080258269605,18752.230951317873,24095.770477576163,True
2021-02-26,380.36,-0.005152616849318559,-5152.616849318559,0.00979358541470126,22783.28660872766,5152.616849318559,False
2021-03-01,389.58,0.024240193500893792,24240.19350089379,0.009578748560344361,22283.501349328868,-24240.19350089379,False
2021-03-02,386.54,-0.007803275322141756,-7803.275322141756,0.011022817126352395,25642.90718783086,7803.275322141756,False
2021-03-03,381.42,-0.01324571842500133,-13245.718425001329,0.010856602318503519,25256.23372295752,13245.718425001329,False
2021-03-04,376.7,-0.012374809920822294,-12374.809920822294,0.011014572550202436,25623.727435632038,12374.809920822294,False
2021-03-05,383.63,0.01839660207061322,18396.602070613222,0.011100888036118622,25824.527282789957,-18396.602070613222,False
2021-03-08,381.72,-0.004978755571774851,-4978.755571774851,0.011667991701389083,27143.807688852663,4978.755571774851,False
2021-03-09,387.17,0.014277480876034865,14277.480876034864,0.011378083711489916,26469.380852883285,-14277.480876034864,False
2021-03-10,389.58,0.006224655835937565,6224.655835937565,0.011572550679036335,26921.778669406063,-6224.655835937565,False
2021-03-11,393.53,0.010139124185019721,10139.12418501972,0.011323130039096291,26341.53949393964,-10139.12418501972,False
2021-03-12,394.06,0.0013467842350012305,1346.7842350012304,0.011255602507360624,26184.446964047143,-1346.7842350012304,False
2021-03-15,396.41,0.005963558848906425,5963.558848906425,0.010917696744369642,25398.360610686923,-5963.558848906425,False
2021-03-16,395.91,-0.0012613203501424808,-1261.3203501424807,0.010685418949136272,24858.00165555888,1261.3203501424807,False
2021-03-17,397.26,0.0034098658786085867,3409.8658786085866,0.010364504000336335,24111.441846670223,-3409.8658786085866,False
2021-03-18,391.48,-0.014549665206665563,-14549.665206665562,0.010083412006915841,23457.524085366553,14549.665206665562,False
2021-03-19,389.48,-0.0051088178195565215,-5108.8178195565215,0.01040558750367825,24207.016367327833,5108.8178195565215,False
2021-03-22,392.59,0.007985005648556864,7985.005648556864,0.010165907602851196,23649.4375395885,-7985.005648556864,False
2021-03-23,389.5,-0.007870806694006416,-7870.8066940064155,0.010048410603611616,23376.098645201324,7870.8066940064155,False
2021-03-24,387.52,-0.0050834403080873836,-5083.4403080873835,0.009931228433588308,23103.49215309211,5083.4403080873835,False
2021-03-25,389.7,0.005625516102394812,5625.516102394812,0.009708863076079472,22586.192976391096,-5625.516102394812,False
2021-03-26,395.98,0.016114960225814823,16114.960225814822,0.0095134161467558,22131.515427871163,-16114.960225814822,False
2021-03-29,395.78,-0.000505076013940231,-505.07601394023106,0.010032761243010242,23339.692788436216,505.07601394023106,False
2021-03-30,394.73,-0.002652989034311881,-2652.9890343118814,0.009727909661200856,22630.501959195964,2652.9890343118814,False
2021-03-31,396.33,0.004053403592328753,4053.4035923287524,0.009453919496318264,21993.105521613248,-4053.4035923287524,False
2021-04-01,400.61,0.010799081573436453,10799.081573436453,0.009219533776348607,21447.842800256305,-10799.081573436453,False
2021-04-05,406.36,0.014353111504954885,14353.111504954884,0.009321857359980517,21685.88305150264,-14353.111504954884,False
2021-04-06,406.12,-0.0005906093119402156,-590.6093119402155,0.00969762402621661,22560.04703663639,590.6093119402155,False
2021-04-07,406.59,0.0011572934108143862,1157.293410814386,0.00940330825880889,21875.36617683074,-1157.293410814386,False
2021-04-08,408.52,0.004746796527214103,4746.796527214104,0.009121251751809908,21219.204621414272,-4746.796527214104,False
2021-04-09,411.49,0.0072701458924899764,7270.145892489976,0.008919491249222004,20749.83950515349,-7270.145892489976,False
2021-04-12,411.64,0.0003645289071423363,364.5289071423363,0.008829223407193656,20539.84510275659,-364.5289071423363,False
2021-04-13,412.86,0.002963754737149049,2963.754737149049,0.008560715372860886,19915.202007923664,-2963.754737149049,False
2021-04-14,411.45,-0.0034152012788839503,-3415.20127888395,0.008331610130217743,19382.22351376918,3415.20127888395,False
2021-04-15,415.87,0.010742496050552885,10742.496050552885,0.008120997457624743,18892.265170636394,-10742.496050552885,False
2021-04-16,417.26,0.003342390650924454,3342.390650924454,0.008301664713062757,19312.56005623341,-3342.390650924454,False
2021-04-19,415.21,-0.004913003882471401,-4913.003882471401,0.008090295007193982,18820.840590348947,4913.003882471401,False
2021-04-20,412.17,-0.007321596300667088,-7321.596300667088,0.007935613229875368,18460.996966530933,7321.596300667088,False
2021-04-21,416.07,0.00946211514666273,9462.11514666273,0.007900118115415687,18378.422982468815,-9462.11514666273,False
2021-04-22,412.27,-0.009133078568510089,-9133.07856851009,0.008002440355678398,18616.46010857107,9133.07856851009,False
2021-04-23,416.74,0.010842409100832118,10842.409100832117,0.008074744330053646,18784.66430564363,-10842.409100832117,False
2021-04-26,417.61,0.0020876325766665538,2087.6325766665536,0.00826697504185043,19231.859813357438,-2087.6325766665536,False
2021-04-27,417.52,-0.00021551208064951588,-215.5120806495159,0.008031425548962825,18683.88975134696,215.5120806495159,False
2021-04-28,417.4,-0.00028741138149068757,-287.4113814906876,0.0077869349101578585,18115.11947354014,287.4113814906876,False
2021-04-29,420.06,0.006372783900335577,6372.783900335577,0.007550041741306183,17564.023553807245,-6372.783900335577,False
2021-04-30,417.3,-0.006570489930009971,-6570.4899300099705,0.007484629914442017,17411.852889444664,6570.4899300099705,False
2021-05-03,418.2,0.0021567217828899476,2156.7217828899475,0.007432952585212181,17291.63344445473,-2156.7217828899475,False
2021-05-04,415.62,-0.006169296987087458,-6169.296987087459,0.007225852476829237,16809.84654760444,6169.296987087459,False
2021-05-05,415.75,0.00031278571772297425,312.78571772297425,0.00716685292822299,16672.593073134925,-312.78571772297425,False
2021-05-06,419.07,0.007985568250150399,7985.568250150399,0.006948944102193112,16165.661338965585,-7985.568250150399,False
2021-05-07,422.12,0.00727802037845704,7278.020378457039,0.007015462401292503,16320.406042660265,-7278.020378457039,False
2021-05-10,417.94,-0.009902397422533848,-9902.397422533848,0.007031492357918482,16357.697298178078,9902.397422533848,False
2021-05-11,414.21,-0.008924726037230268,-8924.726037230268,0.007235939481195676,16833.312428767742,8924.726037230268,False
2021-05-12,405.41,-0.021245262065135884,-21245.262065135885,0.007348219856221759,17094.51564050618,21245.262065135885,True
2021-05-13,410.28,0.012012530524653897,12012.530524653897,0.008822597382008744,20524.43066315433,-12012.530524653897,False
2021-05-14,416.58,0.015355367066393733,15355.367066393732,0.009045771634718092,21043.611611485372,-15355.367066393732,False
2021-05-17,415.52,-0.0025445292620864812,-2544.529262086481,0.009542728292477133,22199.70567575356,2544.529262086481,False
2021-05-18,411.94,-0.00861571043511744,-8615.71043511744,0.009272988796398806,21572.197772506894,8615.71043511744,False
2021-05-19,410.86,-0.002621741030247038,-2621.741030247038,0.009234871408046623,21483.523467149807,2621.741030247038,False
2021-05-20,415.28,0.010757922406659182,10757.922406659181,0.008976541120584722,20882.557352112453,-10757.922406659181,False
2021-05-21,414.94,-0.0008187247158543132,-818.7247158543132,0.009093270408969345,21154.110283984322,818.7247158543132,False
2021-05-24,419.17,0.010194244951077236,10194.244951077237,0.008818533400538908,20514.976428501832,-10194.244951077237,False
2021-05-25,418.24,-0.002218670229262587,-2218.670229262587,0.008907070071779434,20720.943525416886,2218.670229262587,False
2021-05-26,419.07,0.001984506503442951,1984.506503442951,0.00865280840438216,20129.442436017154,-1984.506503442951,False
2021-05-27,419.29,0.0005249719617248516,524.9719617248516,0.008403280529037584,19548.953793695375,-524.9719617248516,False
2021-05-28,420.04,0.0017887381048915518,1788.7381048915518,0.00814829748870007,18955.77453988973,-1788.7381048915518,False
2021-06-01,419.67,-0.0008808684887153806,-880.8684887153806,0.007912208407705651,18406.549208234104,880.8684887153806,False
2021-06-02,420.33,0.001572664236185517,1572.664236185517,0.007674204527598584,17852.86938773356,-1572.664236185517,False
2021-06-03,418.77,-0.0037113696381414485,-3711.3696381414484,0.007450382982875198,17332.182613001773,3711.3696381414484,False
2021-06-04,422.6,0.00914583184086748,9145.83184086748,0.007280396285332306,16936.734420557645,-9145.83184086748,False
2021-06-07,422.19,-0.000970184571699062,-970.1845716990621,0.007405585342893373,17227.967718468008,970.1845716990621,False
2021-06-08,422.28,0.00021317416329136307,213.17416329136307,0.00718391314680337,16712.281076360065,-213.17416329136307,False
2021-06-09,421.65,-0.0014919011082693556,-1491.9011082693555,0.0069652579426894975,16203.613007121792,1491.9011082693555,False
2021-06-10,423.61,0.004648405075299511,4648.405075299511,0.006762948709750688,15732.97135317576,-4648.405075299511,False
2021-06-11,424.31,0.0016524633507235542,1652.4633507235542,0.0066550497308675025,15481.960793039683,-1652.4633507235542,False
2021-06-14,425.26,0.002238929084867225,2238.929084867225,0.006464993721004646,15039.824398546543,-2238.929084867225,False
2021-06-15,424.48,-0.0018341720359309477,-1834.1720359309477,0.006291990415655096,14637.358526944578,1834.1720359309477,False
2021-06-16,422.11,-0.005583301922352013,-5583.301922352013,0.006116833004970572,14229.881456976138,5583.301922352013,False
2021-06-17,421.97,-0.00033166710099263863,-331.6671009926386,0.006086140227716074,14158.479379861727,331.6671009926386,False
2021-06-18,414.92,-0.01670734886366332,-16707.34886366332,0.005901291120008509,13728.456051127885,16707.34886366332,True
2021-06-21,420.86,0.014316012725344551,14316.012725344552,0.007034476031179219,16364.638360125027,-14316.012725344552,False
2021-06-22,423.11,0.005346195884617266,5346.1958846172665,0.007668879649099631,17840.481867957995,-5346.1958846172665,False
2021-06-23,422.6,-0.00120536030819407,-1205.36030819407,0.0075496967352493,17563.220949700284,1205.36030819407,False
2021-06-24,425.1,0.005915759583530633,5915.759583530633,0.0073256548618491485,17042.021613819714,-5915.759583530633,False
2021-06-25,426.61,0.0035521053869678187,3552.105386967819,0.007248798430957099,16863.22681920763,-3552.105386967819,False
2021-06-28,427.47,0.002015892735754088,2015.8927357540879,0.007081625599528322,16474.324658215904,-2015.8927357540879,False
2021-06-29,427.7,0.00053804945376279,538.04945376279,0.006883624428693444,16013.70505538659,-538.04945376279,False
2021-06-30,428.06,0.0008417114800094438,841.7114800094439,0.006675222692290385,15528.890118958914,-841.7114800094439,False
2021-07-01,430.43,0.005536607017707862,5536.607017707862,0.006475151797842516,15063.455619002665,-5536.607017707862,False
2021-07-02,433.72,0.007643519271426369,7643.5192714263685,0.0064227078707433756,14941.452800689227,-7643.5192714263685,False
2021-07-06,432.93,-0.0018214516277783588,-1821.4516277783587,0.006502423319078384,15126.898664451584,1821.4516277783587,False
2021-07-07,434.46,0.003534058623795966,3534.058623795966,0.006320101236626267,14702.754075548404,-3534.058623795966,False
2021-07-08,430.92,-0.008148045850020602,-8148.045850020602,0.006188411192230052,14396.397220734925,8148.045850020602,False
2021-07-09,435.52,0.010674835236238689,10674.835236238689,0.006323138949091136,14709.820851483,-10674.835236238689,False
2021-07-12,437.08,0.0035819250551065718,3581.9250551065716,0.006664854644971122,15504.770434119791,-3581.9250551065716,False
2021-07-13,435.59,-0.0034089869131509465,-3408.9869131509463,0.006521110443651569,15170.37141697435,3408.9869131509463,False
2021-07-14,436.24,0.0014922289308754166,1492.2289308754166,0.006377355254307661,14835.946837861813,-1492.2289308754166,False
2021-07-15,434.75,-0.0034155510728040017,-3415.5510728040017,0.006193869975079821,14409.096248612337,3415.5510728040017,False
2021-07-16,431.34,-0.007843588269120239,-7843.588269120239,0.0060631792897752525,14105.064250697113,7843.588269120239,False
2021-07-19,424.97,-0.014767932489451407,-14767.932489451407,0.006184474685055377,14387.239535637973,14767.932489451407,True
2021-07-20,431.06,0.014330423323999364,14330.423323999365,0.007002740413799802,16290.810274103047,-14330.423323999365,False
2021-07-21,434.55,0.00809632069781463,8096.32069781463,0.007643149407383231,17780.62437484249,-8096.32069781463,False
2021-07-22,435.46,0.002094120354389606,2094.120354389606,0.007671094669099017,17845.634775024526,-2094.120354389606,False
2021-07-23,439.94,0.010287971340651403,10287.971340651402,0.0074550702357833445,17343.08679383973,-10287.971340651402,False
2021-07-26,441.02,0.002454880210937871,2454.8802109378707,0.007654667147930003,17807.41864607723,-2454.8802109378707,False
2021-07-27,439.01,-0.0045576164346288195,-4557.61643462882,0.0074457961030279475,17321.511934820643,4557.61643462882,False
2021-07-28,438.83,-0.00041001343932944856,-410.01343932944854,0.007304779181146143,16993.457518397125,410.01343932944854,False
2021-07-29,440.65,0.004147391928537303,4147.391928537303,0.007082958252976902,16477.42487373284,-4147.391928537303,False
2021-07-30,438.51,-0.004856462044706689,-4856.462044706688,0.006941919860178635,16149.320508488458,4856.462044706688,False
2021-08-02,437.59,-0.002098013728307313,-2098.013728307313,0.006834760396673362,15900.03031837961,2098.013728307313,False
2021-08-03,441.15,0.00813546927489206,8135.46927489206,0.006646443590025307,15461.939915587747,-8135.46927489206,False
2021-08-04,438.98,-0.0049189618043747885,-4918.961804374789,0.006745061250354066,15691.358900036435,4918.961804374789,False
2021-08-05,441.76,0.006332862544990547,6332.862544990548,0.0066496519689935776,15469.403721179699,-6332.862544990548,False
2021-08-06,442.49,0.001652480985150362,1652.480985150362,0.006631071399935337,15426.178853852593,-1652.480985150362,False
2021-08-09,442.13,-0.0008135777079708584,-813.5777079708583,0.006441791912251977,14985.848920080867,813.5777079708583,False
2021-08-10,442.68,0.0012439780155157898,1243.9780155157898,0.006248727596841145,14536.714160371728,-1243.9780155157898,False
2021-08-11,443.78,0.002484864913707252,2484.864913707252,0.006066024205601051,14111.682514580283,-2484.864913707252,False
2021-08-12,445.11,0.002996980485826306,2996.980485826306,0.0059126410259311354,13754.859880641552,-2996.980485826306,False
2021-08-13,445.92,0.0018197748871064956,1819.7748871064955,0.005779331967397093,13444.736635730496,-1819.7748871064955,False
2021-08-16,446.97,0.002354682454251966,2354.682454251966,0.005620972526920932,13076.337488044483,-2354.682454251966,False
2021-08-17,444.04,-0.006555249793050999,-6555.249793050999,0.005480171893938878,12748.786234843075,6555.249793050999,False
2021-08-18,439.18,-0.01094495991352129,-10944.95991352129,0.00555055176886481,12912.514307252279,10944.95991352129,False
2021-08-19,439.86,0.0015483400883464782,1548.3400883464783,0.006012290436516908,13986.679075107186,-1548.3400883464783,False
2021-08-20,443.36,0.007957077251852906,7957.077251852907,0.005841456970414278,13589.261004424305,-7957.077251852907,False
2021-08-23,447.26,0.008796463370624341,8796.46337062434,0.0059895047431725735,13933.671625837047,-8796.46337062434,False
2021-08-24,447.97,0.0015874435451415092,1587.4435451415093,0.0061938988621240585,14409.163449926285,-1587.4435451415093,False
2021-08-25,448.91,0.002098354800544655,2098.354800544655,0.00601778354113116,13999.457947348437,-2098.354800544655,False
2021-08-26,446.26,-0.005903187721369663,-5903.1877213696625,0.005857053968948269,13625.545048805274,5903.1877213696625,False
2021-08-27,450.25,0.008940976112580046,8940.976112580045,0.005859832236496714,13632.008265610117,-8940.976112580045,False
2021-08-30,452.23,0.004397556912826284,4397.556912826284,0.006088829036870435,14164.734485321676,-4397.556912826284,False
2021-08-31,451.56,-0.0014815470004201359,-1481.5470004201359,0.006000809870835363,13959.971285541138,1481.5470004201359,False
2021-09-01,451.8,0.0005314908317832767,531.4908317832767,0.005829308265174133,13560.998889816545,-531.4908317832767,False
2021-09-02,453.19,0.003076582558654284,3076.5825586542837,0.005653223302652919,13151.364011604757,-3076.5825586542837,False
2021-09-03,453.08,-0.00024272380237877478,-242.7238023787748,0.005532568960391858,12870.680038991943,242.7238023787748,False
2021-09-07,451.46,-0.0035755275006621456,-3575.5275006621455,0.0053643541115456226,12479.353782996403,3575.5275006621455,False
2021-09-08,450.91,-0.0012182696141407323,-1218.2696141407323,0.005274161653428203,12269.534749800427,1218.2696141407323,False
2021-09-09,448.98,-0.0042802333059812625,-4280.233305981263,0.005122189485841702,11915.99462082219,4280.233305981263,False
2021-09-10,445.44,-0.007884538286783371,-7884.538286783371,0.005075612224190607,11807.639707201522,7884.538286783371,False
2021-09-13,446.58,0.002559267241379226,2559.267241379226,0.0052864057471099495,12298.018771106514,-2559.267241379226,False
2021-09-14,444.17,-0.005396569483631097,-5396.569483631098,0.005163556091344442,12012.227735589775,5396.569483631098,False
2021-09-15,447.88,0.008352657766170557,8352.657766170558,0.005177832611185126,12045.439887169852,-8352.657766170558,False
2021-09-16,447.17,-0.0015852460480485497,-1585.2460480485497,0.005421011623489772,12611.158865456116,1585.2460480485497,False
2021-09-17,441.4,-0.01290337008296627,-12903.37008296627,0.005270190252985346,12260.295890823221,12903.37008296627,True
2021-09-20,434.04,-0.016674218396012574,-16674.218396012573,0.006008180136645488,13977.117087739638,16674.218396012573,True
2021-09-21,433.63,-0.0009446133996867667,-944.6133996867667,0.007114359309747714,16550.474655394257,944.6133996867667,False
2021-09-22,437.86,0.009754860134215892,9754.860134215893,0.006901507049434522,16055.306252129874,-9754.860134215893,False
2021-09-23,443.18,0.012150002283835004,12150.002283835003,0.0071050960130372345,16528.925004785222,-12150.002283835003,False
2021-09-24,443.91,0.0016471862448665942,1647.186244866594,0.007504052193517893,17457.035867081857,-1647.186244866594,False
2021-09-27,442.64,-0.0028609402806876183,-2860.9402806876183,0.007286627801334093,16951.23109456045,2860.9402806876183,False
2021-09-28,433.72,-0.02015181637448027,-20151.81637448027,0.007099320163906125,16515.488370438285,20151.81637448027,True
2021-09-29,434.45,0.0016831135294659294,1683.1135294659293,0.008470068959206397,19704.326916229118,-1683.1135294659293,False
2021-09-30,429.14,-0.012222350097824797,-12222.350097824798,0.008222378995915556,19128.113896706214,12222.350097824798,False
2021-10-01,434.24,0.011884233583445925,11884.233583445925,0.008515527927624498,19810.080290764658,-11884.233583445925,False
2021-10-04,428.64,-0.012896094325718588,-12896.094325718588,0.008754282575113615,20365.506657368336,12896.094325718588,False
2021-10-05,433.1,0.010405001866368169,10405.00186636817,0.009056366298472665,21068.258484987,-10405.00186636817,False
2021-10-06,434.9,0.004156084045255026,4156.0840452550265,0.009142896047234284,21269.55678205988,-4156.0840452550265,False
2021-10-07,438.66,0.008645665670269143,8645.665670269143,0.008922632869180136,20757.148006064133,-8645.665670269143,False
2021-10-08,437.86,-0.0018237359230384165,-1823.7359230384166,0.008906257731056718,20719.053738303595,1823.7359230384166,False
2021-10-11,434.69,-0.007239756999954383,-7239.756999954383,0.008646484946422213,20114.731873035445,7239.756999954383,False
2021-10-12,433.62,-0.002461524304676832,-2461.524304676832,0.008568596425207976,19933.53607729652,2461.524304676832,False
2021-10-13,435.18,0.00359762003597619,3597.62003597619,0.008329414152889299,19377.11490657971,-3597.62003597619,False
2021-10-14,442.5,0.016820625947883583,16820.625947883582,0.008123605352177496,18898.33204058491,-16820.625947883582,False
2021-10-15,445.87,0.007615819209039643,7615.819209039642,0.008888722828368997,20678.261454714502,-7615.819209039642,False
2021-10-18,447.19,0.0029605041828335565,2960.5041828335566,0.008817532083405235,20512.647016516672,-2960.5041828335566,False
2021-10-19,450.64,0.007714841566224706,7714.841566224706,0.00857961623969058,19959.17199929045,-7714.841566224706,False
2021-10-20,452.41,0.003927747203976706,3927.747203976706,0.008530202386500423,19844.218186973365,-3927.747203976706,False
2021-10-21,453.59,0.002608253575296704,2608.253575296704,0.00832611094541016,19369.4304968831,-2608.253575296704,False
2021-10-22,453.12,-0.0010361780462531112,-1036.1780462531112,0.008097706790786204,18838.08297735156,1036.1780462531112,False
2021-10-25,455.55,0.005362817796610075,5362.817796610076,0.007855119594887433,18273.74076990293,-5362.817796610076,False
2021-10-26,455.96,0.0009000109757435482,900.0109757435482,0.0077282804363042945,17978.668762987916,-900.0109757435482,False
2021-10-27,453.94,-0.004430213176594422,-4430.213176594422,0.007496088351761965,17438.509200743756,4430.213176594422,False
2021-10-28,458.32,0.00964885227122525,9648.85227122525,0.007348296909500893,17094.69489323828,-9648.85227122525,False
2021-10-29,459.25,0.0020291499389073486,2029.1499389073485,0.007506240099482914,17462.125697472184,-2029.1499389073485,False
2021-11-01,460.04,0.0017201959716930393,1720.1959716930394,0.007294523217708901,16969.598579658654,-1720.1959716930394,False
2021-11-02,461.9,0.0040431266846361336,4043.1266846361336,0.007084843631734881,16481.81092059823,-4043.1266846361336,False
2021-11-03,464.72,0.006105217579562838,6105.217579562838,0.006940037545449394,16144.941589619812,-6105.217579562838,False
2021-11-04,466.91,0.004712515062833544,4712.515062833544,0.006892800212246152,16035.051119947091,-4712.515062833544,False
2021-11-05,468.53,0.0034696194127346036,3469.6194127346034,0.006781778599529046,15776.776227230066,-3469.6194127346034,False
2021-11-08,468.93,0.0008537340191663301,853.7340191663301,0.006629876714298827,15423.39959946195,-853.7340191663301,False
2021-11-09,467.38,-0.003305397394067322,-3305.3973940673222,0.006431304769525592,14961.45217789458,3305.3973940673222,False
2021-11-10,463.62,-0.008044845735803774,-8044.845735803774,0.006287727673187961,14627.441905068576,8044.845735803774,False
2021-11-11,463.77,0.000323540830852842,323.540830852842,0.006406758986368699,14904.350147430874,-323.540830852842,False
2021-11-12,467.27,0.007546844340944769,7546.844340944769,0.006212088842491296,14451.479672082452,-7546.844340944769,False
2021-11-15,467.43,0.0003424144498898052,342.41444988980516,0.006300153687821557,14656.349137794241,-342.41444988980516,False
2021-11-16,469.28,0.00395781186487798,3957.8118648779805,0.00610880145037395,14211.19726701504,-3957.8118648779805,False
2021-11-17,468.14,-0.002429253324241376,-2429.253324241376,0.006001521834997482,13961.627561856078,2429.253324241376,False
2021-11-18,469.73,0.003396419874396539,3396.419874396539,0.005849037936156229,13606.896967961271,-3396.419874396539,False
2021-11-19,468.89,-0.0017882613416217996,-1788.2613416217996,0.005731553905327139,13333.588242608268,1788.2613416217996,False
2021-11-22,467.57,-0.0028151592057839014,-2815.1592057839016,0.005574185167093651,12967.493812978304,2815.1592057839016,False
2021-11-23,468.19,0.0013260046624035127,1326.0046624035126,0.005448188243963185,12674.381138718058,-1326.0046624035126,False
2021-11-24,469.44,0.002669856254939207,2669.856254939207,0.0052921911468731065,12311.47762354601,-2669.856254939207,False
2021-11-26,458.97,-0.02230316973415125,-22303.16973415125,0.005172478888527419,12032.98526584689,22303.16973415125,True
2021-11-29,464.6,0.012266596945334163,12266.596945334162,0.007415871384574289,17251.8966296647,-12266.596945334162,False
2021-11-30,455.56,-0.019457597933706494,-19457.597933706493,0.007792535115490453,18128.147499309813,19457.597933706493,True
2021-12-01,450.5,-0.011107208710158911,-11107.208710158911,0.00893286484592538,20780.95114341267,11107.208710158911,False
2021-12-02,457.4,0.01531631520532728,15316.31520532728,0.00907802373945437,21118.641226771957,-15316.31520532728,False
2021-12-03,453.42,-0.008701355487538143,-8701.355487538143,0.009567719414854705,22257.84372016652,8701.355487538143,False
2021-12-06,458.79,0.011843324070398342,11843.324070398343,0.00951796169106259,22142.08994520562,-11843.324070398343,False
2021-12-07,468.28,0.020684844918154255,20684.844918154256,0.009673259976325019,22503.36778096806,-20684.844918154256,False
2021-12-08,469.52,0.002647988383018829,2647.9883830188287,0.010659709640167632,24798.192859296625,-2647.9883830188287,False
2021-12-09,466.35,-0.006751576077696275,-6751.576077696275,0.010355305673157018,24090.043337791885,6751.576077696275,False
2021-12-10,470.74,0.009413530610056897,9413.530610056898,0.010175138378490097,23670.911534871804,-9413.530610056898,False
2021-12-13,466.57,-0.008858393168203249,-8858.393168203249,0.010131056611870524,23568.362010812398,8858.393168203249,False
2021-12-14,463.36,-0.006879996570718139,-6879.996570718139,0.010059238408542573,23401.287886182985,6879.996570718139,False
2021-12-15,470.6,0.015625,15625.0,0.009897324986433953,23024.62094088192,-15625.0,False
2021-12-16,466.45,-0.008818529536761655,-8818.529536761655,0.010330927203008666,24033.3305355899,8818.529536761655,False
2021-12-17,459.87,-0.01410654946939649,-14106.54946939649,0.01024648043246445,23836.877970464746,14106.54946939649,False
2021-12-20,454.98,-0.010633439885184948,-10633.439885184947,0.010518109328850698,24468.781276100955,10633.439885184947,False
2021-12-21,463.06,0.0177590223746098,17759.0223746098,0.010525064800273072,24484.962122257348,-17759.0223746098,False
2021-12-22,467.69,0.009998704271584558,9998.704271584558,0.011092941100044836,25806.039944949567,-9998.704271584558,False
2021-12-23,470.6,0.006222070174688454,6222.070174688454,0.011030348450559314,25660.427667888343,-6222.070174688454,False
2021-12-27,477.26,0.014152146196344972,14152.146196344973,0.01080237571832399,25130.083786913412,-14152.146196344973,False
2021-12-28,476.87,-0.0008171646482001416,-817.1646482001415,0.011032082142914314,25664.460839412637,817.1646482001415,False
2021-12-29,477.48,0.0012791746178204555,1279.1746178204555,0.010697873232903091,24886.97465212252,-1279.1746178204555,False
2021-12-30,476.16,-0.002764513696908777,-2764.513696908777,0.010376704653549755,24139.82481033517,2764.513696908777,False
2021-12-31,474.96,-0.002520161290322731,-2520.161290322731,0.010083352203399664,23457.384961583834,2520.161290322731,False
2022-01-03,477.71,0.005789961259895504,5789.961259895505,0.009795643160818539,22788.07364203291,-5789.961259895505,False
2022-01-04,477.55,-0.0003349312344308464,-334.93123443084636,0.009602539587083772,22338.847553805346,334.93123443084636,False
2022-01-05,468.38,-0.019202177782431162,-19202.17778243116,0.009310369018794484,21659.157173408257,19202.17778243116,False
2022-01-06,467.94,-0.0009394081728510972,-939.4081728510972,0.010178674318664788,23679.137361779933,939.4081728510972,False
2022-01-07,466.09,-0.003953498311749404,-3953.498311749404,0.009871273245900576,22964.01552967703,3953.498311749404,False
2022-01-10,465.51,-0.001244394859361897,-1244.394859361897,0.009619424218713864,22378.127080701972,1244.394859361897,False
2022-01-11,469.75,0.009108289832656657,9108.289832656657,0.00933135756873374,21707.983841938647,-9108.289832656657,False
2022-01-12,471.02,0.002703565726450252,2703.565726450252,0.00931812409509399,21677.19817867064,-2703.565726450252,False
2022-01-13,464.53,-0.013778608127043457,-13778.608127043457,0.009058495819434435,21073.21249154914,13778.608127043457,False
2022-01-14,464.72,0.0004090155641187643,409.01556411876425,0.009408717672200933,21887.950354175126,-409.01556411876425,False
2022-01-18,456.49,-0.017709588569461254,-17709.588569461255,0.00912264039436919,21222.43508707986,17709.588569461255,False
2022-01-19,451.75,-0.010383579048829139,-10383.579048829139,0.00985124283210263,22917.417819122024,10383.579048829139,False
2022-01-20,446.75,-0.011068068622025473,-11068.068622025474,0.009883991554459527,22993.602739754544,11068.068622025474,False
2022-01-21,437.98,-0.019630665920537194,-19630.665920537194,0.009959006993020013,23168.114745769974,19630.665920537194,False
2022-01-24,439.84,0.004246769258870131,4246.769258870131,0.010786690583252337,25093.59470628543,-4246.769258870131,False
2022-01-25,434.47,-0.012208985085485513,-12208.985085485514,0.010509692434261824,24449.2006512681,12208.985085485514,False
2022-01-26,433.38,-0.0025088038299537763,-2508.803829953776,0.010619320880737613,24704.234554661452,2508.803829953776,False
2022-01-27,431.24,-0.004937929761410276,-4937.929761410276,0.010314137055974055,23994.270812731098,4937.929761410276,False
2022-01-28,441.95,0.02483535850106655,24835.358501066552,0.010072811267792591,23432.86307844392,-24835.358501066552,False
2022-01-31,449.91,0.018011087227062017,18011.087227062017,0.011505717584703926,26766.301642490296,-18011.087227062017,False
2022-02-01,452.95,0.006756906936942864,6756.9069369428635,0.011995941009219638,27906.73186391744,-6756.9069369428635,False
2022-02-02,457.35,0.009714096478640188,9714.09647864019,0.011747671775128346,27329.171258999417,-9714.09647864019,False
2022-02-03,446.6,-0.023504974308516502,-23504.974308516503,0.011635684115330655,27068.64900471025,23504.974308516503,False
2022-02-04,448.7,0.004702194357366629,4702.194357366629,0.012665497431072098,29464.353022444302,-4702.194357366629,False
2022-02-07,447.26,-0.003209271227991972,-3209.271227991972,0.012333554782477408,28692.13894758256,3209.271227991972,False
2022-02-08,450.94,0.008227876402987055,8227.876402987056,0.011983636529322725,27878.10736326808,-8227.876402987056,False
2022-02-09,457.54,0.014636093493591185,14636.093493591185,0.011792072286289328,27432.462293745095,-14636.093493591185,False
2022-02-10,449.32,-0.017965642348210076,-17965.642348210076,0.011981765506049473,27873.75471225407,17965.642348210076,False
2022-02-11,440.46,-0.019718686014421838,-19718.686014421837,0.012422350850884365,28898.709492544273,19718.686014421837,False
2022-02-14,439.02,-0.003269309358398087,-3269.309358398087,0.012976344142740697,30187.490609287135,3269.309358398087,False
2022-02-15,446.1,0.01612682793494602,16126.827934946019,0.012606493560583963,29327.08949377405,-16126.827934946019,False
2022-02-16,446.6,0.00112082492714638,1120.8249271463799,0.012844949741204266,29881.82152261199,-1120.8249271463799,False
2022-02-17,437.06,-0.021361397223466194,-21361.397223466192,0.0124566666782835,28978.540044660203,21361.397223466192,False
2022-02-18,434.23,-0.006475083512561208,-6475.083512561208,0.013161952344927768,30619.27985584957,6475.083512561208,False
2022-02-22,429.57,-0.010731639914331126,-10731.639914331126,0.012859174644899225,29914.913597081195,10731.639914331126,False
2022-02-23,421.95,-0.017738668901459587,-17738.668901459587,0.012741544486842631,29641.264928963148,17738.668901459587,False
2022-02-24,428.3,0.015049176442706536,15049.176442706535,0.013095257195615327,30464.123737037735,-15049.176442706535,False
2022-02-25,437.75,0.022063973850104945,22063.973850104947,0.013220638337628743,30755.803890205458,-22063.973850104947,False
2022-02-28,436.63,-0.002558537978298081,-2558.5379782980813,0.013910690058174795,32361.104243275993,2558.5379782980813,False
2022-03-01,429.98,-0.015230286512607827,-15230.286512607827,0.013501467587492497,31409.11041859449,15230.286512607827,False
2022-03-02,437.89,0.018396204474626643,18396.204474626644,0.01361139034156729,31664.828983845095,-18396.204474626644,False
2022-03-03,435.71,-0.004978419237708143,-4978.419237708143,0.013944854626456922,32440.582914066643,4978.419237708143,False
2022-03-04,432.17,-0.008124670078721974,-8124.670078721974,0.013574922165751778,31579.991320566533,8124.670078721974,False
2022-03-07,419.43,-0.029479140153180428,-29479.140153180426,0.013310988578281127,30965.989980466213,29479.140153180426,False
2022-03-08,416.25,-0.00758171804591945,-7581.71804591945,0.01478826068763714,34402.6388114464,7581.71804591945,False
2022-03-09,427.41,0.026810810810810937,26810.810810810937,0.014457525439273916,33633.233569546246,-26810.810810810937,False
2022-03-10,425.48,-0.00451557052946816,-4515.57052946816,0.015479276917789251,36010.18294938848,4515.57052946816,False
2022-03-11,420.07,-0.01271505123625083,-12715.051236250829,0.015048420372123547,35007.86074036249,12715.051236250829,False
2022-03-14,417.0,-0.007308305758564004,-7308.3057585640045,0.014918713417409808,34706.11724201587,7308.3057585640045,False
2022-03-15,426.17,0.021990407673860846,21990.407673860846,0.014574587795632327,33905.56133339085,-21990.407673860846,False
2022-03-16,435.62,0.022174249712556104,22174.249712556106,0.015122439440367914,35180.05484241126,-22174.249712556106,False
2022-03-17,441.07,0.012510903998898204,12510.903998898204,0.0156354956803047,36373.60213545159,-12510.903998898204,False
2022-03-18,444.52,0.007821887682227358,7821.887682227358,0.015465832172595052,35978.90579498893,-7821.887682227358,False
2022-03-21,444.39,-0.00029245028345181723,-292.4502834518172,0.015116592291856865,35166.45234090338,292.4502834518172,False
2022-03-22,449.59,0.01170143342559471,11701.433425594709,0.014656255060459008,34095.54780129912,-11701.433425594709,False
2022-03-23,443.8,-0.01287840032029175,-12878.40032029175,0.014495960689316661,33722.64733177141,12878.40032029175,False
2022-03-24,450.49,0.015074357818837258,15074.357818837258,0.014404030526780432,33508.78579359503,-15074.357818837258,False
2022-03-25,452.69,0.004883571222446648,4883.571222446648,0.014445127396823389,33604.391409849195,-4883.571222446648,False
2022-03-28,455.91,0.007113035410545976,7113.0354105459755,0.01405606485659883,32699.296596528864,-7113.0354105459755,False
2022-03-29,461.55,0.012370862670263882,12370.862670263883,0.013738788085666026,31961.200454986792,-12370.862670263883,False
2022-03-30,458.7,-0.006174845628859282,-6174.845628859282,0.013660575931177284,31779.25177566775,6174.845628859282,False
2022-03-31,451.64,-0.015391323304992377,-15391.323304992377,0.013330505534209386,31011.393209397665,15391.323304992377,False
2022-04-01,452.92,0.0028341156673457046,2834.1156673457044,0.013463053335497854,31319.745505133884,-2834.1156673457044,False
2022-04-04,456.8,0.008566634284200347,8566.634284200347,0.013071362190091206,30408.535641736504,-8566.634284200347,False
2022-04-05,451.03,-0.012631348511383589,-12631.348511383589,0.012845704041111464,29883.57628659749,12631.348511383589,False
2022-04-06,446.52,-0.009999334855774533,-9999.334855774534,0.012832943679689382,29853.891246931238,9999.334855774534,False
2022-04-07,448.77,0.0050389680193496655,5038.968019349665,0.012680795666297496,29499.942039437487,-5038.968019349665,False
2022-04-08,447.57,-0.0026739755331238735,-2673.9755331238734,0.012356289731491719,28745.02834788843,2673.9755331238734,False
2022-04-11,439.92,-0.01709229841142168,-17092.29841142168,0.011997759410904953,27910.962098812226,17092.29841142168,False
2022-04-12,438.29,-0.0037052191307510585,-3705.2191307510584,0.012362777071845393,28760.12015832838,3705.2191307510584,False
2022-04-13,443.31,0.011453603778320165,11453.603778320165,0.012020469227150428,27963.793031554746,-11453.603778320165,False
2022-04-14,437.79,-0.012451783176558151,-12451.78317655815,0.011987213270191832,27886.428106784922,12451.78317655815,False
2022-04-18,437.97,0.0004111560337147768,411.1560337147768,0.012015594006228755,27952.451571728132,-411.1560337147768,False
2022-04-19,445.04,0.016142658172934254,16142.658172934254,0.011649985936481328,27101.92001593903,-16142.658172934254,False
2022-04-20,444.71,-0.0007415063814489864,-741.5063814489864,0.011967203798477405,27839.879114801384,741.5063814489864,False
2022-04-21,438.06,-0.01495356524476621,-14953.565244766209,0.011604056129296268,26995.071306638958,14953.565244766209,False
2022-04-22,426.04,-0.027439163584896953,-27439.163584896953,0.011831796919509547,27524.875609784,27439.163584896953,False
2022-04-25,428.51,0.005797577692235434,5797.5776922354335,0.013295352388642009,30929.61476394115,-5797.5776922354335,False
2022-04-26,416.1,-0.028960817717206044,-28960.817717206046,0.012968312375005817,30168.80592349231,28960.817717206046,False
2022-04-27,417.27,0.0028118240807497585,2811.8240807497587,0.014436420473072245,33584.13607629128,-2811.8240807497587,False
2022-04-28,427.81,0.02525942435353623,25259.42435353623,0.014013564970787559,32600.427077524833,-25259.42435353623,False
2022-04-29,412.0,-0.03695565788550992,-36955.65788550992,0.01492914981234284,34730.39592718098,36955.65788550992,True
2022-05-02,414.48,0.006019417475728206,6019.417475728206,0.017071906227989445,39715.19275930783,-6019.417475728206,False
2022-05-03,416.38,0.004584057131827857,4584.057131827857,0.016617370024364718,38657.783428330855,-4584.057131827857,False
2022-05-04,429.06,0.030452951630721925,30452.951630721924,0.01615021925926479,37571.02823908409,-30452.951630721924,False
2022-05-05,413.81,-0.035542814524775035,-35542.814524775036,0.01734424235809605,40348.74133660584,35542.814524775036,False
2022-05-06,411.34,-0.005968922935646881,-5968.922935646881,0.01893596784583097,44051.648541054594,5968.922935646881,False
2022-05-09,398.17,-0.032017309281859196,-32017.309281859198,0.01841722856521972,42844.88051842314,32017.309281859198,False
2022-05-10,399.09,0.002310570861692174,2310.570861692174,0.0195025417615537,45369.696565383165,-2310.570861692174,False
2022-05-11,392.75,-0.015886140970708285,-15886.140970708284,0.018916884291920046,44007.253555984775,15886.140970708284,False
2022-05-12,392.34,-0.0010439210693826695,-1043.9210693826694,0.018748860475547063,43616.371707977254,1043.9210693826694,False
2022-05-13,401.72,0.023907835041035996,23907.835041035996,0.01817949309677212,42291.82511681596,-23907.835041035996,False
2022-05-16,400.09,-0.004057552524146302,-4057.552524146302,0.018573082826531875,43207.45174788687,4057.552524146302,False
2022-05-17,408.32,0.02057037166637521,20570.37166637521,0.018034679517238805,41954.93835393639,-20570.37166637521,False
2022-05-18,391.86,-0.04031152037617547,-40311.52037617547,0.018196788090256776,42332.05928814054,40311.52037617547,False
2022-05-19,389.46,-0.006124636349716828,-6124.636349716828,0.020217735567959555,47033.486156442596,6124.636349716828,False
2022-05-20,389.63,0.00043650182303700547,436.50182303700547,0.019659147790053285,45734.01666684515,-436.50182303700547,False
2022-05-23,396.92,0.018710058260400952,18710.058260400954,0.019060550840722792,44341.47192636283,-18710.058260400954,False
2022-05-24,393.89,-0.007633780106822585,-7633.780106822585,0.01903970323448156,44292.973141904695,7633.780106822585,False
2022-05-25,397.37,0.008834953921145638,8834.953921145638,0.01855414124191306,43163.38703277793,-8834.953921145638,False
2022-05-26,405.31,0.019981377557440227,19981.377557440228,0.01811861397675588,42150.199105392705,-19981.377557440228,False
2022-05-27,415.26,0.024549110557351206,24549.110557351207,0.01823574646231819,42422.69001416171,-24549.110557351207,False
2022-05-31,412.93,-0.0056109425420218795,-5610.9425420218795,0.018674834185210227,43444.16080482903,5610.9425420218795,False
2022-06-01,409.59,-0.008088538008863555,-8088.538008863555,0.018158012735621235,42241.85432431897,8088.538008863555,False
2022-06-02,417.39,0.01904343367757999,19043.43367757999,0.017715983962055672,41213.541626669845,-19043.43367757999,False
2022-06-03,410.54,-0.016411509619300824,-16411.509619300825,0.01779842308894606,41405.323714249076,16411.509619300825,False
2022-06-06,411.79,0.0030447703025284767,3044.770302528477,0.017718269990746972,41218.85972465584,-3044.770302528477,False
2022-06-07,415.74,0.00959226790354295,9592.26790354295,0.017194682420702455,40000.812894208575,-9592.26790354295,False
2022-06-08,411.22,-0.01087217972771437,-10872.17972771437,0.01683562810078334,39165.52764039955,10872.17972771437,False
2022-06-09,401.44,-0.023782889937259966,-23782.889937259966,0.0165385709375664,38474.469340281226,23782.889937259966,False
2022-06-10,389.8,-0.02899561578318055,-28995.61578318055,0.017060199886389675,39687.959736414414,28995.61578318055,False
2022-06-13,375.0,-0.037968188814776815,-37968.18881477682,0.018000892728765032,41876.33853039976,37968.18881477682,False
2022-06-14,373.87,-0.0030133333333333123,-3013.333333333312,0.019775874504128207,46005.563609977115,3013.333333333312,False
2022-06-15,379.2,0.01425629229411296,14256.29229411296,0.019187623884303995,44637.08803114586,-14256.29229411296,False
2022-06-16,366.65,-0.03309599156118148,-33095.99156118148,0.018928009084541706,44033.13369364932,33095.99156118148,False
2022-06-17,365.86,-0.0021546433928814057,-2154.643392881406,0.020062254002860484,46671.78194802183,2154.643392881406,False
2022-06-21,375.07,0.02517356365822976,25173.56365822976,0.019458235861038464,45266.62562791208,-25173.56365822976,False
2022-06-22,374.39,-0.0018129949076172158,-1812.9949076172159,0.019847621134273796,46172.471230485906,1812.9949076172159,False
2022-06-23,378.06,0.009802612249258935,9802.612249258935,0.019248106344271747,44777.7912733086,-9802.612249258935,False
2022-06-24,390.08,0.03179389514891806,31793.89514891806,0.018815570530401938,43771.56250226604,-31793.89514891806,False
2022-06-27,388.59,-0.003819729286300255,-3819.7292863002554,0.01983520251587772,46143.58120398167,3819.7292863002554,False
2022-06-28,380.65,-0.0204328469595203,-20432.846959520302,0.019253689600291318,44790.77986907995,20432.846959520302,False
2022-06-29,380.34,-0.0008143964271640769,-814.3964271640768,0.01932646795260776,44960.087634267504,814.3964271640768,False
2022-06-30,377.25,-0.00812430982804857,-8124.30982804857,0.01873876773441143,43592.892481093135,8124.30982804857,False
2022-07-01,381.24,0.010576540755467212,10576.540755467211,0.01827657505778622,42517.67153042883,-10576.540755467211,False
2022-07-05,381.96,0.0018885741265344258,1888.574126534426,0.017908182402283132,41660.66205948696,-1888.574126534426,False
2022-07-06,383.25,0.0033773169965440886,3377.3169965440884,0.017368788670201543,40405.844597588,-3377.3169965440884,False
2022-07-07,388.99,0.014977168949771746,14977.168949771747,0.016859973513728393,39222.16354004693,-14977.168949771747,False
2022-07-08,388.67,-0.0008226432556106555,-822.6432556106555,0.016752973463108153,38973.244199764275,822.6432556106555,False
2022-07-11,384.23,-0.011423572696632078,-11423.572696632078,0.01624386029180963,37788.869856067766,11423.572696632078,False
2022-07-12,380.83,-0.008848866564297508,-8848.866564297508,0.01599565872786595,37211.466675453776,8848.866564297508,False
2022-07-13,378.83,-0.005251687104482317,-5251.6871044823165,0.01565910529431415,36428.52631080939,5251.6871044823165,False
2022-07-14,377.91,-0.002428529947469782,-2428.5299474697817,0.015236467338196065,35445.323400105124,2428.5299474697817,False
2022-07-15,385.13,0.019105077928607272,19105.077928607272,0.014784275639793313,34393.368203866965,-19105.077928607272,False
2022-07-18,381.95,-0.008256952197959189,-8256.952197959188,0.015078479962558304,35077.78980466493,8256.952197959188,False
2022-07-19,392.27,0.02701924335646022,27019.24335646022,0.014758372541657799,34333.108586588336,-27019.24335646022,False
2022-07-20,394.77,0.006373161342952516,6373.161342952516,0.015765257916285243,36675.47423725571,-6373.161342952516,False
2022-07-21,398.79,0.010183144615852457,10183.144615852458,0.015364497611935547,35743.166355231835,-10183.144615852458,False
2022-07-22,395.09,-0.00927806615010418,-9278.066150104181,0.01510382420816611,35136.74933655381,9278.066150104181,False
2022-07-25,395.57,0.001214913057784317,1214.913057784317,0.014819005569121569,34474.16210112534,-1214.913057784317,False
2022-07-26,390.89,-0.011831028642212527,-11831.028642212526,0.01437064060223048,33431.109213603864,11831.028642212526,False
2022-07-27,401.04,0.02596638440481991,25966.38440481991,0.014231050100513941,33106.3731466993,-25966.38440481991,False
2022-07-28,406.07,0.012542389786554864,12542.389786554864,0.01519297886818349,35344.15409034608,-12542.389786554864,False
2022-07-29,411.99,0.014578767207624299,14578.7672076243,0.015047116101406223,35004.82655295207,-14578.7672076243,False
2022-08-01,410.77,-0.0029612369232263624,-2961.2369232263623,0.01501942701932043,34940.412115707644,2961.2369232263623,False
2022-08-02,408.06,-0.006597365922535681,-6597.3659225356805,0.014579929086120404,33917.98703316242,6597.3659225356805,False
2022-08-03,414.45,0.015659461843846367,15659.461843846368,0.014227838432238113,33098.9016890337,-15659.461843846368,False
2022-08-04,414.17,-0.0006755941609360994,-675.5941609360993,0.014317773150213422,33308.12112899803,675.5941609360993,False
2022-08-05,413.47,-0.0016901272424366676,-1690.1272424366675,0.013882582466901881,32295.71620807384,1690.1272424366675,False
2022-08-08,412.99,-0.0011609064744722009,-1160.906474472201,0.013466028441936739,31326.666637673025,1160.906474472201,False
2022-08-09,411.35,-0.00397104046102803,-3971.04046102803,0.013058895393931852,30379.533536995088,3971.04046102803,False
2022-08-10,419.99,0.021004011182691018,21004.011182691018,0.012698378389214213,29540.845569514637,-21004.011182691018,False
2022-08-11,419.99,0.0,0.0,0.01334331270856227,31041.187152225964,-0.0,False
2022-08-12,427.1,0.01692897449939279,16928.97449939279,0.012936821649700926,30095.54754162727,-16928.97449939279,False
2022-08-15,428.86,0.004120814797471395,4120.814797471395,0.013210415731098922,30732.022551237656,-4120.814797471395,False
2022-08-16,429.7,0.0019586811546892235,1958.6811546892236,0.012847686392376701,29888.187925248978,-1958.6811546892236,False
2022-08-17,426.65,-0.007097975331626705,-7097.975331626704,0.012465530426363487,28999.160206162112,7097.975331626704,False
2022-08-18,427.89,0.0029063635298254287,2906.3635298254285,0.012210198897252294,28405.17024623869,-2906.3635298254285,False
2022-08-19,422.14,-0.013438033139358208,-13438.033139358207,0.011859613679284979,27589.587069750283,13438.033139358207,False
2022-08-22,413.35,-0.020822475955843966,-20822.475955843965,0.011960194584698016,27823.573245227006,20822.475955843965,False
2022-08-23,412.35,-0.0024192572880126217,-2419.2572880126218,0.01266799153494789,29470.155175693388,2419.2572880126218,False
2022-08-24,413.67,0.0032011640596580904,3201.1640596580905,0.012296361140893546,28605.613598556105,-3201.1640596580905,False
2022-08-25,419.51,0.014117533299489837,14117.533299489838,0.01194752336465809,27794.09557942562,-14117.533299489838,False
2022-08-26,405.31,-0.03384901432623777,-33849.01432623777,0.01208871376383113,28122.553564376798,33849.01432623777,True
2022-08-29,402.63,-0.006612222743085594,-6612.222743085594,0.014356675335448692,33398.62114491564,6612.222743085594,False
2022-08-30,398.21,-0.01097782082805554,-10977.820828055541,0.01401322833834098,32599.6439533484,10977.820828055541,False
2022-08-31,395.18,-0.007609050500991921,-7609.050500991921,0.013849876799549776,32219.631448360182,7609.050500991921,False
2022-09-01,396.42,0.0031378106179462684,3137.8106179462684,0.013556688426475819,31537.57329996609,-3137.8106179462684,False
2022-09-02,392.24,-0.01054437213056858,-10544.37213056858,0.013166150703810001,30629.046699109713,10544.37213056858,False
2022-09-06,390.76,-0.0037732000815827726,-3773.200081582773,0.013023736019736621,30297.74060158341,3773.200081582773,False
2022-09-07,397.78,0.01796499129900697,17964.99129900697,0.01266076065046715,29453.333622954186,-17964.99129900697,False
2022-09-08,400.38,0.006536276333651836,6536.276333651836,0.013040000896315771,30335.57836263485,-6536.276333651836,False
2022-09-09,406.6,0.015535241520555632,15535.241520555632,0.012743723964051974,29646.335151135623,-15535.241520555632,False
2022-09-12,410.97,0.010747663551401887,10747.663551401887,0.012928223937948907,30075.546273171345,-10747.663551401887,False
2022-09-13,393.1,-0.04348249263936543,-43482.49263936543,0.0128078636800685,29795.546443132254,43482.49263936543,True
2022-09-14,394.6,0.0038158229458153947,3815.8229458153946,0.016359783607747782,38058.547815652244,-3815.8229458153946,False
2022-09-15,390.12,-0.011353269133299593,-11353.269133299593,0.015888914336606566,36963.14208778172,11353.269133299593,False
2022-09-16,385.56,-0.011688711165795174,-11688.711165795174,0.015653879585235363,36416.369493603604,11688.711165795174,False
2022-09-19,388.55,0.007754953833385203,7754.953833385203,0.015444703539658785,35929.75324467626,-7754.953833385203,False
2022-09-20,384.09,-0.011478574186076562,-11478.574186076563,0.015094200671772846,35114.36164312459,11478.574186076563,False
2022-09-21,377.39,-0.01744382826941604,-17443.82826941604,0.014902022017339752,34667.287238948134,17443.82826941604,False
2022-09-22,374.22,-0.00839979861681539,-8399.798616815391,0.015066627800358471,35050.217552328555,8399.798616815391,False
2022-09-23,367.95,-0.01675485008818356,-16754.85008818356,0.014751829509801346,34317.887218339296,16754.85008818356,False
2022-09-26,364.31,-0.009892648457670794,-9892.648457670794,0.014879616444711247,34615.16408269714,9892.648457670794,False
2022-09-27,363.38,-0.002552770991737785,-2552.770991737785,0.014628420147768573,34030.79411133762,2552.770991737785,False
2022-09-28,370.53,0.019676371842148654,19676.371842148656,0.014196557112294462,33026.1304568856,-19676.371842148656,False
2022-09-29,362.79,-0.020888996842360785,-20888.996842360786,0.01458352756860665,33926.35835524407,20888.996842360786,False
2022-09-30,357.18,-0.015463491275944818,-15463.491275944818,0.015036606369406002,34980.37726025662,15463.491275944818,False
2022-10-03,366.61,0.026401254269555974,26401.254269555975,0.015062560638497915,35040.755918980874,-26401.254269555975,False
2022-10-04,377.97,0.030986607021085133,30986.607021085132,0.0159715203606127,37155.31243611135,-30986.607021085132,False
2022-10-05,377.09,-0.0023282271079716477,-2328.2271079716475,0.017245123477448568,40118.156339334266,2328.2271079716475,False
2022-10-06,373.2,-0.010315839719960751,-10315.839719960752,0.016729490883325728,38918.61555021043,10315.839719960752,False
2022-10-07,362.79,-0.027893890675241062,-27893.890675241062,0.01641548982668617,38188.139859650415,27893.890675241062,False
2022-10-10,360.02,-0.007635271093470175,-7635.271093470175,0.017320056469168132,40292.47654531659,7635.271093470175,False
2022-10-11,357.74,-0.006332981501027679,-6332.981501027679,0.016896246228370056,39306.54649263925,6332.981501027679,False
2022-10-12,356.56,-0.0032984849331917365,-3298.4849331917367,0.016454803180064728,38279.596395704044,3298.4849331917367,False
2022-10-13,365.97,0.026391070226609914,26391.070226609914,0.01597396991997474,37161.01096332557,-26391.070226609914,False
2022-10-14,357.63,-0.022788753176489984,-22788.753176489983,0.016782340938211026,39041.56316303579,22788.753176489983,False
2022-10-17,366.82,0.025696949361071475,25696.949361071474,0.017201970398902314,40017.76726679987,-25696.949361071474,False
2022-10-18,371.13,0.011749631972084451,11749.631972084451,0.017826197319012183,41469.93623531653,-11749.631972084451,False
2022-10-19,368.5,-0.007086465658933561,-7086.465658933561,0.017521134189707625,40760.253273010625,7086.465658933561,False
2022-10-20,365.41,-0.008385345997286242,-8385.345997286242,0.017075825439147346,39724.310207852934,8385.345997286242,False
2022-10-21,374.29,0.024301469582113322,24301.46958211332,0.016682554576928257,38809.425373607344,-24301.46958211332,False
2022-10-24,378.87,0.012236501108765951,12236.501108765951,0.017234931244727417,40094.445660411686,-12236.501108765951,False
2022-10-25,384.92,0.0159685380209571,15968.538020957101,0.016976578020111776,39493.426185575496,-15968.538020957101,False
2022-10-26,382.02,-0.0075340330458277815,-7534.033045827781,0.016917789500646083,39356.66363829847,7534.033045827781,False
2022-10-27,379.98,-0.005340034553164674,-5340.034553164674,0.0165058960595606,38398.45620729789,5340.034553164674,False
2022-10-28,389.02,0.023790725827675052,23790.72582767505,0.016056428201409446,37352.83761103826,-23790.72582767505,False
2022-10-31,386.21,-0.007223279008791383,-7223.279008791384,0.016622282379873465,38669.21127612516,7223.279008791384,False
2022-11-01,384.52,-0.004375857694000618,-4375.857694000618,0.016212735759383964,37716.4633662288,4375.857694000618,False
2022-11-02,374.87,-0.025096223863518063,-25096.223863518062,0.015755333084034744,36652.38562484955,25096.223863518062,False
2022-11-03,371.01,-0.010296902926347884,-10296.902926347884,0.01646590162991434,38305.41525091684,10296.902926347884,False
2022-11-04,376.35,0.014393143041966594,14393.143041966594,0.01616229977723878,37599.13172639019,-14393.143041966594,False
2022-11-07,379.95,0.009565563969708979,9565.56396970898,0.016061646616756436,37364.977460486596,-9565.56396970898,False
2022-11-08,382.0,0.005395446769311807,5395.446769311807,0.015747631674718116,36634.469467658695,-5395.446769311807,False
2022-11-09,374.13,-0.0206020942408377,-20602.094240837698,0.015324988740983102,35651.25497728586,20602.094240837698,False
2022-11-10,394.69,0.054954160318605894,54954.16031860589,0.015691741150780075,36504.4486661164,-54954.16031860589,False
2022-11-11,398.51,0.009678481846512543,9678.481846512543,0.020313898692813307,47257.19503750725,-9678.481846512543,False
2022-11-14,395.12,-0.008506687410604452,-8506.687410604452,0.01983722742590218,46148.291849112196,8506.687410604452,False
2022-11-15,398.49,0.008529054464466501,8529.0544644665,0.019345451151944013,45004.24915968589,-8529.0544644665,False
2022-11-16,395.45,-0.007628798715149765,-7628.798715149765,0.018872105808822367,43903.08322702771,7628.798715149765,False
2022-11-17,394.24,-0.003059805285118178,-3059.805285118178,0.018392360076673137,42787.027762962185,3059.805285118178,False
2022-11-18,396.03,0.004540381493506329,4540.381493506329,0.017847798719774103,41520.18860805532,-4540.381493506329,False
2022-11-21,394.59,-0.0036360881751382745,-3636.0881751382744,0.017339786268563702,40338.374922195726,3636.0881751382744,False
2022-11-22,399.9,0.013457006006234229,13457.006006234229,0.016835122951797676,39164.35248813069,-13457.006006234229,False
2022-11-23,402.42,0.0063015753938484576,6301.575393848458,0.016651772985274742,38737.8166833046,-6301.575393848458,False
2022-11-25,402.33,-0.00022364693603704744,-223.64693603704745,0.01621811462798927,37728.9764857735,223.64693603704745,False
2022-11-28,395.91,-0.015957050182685784,-15957.050182685784,0.015724140950733156,36579.8218718566,15957.050182685784,False
2022-11-29,395.23,-0.0017175620721880946,-1717.5620721880946,0.01573821270513832,36612.55766780108,1717.5620721880946,False
2022-11-30,407.68,0.03150064519393769,31500.645193937693,0.015264562226652808,35510.681884137884,-31500.645193937693,False
2022-12-01,407.38,-0.0007358712715855864,-735.8712715855864,0.01669023328869718,38827.288728406354,735.8712715855864,False
2022-12-02,406.91,-0.0011537139771220506,-1153.7139771220507,0.01618278543357008,37646.78848944484,1153.7139771220507,False
2022-12-05,399.59,-0.017989235948981497,-17989.235948981495,0.015692337463937306,36505.83589796199,17989.235948981495,False
2022-12-06,393.83,-0.014414775144523162,-14414.775144523162,0.015839546848911194,36848.296137734855,14414.775144523162,False
2022-12-07,393.16,-0.0017012416524895269,-1701.2416524895268,0.015757693811727373,36657.877498698486,1701.2416524895268,False
2022-12-08,396.24,0.007833960728456546,7833.960728456546,0.01528333317041515,35554.34962925315,-7833.960728456546,False
2022-12-09,393.28,-0.0074702200686453946,-7470.220068645394,0.014941476261458813,34759.0715358764,7470.220068645394,False
2022-12-12,398.95,0.014417209113100071,14417.20911310007,0.01460140751338283,33967.9533267621,-14417.20911310007,False
2022-12-13,401.97,0.007569870911141807,7569.8709111418075,0.014590421186731092,33942.39530911231,-7569.8709111418075,False
2022-12-14,399.4,-0.006393511953628472,-6393.511953628472,0.014266945844101318,33189.87913348091,6393.511953628472,False
2022-12-15,389.63,-0.024461692538808144,-24461.692538808144,0.013920690313396102,32384.368315749947,24461.692538808144,False
2022-12-16,383.27,-0.01632317840002062,-16323.17840002062,0.014766886800716738,34352.91571504913,16323.17840002062,False
2022-12-19,380.02,-0.008479661857176413,-8479.661857176412,0.014864859845380489,34580.83509921596,8479.661857176412,False
2022-12-20,380.54,0.001368349034261529,1368.349034261529,0.0145609235504538,33873.773545669406,-1368.349034261529,False
2022-12-21,386.23,0.014952436011983039,14952.43601198304,0.014121317491948275,32851.096926049606,-14952.43601198304,False
2022-12-22,380.72,-0.014266110866582027,-14266.110866582027,0.014172559112857737,32970.30276191474,14266.110866582027,False
2022-12-23,382.91,0.005752258877915528,5752.2588779155285,0.01417818962542315,32983.40129285105,-5752.2588779155285,False
2022-12-27,381.4,-0.003943485414327208,-3943.485414327208,0.013818288834841408,32146.146853815593,3943.485414327208,False
2022-12-28,376.66,-0.012427897220765427,-12427.897220765428,0.013432105738732747,31247.750629192702,12427.897220765428,False
2022-12-29,383.44,0.01800031858970952,18000.318589709517,0.013373979754048602,31112.52936829621,-18000.318589709517,False
2022-12-30,382.43,-0.002634049655747983,-2634.0496557479833,0.013695700878518862,31860.964622241627,2634.0496557479833,False
2023-01-03,380.82,-0.0042099207698140795,-4209.92076981408,0.013294140899507848,30926.79641876947,4209.92076981408,False
2023-01-04,383.76,0.007720182763510275,7720.1827635102745,0.01293033399777036,30080.45500635108,-7720.1827635102745,False
2023-01-05,379.38,-0.011413383364602847,-11413.383364602847,0.01267824902620162,29494.017668664495,11413.383364602847,False
2023-01-06,388.08,0.0229321524592756,22932.1524592756,0.012605936603751542,29325.793818431015,-22932.1524592756,False
2023-01-09,387.86,-0.0005668934240361523,-566.8934240361523,0.013450950761312837,31291.590707408144,566.8934240361523,False
2023-01-10,390.58,0.007012839684422234,7012.839684422234,0.01304191986977069,30340.042562452043,-7012.839684422234,False
2023-01-11,395.52,0.012647857033130316,12647.857033130316,0.012760758938343471,29685.96442736299,-12647.857033130316,False
2023-01-12,396.96,0.00364077669902918,3640.7766990291802,0.012754013008202253,29670.27104712054,-3640.7766990291802,False
2023-01-13,398.5,0.003879484079000406,3879.484079000406,0.012397591388770658,28841.110370493654,-3879.484079000406,False
2023-01-17,397.77,-0.0018318695106650518,-1831.8695106650518,0.012057415963277461,28049.743992596617,1831.8695106650518,False
2023-01-18,391.49,-0.01578801820147313,-15788.01820147313,0.011698707094506405,27215.262378331478,15788.01820147313,False
2023-01-19,388.64,-0.007279879434979208,-7279.879434979209,0.011983482546650371,27877.749146005608,7279.879434979209,False
2023-01-20,395.88,0.018629065459036642,18629.065459036643,0.011754463891832398,27344.972085254125,-18629.065459036643,False
2023-01-23,400.63,0.011998585429928266,11998.585429928266,0.012275988794958738,28558.22043490144,-11998.585429928266,False
2023-01-24,400.2,-0.0010733095374785284,-1073.3095374785285,0.0122595216048373,28519.91202217101,1073.3095374785285,False
2023-01-25,400.35,0.0003748125937033109,374.8125937033109,0.011888954427639915,27657.843857308555,-374.8125937033109,False
2023-01-26,404.75,0.010990383414512195,10990.383414512195,0.011527134605285596,26816.12508278875,-10990.383414512195,False
2023-01-27,405.68,0.002297714638665793,2297.7146386657932,0.011495636299559474,26742.8490662269,-2297.7146386657932,False
2023-01-30,400.59,-0.012546834943798157,-12546.834943798158,0.011159634593009254,25961.1922105197,12546.834943798158,False
2023-01-31,406.48,0.014703312613894681,14703.31261389468,0.01124769227979386,26166.045022964023,-14703.31261389468,False
2023-02-01,410.8,0.010627829167486613,10627.829167486614,0.011484389005645586,26716.683947941612,-10627.829167486614,False
2023-02-02,416.78,0.014556962025316311,14556.962025316312,0.011434804963435553,26601.33421675995,-14556.962025316312,False
2023-02-03,412.35,-0.010629108882383886,-10629.108882383887,0.011645762632094636,27092.09514075762,10629.108882383887,False
2023-02-06,409.83,-0.006111313204801849,-6111.31320480185,0.011587279119108188,26956.042144655155,6111.31320480185,False
2023-02-07,415.19,0.013078593563184748,13078.593563184748,0.011333579491330377,26365.848554929296,-13078.593563184748,False
2023-02-08,410.65,-0.010934752763794964,-10934.752763794964,0.011445785216252528,26626.878104557152,10934.752763794964,False
2023-02-09,407.09,-0.008669183002556924,-8669.183002556923,0.011415768407948241,26557.04856637298,8669.183002556923,False
2023-02-10,408.04,0.002333636296642183,2333.636296642183,0.011269865406436045,26217.627428988908,-2333.636296642183,False
2023-02-13,412.83,0.011739045191647701,11739.045191647701,0.010941481883380021,25453.693118257484,-11739.045191647701,False
2023-02-14,412.64,-0.0004602378703097987,-460.23787030979867,0.010990967890807708,25568.814786431652,460.23787030979867,False
2023-02-15,413.98,0.003247382706475399,3247.382706475399,0.010656735044092825,24791.272914041867,-3247.382706475399,False
2023-02-16,408.28,-0.013768781100536365,-13768.781100536366,0.010362662368259196,24107.157569802803,13768.781100536366,False
2023-02-17,407.26,-0.0024982854903496943,-2498.285490349694,0.010597945322405301,24654.507569978643,2498.285490349694,False
2023-02-21,399.09,-0.020060894760104198,-20060.8947601042,0.010293296079330876,23945.787451024302,20060.8947601042,False
2023-02-22,398.54,-0.0013781352577111328,-1378.1352577111327,0.011123902077990477,25878.065950171636,1378.1352577111327,False
2023-02-23,400.66,0.005319415867917954,5319.415867917954,0.010790304954059008,25102.002990127523,-5319.415867917954,False
2023-02-24,396.38,-0.010682374082763513,-10682.374082763512,0.010542419610888497,24525.33544903692,10682.374082763512,False
2023-02-27,397.73,0.003405822695393468,3405.8226953934677,0.010550869231469483,24544.992205911953,-3405.8226953934677,False
2023-02-28,396.26,-0.0036959746561738838,-3695.974656173884,0.010263409216295661,23876.260210740584,3695.974656173884,False
2023-03-01,394.74,-0.0038358653409377164,-3835.865340937716,0.00999184309005195,23244.50293029202,3835.865340937716,False
2023-03-02,397.81,0.0077772711151644636,7777.2711151644635,0.009732910377213704,22642.135364261136,-7777.2711151644635,False
2023-03-03,404.19,0.016037806993288273,16037.806993288274,0.009626781835387569,22395.243456608852,-16037.806993288274,False
2023-03-06,404.47,0.0006927435117147773,692.7435117147774,0.010126554595962891,23557.888755676777,-692.7435117147774,False
2023-03-07,398.27,-0.015328701757856056,-15328.701757856055,0.009819525198312671,22843.631569185145,15328.701757856055,False
2023-03-08,398.92,0.0016320586536773263,1632.0586536773262,0.01023405278801891,23807.966946229528,-1632.0586536773262,False
2023-03-09,391.56,-0.018449814499147732,-18449.81449914773,0.00993033248218924,23101.407858459643,18449.81449914773,False
2023-03-10,385.91,-0.01442946164061698,-14429.46164061698,0.010635720582903213,24742.3859669293,14429.46164061698,False
2023-03-13,385.36,-0.0014252027674847012,-1425.202767484701,0.010900642227539524,25358.685871716385,1425.202767484701,False
2023-03-14,391.73,0.016529997924019213,16529.99792401921,0.010574328966424087,24599.567710449155,-16529.99792401921,False
2023-03-15,389.28,-0.006254307814055671,-6254.307814055671,0.011022789891258518,25642.843829528123,6254.307814055671,False
2023-03-16,396.11,0.017545211672832073,17545.211672832073,0.010796238471875219,25115.80641668485,-17545.211672832073,False
2023-03-17,389.99,-0.015450253717401718,-15450.253717401718,0.011315268728217268,26323.25135008905,15450.253717401718,False
2023-03-20,393.74,0.009615631170029948,9615.631170029948,0.01160499066799239,26997.245368747892,-9615.631170029948,False
2023-03-21,398.91,0.013130492202976685,13130.492202976684,0.011495341737757174,26742.163813004343,-13130.492202976684,False
2023-03-22,392.11,-0.017046451580557065,-17046.451580557066,0.011599952512717398,26985.524866934826,17046.451580557066,False
2023-03-23,393.17,0.002703323047104078,2703.323047104078,0.011996676835222217,27908.443651174206,-2703.323047104078,False
2023-03-24,395.75,0.006562046951700262,6562.046951700262,0.011650043652847492,27102.054284284754,-6562.046951700262,False
2023-03-27,396.49,0.0018698673404926591,1869.8673404926592,0.011408932189220697,26541.145143469683,-1869.8673404926592,False
2023-03-28,395.6,-0.0022446972180887315,-2244.6972180887315,0.011070848834150182,25754.645649152797,2244.6972180887315,False
2023-03-29,401.35,0.014534883720930258,14534.883720930258,0.010747659848085159,25002.795638507014,-14534.883720930258,False
2023-03-30,403.7,0.005855238569826726,5855.238569826726,0.011011686127219174,25617.012611661343,-5855.238569826726,False
2023-03-31,409.39,0.014094624721327609,14094.62472132761,0.010772131943357495,25059.72624531714,-14094.62472132761,False
2023-04-03,410.95,0.003810547399790032,3810.5473997900317,0.010999818351722918,25589.404037366035,-3810.5473997900317,False
2023-04-04,408.67,-0.00554812020927109,-5548.12020927109,0.010705487370213889,24904.68778426815,5548.12020927109,False
2023-04-05,407.6,-0.002618249443316123,-2618.249443316123,0.010467946814689683,24352.085817925934,2618.249443316123,False
2023-04-06,409.19,0.003900883218841855,3900.883218841855,0.010169294454046802,23657.31653366709,-3900.883218841855,False
2023-04-10,409.61,0.0010264180454067073,1026.4180454067073,0.009905689784398819,23044.080370844265,-1026.4180454067073,False
2023-04-11,409.72,0.00026854813114907117,268.5481311490712,0.009607212953749632,22349.719430413083,-268.5481311490712,False
2023-04-12,408.05,-0.004075954310260754,-4075.9543102607545,0.00931477081737912,21669.397288187578,4075.9543102607545,False
2023-04-13,413.47,0.01328268594534987,13282.685945349871,0.009086025658660655,21137.256474505743,-13282.685945349871,False
2023-04-14,412.46,-0.002442740706701918,-2442.740706701918,0.009390862329361298,21846.412615319874,2442.740706701918,False
2023-04-17,413.94,0.0035882267371381005,3588.2267371381004,0.009124418693883288,21226.572030373893,-3588.2267371381004,False
2023-04-18,414.21,0.0006522684447021199,652.2684447021198,0.008890007749053786,20681.250627217876,-652.2684447021198,False
2023-04-19,414.14,-0.00016899640279088857,-168.99640279088857,0.008620663011565841,20054.661069778704,168.99640279088857,False
2023-04-20,411.88,-0.005457091804703662,-5457.091804703662,0.00835814539838175,19443.95377844962,5457.091804703662,False
2023-04-21,412.2,0.0007769253180538449,776.9253180538449,0.008213030493572908,19106.36602815593,-776.9253180538449,False
2023-04-24,412.63,0.0010431829209121002,1043.1829209121001,0.007965102288862769,18529.598776213737,-1043.1829209121001,False
2023-04-25,406.08,-0.015873785231321103,-15873.785231321102,0.0077266795611124605,17974.944570388787,15873.785231321102,False
2023-04-26,404.36,-0.0042356185973206895,-4235.618597320689,0.008440266931318746,19634.997032010575,4235.618597320689,False
2023-04-27,412.41,0.019908002769809086,19908.002769809085,0.008248651248156642,19189.23229485353,-19908.002769809085,False
2023-04-28,415.93,0.008535195557818565,8535.195557818564,0.009366832283427346,21790.51036904832,-8535.195557818564,False
2023-05-01,415.51,-0.0010097853004111812,-1009.7853004111812,0.009319027202284457,21679.29912016321,1009.7853004111812,False
2023-05-02,410.84,-0.011239200019253492,-11239.200019253492,0.009038517129390099,21026.735108438377,11239.200019253492,False
2023-05-03,408.02,-0.006863985979943532,-6863.985979943532,0.009185438552880792,21368.525449627006,6863.985979943532,False
2023-05-04,405.13,-0.007082986128130964,-7082.986128130964,0.009062935657732297,21083.541099934457,7082.986128130964,False
2023-05-05,412.63,0.01851257621010549,18512.57621010549,0.008956490167554561,20835.91186015825,-18512.57621010549,False
2023-05-08,412.74,0.0002665826527397108,266.58265273971085,0.00979635247581003,22789.72375545539,-266.58265273971085,False
2023-05-09,410.93,-0.004385327324708088,-4385.327324708088,0.009498140581141934,22095.97914828057,4385.327324708088,False
2023-05-10,412.85,0.00467232862044642,4672.32862044642,0.009271227522495443,21568.100436706205,-4672.32862044642,False
2023-05-11,412.13,-0.001743974809252813,-1743.974809252813,0.009061355277864946,21079.86458658987,1743.974809252813,False
2023-05-12,411.59,-0.0013102661781476677,-1310.2661781476677,0.008795689671168939,20461.833967246843,1310.2661781476677,False
2023-05-15,413.01,0.0034500352292330394,3450.0352292330394,0.008533774969582531,19852.529258031263,-3450.0352292330394,False
2023-05-16,410.25,-0.00668264690927578,-6682.64690927578,0.008316848014876903,19347.88169812967,6682.64690927578,False
2023-05-17,415.23,0.01213893967093238,12138.939670932381,0.008227954146156343,19141.08363561633,-12138.939670932381,False
2023-05-18,419.23,0.009633215326445566,9633.215326445566,0.008513430979660811,19805.20206032736,-9633.215326445566,False
2023-05-19,418.62,-0.0014550485413734604,-1455.0485413734605,0.008584738020129764,19971.087042326453,1455.0485413734605,False
2023-05-22,418.79,0.00040609622091647424,406.09622091647424,0.008330839887866707,19380.431662113348,-406.09622091647424,False
2023-05-23,414.09,-0.011222808567539877,-11222.808567539876,0.008077661449421687,18791.4505400838,11222.808567539876,False
2023-05-24,411.09,-0.007244801854669247,-7244.801854669247,0.008300047201709376,19308.797162135237,7244.801854669247,False
2023-05-25,414.65,0.008659904157240605,8659.904157240606,0.008240544021627005,19170.37206565194,-8659.904157240606,False
2023-05-26,420.02,0.012950681297479782,12950.681297479783,0.008266305597229382,19230.302452286476,-12950.681297479783,False
2023-05-30,420.18,0.0003809342412266492,380.9342412266492,0.008619461032878577,20051.864849214944,-380.9342412266492,False
2023-05-31,417.85,-0.0055452425151125695,-5545.24251511257,0.008357398437387187,19442.216087327928,5545.24251511257,False
2023-06-01,421.82,0.009501017111403609,9501.01711140361,0.008215858141171378,19112.94412013517,-9501.01711140361,False
2023-06-02,427.92,0.014461144564032136,14461.144564032136,0.00829858211173282,19305.388853182994,-14461.144564032136,False
2023-06-05,427.1,-0.0019162460272947879,-1916.2460272947878,0.008791015827955937,20450.960982024677,1916.2460272947878,False
2023-06-06,428.03,0.00217747600093654,2177.47600093654,0.008536120996117433,19857.986931873173,-2177.47600093654,False
2023-06-07,426.55,-0.0034577015629744245,-3457.7015629744246,0.0082932456894038,19292.9744784429,3457.7015629744246,False
2023-06-08,429.13,0.006048528894619487,6048.528894619487,0.008085084453909038,18808.71903079194,-6048.528894619487,False
2023-06-09,429.9,0.001794328059096184,1794.328059096184,0.007977565875414249,18558.593414290695,-1794.328059096184,False
2023-06-12,433.8,0.009071877180739873,9071.877180739873,0.007747014950921359,18022.251761238513,-9071.877180739873,False
2023-06-13,436.66,0.006592899953895781,6592.899953895781,0.007832828578856865,18221.884112150008,-6592.899953895781,False
2023-06-14,437.18,0.0011908578756927302,1190.8578756927302,0.007764019005717089,18061.809107962632,-1190.8578756927302,False
2023-06-15,442.6,0.012397639416258821,12397.63941625882,0.007533145438837217,17524.716876479415,-12397.63941625882,False
2023-06-16,439.46,-0.007094441934026308,-7094.4419340263075,0.007909833827347322,18401.02510826577,7094.4419340263075,False
2023-06-20,437.18,-0.005188185500386799,-5188.1855003867995,0.007863295065491906,18292.75975856293,5188.1855003867995,False
2023-06-21,434.94,-0.0051237476554280015,-5123.747655428001,0.007728943062085232,17980.210261064683,5123.747655428001,False
2023-06-22,436.51,0.0036096932910285595,3609.6932910285595,0.007597863818714333,17675.274341917913,-3609.6932910285595,False
2023-06-23,433.21,-0.007559964261987129,-7559.964261987128,0.007419277301097624,17259.819976327926,7559.964261987128,False
2023-06-26,431.44,-0.004085778259966255,-4085.778259966255,0.007427793663592093,17279.631998111494,4085.778259966255,False
2023-06-27,436.17,0.010963285740775097,10963.285740775098,0.007270722565587391,16914.229983194993,-10963.285740775098,False
2023-06-28,436.39,0.000504390489946438,504.390489946438,0.007543422318963068,17548.62447471196,-504.390489946438,False
2023-06-29,438.11,0.003941428538692504,3941.428538692504,0.007314662784522417,17016.45021809938,-3941.428538692504,False
2023-06-30,443.28,0.011800689324598768,11800.689324598769,0.007157242883103646,16650.236765102105,-11800.689324598769,False
2023-07-03,443.79,0.0011505143475907254,1150.5143475907253,0.007517175949691179,17487.56628935501,-1150.5143475907253,False
2023-07-05,443.13,-0.0014871898871088307,-1487.1898871088308,0.007293619074159225,16967.495227234038,1487.1898871088308,False
2023-07-06,439.66,-0.007830659174508536,-7830.659174508536,0.0070808029539468215,16472.410898416292,7830.659174508536,False
2023-07-07,438.55,-0.0025246781603966983,-2524.6781603966983,0.007128019194047081,16582.252298193733,2524.6781603966983,False
2023-07-10,439.66,0.002531068293239125,2531.068293239125,0.006938485293035968,16141.330510517864,-2531.068293239125,False
2023-07-11,442.46,0.006368557521721163,6368.5575217211635,0.006755620021454601,15715.922274738648,-6368.5575217211635,False
2023-07-12,446.02,0.00804592505537216,8045.92505537216,0.006733023782541528,15663.355562381905,-8045.92505537216,False
2023-07-13,449.56,0.007936863817766149,7936.863817766149,0.006818930070083838,15863.203471772697,-7936.863817766149,False
2023-07-14,449.28,-0.0006228312127414259,-622.8312127414259,0.006891122354040587,16031.147838077633,622.8312127414259,False
2023-07-17,450.84,0.003472222222222321,3472.222222222321,0.006682932618516389,15546.82608944379,-3472.222222222321,False
2023-07-18,454.19,0.007430574039570592,7430.5740395705925,0.0065349271388625415,15202.513856504667,-7430.5740395705925,False
2023-07-19,455.2,0.002223738963869737,2223.738963869737,0.006592098465669339,15335.514251077755,-2223.738963869737,False
2023-07-20,452.18,-0.006634446397188021,-6634.4463971880205,0.006414445989248113,14922.232790237143,6634.4463971880205,False
2023-07-21,452.18,0.0,0.0,0.0064278583562390355,14953.434621672333,-0.0,False
2023-07-24,454.2,0.004467247556282805,4467.247556282805,0.006232039895973041,14497.892762934587,-4467.247556282805,False
2023-07-25,455.44,0.0027300748568912514,2730.0748568912513,0.006140472297213511,14284.874674229328,-2730.0748568912513,False
2023-07-26,455.51,0.0001536975232740989,153.6975232740989,0.005990849234818848,13936.799381120023,-153.6975232740989,False
2023-07-27,452.49,-0.006629931285811463,-6629.931285811464,0.0058084658436448975,13512.512166802146,6629.931285811464,False
2023-07-28,456.92,0.009790271608212331,9790.271608212332,0.005861001472500836,13634.728315302558,-9790.271608212332,False
2023-07-31,457.79,0.001904053225947555,1904.0532259475551,0.006167756727917507,14348.347751591984,-1904.0532259475551,False
2023-08-01,456.48,-0.0028615740841870796,-2861.5740841870797,0.005998022573542037,13953.48706240849,2861.5740841870797,False
2023-08-02,450.13,-0.013910795653697905,-13910.795653697905,0.00585738974966786,13626.326191568438,13910.795653697905,True
2023-08-03,448.84,-0.0028658387576923072,-2865.8387576923074,0.006622770412892154,15406.867870292243,2865.8387576923074,False
2023-08-04,446.81,-0.004522769806612592,-4522.769806612592,0.006459272758792,15026.515450265684,4522.769806612592,False
2023-08-07,450.71,0.008728542333430234,8728.542333430234,0.006359732628148801,14794.950478962131,-8728.542333430234,False
2023-08-08,448.75,-0.004348694282354515,-4348.694282354515,0.006526153095923895,15182.102380367605,4348.694282354515,False
2023-08-09,445.75,-0.006685236768802283,-6685.236768802283,0.006416377661518514,14926.726531916735,6685.236768802283,False
2023-08-10,445.91,0.00035894559730786924,358.9455973078692,0.006432826097199933,14964.991315295503,-358.9455973078692,False
2023-08-11,445.65,-0.00058307730259477,-583.07730259477,0.006237476013382106,14510.5390631122,583.07730259477,False
2023-08-14,448.11,0.005520026926960631,5520.026926960631,0.0060491436869125675,14072.412555816623,-5520.026926960631,False
2023-08-15,442.89,-0.011648925487045658,-11648.925487045659,0.006018708567515256,14001.60988051051,11648.925487045659,False
2023-08-16,439.64,-0.007338165232902094,-7338.165232902094,0.0064956300350008525,15111.095122480065,7338.165232902094,False
2023-08-17,436.29,-0.007619870803384554,-7619.870803384554,0.00654923943047063,15235.809225659796,7619.870803384554,False
2023-08-18,436.5,0.0004813312246441104,481.33122464411036,0.006618363147651368,15396.615038169006,-481.33122464411036,False
2023-08-21,439.34,0.0065063001145475585,6506.300114547558,0.006417824218051425,14930.091725631753,-6506.300114547558,False
2023-08-22,438.15,-0.002708608367096077,-2708.608367096077,0.006423167139582516,14942.521219776774,2708.608367096077,False
2023-08-23,443.03,0.011137738217505522,11137.73821750552,0.006262734633848863,14569.299401136244,-11137.73821750552,False
2023-08-24,436.89,-0.013859106606776028,-13859.106606776028,0.00665668740023673,15485.770581695167,13859.106606776028,False
2023-08-25,439.97,0.007049829476527325,7049.829476527325,0.007292275918537449,16964.370580008814,-7049.829476527325,False
2023-08-28,442.76,0.006341341455099236,6341.341455099237,0.0072779568923320185,16931.059543837473,-6341.341455099237,False
2023-08-29,449.16,0.014454783629957557,14454.783629957557,0.00722518469120715,16808.29304594218,-14454.783629957557,False
2023-08-30,451.01,0.004118799536913187,4118.799536913187,0.007849047227534324,18259.61433102063,-4118.799536913187,False
2023-08-31,450.35,-0.0014633821866476548,-1463.3821866476549,0.0076765200719321365,17858.256149371166,1463.3821866476549,False
2023-09-01,451.19,0.0018652159431553628,1865.2159431553628,0.007451289286784014,17334.290991173282,-1865.2159431553628,False
2023-09-05,449.24,-0.004321904297524326,-4321.9042975243265,0.007238725795614705,16839.794365392863,4321.9042975243265,False
2023-09-06,446.22,-0.006722464606891632,-6722.464606891632,0.007097600543907035,16511.487936109246,6722.464606891632,False
2023-09-07,444.85,-0.003070234413518058,-3070.2344135180583,0.00707565327694001,16460.4309582595,3070.2344135180583,False
2023-09-08,445.52,0.0015061256603348117,1506.1256603348118,0.0069011997144685375,16054.59128408514,-1506.1256603348118,False
2023-09-11,448.45,0.006576584665110463,6576.584665110463,0.006701124451860667,15589.146622269156,-6576.584665110463,False
2023-09-12,445.99,-0.005485561378079984,-5485.561378079984,0.0066937174078091615,15571.91526108701,5485.561378079984,False
2023-09-13,446.51,0.0011659454247852086,1165.9454247852086,0.006627441783179384,15417.735102628798,-1165.9454247852086,False
2023-09-14,450.36,0.008622427269266097,8622.427269266098,0.006431887066645423,14962.80680356136,-8622.427269266098,False
2023-09-15,443.37,-0.01552091660005328,-15520.91660005328,0.00658390431921841,15316.451815902057,15520.91660005328,True
2023-09-18,443.63,0.0005864176647043529,586.4176647043529,0.007429728086941948,17284.132139758924,-586.4176647043529,False
2023-09-19,442.71,-0.002073800238937884,-2073.800238937884,0.007204820679225059,16760.9192699607,2073.800238937884,False
2023-09-20,438.64,-0.009193377154344762,-9193.377154344762,0.007003778509095131,16293.225244886387,9193.377154344762,False
2023-09-21,431.39,-0.01652836038664962,-16528.36038664962,0.007154077830881961,16642.87375259496,16528.36038664962,False
2023-09-22,430.42,-0.002248545399754165,-2248.545399754165,0.008031262768578542,18683.511067546046,2248.545399754165,False
2023-09-25,432.23,0.004205194925886335,4205.194925886335,0.0078060533013401745,18159.5955022222,-4205.194925886335,False
2023-09-26,425.88,-0.014691252342502903,-14691.252342502903,0.007638024608276934,17768.70230933667,14691.252342502903,False
2023-09-27,426.05,0.000399173476096637,399.173476096637,0.008233409284440512,19153.774184966303,-399.173476096637,False
2023-09-28,428.52,0.005797441614833865,5797.441614833865,0.007983185273200522,18571.66608838418,-5797.441614833865,False
2023-09-29,427.48,-0.0024269579016147347,-2426.9579016147345,0.007869179883349686,18306.449892075492,2426.9579016147345,False
2023-10-02,427.31,-0.0003976794235988068,-397.6794235988068,0.0076525786499517315,17802.56007324554,397.6794235988068,False
2023-10-03,421.59,-0.013386066321874113,-13386.066321874112,0.007420089711688968,17261.709925979943,13386.066321874112,False
2023-10-04,424.66,0.007281956403140555,7281.956403140555,0.007906040332818855,18392.200120334284,-7281.956403140555,False
2023-10-05,424.5,-0.00037677200584007586,-376.77200584007585,0.007869991020512244,18308.336879289167,376.77200584007585,False
2023-10-06,429.54,0.011872791519434767,11872.791519434766,0.0076307975056235005,17751.88955444338,-11872.791519434766,False
2023-10-09,432.29,0.006402197699864942,6402.1976998649425,0.007949409855162695,18493.092716437044,-6402.1976998649425,False
2023-10-10,434.54,0.005204839343958989,5204.839343958989,0.007865164851795902,18297.10953195614,-5204.839343958989,False
2023-10-11,436.32,0.004096285727435811,4096.285727435811,0.007731402861897415,17985.932611128323,-4096.285727435811,False
2023-10-12,433.66,-0.006096442977631011,-6096.442977631012,0.007562730208451565,17593.54134237574,6096.442977631012,False
2023-10-13,431.5,-0.00498086058202285,-4980.86058202285,0.007482859876561012,17407.735165583217,4980.86058202285,False
2023-10-16,436.04,0.010521436848204058,10521.436848204057,0.00735677502337572,17114.417935426864,-10521.436848204057,False
2023-10-17,436.02,-4.586735161915545e-05,-45.86735161915545,0.007583986314659047,17642.990439861904,45.86735161915545,False
2023-10-18,430.21,-0.01332507683133799,-13325.07683133799,0.007352956122847207,17105.533844301182,13325.07683133799,False
2023-10-19,426.43,-0.008786406638618294,-8786.406638618293,0.007840629201378476,18240.031073769354,8786.406638618293,False
2023-10-20,421.19,-0.012288066036629686,-12288.066036629685,0.007900569270264498,18379.47252559221,12288.066036629685,False
2023-10-23,420.46,-0.0017331845485411002,-1733.1845485411002,0.008230045511528302,19145.94887900323,1733.1845485411002,False
2023-10-24,423.63,0.007539361651524468,7539.361651524468,0.007990611109000088,18588.94116570948,-7539.361651524468,False
2023-10-25,417.55,-0.01435214692066189,-14352.14692066189,0.007964257177433922,18527.632753037913,14352.14692066189,False
2023-10-26,412.55,-0.01197461381870435,-11974.613818704349,0.008484260493345615,19737.341361503266,11974.613818704349,False
2023-10-27,410.68,-0.004532783904981241,-4532.783904981241,0.0087331093041502,20316.2502634761,4532.783904981241,False
2023-10-30,415.59,0.01195578065647207,11955.78065647207,0.008539551160740013,19865.96668805052,-11955.78065647207,False
2023-10-31,418.2,0.006280228109434738,6280.228109434738,0.00878208058785745,20430.174505217514,-6280.228109434738,False
2023-11-01,422.66,0.010664753706360663,10664.753706360663,0.008652393830086407,20128.4779919856,-10664.753706360663,False
2023-11-02,430.76,0.019164340131547775,19164.340131547775,0.008786142620541866,20439.624206317192,-19164.340131547775,False
2023-11-03,434.69,0.00912340978735271,9123.40978735271,0.009726296313615544,22626.748751470786,-9123.40978735271,False
2023-11-06,435.69,0.0023004900043708254,2300.4900043708253,0.009691180833640142,22545.057929284085,-2300.4900043708253,False
2023-11-07,436.93,0.0028460602722120143,2846.0602722120143,0.00941283071391958,21897.518720033142,-2846.0602722120143,False
2023-11-08,437.25,0.0007323827615406397,732.3827615406398,0.009152666424073213,21292.2860774477,-732.3827615406398,False
2023-11-09,433.84,-0.007798742138364845,-7798.742138364844,0.00887565251577031,20647.8553607875,7798.742138364844,False
2023-11-10,440.61,0.015604831274202535,15604.831274202535,0.008814748882543409,20506.172323108734,-15604.831274202535,False
2023-11-13,440.19,-0.0009532239395384501,-953.22393953845,0.009362075386170635,21779.444171228137,953.22393953845,False
2023-11-14,448.73,0.019400713328335595,19400.713328335594,0.00907987149451445,21122.93974782772,-19400.713328335594,False
2023-11-15,449.68,0.0021170859982617696,2117.0859982617694,0.010004033338327988,23272.86168845301,-2117.0859982617694,False
2023-11-16,450.23,0.0012230919765165993,1223.0919765165993,0.009713123351412629,22596.103858855215,-1223.0919765165993,False
2023-11-17,450.79,0.001243808719987527,1243.808719987527,0.009421986869251784,21918.819122524605,-1243.808719987527,False
2023-11-20,454.26,0.0076975975509661065,7697.597550966107,0.009140034462648751,21262.89974084294,-7697.597550966107,False
2023-11-21,453.27,-0.002179368643508095,-2179.368643508095,0.009059966703200448,21076.634278871166,2179.368643508095,False
2023-11-22,455.02,0.0038608334987977333,3860.8334987977332,0.008800170209966006,20472.257259151957,-3860.8334987977332,False
2023-11-24,455.3,0.0006153575667005029,615.357566700503,0.008584333293811294,19970.14550811591,-615.357566700503,False
2023-11-27,454.48,-0.0018010103228640606,-1801.0103228640605,0.008324184723405445,19364.9494344175,1801.0103228640605,False
2023-11-28,454.93,0.00099014258053165,990.14258053165,0.008082644772708853,18803.043483618556,-990.14258053165,False
2023-11-29,454.61,-0.0007034049194380998,-703.4049194380998,0.007840167132802516,18238.956141520004,703.4049194380998,False
2023-11-30,456.4,0.0039374408833945385,3937.4408833945386,0.007603276539683506,17687.866213837326,-3937.4408833945386,False
2023-12-01,459.1,0.005915863277826672,5915.863277826672,0.007434475888264154,17295.177177271205,-5915.863277826672,False
2023-12-04,456.69,-0.005249401001960363,-5249.401001960363,0.007352210016621296,17103.798141668725,5249.401001960363,False
2023-12-05,456.6,-0.00019707022268933283,-197.07022268933284,0.007243277245388241,16850.382620897333,197.07022268933284,False
2023-12-06,454.76,-0.004029785370127104,-4029.7853701271038,0.007022783745688441,16337.438036630876,4029.7853701271038,False
2023-12-07,458.23,0.007630398451930809,7630.398451930809,0.006880019785882948,16005.319402247716,-7630.398451930809,False
2023-12-08,460.2,0.004299151081334607,4299.151081334607,0.006927335039609827,16115.391142164945,-4299.151081334607,False
2023-12-11,461.99,0.003889613211647047,3889.613211647047,0.0067983567505062684,15815.342773511455,-3889.613211647047,False
2023-12-12,464.1,0.004567198424208385,4567.198424208385,0.006659755302779379,15492.907590253022,-4567.198424208385,False
2023-12-13,470.5,0.013790131437190212,13790.131437190212,0.006553072434979616,15244.726127550464,-13790.131437190212,False
2023-12-14,472.01,0.0032093517534537153,3209.3517534537154,0.007195571995408231,16739.40361402575,-3209.3517534537154,False
2023-12-15,469.33,-0.0056778458083515115,-5677.845808351512,0.007020518305743586,16332.167835231396,5677.845808351512,False
2023-12-18,471.97,0.005625039950567956,5625.039950567956,0.006947279512572445,16161.788924440396,-5625.039950567956,False
2023-12-19,474.84,0.00608089497213804,6080.89497213804,0.006875120037860389,15993.920883852099,-6080.89497213804,False
2023-12-20,468.26,-0.013857299300817139,-13857.299300817138,0.006830071450769786,15889.122199045332,13857.299300817138,False
2023-12-21,472.7,0.009481911758424832,9481.911758424832,0.007441261189879636,17310.962149259107,-9481.911758424832,False
2023-12-22,473.65,0.002009731330653741,2009.7313306537412,0.007579210054215523,17631.879196533246,-2009.7313306537412,False
2023-12-26,475.65,0.004222527182518698,4222.527182518698,0.007364787895414982,17133.05866326036,-4222.527182518698,False
2023-12-27,476.51,0.0018080521391778959,1808.052139177896,0.007214948291443988,16784.47961911532,-1808.052139177896,False
2023-12-28,476.69,0.0003777465320768947,377.7465320768947,0.00700915781457352,16305.739380749854,-377.7465320768947,False
2023-12-29,475.31,-0.0028949631836203693,-2894.9631836203694,0.00679626053208461,15810.466240242706,2894.9631836203694,False
2024-01-02,472.65,-0.005596347646798949,-5596.347646798949,0.006627266140486873,15417.326496624484,5596.347646798949,False
2024-01-03,468.79,-0.008166719559927982,-8166.719559927982,0.006569974393105583,15284.045961903936,8166.719559927982,False
2024-01-04,467.28,-0.0032210584696773514,-3221.0584696773512,0.0066765566137590646,15531.993284331715,3221.0584696773512,False
2024-01-05,467.92,0.0013696284882727117,1369.6284882727116,0.006521068684167567,15170.27426988752,-1369.6284882727116,False
2024-01-08,474.6,0.014275944605915525,14275.944605915525,0.006331305513744093,14728.819121801624,-14275.944605915525,False
2024-01-09,473.88,-0.001517067003792727,-1517.067003792727,0.0070645919486785995,16434.6984607745,1517.067003792727,False
2024-01-10,476.56,0.005655440195830197,5655.440195830197,0.006859449057679066,15957.464732423143,-5655.440195830197,False
2024-01-11,476.35,-0.0004406580493536705,-440.6580493536705,0.006793228917158414,15803.413649304239,440.6580493536705,False
2024-01-12,476.68,0.0006927679227457517,692.7679227457518,0.006587164211149579,15324.035458565735,-692.7679227457518,False
2024-01-16,474.93,-0.003671225979692827,-3671.225979692827,0.006388746672678295,14862.447239770645,3671.225979692827,False
2024-01-17,472.29,-0.005558713915734925,-5558.713915734926,0.006259056879150148,14560.743664311647,5558.713915734926,False
2024-01-18,476.49,0.008892841262783335,8892.841262783335,0.0062192606842991945,14468.163871025215,-8892.841262783335,False
2024-01-19,482.43,0.012466158786123449,12466.15878612345,0.006411194022584032,14914.667584501709,-12466.15878612345,False
2024-01-22,483.45,0.002114296374603475,2114.2963746034748,0.006925424980487101,16110.947680185498,-2114.2963746034748,False
2024-01-23,484.86,0.002916537387527285,2916.537387527285,0.0067343919874264194,15666.538482907123,-2916.537387527285,False
2024-01-24,485.39,0.0010930990388977602,1093.0990388977602,0.0065682025496984365,15279.924037760587,-1093.0990388977602,False
2024-01-25,488.03,0.005438925400193639,5438.92540019364,0.006373735135724067,14827.525182691092,-5438.92540019364,False
2024-01-26,487.41,-0.0012704137040754349,-1270.413704075435,0.006321546027363399,14706.115161408165,1270.413704075435,False
2024-01-29,491.27,0.007919410763012502,7919.410763012502,0.0061368611345116566,14276.473853555053,-7919.410763012502,False
2024-01-30,490.89,-0.0007735054043601641,-773.5054043601641,0.006258148665477835,14558.630843365885,773.5054043601641,False
2024-01-31,482.88,-0.016317301228381043,-16317.301228381042,0.006070457797621456,14121.996591951318,16317.301228381042,True
2024-02-01,489.2,0.01308813783962881,13088.137839628811,0.007114400154827145,16550.569675257957,-13088.137839628811,False
2024-02-02,494.35,0.010527391659852947,10527.391659852947,0.007606298003350358,17694.895189415198,-10527.391659852947,False
2024-02-05,492.55,-0.003641144937797103,-3641.144937797103,0.007812424826289328,18174.417885742063,3641.144937797103,False
2024-02-06,493.98,0.0029032585524313426,2903.2585524313427,0.007626756778206531,17742.489416807333,-2903.2585524313427,False
2024-02-07,498.1,0.00834041864043078,8340.41864043078,0.007428533396978171,17281.352875301553,-8340.41864043078,False
2024-02-08,498.32,0.0004416783778358191,441.6783778358191,0.00748637942600277,17415.922861944633,-441.6783778358191,False
2024-02-09,501.2,0.0057794188473270225,5779.418847327022,0.0072591204069666565,16887.239326153365,-5779.418847327022,False
2024-02-12,500.98,-0.0004389465283319849,-438.9465283319849,0.007178944230918618,16700.721649455285,438.9465283319849,False
2024-02-13,494.08,-0.013773004910375697,-13773.004910375697,0.006961075082031898,16193.882218123577,13773.004910375697,False
2024-02-14,498.57,0.009087597150259086,9087.597150259086,0.007545257595039301,17552.893965310184,-9087.597150259086,False
2024-02-15,502.01,0.006899733237057948,6899.733237057948,0.007646575884858019,17788.595553431413,-6899.733237057948,False
2024-02-16,499.51,-0.004979980478476476,-4979.980478476476,0.0076038341987231944,17689.163522758743,4979.980478476476,False
2024-02-20,496.76,-0.005505395287381587,-5505.395287381587,0.0074724299384023975,17383.47150112155,5505.395287381587,False
2024-02-21,497.21,0.0009058700378452578,905.8700378452578,0.007369229218140247,17143.39072494021,-905.8700378452578,False
2024-02-22,507.5,0.02069548078276795,20695.48078276795,0.007148177596062534,16629.147753866444,-20695.48078276795,False
2024-02-23,507.85,0.0006896551724138167,689.6551724138167,0.008586549473330624,19975.301112629197,-689.6551724138167,False
2024-02-26,505.99,-0.003662498769321676,-3662.498769321676,0.008326682376666433,19370.75984477129,3662.498769321676,False
2024-02-27,506.93,0.0018577442241940467,1857.7442241940466,0.00812271228543096,18896.254456657734,-1857.7442241940466,False
2024-02-28,506.26,-0.0013216814944864153,-1321.6814944864152,0.007888397834524396,18351.1575319342,1321.6814944864152,False
2024-02-29,508.08,0.0035949907162327044,3594.9907162327045,0.007654934466757863,17808.04052266411,-3594.9907162327045,False
2024-03-01,512.85,0.00938828530940028,9388.285309400278,0.007473792737554608,17386.641846032035,-9388.285309400278,False
2024-03-04,512.3,-0.0010724383347958666,-1072.4383347958667,0.007602270534118779,17685.525894930546,1072.4383347958667,False
2024-03-05,507.18,-0.009994144056217014,-9994.144056217014,0.00737535447801739,17157.64021023335,9994.144056217014,False
2024-03-06,509.75,0.005067234512401875,5067.234512401875,0.00755811334797326,17582.800918817295,-5067.234512401875,False
2024-03-07,514.81,0.0099264345267287,9926.4345267287,0.00743223954634022,17289.97466799083,-9926.4345267287,False
2024-03-08,511.72,-0.006002214409199347,-6002.214409199347,0.0076049943943791555,17691.86254145646,6002.214409199347,False
2024-03-11,511.28,-0.0008598452278590907,-859.8452278590906,0.0075184691276260545,17490.574671094564,859.8452278590906,False
2024-03-12,516.78,0.01075731497418242,10757.31497418242,0.0072924684003864175,16964.81835974895,-10757.31497418242,False
2024-03-13,515.97,-0.0015673981191220987,-1567.3981191220987,0.007545361434392824,17553.135531769494,1567.3981191220987,False
2024-03-14,514.95,-0.0019768591197162344,-1976.8591197162343,0.007325567188751656,17041.81765569575,1976.8591197162343,False
2024-03-15,509.83,-0.009942712884746241,-9942.71288474624,0.007118888738943196,16561.011683373785,9942.71288474624,False
2024-03-18,512.86,0.005943157523095932,5943.157523095932,0.00731910613636085,17026.787000202334,-5943.157523095932,False
2024-03-19,515.71,0.005557072105447869,5557.072105447869,0.00724392318000792,16851.88528952659,-5557.072105447869,False
2024-03-20,520.48,0.009249384343914091,9249.384343914091,0.007153937424851682,16642.547119324914,-9249.384343914091,False
2024-03-21,522.2,0.0033046418690441115,3304.6418690441114,0.007296653896304695,16974.555279280245,-3304.6418690441114,False
2024-03-22,521.21,-0.001895825354270464,-1895.825354270464,0.007120528637009287,16564.82665675348,1895.825354270464,False
2024-03-25,519.77,-0.0027628019416359173,-2762.8019416359175,0.006919209608956421,16096.488563838726,2762.8019416359175,False
2024-03-26,518.81,-0.001846970775535417,-1846.970775535417,0.006742471237612868,15685.33362940221,1846.970775535417,False
2024-03-27,523.17,0.008403847265858522,8403.847265858521,0.006552704888011934,15243.871085443589,-8403.847265858521,False
2024-03-28,523.07,-0.00019114245847418054,-191.14245847418056,0.006678259039636426,15535.953719152225,191.14245847418056,False
2024-04-01,522.16,-0.001739728908176863,-1739.728908176863,0.006474981644670693,15063.059783533132,1739.728908176863,False
2024-04-02,518.84,-0.006358204381798571,-6358.204381798571,0.006292174779941337,14637.787422409925,6358.204381798571,False
2024-04-03,519.41,0.0010986045794463273,1098.6045794463273,0.006296156083777893,14647.049320126007,-1098.6045794463273,False
2024-04-04,513.07,-0.012206156985810623,-12206.156985810623,0.0061102784279224625,14214.63323059503,12206.156985810623,False
2024-04-05,518.43,0.010446917574599812,10446.917574599813,0.006635871338450267,15437.345180612327,-10446.917574599813,False
2024-04-08,518.72,0.00055938120864929,559.38120864929,0.006923942975203272,16107.500020344145,-559.38120864929,False
2024-04-09,519.32,0.001156693399136488,1156.693399136488,0.006714409995273608,15620.053417943329,-1156.693399136488,False
2024-04-10,514.12,-0.010013094046060322,-10013.094046060321,0.006516024851604594,15158.540560727632,10013.094046060321,False
2024-04-11,518.0,0.007546876215669407,7546.8762156694065,0.006776930589672575,15765.498069807136,-7546.8762156694065,False
2024-04-12,510.85,-0.013803088803088781,-13803.088803088782,0.0068255769983997456,15878.66653932931,13803.088803088782,False
2024-04-15,504.45,-0.01252813937555064,-12528.13937555064,0.007431332781525529,17287.86521759192,12528.13937555064,False
2024-04-16,503.53,-0.0018237684606997595,-1823.7684606997595,0.007831250287660504,18218.212457780737,1823.7684606997595,False
2024-04-17,500.55,-0.005918217385259994,-5918.2173852599935,0.0076058096273702745,17693.759056992196,5918.2173852599935,False
2024-04-18,499.52,-0.002057736489861184,-2057.736489861184,0.007515248332801922,17483.081981902724,2057.736489861184,False
2024-04-19,495.16,-0.008728379244074214,-8728.379244074215,0.00730371664436426,16990.9856882135,8728.379244074215,False
2024-04-22,499.72,0.00920914451894328,9209.14451894328,0.007396938317006357,17207.851728178972,-9209.14451894328,False
2024-04-23,505.65,0.01186664532137982,11866.645321379821,0.007517999417658132,17489.481962309274,-11866.645321379821,False
2024-04-24,505.41,-0.0004746366063481666,-474.63660634816665,0.007847173542128343,18255.255486959803,474.63660634816665,False
2024-04-25,503.49,-0.003798895945865799,-3798.895945865799,0.0076090052857615675,17701.19327009694,3798.895945865799,False
2024-04-26,508.26,0.0094738723708514,9473.872370851399,0.007435660049845848,17297.9319490493,-9473.872370851399,False
2024-04-29,510.06,0.0035414945106835294,3541.4945106835294,0.007573437358043706,17618.449897066457,-3541.4945106835294,False
2024-04-30,501.98,-0.015841273575657788,-15841.273575657788,0.0073937857159503476,17200.517681414625,15841.273575657788,False
2024-05-01,500.35,-0.003247141320371294,-3247.141320371294,0.008151364308538661,18962.909029701303,3247.141320371294,False
2024-05-02,505.03,0.009353452583191757,9353.452583191756,0.007942964892932275,18478.09949225403,-9353.452583191756,False
2024-05-03,511.29,0.01239530324931204,12395.303249312039,0.008034579909770911,18691.22789190681,-12395.303249312039,False
2024-05-06,516.57,0.010326820395470282,10326.820395470282,0.008360611127510298,19449.689922165777,-10326.820395470282,False
2024-05-07,517.14,0.0011034322550669273,1103.4322550669274,0.008491432299014116,19754.025476373215,-1103.4322550669274,False
2024-05-08,517.19,9.668561704767598e-05,96.68561704767598,0.008237184646704665,19162.556990943252,-96.68561704767598,False
2024-05-09,520.17,0.005761905682631019,5761.905682631019,0.007986281934428891,18578.869999649425,-5761.905682631019,False
2024-05-10,520.84,0.0012880404483150976,1288.0404483150976,0.00787056736288727,18309.677652148028,-1288.0404483150976,False
2024-05-13,520.91,0.00013439827970196383,134.39827970196382,0.007637317832113002,17767.058102110284,-134.39827970196382,False
2024-05-14,523.3,0.004588124628054802,4588.124628054801,0.007404727545456603,17225.97218322462,-4588.124628054801,False
2024-05-15,529.78,0.012382954328301166,12382.954328301166,0.0072665840583627005,16904.602375711132,-12382.954328301166,False
2024-05-16,528.69,-0.002057457812676855,-2057.457812676855,0.007670417375764075,17844.05915511468,2057.457812676855,False
2024-05-17,529.45,0.0014375153681740471,1437.5153681740471,0.007453802554024002,17340.137725073924,-1437.5153681740471,False
2024-05-20,530.06,0.0011521390121822517,1152.1390121822517,0.007235302978420215,16831.83170188923,-1152.1390121822517,False
2024-05-21,531.36,0.0024525525412217863,2452.552541221786,0.007020561095551252,16332.26737920949,-2452.552541221786,False
2024-05-22,529.83,-0.002879403794037838,-2879.403794037838,0.0068331458530191585,15896.274328182106,2879.403794037838,False
2024-05-23,525.96,-0.007304229658569694,-7304.229658569694,0.006662419026619544,15499.104338545623,7304.229658569694,False
2024-05-24,529.44,0.006616472735569312,6616.472735569312,0.006702660956918091,15592.721067542947,-6616.472735569312,False
2024-05-28,529.81,0.0006988516168024983,698.8516168024983,0.0066975209411260835,15580.763602732675,-698.8516168024983,False
2024-05-29,526.1,-0.007002510333893097,-7002.510333893098,0.006495743465251035,15111.359000701428,7002.510333893098,False
2024-05-30,522.61,-0.006633719825128281,-6633.719825128282,0.006527259090533116,15184.675308575466,6633.719825128282,False
2024-05-31,527.37,0.00910813034576452,9108.13034576452,0.006533695652840617,15199.648991615652,-9108.13034576452,False
2024-06-03,527.8,0.0008153668202588449,815.3668202588449,0.006716048723366863,15623.865669559204,-815.3668202588449,False
2024-06-04,528.39,0.001117847669571903,1117.847669571903,0.006514513121519838,15155.023750658836,-1117.847669571903,False
2024-06-05,534.67,0.011885160582145726,11885.160582145727,0.0063219872937683875,14707.141700571296,-11885.160582145727,False
2024-06-06,534.66,-1.8703125292174327e-05,-18.703125292174327,0.006785638839919071,15785.756489254687,18.703125292174327,False
2024-06-07,534.01,-0.001215725881868801,-1215.725881868801,0.006578922539921175,15304.862464224992,1215.725881868801,False
2024-06-10,535.66,0.0030898297784685003,3089.8297784685,0.00638544969789103,14854.777329483526,-3089.8297784685,False
2024-06-11,536.95,0.0024082440353956347,2408.244035395635,0.0062370147231855634,14509.465941644157,-2408.244035395635,False
2024-06-12,541.36,0.008213055219294052,8213.055219294052,0.0060757147610664385,14134.226117685463,-8213.055219294052,False
2024-06-13,542.45,0.002013447613418151,2013.4476134181511,0.00622468535979776,14480.783553338664,-2013.4476134181511,False
2024-06-14,542.78,0.0006083510000920445,608.3510000920445,0.006055174946794724,14086.443364421268,-608.3510000920445,False
2024-06-17,547.1,0.007959025756291815,7959.025756291815,0.005872600827101382,13661.71244921778,-7959.025756291815,False
2024-06-18,548.49,0.002540668981904526,2540.668981904526,0.006018218964557747,14000.470893711183,-2540.668981904526,False
2024-06-20,547.0,-0.002716549071086094,-2716.549071086094,0.0058679742558720785,13650.949435074393,2716.549071086094,False
2024-06-21,544.51,-0.004552102376599643,-4552.102376599642,0.005727993792494886,13325.306181689612,4552.102376599642,False
2024-06-24,542.74,-0.0032506290058951226,-3250.6290058951226,0.0056643284047158664,13177.198342179903,3250.6290058951226,False
2024-06-25,544.83,0.0038508309687881326,3850.8309687881324,0.005549192250762334,12909.351595204864,-3850.8309687881324,False
2024-06-26,545.51,0.0012480957362845935,1248.0957362845934,0.005462202532566525,12706.983249216632,-1248.0957362845934,False
2024-06-27,546.37,0.0015765063885171404,1576.5063885171405,0.005304618901899126,12340.388905029891,-1576.5063885171405,False
2024-06-28,544.22,-0.003935062320405525,-3935.0623204055246,0.005157496014182123,11998.12988796669,3935.0623204055246,False
2024-07-01,545.34,0.002057991253537228,2057.991253537228,0.0050924318508994044,11846.768010037693,-2057.991253537228,False
2024-07-02,549.01,0.006729746580115048,6729.746580115048,0.0049629638429742355,11545.580385044674,-6729.746580115048,False
2024-07-03,551.46,0.004462578095116854,4462.578095116854,0.00508630699449253,11832.519463356753,-4462.578095116854,False
2024-07-05,554.64,0.005766510717005735,5766.510717005735,0.005051055722023983,11750.512740592316,-5766.510717005735,False
2024-07-08,555.28,0.001153901629886045,1153.901629886045,0.005096815949544604,11856.966948600537,-1153.901629886045,False
2024-07-09,555.82,0.000972482351246251,972.482351246251,0.00494962323741995,11514.545495675044,-972.482351246251,False
2024-07-10,561.32,0.009895289842035249,9895.289842035249,0.00480474633006491,11177.511410252035,-9895.289842035249,False
2024-07-11,556.48,-0.00862253260172452,-8622.532601724519,0.005251233923752497,12216.196874612764,8622.532601724519,False
2024-07-12,559.99,0.006307504312823342,6307.504312823342,0.005511970098496456,12822.759920413915,-6307.504312823342,False
2024-07-15,561.53,0.002750049108019681,2750.0491080196807,0.005562911301116799,12941.266878830833,-2750.0491080196807,False
2024-07-16,564.86,0.005930226345876477,5930.226345876477,0.005435346301868779,12644.506314028178,-5930.226345876477,False
2024-07-17,556.94,-0.014021173388096053,-14021.173388096053,0.005466302692566882,12716.521647716689,14021.173388096053,True
2024-07-18,552.66,-0.007684849355406476,-7684.849355406475,0.006315317522492539,14691.625492343386,7684.849355406475,False
2024-07-19,548.99,-0.006640610863822172,-6640.610863822171,0.006405751779629359,14902.00703417409,6640.610863822171,False
2024-07-22,554.65,0.010309841709320589,10309.841709320588,0.006420085612293188,14935.352515318447,-10309.841709320588,False
2024-07-23,553.78,-0.0015685567474984508,-1568.5567474984507,0.0067172925704705125,15626.75929062441,1568.5567474984507,False
2024-07-24,541.23,-0.0226624291234786,-22662.4291234786,0.006523980420331427,15177.047981122085,22662.4291234786,True
2024-07-25,538.41,-0.005210354193226685,-5210.354193226685,0.008415683152304228,19577.806609964264,5210.354193226685,False
2024-07-26,544.44,0.01119964339443924,11199.643394439241,0.008258520872039442,19212.192473390867,-11199.643394439241,False
2024-07-29,544.76,0.0005877599000807532,587.7599000807531,0.00846385832254019,19689.878814824246,-587.7599000807531,False
2024-07-30,542.0,-0.005066451281298123,-5066.451281298123,0.008207277961894518,19092.983638315556,5066.451281298123,False
2024-07-31,550.81,0.01625461254612537,16254.612546125369,0.008053445384822418,18735.11554968565,-16254.612546125369,False
2024-08-01,543.01,-0.014160962945480193,-14160.962945480193,0.008764659112242635,20389.646092458333,14160.962945480193,False
2024-08-02,532.9,-0.018618441649325135,-18618.441649325134,0.009178347709973977,21352.02968230558,18618.441649325134,False
2024-08-05,517.38,-0.029123662976168085,-29123.662976168085,0.009999316219173838,23261.888028337155,29123.662976168085,True
2024-08-06,522.15,0.009219529166183404,9219.529166183405,0.012036544772854728,28001.19034312799,-9219.529166183405,False
2024-08-07,518.66,-0.006683903092980947,-6683.903092980947,0.011886365657658639,27651.821477766232,6683.903092980947,False
2024-08-08,530.65,0.02311726371804257,23117.26371804257,0.011639975123173343,27078.63138168258,-23117.26371804257,False
2024-08-09,532.99,0.004409686233864285,4409.686233864285,0.01262632775293673,29373.23072498723,-4409.686233864285,False
2024-08-12,533.27,0.0005253381864573914,525.3381864573914,0.0122892401446946,28589.047684187637,-525.3381864573914,False
2024-08-13,542.04,0.016445702927222472,16445.70292722247,0.011915555242897578,27719.726607330973,-16445.70292722247,False
2024-08-14,543.75,0.0031547487270313646,3154.7487270313645,0.012234757783788715,28462.302759721504,-3154.7487270313645,False
2024-08-15,553.07,0.01714022988505759,17140.22988505759,0.011887181605331946,27653.71965590136,-17140.22988505759,False
2024-08-16,554.31,0.0022420308460049387,2242.0308460049387,0.012265970412397501,28534.91419192878,-2242.0308460049387,False
2024-08-19,559.61,0.009561436741173823,9561.436741173824,0.011904973350965912,27695.109445532413,-9561.436741173824,False
2024-08-20,558.7,-0.0016261324851235548,-1626.1324851235547,0.011777518898787816,27398.606051670857,1626.1324851235547,False
2024-08-21,560.62,0.003436549131913269,3436.549131913269,0.01142567340414456,26580.091033216675,-3436.549131913269,False
2024-08-22,556.22,-0.007848453497912966,-7848.453497912966,0.011109538431908367,25844.651112645046,7848.453497912966,False
2024-08-23,562.13,0.010625292150587828,10625.292150587828,0.010941317418774587,25453.31051637228,-10625.292150587828,False
2024-08-26,560.79,-0.0023837902264601807,-2383.7902264601807,0.01092261375514112,25409.799288241786,2383.7902264601807,False
2024-08-27,561.56,0.0013730630004100686,1373.0630004100685,0.010605952532421787,24673.135125977497,-1373.0630004100685,False
2024-08-28,558.3,-0.005805256784671253,-5805.256784671254,0.010288351349607514,23934.284289544656,5805.256784671254,False
2024-08-29,558.35,8.955758552753323e-05,89.55758552753323,0.010075774087560262,23439.755627911607,-89.55758552753323,False
2024-08-30,563.68,0.0095459837019789,9545.9837019789,0.009768850049489209,22725.74354445298,-9545.9837019789,False
2024-09-03,552.08,-0.02057905194436549,-20579.05194436549,0.009755621646125263,22694.969676410314,20579.05194436549,False
2024-09-04,550.95,-0.0020468048108969183,-2046.8048108969183,0.01071782007760629,24933.37795189163,2046.8048108969183,False
2024-09-05,549.61,-0.002432162628187684,-2432.162628187684,0.010403400010526306,24201.92749728433,2432.162628187684,False
2024-09-06,540.36,-0.01683011590036576,-16830.11590036576,0.010104049325655274,23505.533667941938,16830.11590036576,False
2024-09-09,546.41,0.011196239544007724,11196.239544007725,0.010628333457411984,24725.200943247506,-11196.239544007725,False
2024-09-10,548.79,0.004355703592540339,4355.703592540339,0.01066326078423643,24806.454055751485,-4355.703592540339,False
2024-09-11,554.42,0.010258933289600813,10258.933289600813,0.010393322469097193,24178.483630205155,-10258.933289600813,False
2024-09-12,559.09,0.008423217055661958,8423.217055661959,0.010385308159331186,24159.8395577191,-8423.217055661959,False
2024-09-13,562.01,0.005222772719955637,5222.7727199556375,0.010278150765795486,23910.554183079566,-5222.7727199556375,False
2024-09-16,562.84,0.0014768420490738343,1476.8420490738342,0.010046820465580928,23372.3994309742,-1476.8420490738342,False
2024-09-17,563.07,0.0004086418875701714,408.6418875701714,0.009747468857392342,22676.003453673977,-408.6418875701714,False
2024-09-18,561.4,-0.002965883460315899,-2965.883460315899,0.00945105176527037,21986.43418158666,2965.883460315899,False
2024-09-19,570.98,0.017064481653010333,17064.481653010334,0.009191889065020392,21383.531584829438,-17064.481653010334,False
2024-09-20,568.25,-0.004781253283827835,-4781.253283827836,0.009843432691585724,22899.248715334557,4781.253283827836,False
2024-09-23,569.67,0.002498900131984172,2498.900131984172,0.00961515471026851,22368.194718806924,-2498.900131984172,False
2024-09-24,571.3,0.0028613056681938698,2861.3056681938697,0.009342312251709029,21733.468245389,-2861.3056681938697,False
2024-09-25,570.04,-0.002205496236653226,-2205.496236653226,0.009084783680613258,21134.367201515575,2205.496236653226,False
2024-09-26,572.3,0.003964634060767747,3964.6340607677466,0.008824576458455002,20529.034683437643,-3964.6340607677466,False
2024-09-27,571.47,-0.001450288310326675,-1450.288310326675,0.008610682904682945,20031.44386934898,1450.288310326675,False
2024-09-30,573.76,0.004007209477312923,4007.209477312923,0.00835592177146743,19438.78084870483,-4007.209477312923,False
2024-10-01,568.62,-0.008958449525934165,-8958.449525934164,0.008160613126446711,18984.424997579084,8958.449525934164,False
2024-10-02,568.86,0.0004220744961485057,422.07449614850566,0.008210669843446691,19100.87433475345,-422.07449614850566,False
2024-10-03,567.82,-0.001828217839187074,-1828.217839187074,0.007961211097202344,18520.54651076702,1828.217839187074,False
2024-10-04,572.98,0.009087386847944634,9087.386847944634,0.007731660367231349,17986.531658114473,-9087.386847944634,False
2024-10-07,567.8,-0.009040455164229244,-9040.455164229244,0.007819635138266674,18191.191579681734,9040.455164229244,False
2024-10-08,573.17,0.009457555477280666,9457.555477280666,0.007898207508572076,18373.978246300052,-9457.555477280666,False
2024-10-09,577.14,0.0069263918209256925,6926.391820925693,0.008000343884728141,18611.582987832953,-6926.391820925693,False
2024-10-10,576.13,-0.0017500086634092415,-1750.0086634092415,0.007940004178644475,18471.211840864966,1750.0086634092415,False
2024-10-11,579.58,0.0059882318226789355,5988.231822678936,0.0077100452783883605,17936.247442137384,-5988.231822678936,False
2024-10-14,584.32,0.008178336036440248,8178.336036440248,0.007617719181279881,17721.464822410584,-8178.336036440248,False
2024-10-15,579.78,-0.0077697152245346235,-7769.715224534623,0.007652514463419542,17802.410753042837,7769.715224534623,False
2024-10-16,582.3,0.00434647624961193,4346.47624961193,0.007659597080545195,17818.887384335743,-4346.47624961193,False
2024-10-17,582.35,8.586639189434031e-05,85.86639189434031,0.007502184557675526,17452.691096410483,-85.86639189434031,False
2024-10-18,584.59,0.0038464840731518013,3846.484073151801,0.0072736682032805864,16921.082561180254,-3846.484073151801,False
2024-10-21,583.63,-0.00164217656819321,-1642.17656819321,0.007114745291788791,16551.372583894932,1642.17656819321,False
2024-10-22,583.32,-0.0005311584394221969,-531.1584394221969,0.006909719905023378,16074.412211268815,531.1584394221969,False
2024-10-23,577.99,-0.009137351710896358,-9137.351710896357,0.006700485293856697,15587.659718405444,9137.351710896357,False
2024-10-24,579.24,0.0021626671741725723,2162.6671741725722,0.0068711123379053924,15984.597579582,-2162.6671741725722,False
2024-10-25,579.04,-0.00034528002209799347,-345.2800220979935,0.006682819871347976,15546.563800308248,345.2800220979935,False
2024-10-28,580.83,0.0030913235700471553,3091.3235700471555,0.006479786234477953,15074.23693081689,-3091.3235700471555,False
2024-10-29,581.77,0.0016183737065922355,1618.3737065922355,0.006327854988125274,14720.79199886396,-1618.3737065922355,False
2024-10-30,580.01,-0.003025250528559398,-3025.250528559398,0.006147877018365668,14302.100631539513,3025.250528559398,False
2024-10-31,568.64,-0.019603110291201875,-19603.110291201876,0.006006474570711571,13973.149348055234,19603.110291201876,True
2024-11-01,571.04,0.004220596510973618,4220.596510973618,0.007547846616607281,17558.9169301307,-4220.596510973618,False
2024-11-04,569.81,-0.0021539646959932712,-2153.964695993271,0.007390574763133565,17193.04788815566,2153.964695993271,False
2024-11-05,576.7,0.012091749881539604,12091.749881539605,0.007184826611992377,16714.406114160523,-12091.749881539605,False
2024-11-06,591.04,0.024865614704352224,24865.614704352225,0.00756948177549778,17609.24783602015,-24865.614704352225,False
2024-11-07,595.61,0.007732133188955048,7732.133188955048,0.009537146259030283,22186.719924111654,-7732.133188955048,False
2024-11-08,598.19,0.004331693557865224,4331.693557865224,0.009438584759341393,21957.43158884813,-4331.693557865224,False
2024-11-11,598.76,0.0009528745047560072,952.8745047560072,0.009212354936088296,21431.14232047865,-952.8745047560072,False
2024-11-12,596.9,-0.0031064199345314236,-3106.4199345314237,0.00893475867887158,20785.35685766085,3106.4199345314237,False
2024-11-13,597.19,0.0004858435248786819,485.8435248786819,0.008695924825990044,20229.746231760906,-485.8435248786819,False
2024-11-14,593.35,-0.006430114368961348,-6430.114368961348,0.00843185179544528,19615.420498561572,6430.114368961348,False
2024-11-15,585.75,-0.012808628971096359,-12808.62897109636,0.008325331192583748,19367.616520553096,12808.62897109636,False
2024-11-18,588.15,0.0040973111395645745,4097.311139564575,0.0086600305810885,20146.243731443898,-4097.311139564575,False
2024-11-19,590.3,0.0036555300518574807,3655.530051857481,0.008455982462134647,19671.55682371357,-3655.530051857481,False
2024-11-20,590.5,0.0003388107741826296,338.81077418262964,0.008247132534010533,19185.699237428453,-338.81077418262964,False
2024-11-21,593.67,0.005368331922099845,5368.331922099845,0.007996322335671883,18602.227465735574,-5368.331922099845,False
2024-11-22,595.51,0.003099364967069196,3099.3649670691957,0.007863449618313662,18293.119302191248,-3099.3649670691957,False
2024-11-25,597.53,0.0033920505113262944,3392.0505113262943,0.007661603833253035,17823.55578923135,-3392.0505113262943,False
2024-11-26,600.65,0.005221495155054878,5221.4951550548785,0.0074745249548140436,17388.34523809686,-5221.4951550548785,False
2024-11-27,598.83,-0.003030050778323412,-3030.050778323412,0.007358821413880439,17119.178551626974,3030.050778323412,False
2024-11-29,602.55,0.006212113621561821,6212.113621561821,0.007173143655919299,16687.227494137405,-6212.113621561821,False
2024-12-02,603.63,0.0017923823749066425,1792.3823749066426,0.00711914123000658,16561.599065422302,-1792.3823749066426,False
2024-12-03,603.91,0.0004638603117803619,463.86031178036194,0.0069162128087765905,16089.516964111453,-463.86031178036194,False
2024-12-04,607.66,0.0062095345332913165,6209.534533291317,0.00670647967436262,15601.60473275159,-6209.534533291317,False
2024-12-05,606.66,-0.0016456571108843798,-1645.6571108843798,0.006677705937856868,15534.667012003221,1645.6571108843798,False
2024-12-06,607.81,0.0018956252266508766,1895.6252266508766,0.006486812964510059,15090.58354928854,-1895.6252266508766,False
2024-12-09,604.68,-0.0051496355769072855,-5149.635576907285,0.006306316007808247,14670.684837794437,5149.635576907285,False
2024-12-10,602.8,-0.0031090824899120406,-3109.0824899120407,0.006242961563986693,14523.300362099126,3109.0824899120407,False
2024-12-11,607.46,0.0077305905773059624,7730.590577305962,0.006100498223899006,14191.881073757379,-7730.590577305962,False
2024-12-12,604.33,-0.005152602640503101,-5152.602640503101,0.006210381285029378,14447.507299411118,5152.602640503101,False
2024-12-13,604.21,-0.0001985670080916213,-198.56700809162132,0.006152045546106736,14311.798077187828,198.56700809162132,False
2024-12-16,606.79,0.0042700385627512105,4270.0385627512105,0.0059648277652159885,13876.264390629993,-4270.0385627512105,False
2024-12-17,604.29,-0.004120041530018659,-4120.041530018659,0.005876939153352961,13671.804905270039,4120.041530018659,False
2024-12-18,586.28,-0.0298035711330652,-29803.571133065198,0.005786587380833798,13461.615251354262,29803.571133065198,True
2024-12-19,586.1,-0.00030702053626241455,-307.02053626241457,0.009207099925714075,21418.91733826652,307.02053626241457,False
2024-12-20,591.15,0.008616277085821356,8616.277085821355,0.008926931353838242,20767.14777671012,-8616.277085821355,False
2024-12-23,594.69,0.0059883278355747915,5988.327835574792,0.008908597591178471,20724.49706692339,-5988.327835574792,False
2024-12-24,601.3,0.011115034723973682,11115.034723973682,0.008760874876120366,20380.842642800424,-11115.034723973682,False
2024-12-26,601.34,6.652253450867285e-05,66.52253450867285,0.008919663261258422,20750.239664988723,-66.52253450867285,False
2024-12-27,595.01,-0.010526490837130531,-10526.490837130532,0.008647949736639574,20118.13948464352,10526.490837130532,False
2024-12-30,588.22,-0.01141157291474082,-11411.57291474082,0.00877201420024212,20406.75658578932,11411.57291474082,False
2024-12-31,586.08,-0.003638094590459273,-3638.094590459273,0.008952361639522904,20826.307467748884,3638.094590459273,False
2025-01-02,584.64,-0.002457002457002533,-2457.002457002533,0.008725264243807226,20297.999924025502,2457.002457002533,False
2025-01-03,591.95,0.012503420908593466,12503.420908593465,0.00848083920500962,19729.382254656346,-12503.420908593465,False
2025-01-06,595.36,0.005760621674127719,5760.621674127719,0.008774353974453142,20412.19971455087,-5760.621674127719,False
2025-01-07,588.63,-0.011304084923407731,-11304.08492340773,0.00862328337312461,20060.756942320168,11304.08492340773,False
2025-01-08,589.49,0.0014610196558109134,1461.0196558109135,0.008807172947237481,20488.54806211592,-1461.0196558109135,False
2025-01-10,580.49,-0.01526743456207913,-15267.43456207913,0.008546367199534466,19881.82316540938,15267.43456207913,False
2025-01-13,581.39,0.0015504143051559005,1550.4143051559006,0.009090854869436867,21148.49089872828,-1550.4143051559006,False
2025-01-14,582.19,0.0013760126593165278,1376.0126593165278,0.008822088799870021,20523.247524177135,-1376.0126593165278,False
2025-01-15,592.78,0.01818993799275126,18189.93799275126,0.00855997081744678,19913.469913018955,-18189.93799275126,False
2025-01-16,591.64,-0.0019231418064037387,-1923.1418064037387,0.009419614908403434,21913.301116447736,1923.1418064037387,False
2025-01-17,597.58,0.010039889121763235,10039.889121763235,0.009144796596191275,21273.97812008549,-10039.889121763235,False
2025-01-21,603.05,0.009153586130727032,9153.586130727032,0.009200958043226086,21404.62918299798,-9153.586130727032,False
2025-01-22,606.44,0.005621424425835464,5621.424425835464,0.009198122608531195,21398.03297552354,-5621.424425835464,False
2025-01-23,609.75,0.005458083239891831,5458.083239891831,0.009023588903801033,20992.006862576054,-5458.083239891831,False
2025-01-24,607.97,-0.002919229192291928,-2919.2291922919276,0.008850259186132818,20588.781642370504,2919.2291922919276,False
2025-01-27,599.37,-0.014145434807638524,-14145.434807638523,0.008610387700135948,20030.757120878665,14145.434807638523,False
2025-01-28,604.52,0.00859235530640512,8592.35530640512,0.009038586688176552,21026.896926373363,-8592.35530640512,False
2025-01-29,601.81,-0.004482895520412922,-4482.8955204129215,0.009012435882889372,20966.06105608908,4482.8955204129215,False
2025-01-30,605.04,0.0053671424535983725,5367.142453598372,0.00880660783987891,20487.233425813705,-5367.142453598372,False
2025-01-31,601.82,-0.005321962184318241,-5321.96218431824,0.00863894288867132,20097.186423020765,5321.96218431824,False
2025-02-03,597.77,-0.006729586919677066,-6729.586919677066,0.008476606105581413,19719.53459280093,6729.586919677066,False
2025-02-04,601.78,0.006708265720929418,6708.265720929418,0.008382059437369709,19499.586152208987,-6708.265720929418,False
2025-02-05,604.22,0.004054637907541014,4054.6379075410146,0.008291166077570663,19288.13657787605,-4054.6379075410146,False
2025-02-06,606.32,0.003475555261328589,3475.555261328589,0.008099705806014382,18842.733382177812,-3475.555261328589,False
2025-02-07,600.77,-0.009153582266789972,-9153.582266789972,0.00789896760075752,18375.746485139738,9153.582266789972,False
2025-02-10,604.85,0.006791284518201657,6791.284518201657,0.007979809014459025,18563.81173603869,-6791.284518201657,False
2025-02-11,605.31,0.0007605191369759456,760.5191369759457,0.00791353293524687,18409.63052006373,-760.5191369759457,False
2025-02-12,603.36,-0.003221489815135925,-3221.489815135925,0.007674716064302647,17854.05940005755,3221.489815135925,False
2025-02-13,609.73,0.010557544417926223,10557.544417926223,0.007482637934936227,17407.21885215624,-10557.544417926223,False
2025-02-14,609.7,-4.9202105850132405e-05,-49.202105850132405,0.007701829840084433,17917.13547470473,49.202105850132405,False
2025-02-18,611.49,0.0029358701000492538,2935.870100049254,0.007467210802120916,17371.32997452879,-2935.870100049254,False
2025-02-19,612.93,0.0023549035961338838,2354.9035961338836,0.007275358611654439,16925.015039107027,-2354.9035961338836,False
2025-02-20,610.38,-0.00416034457442116,-4160.344574421159,0.007077268301351094,16464.18806686475,4160.344574421159,False
2025-02-21,599.94,-0.01710409908581534,-17104.09908581534,0.006936928068779825,16137.70786518018,17104.09908581534,True
2025-02-24,597.21,-0.004550455045504553,-4550.455045504554,0.007923807487678082,18433.5327032688,4550.455045504554,False
2025-02-25,594.24,-0.00497312503139602,-4973.12503139602,0.007762855148909176,18059.101572151856,4973.12503139602,False
2025-02-26,594.54,0.0005048465266557223,504.8465266557223,0.007624311327185086,17736.800447022524,-504.8465266557223,False
2025-02-27,585.05,-0.015961920139940133,-15961.920139940134,0.0073930783860270835,17198.872185951393,15961.920139940134,False
2025-02-28,594.18,0.015605503803093779,15605.50380309378,0.00816487141441027,18994.331256730165,-15605.50380309378,False
2025-03-03,583.77,-0.017519943451479336,-17519.943451479336,0.008790740733176311,20450.321015868933,17519.943451479336,False
2025-03-04,576.86,-0.011836853555338478,-11836.853555338477,0.009542400137922938,22198.94227410405,11836.853555338477,False
2025-03-05,583.06,0.010747841764032762,10747.841764032763,0.009695391817463055,22554.85414254814,-10747.841764032763,False
2025-03-06,572.71,-0.017751174836208805,-17751.174836208804,0.009761739153427682,22709.201126517724,17751.174836208804,False
2025-03-07,575.92,0.005604930942361586,5604.930942361586,0.010415388168739964,24229.81612365834,-5604.930942361586,False
2025-03-10,560.58,-0.026635643839421963,-26635.643839421962,0.010190996375002556,23707.80275134511,26635.643839421962,True
2025-03-11,555.92,-0.00831281886617441,-8312.81886617441,0.011840290285834575,27544.63413447768,8312.81886617441,False
2025-03-12,558.87,0.005306518923586134,5306.518923586134,0.011658777940237492,27122.373275185742,-5306.518923586134,False
2025-03-13,551.42,-0.013330470413513096,-13330.470413513096,0.011378094104961732,26469.40503171435,13330.470413513096,False
2025-03-14,562.81,0.020655761488520552,20655.76148852055,0.011504583887321432,26763.664267994725,-20655.76148852055,False
2025-03-17,567.15,0.007711305769265042,7711.305769265042,0.01224801013860741,28493.13234718001,-7711.305769265042,False
2025-03-18,561.02,-0.010808428105439472,-10808.428105439472,0.012024174874565412,27972.41365654054,10808.428105439472,False
2025-03-19,567.13,0.010890877330576476,10890.877330576475,0.011954717128226397,27810.8307760091,-10890.877330576475,False
2025-03-20,565.49,-0.002891753213548953,-2891.753213548953,0.011893570467304378,27668.58237136847,2891.753213548953,False
2025-03-21,563.98,-0.002670250579143718,-2670.250579143718,0.011552979336602964,26876.248918544068,2670.250579143718,False
2025-03-24,574.08,0.017908436469378453,17908.436469378452,0.01122010989020079,26101.87878957322,-17908.436469378452,False
2025-03-25,575.46,0.0024038461538462563,2403.846153846256,0.01172945607425837,27286.795202006382,-2403.846153846256,False
2025-03-26,568.59,-0.011938275466583215,-11938.275466583214,0.011387363171075245,26490.968103961863,11938.275466583214,False
2025-03-27,567.08,-0.0026556921507588926,-2655.6921507588927,0.011421167315888712,26569.60830438244,2655.6921507588927,False
2025-03-28,555.66,-0.020138252098469533,-20138.252098469533,0.011092323522781385,25804.603245395683,20138.252098469533,False
2025-03-31,559.39,0.006712738005254959,6712.738005254959,0.011831746047008321,27524.757262648927,-6712.738005254959,False
2025-04-01,560.97,0.0028245052646633795,2824.5052646633794,0.011588548344865064,26958.994805296345,-2824.5052646633794,False
2025-04-02,564.52,0.006328324152806708,6328.324152806708,0.011256795964047895,26187.223359474337,-6328.324152806708,False
2025-04-03,536.7,-0.049280804931623234,-49280.804931623235,0.011023401890914278,25644.267553626214,49280.804931623235,True
2025-04-04,505.28,-0.05854294764300372,-58542.94764300372,0.016122665101533862,37506.92768282576,58542.94764300372,True
2025-04-07,504.38,-0.0017811906269790123,-1781.1906269790122,0.02121274412473628,49348.22219715257,1781.1906269790122,False
2025-04-08,496.48,-0.01566279392521508,-15662.793925215079,0.020571145833580096,47855.64137653315,15662.793925215079,False
2025-04-09,548.62,0.10501933612632941,105019.3361263294,0.020310123221306653,47248.411977394244,-105019.3361263294,False
2025-04-10,524.58,-0.04381903685611166,-43819.03685611166,0.032395905552610786,75364.14600994397,43819.03685611166,False
2025-04-11,533.94,0.017842845705135613,17842.845705135613,0.033192340897247576,77216.93168075074,-17842.845705135613,False
2025-04-14,539.12,0.009701464584035646,9701.464584035646,0.03247660131781318,75551.87243176665,-9701.464584035646,False
2025-04-15,537.61,-0.002800860661819282,-2800.860661819282,0.03157677881088145,73458.57225575193,2800.860661819282,False
2025-04-16,525.66,-0.022228009151615602,-22228.009151615603,0.030622509232488892,71238.60925079655,22228.009151615603,False
2025-04-17,526.41,0.0014267777650953661,1426.7777650953662,0.030184745333411273,70220.2181348455,-1426.7777650953662,False
2025-04-21,513.88,-0.02380273930966348,-23802.73930966348,0.02926728312433148,68085.88187523991,23802.73930966348,False
2025-04-22,527.25,0.026017747334007968,26017.747334007967,0.02896849415674932,67390.79479571829,-26017.747334007967,False
2025-04-23,535.42,0.015495495495495337,15495.495495495337,0.028799976129629326,66998.76324159015,-15495.495495495337,False
2025-04-24,546.69,0.021048896193642586,21048.896193642584,0.02817940613998529,65555.10156548819,-21048.896193642584,False
2025-04-25,550.64,0.007225301359088165,7225.301359088166,0.027803193277685764,64679.89957309087,-7225.301359088166,False
2025-04-28,550.85,0.0003813744006975206,381.3744006975206,0.02701423331938088,62844.504251384955,-381.3744006975206,False
2025-04-29,554.32,0.006299355541435903,6299.3555414359025,0.026191437541874668,60930.39504361359,-6299.3555414359025,False
2025-04-30,554.54,0.0003968826670512904,396.88266705129035,0.025440377931421763,59183.169115558536,-396.88266705129035,False
2025-05-01,558.47,0.007086954953655411,7086.954953655411,0.02466555311536803,57380.657051977854,-7086.954953655411,False
2025-05-02,566.76,0.014844127706054033,14844.127706054034,0.023977064784679702,55778.99368757913,-14844.127706054034,False
2025-05-05,563.51,-0.005734349636530411,-5734.349636530412,0.0235292699671839,54737.267165891266,5734.349636530412,False
2025-05-06,558.8,-0.008358325495554708,-8358.325495554709,0.022855675846986966,53170.252916404716,8358.325495554709,False
2025-05-07,561.15,0.004205440229062329,4205.440229062329,0.02225377944580581,51770.0325031241,-4205.440229062329,False
2025-05-08,565.06,0.006967833912500998,6967.833912500998,0.021600416692657293,50250.083451359584,-6967.833912500998,False
2025-05-09,564.34,-0.0012742009698083478,-1274.200969808348,0.02101181486175276,48880.790833378276,1274.200969808348,False
2025-05-12,582.99,0.033047453662685466,33047.45366268547,0.020374101139539563,47397.24687146093,-33047.45366268547,False
2025-05-13,586.84,0.006603886859122943,6603.886859122943,0.021347735454253145,49662.25898958808,-6603.886859122943,False
2025-05-14,587.59,0.0012780314906959411,1278.031490695941,0.020760513957563186,48296.17750917232,-1278.031490695941,False
2025-05-15,590.46,0.004884358140880618,4884.358140880618,0.02013049937941724,46830.544434687756,-4884.358140880618,False
2025-05-16,594.2,0.006334044643159675,6334.044643159676,0.01955387946714764,45489.12592764976,-6334.044643159676,False
2025-05-19,594.85,0.0010939077751599413,1093.9077751599414,0.01902157084405192,44250.79089397742,-1093.9077751599414,False
2025-05-20,592.85,-0.003362192149281351,-3362.1921492813512,0.01844404364519891,42907.26172272496,3362.1921492813512,False
2025-05-21,582.86,-0.016850805431390725,-16850.805431390727,0.017901118439632855,41644.22882499318,16850.805431390727,False
2025-05-22,583.09,0.0003946059087946985,394.6059087946985,0.0178398435398849,41501.682092232455,-394.6059087946985,False
2025-05-23,579.11,-0.006825704436707936,-6825.704436707935,0.017296640116083638,40238.00196210069,6825.704436707935,False
2025-05-27,591.15,0.020790523389338844,20790.523389338843,0.016852855787979456,39205.60523388288,-20790.523389338843,False
2025-05-28,587.73,-0.0057853336716569,-5785.3336716569,0.017114683026161058,39814.70647279264,5785.3336716569,False
2025-05-29,590.05,0.003947390808704654,3947.390808704654,0.016653703423633794,38742.30755447714,-3947.390808704654,False
2025-05-30,589.39,-0.001118549275485048,-1118.549275485048,0.01617528983081322,37629.35110990676,1118.549275485048,False
2025-06-02,592.71,0.005632942533806196,5632.942533806196,0.015684918558700335,36488.57694353625,-5632.942533806196,False
2025-06-03,596.09,0.005702620168379191,5702.620168379191,0.015269560323625178,35522.3091964038,-5702.620168379191,False
2025-06-04,595.93,-0.00026841584324532874,-268.41584324532874,0.014870141113496766,34593.1211660705,268.41584324532874,False
2025-06-05,593.05,-0.004832782373768718,-4832.782373768718,0.014417286629427976,33539.62409980721,4832.782373768718,False
2025-06-06,599.14,0.010268948655256738,10268.948655256738,0.014028115042945375,32634.27560695631,-10268.948655256738,False
2025-06-09,599.68,0.0009012918516539958,901.2918516539959,0.013831406629395351,32176.663407288266,-901.2918516539959,False
2025-06-10,603.08,0.0056696905016009325,5669.690501600932,0.01341186342038019,31200.659954927574,-5669.690501600932,False
2025-06-11,601.36,-0.002852026265172114,-2852.026265172114,0.013077236673148992,30422.201732909074,2852.026265172114,False
2025-06-12,603.75,0.003974324863642353,3974.324863642353,0.012698083126765772,29540.158686345425,-3974.324863642353,False
2025-06-13,597.0,-0.011180124223602483,-11180.124223602483,0.012349678201309715,28729.647628705367,11180.124223602483,False
2025-06-16,602.68,0.009514237855946295,9514.237855946294,0.012282645856437492,28573.7070757199,-9514.237855946294,False
2025-06-17,597.53,-0.008545164929979365,-8545.164929979364,0.012134365628221061,28228.755682046318,8545.164929979364,False
2025-06-18,597.44,-0.0001506200525495105,-150.6200525495105,0.01194945396527492,27798.586828066203,150.6200525495105,False
2025-06-20,594.28,-0.005289234065345649,-5289.2340653456495,0.01158548420430259,26951.866548413072,5289.2340653456495,False
2025-06-23,600.15,0.00987749882210398,9877.49882210398,0.011307015406955848,26304.051253718768,-9877.49882210398,False
2025-06-24,606.78,0.01104723819045228,11047.238190452279,0.011226378781565703,26116.462411672575,-11047.238190452279,False
2025-06-25,607.12,0.0005603348824945176,560.3348824945176,0.011215711034640316,26091.6455212919,-560.3348824945176,False
2025-06-26,611.87,0.00782382395572534,7823.82395572534,0.010874901474617222,25298.803925879376,-7823.82395572534,False
2025-06-27,614.91,0.004968375635347355,4968.3756353473555,0.010716361623008286,24929.98507913818,-4968.3756353473555,False
2025-06-30,617.85,0.004781187490852323,4781.187490852323,0.010460930524394783,24335.76348591474,-4781.187490852323,False
2025-07-01,617.65,-0.00032370316419849665,-323.70316419849667,0.010209641943741347,23751.17883054088,323.70316419849667,False
2025-07-02,620.45,0.004533311746134583,4533.311746134583,0.009898932686231843,23028.361009888835,-4533.311746134583,False
2025-07-03,625.34,0.007881376420340036,7881.376420340036,0.009661396956455869,22475.77026991576,-7881.376420340036,False
2025-07-07,620.68,-0.007451946141299293,-7451.946141299292,0.00956394277157425,22249.05793410002,7451.946141299292,False
2025-07-08,620.34,-0.0005477862988978455,-547.7862988978454,0.009450542383124897,21985.249181515464,547.7862988978454,False
2025-07-09,624.06,0.0059967114808006095,5996.711480800609,0.009163623216003659,21317.775387061403,-5996.711480800609,False
2025-07-10,625.82,0.0028202416434319755,2820.2416434319753,0.00900507101211458,20948.927804619554,-2820.2416434319753,False
2025-07-11,623.62,-0.0035153878111917614,-3515.3878111917616,0.008758027830103854,20374.219423352617,3515.3878111917616,False
2025-07-14,624.81,0.0019082133350436514,1908.2133350436513,0.008534772725285994,19854.850384890822,-1908.2133350436513,False
2025-07-15,622.14,-0.004273299082921178,-4273.2990829211785,0.008287960028370725,19280.6781921357,4273.2990829211785,False
2025-07-16,624.22,0.003343298935930994,3343.298935930994,0.00810336532862022,18851.24670481191,-3343.298935930994,False
2025-07-17,628.04,0.006119637307359538,6119.637307359538,0.007899070624867149,18375.986155058145,-6119.637307359538,False
2025-07-18,627.58,-0.0007324374243677934,-732.4374243677934,0.007803755210080487,18154.249342505875,732.4374243677934,False
2025-07-21,628.77,0.0018961725995090273,1896.1725995090273,0.007568148223374309,17606.14552987279,-1896.1725995090273,False
2025-07-22,628.86,0.00014313660002862605,143.13660002862605,0.007352277450609002,17103.955016582666,-143.13660002862605,False
2025-07-23,634.21,0.008507457939764151,8507.457939764152,0.007128383685890208,16583.100233018096,-8507.457939764152,False
2025-07-24,634.42,0.0003311206067388994,331.1206067388994,0.007218561710665158,16792.885689238505,-331.1206067388994,False
2025-07-25,637.1,0.004224330884902816,4224.330884902816,0.0069991252047532804,16282.400040223458,-4224.330884902816,False
2025-07-28,636.94,-0.000251137968921622,-251.137968921622,0.006864341679972852,15968.846673894777,251.137968921622,False
2025-07-29,635.26,-0.002637611077966673,-2637.611077966673,0.006655510477357376,15483.032649656872,2637.611077966673,False
2025-07-30,634.46,-0.001259326889777368,-1259.326889777368,0.006485020436612188,15086.413505824166,1259.326889777368,False
2025-07-31,632.08,-0.0037512215112063263,-3751.2215112063263,0.006295023027154074,14644.413436258019,3751.2215112063263,False
2025-08-01,621.72,-0.016390330337931913,-16390.330337931915,0.006172031739000073,14358.292914535412,16390.330337931915,True
2025-08-04,631.17,0.01519976838448156,15199.76838448156,0.007206033094233103,16763.739769037118,-15199.76838448156,False
2025-08-05,627.97,-0.005069949458941236,-5069.949458941236,0.007916645483687194,18416.87139051073,5069.949458941236,False
2025-08-06,632.78,0.00765960157332346,7659.60157332346,0.007775290504058023,18088.03053416532,-7659.60157332346,False
2025-08-07,632.25,-0.000837573880337561,-837.5738803375609,0.007768397753260882,18071.995598002097,837.5738803375609,False
2025-08-08,637.18,0.007797548438117863,7797.548438117863,0.007534534838594751,17527.949103651546,-7797.548438117863,False
2025-08-11,635.92,-0.0019774631972127032,-1977.4631972127033,0.007550574019148862,17565.26181723496,1977.4631972127033,False
2025-08-12,642.69,0.010645993206692905,10645.993206692905,0.007336560473362629,17067.391859979216,-10645.993206692905,False
2025-08-13,644.89,0.0034231122314023477,3423.112231402348,0.007576004401131613,17624.42173229658,-3423.112231402348,False
2025-08-14,644.95,9.303912295122174e-05,93.03912295122174,0.007392912414315092,17198.486078012054,-93.03912295122174,False
2025-08-15,643.44,-0.0023412667648654573,-2341.2667648654574,0.0071677307499999,16674.635191959427,2341.2667648654574,False
2025-08-18,643.3,-0.00021758050478692947,-217.58050478692948,0.0069729960606672,16221.614561428298,217.58050478692948,False
2025-08-19,639.81,-0.005425151562257091,-5425.151562257091,0.006760780583255107,15727.927536712112,5425.151562257091,False
2025-08-20,638.11,-0.0026570388083961838,-2657.038808396184,0.006688168734237477,15559.007116119774,2657.038808396184,False
2025-08-21,635.55,-0.004011847487110476,-4011.847487110476,0.006517000557797524,15160.810392755242,4011.847487110476,False
2025-08-22,645.31,0.015356777594209836,15356.777594209836,0.006394428333299492,14875.664758877789,-15356.777594209836,False
2025-08-25,642.47,-0.004400985572825311,-4400.9855728253115,0.007251567276927288,16869.668118143923,4400.9855728253115,False
2025-08-26,645.16,0.004186965928370201,4186.965928370201,0.007112821854526337,16546.897999708573,-4186.965928370201,False
2025-08-27,646.63,0.0022785045570090645,2278.5045570090647,0.006971982621270208,16219.256948841636,-2278.5045570090647,False
2025-08-28,648.92,0.0035414379165827903,3541.4379165827904,0.006782589782081387,15778.663320036163,-3541.4379165827904,False
2025-08-29,645.05,-0.005963755162423756,-5963.755162423756,0.006632934467782397,15430.512997777794,5963.755162423756,False
2025-09-02,640.27,-0.007410278273002002,-7410.278273002003,0.006594698856877558,15341.56366563667,7410.278273002003,False
2025-09-03,643.74,0.005419588611054849,5419.588611054849,0.006646456445138836,15461.969821053774,-5419.588611054849,False
2025-09-04,649.12,0.008357411377264201,8357.411377264201,0.006579299105777488,15305.738487404262,-8357.411377264201,False
2025-09-05,647.24,-0.002896228740448592,-2896.228740448592,0.006699307846010428,15584.920565111483,2896.228740448592,False
2025-09-08,648.83,0.0024565848835054194,2456.5848835054194,0.0065338480647853985,15200.003554819372,-2456.5848835054194,False
2025-09-09,650.33,0.0023118536442519044,2311.8536442519044,0.006363315869817397,14803.286345600045,-2311.8536442519044,False
2025-09-10,652.21,0.002890840035059128,2890.840035059128,0.0061953984184935345,14412.65193969842,-2890.840035059128,False
2025-09-11,657.63,0.008310206835221656,8310.206835221656,0.00604825604918789,14070.347601682903,-8310.206835221656,False
2025-09-12,657.41,-0.0003345346167298313,-334.5346167298313,0.006207261024074588,14440.24848697249,334.5346167298313,False
2025-09-15,660.91,0.005323922666220504,5323.922666220504,0.006018720699644004,14001.638104062431,-5323.922666220504,False
2025-09-16,660.0,-0.0013768894403171084,-1376.8894403171084,0.0059793100004981855,13909.955107890091,1376.8894403171084,False
2025-09-17,659.18,-0.001242424242424267,-1242.424242424267,0.005806958641921394,13509.005891276922,1242.424242424267,False
2025-09-18,662.26,0.004672471858976346,4672.471858976346,0.005638274525839996,13116.587956446503,-4672.471858976346,False
2025-09-19,663.7,0.0021743726029053168,2174.372602905317,0.005585038124076469,12992.74156638234,-2174.372602905317,False
2025-09-22,666.84,0.004731053186680656,4731.053186680656,0.005441026150416874,12657.719617622914,-4731.053186680656,False
2025-09-23,663.21,-0.005443584667986334,-5443.584667986334,0.005401060219129308,12564.744958338022,5443.584667986334,False
2025-09-24,661.1,-0.003181496057055866,-3181.496057055866,0.005403621123235196,12570.702512160378,3181.496057055866,False
2025-09-25,658.05,-0.004613522916351642,-4613.522916351642,0.005296648846065681,12321.84778258577,4613.522916351642,False
2025-09-26,661.82,0.005729047944685206,5729.047944685206,0.005258164630419942,12232.320109334174,-5729.047944685206,False
2025-09-29,663.68,0.0028104318394728267,2810.4318394728266,0.005287600304950577,12300.797728199475,-2810.4318394728266,False
2025-09-30,666.18,0.0037668756027000594,3766.8756027000595,0.005172533769177151,12033.11293732972,-3766.8756027000595,False
2025-10-01,668.45,0.0034074874658502896,3407.4874658502895,0.0050991332955762515,11862.357901614678,-3407.4874658502895,False
2025-10-02,669.22,0.0011519186176975893,1151.9186176975893,0.005013755976699172,11663.740557353678,-1151.9186176975893,False
2025-10-03,669.21,-1.4942769194004057e-05,-14.942769194004057,0.004869199014659533,11327.450776034962,14.942769194004057,False
2025-10-06,671.61,0.0035863181960820167,3586.3181960820166,0.004720865015956372,10982.374293503884,-3586.3181960820166,False
2025-10-07,669.12,-0.00370750882208426,-3707.50882208426,0.0046605872163452584,10842.147162526711,3707.50882208426,False
2025-10-08,673.11,0.005963055954088858,5963.055954088858,0.004608963669746286,10722.052834645743,-5963.055954088858,False
2025-10-09,671.16,-0.0028970004902616475,-2897.0004902616474,0.004701220641620042,10936.674645029701,2897.0004902616474,False
2025-10-10,653.02,-0.027027832409559527,-27027.832409559527,0.004612910545453625,10731.234640556617,27027.832409559527,True
2025-10-13,663.04,0.01534409359590816,15344.09359590816,0.007989520045903262,18586.402973393735,-15344.09359590816,False
2025-10-14,662.23,-0.0012216457528956282,-1221.6457528956282,0.00860981749091443,20029.430615868427,1221.6457528956282,False
2025-10-15,665.17,0.0044395451731271685,4439.545173127169,0.008352889613419942,19431.726994277302,-4439.545173127169,False
2025-10-16,660.64,-0.006810289099027256,-6810.289099027255,0.008171113307315852,19008.852071021054,6810.289099027255,False
2025-10-17,664.39,0.005676313877452266,5676.313877452266,0.008095916833618929,18833.918914300848,-5676.313877452266,False
2025-10-20,671.3,0.010400517768178297,10400.517768178297,0.007971478505796983,18544.43207492307,-10400.517768178297,False
2025-10-21,671.29,-1.4896469536673784e-05,-14.896469536673784,0.00813769301368956,18931.104841993707,14.896469536673784,False
2025-10-22,667.8,-0.005198945314245695,-5198.945314245695,0.007889786945427427,18354.389087130272,5198.945314245695,False
2025-10-23,671.76,0.005929919137466433,5929.919137466432,0.007754711838902451,18040.157400230055,-5929.919137466432,False
2025-10-24,677.25,0.008172561629153252,8172.561629153252,0.007657496903085397,17814.001640967035,-8172.561629153252,False
2025-10-27,685.24,0.011797711332595107,11797.711332595107,0.007689373778563193,17888.15834246587,-11797.711332595107,False
2025-10-28,687.06,0.002656003735917345,2656.003735917345,0.007995626337023415,18600.608330759376,-2656.003735917345,False
2025-10-29,687.39,0.0004803073967338811,480.3073967338811,0.0077792994183754575,18097.356663464892,-480.3073967338811,False
2025-10-30,679.83,-0.010998123336097287,-10998.123336097287,0.007543228167436933,17548.172810721895,10998.123336097287,False
2025-10-31,682.06,0.0032802318226614613,3280.231822661461,0.007793830683932875,18131.161442201515,-3280.231822661461,False
2025-11-03,683.34,0.0018766677418409206,1876.6677418409206,0.00759899757696032,17677.91185800314,-1876.6677418409206,False
2025-11-04,675.24,-0.01185354289226448,-11853.542892264479,0.007381828447814665,17172.700916107842,11853.542892264479,False
2025-11-05,677.58,0.0034654345121734043,3465.434512173404,0.0077234899174474965,17967.52434962985,-3465.434512173404,False
2025-11-06,670.31,-0.010729360370731245,-10729.360370731245,0.007536160354989011,17531.730620259554,10729.360370731245,False
2025-11-07,670.97,0.000984619056854319,984.619056854319,0.007764872217895328,18063.79397629958,-984.619056854319,False
2025-11-10,681.44,0.015604274408691943,15604.274408691943,0.007532185247845102,17522.483138206237,-15604.274408691943,False
2025-11-11,683.0,0.002289269781638792,2289.2697816387918,0.008242535321167243,19175.004521103954,-2289.2697816387918,False
2025-11-12,683.38,0.0005563689604686228,556.3689604686228,0.008011084232326837,18636.568772635637,-556.3689604686228,False
2025-11-13,672.04,-0.016593988703210605,-16593.988703210605,0.007768229858082206,18071.60501541012,16593.988703210605,False
2025-11-14,671.93,-0.0001636807332896506,-163.68073328965062,0.008558405171832938,19909.827676673693,163.68073328965062,False
2025-11-17,665.67,-0.009316446653669264,-9316.446653669263,0.008297778535432744,19303.519455165682,9316.446653669263,False
2025-11-18,660.08,-0.008397554343743785,-8397.554343743785,0.008362398675065845,19453.848379621373,8397.554343743785,False
2025-11-19,662.63,0.0038631681008360896,3863.1681008360897,0.00836451218195456,19458.765131878703,-3863.1681008360897,False
2025-11-20,652.53,-0.015242292078535558,-15242.292078535558,0.008164717035272032,18993.972117150126,15242.292078535558,False
2025-11-21,659.03,0.00996122783626796,9961.22783626796,0.008752285191796534,20360.860048935,-9961.22783626796,False
2025-11-24,668.73,0.014718601581111601,14718.601581111601,0.008829490920443309,20540.467431636196,-14718.601581111601,False
2025-11-25,675.02,0.009405888774243643,9405.888774243642,0.009288732382276359,21608.822830042922,-9405.888774243642,False
2025-11-26,679.68,0.006903499155580528,6903.499155580528,0.00929580340429933,21625.272487093356,-6903.499155580528,False
2025-11-28,683.39,0.005458451035781575,5458.451035781575,0.009169882295371414,21332.336183042033,-5458.451035781575,False
2025-12-01,680.27,-0.0045654750581659576,-4565.475058165957,0.008990507109997168,20915.047101890974,4565.475058165957,False
2025-12-02,681.53,0.0018522057418377535,1852.2057418377535,0.00878806456278168,20444.095312560814,-1852.2057418377535,False
2025-12-03,683.89,0.0034627969421743288,3462.7969421743287,0.008532415484530029,19849.36662286958,-3462.7969421743287,False
2025-12-04,684.39,0.0007311117284942714,731.1117284942715,0.008315855032428886,19345.571675522766,-731.1117284942715,False
2025-12-05,685.69,0.0018995017460805563,1899.5017460805564,0.008064509265090034,18760.853984024863,-1899.5017460805564,False
2025-12-08,683.63,-0.003004273068004548,-3004.2730680045483,0.00783266350091215,18221.50008342427,3004.2730680045483,False
2025-12-09,683.04,-0.0008630399485102247,-863.0399485102247,0.0076296212138898725,17749.153090669603,863.0399485102247,False
2025-12-10,687.57,0.006632115249473047,6632.115249473048,0.007400212358612118,17215.468287908057,-6632.115249473048,False
2025-12-11,689.17,0.002327035792719201,2327.035792719201,0.007356388484598932,17113.51871176525,-2327.035792719201,False
2025-12-12,681.76,-0.010752064077078183,-10752.064077078183,0.007155024121482412,16645.075153721544,10752.064077078183,False
2025-12-15,680.73,-0.0015107955878901347,-1510.7955878901346,0.007420183345666815,17261.92775118525,1510.7955878901346,False
2025-12-16,678.87,-0.0027323608479132844,-2732.3608479132845,0.007203646564679293,16758.18787108328,2732.3608479132845,False
2025-12-17,671.4,-0.011003579477661396,-11003.579477661397,0.007016189859694462,16322.098363967116,11003.579477661397,False
2025-12-18,676.47,0.007551385165326163,7551.385165326164,0.00731696867683027,17021.81452576752,-7551.385165326164,False
2025-12-19,680.59,0.006090440078643455,6090.440078643455,0.007331245041298161,17055.026315896434,-6090.440078643455,False
2025-12-22,684.83,0.006229888772976366,6229.888772976366,0.007262777171669121,16895.74623294481,-6229.888772976366,False
2025-12-23,687.96,0.004570477344742585,4570.477344742585,0.007204980718781866,16761.291577643442,-4570.477344742585,False
2025-12-24,690.38,0.0035176463747892406,3517.646374789241,0.007074630599406987,16458.051854554724,-3517.646374789241,False
2025-12-26,690.31,-0.00010139343549930846,-101.39343549930845,0.006913017025298418,16082.082460011112,101.39343549930845,False
2025-12-29,687.85,-0.003563616346279108,-3563.6163462791083,0.006702464693399555,15592.264490323849,3563.6163462791083,False
2025-12-30,687.01,-0.001221196481791087,-1221.196481791087,0.006556646450442451,15253.040530824219,1221.196481791087,False
2025-12-31,681.92,-0.007408916900772944,-7408.916900772944,0.006363938651995472,14804.735153595999,7408.916900772944,False
2026-01-02,683.17,0.0018330595964335394,1833.0595964335394,0.006431427153823152,14961.736886345025,-1833.0595964335394,False
2026-01-05,687.72,0.006660128518523933,6660.128518523933,0.006251645093084089,14543.501271554025,-6660.128518523933,False
2026-01-06,691.81,0.005947187808991838,5947.187808991838,0.006276903782971727,14602.261771075187,-5947.187808991838,False
2026-01-07,689.58,-0.003223428397970407,-3223.428397970407,0.0062576107584899334,14557.37948458815,3223.428397970407,False
2026-01-08,689.51,-0.00010151106470612792,-101.51106470612791,0.006118141899195649,14232.92640027399,101.51106470612791,False
2026-01-09,694.07,0.006613392119041217,6613.3921190412175,0.005931810764896939,13799.455362130568,-6613.3921190412175,False
2026-01-12,695.16,0.0015704467849062542,1570.4467849062542,0.005974898621125397,13899.692704864618,-1570.4467849062542,False
2026-01-13,693.77,-0.0019995396743195393,-1999.5396743195392,0.005805637510817907,13505.932480742995,1999.5396743195392,False
2026-01-14,690.36,-0.0049151736166164195,-4915.173616616419,0.005650043435863627,13143.966535259755,4915.173616616419,False
2026-01-15,692.24,0.0027232168723565486,2723.2168723565487,0.005608667157035247,13047.710916971633,-2723.2168723565487,False
2026-01-16,691.66,-0.0008378597018375844,-837.8597018375845,0.005478564871363187,12745.047741290582,837.8597018375845,False
2026-01-20,677.58,-0.02035682271636341,-20356.82271636341,0.005315629144282777,12366.002558991771,20356.82271636341,True
2026-01-21,685.4,0.011541072640868899,11541.072640868899,0.00717109282284803,16682.456542982043,-11541.072640868899,False
2026-01-22,688.98,0.0052232273125183415,5223.227312518342,0.007505390023148506,17460.148124198862,-5223.227312518342,False
2026-01-23,689.23,0.000362855235275239,362.855235275239,0.007388366047313626,17187.909646803582,-362.855235275239,False
2026-01-26,692.73,0.005078130667556469,5078.130667556468,0.007163838043497142,16665.579402462474,-5078.130667556468,False
2026-01-27,695.49,0.003984236282534415,3984.236282534415,0.007056102723689344,16414.94957026849,-3984.236282534415,False
2026-01-28,695.42,-0.00010064846367319191,-100.64846367319191,0.0069104065606680936,16076.009611168098,100.64846367319191,False
2026-01-29,694.04,-0.0019844122976042655,-1984.4122976042654,0.006699933097464149,15586.375117501586,1984.4122976042654,False
2026-01-30,691.97,-0.002982537029565968,-2982.537029565968,0.006513987321900372,15153.80055783192,2982.537029565968,False
2026-02-02,695.41,0.004971313785279596,4971.313785279596,0.006357659994687509,14790.12881251579,-4971.313785279596,False
2026-02-03,689.53,-0.008455443551286246,-8455.443551286246,0.006283111316590662,14616.702653712633,8455.443551286246,False
2026-02-04,686.19,-0.004843879164068143,-4843.879164068143,0.00643416739653304,14968.111644147528,4843.879164068143,False
2026-02-05,677.62,-0.012489252247919747,-12489.252247919747,0.006349991291551339,14772.28874127831,12489.252247919747,False
2026-02-06,690.62,0.01918479383725402,19184.793837254023,0.00687473136503102,15993.016695641802,-19184.793837254023,False
2026-02-09,693.95,0.004821754365642583,4821.754365642583,0.008155341460388842,18972.161268452706,-4821.754365642583,False
2026-02-10,692.12,-0.0026370775992506923,-2637.0775992506924,0.007994621791251953,18598.27140783956,2637.0775992506924,False
2026-02-11,691.96,-0.00023117378489279083,-231.17378489279082,0.007777942505953559,18094.20001313695,231.17378489279082,False
2026-02-12,681.27,-0.015448869876871552,-15448.869876871551,0.007541207643838835,17543.47236994501,15448.869876871551,False
2026-02-13,681.75,0.0007045664714431243,704.5664714431243,0.008232720011769758,19152.17069695406,-704.5664714431243,False
2026-02-17,682.85,0.0016134946828016972,1613.494682801697,0.007983783745782666,18573.058343803325,-1613.494682801697,False
2026-02-18,686.29,0.005037709599472695,5037.709599472695,0.007750648787743117,18030.70532980342,-5037.709599472695,False
2026-02-19,684.48,-0.002637369042241544,-2637.3690422415443,0.007615176577966159,17715.54984259718,2637.3690422415443,False
2026-02-20,689.43,0.007231767180925663,7231.7671809256635,0.007411396790260697,17241.487166696083,-7231.7671809256635,False
2026-02-23,682.39,-0.010211334000551076,-10211.334000551076,0.007400741965051354,17216.70033672205,10211.334000551076,False
2026-02-24,687.35,0.007268570758657056,7268.570758657056,0.007598750111664712,17677.3361676388,-7268.570758657056,False
2026-02-25,693.15,0.008438204699207086,8438.204699207086,0.007579344979374489,17632.19307938996,-8438.204699207086,False
2026-02-26,689.3,-0.005554353314578431,-5554.35331457843,0.007633602033780013,17758.413862557973,5554.35331457843,False
2026-02-27,685.99,-0.004801973016103189,-4801.973016103189,0.00752506595679484,17505.92119060678,4801.973016103189,False
2026-03-02,686.38,0.0005685214070176858,568.5214070176859,0.007390030939428391,17191.782765035274,-568.5214070176859,False
2026-03-03,680.33,-0.0088143593927561,-8814.3593927561,0.007166254031499341,16671.199831015096,8814.3593927561,False
2026-03-04,685.13,0.00705539958549517,7055.39958549517,0.007275675977091186,16925.753341516098,-7055.39958549517,False
2026-03-05,681.31,-0.005575584195700145,-5575.584195700145,0.007262647800001375,16895.445269440588,5575.584195700145,False
2026-03-06,672.38,-0.013107102493725264,-13107.102493725264,0.007172622827826191,16686.015866810263,13107.102493725264,False
2026-03-09,678.27,0.008759927421993385,8759.927421993385,0.00765947095322512,17818.59396831283,-8759.927421993385,False
2026-03-10,677.18,-0.0016070296489598679,-1607.029648959868,0.007729917546301311,17982.477250349046,1607.029648959868,False
2026-03-11,676.33,-0.0012552054106735877,-1255.2054106735877,0.007504763847971369,17458.69142290675,1255.2054106735877,False
2026-03-12,666.06,-0.015184894947732785,-15184.894947732786,0.007282631669003176,16941.93470060804,15184.894947732786,False
2026-03-13,662.29,-0.005660150737170744,-5660.150737170744,0.007980562803412224,18565.565311367438,5660.150737170744,False
2026-03-16,669.03,0.010176810762656752,10176.810762656753,0.007860677965780306,18286.671474212697,-10176.810762656753,False
2026-03-17,670.79,0.002630674259749277,2630.674259749277,0.008018534232310626,18653.90006425953,-2630.674259749277,False
2026-03-18,661.43,-0.013953696387841275,-13953.696387841275,0.007800916906640371,18147.64646133208,13953.696387841275,False
2026-03-19,659.8,-0.0024643575283854746,-2464.357528385475,0.008299721976204528,19308.04057447345,2464.357528385475,False
2026-03-20,648.57,-0.01702030918460129,-17020.30918460129,0.00806948853837822,18772.437505853104,17020.30918460129,False
2026-03-23,655.38,0.01050002312780407,10500.02312780407,0.008865162268064912,20623.451395339885,-10500.02312780407,False
2026-03-24,653.18,-0.0033568311513931803,-3356.8311513931803,0.008971658991392826,20871.199821246093,3356.8311513931803,False
2026-03-25,656.82,0.005572736458556715,5572.736458556715,0.0087371233296267,20325.588283109704,-5572.736458556715,False
2026-03-26,645.09,-0.017858774093358898,-17858.774093358898,0.008580233570869289,19960.60812636562,17858.774093358898,False
2026-03-27,634.09,-0.017051884233207804,-17051.884233207802,0.009398900593680606,21865.112414430074,17051.884233207802,False
2026-03-30,631.97,-0.003343373968994978,-3343.373968994978,0.010024219559739278,23319.821861718083,3343.373968994978,False
2026-03-31,650.34,0.029067835498520544,29067.835498520544,0.009753284989414652,22689.53380003922,-29067.835498520544,False
2026-04-01,655.24,0.0075345204047112535,7534.520404711254,0.011837031622573279,27537.05335012755,-7534.520404711254,False
2026-04-02,655.83,0.0009004334289726135,900.4334289726135,0.011623877943247356,27041.183741383706,-900.4334289726135,False
2026-04-06,658.93,0.004726834698016047,4726.834698016047,0.011271925876031225,26222.420798051182,-4726.834698016047,False
2026-04-07,659.22,0.0004401074469215782,440.10744692157823,0.010989700275858294,25565.865873088984,-440.10744692157823,False
2026-04-08,676.01,0.025469494250781155,25469.494250781154,0.010655455086381719,24788.295287141773,-25469.494250781154,False
2026-04-09,679.91,0.005769145426842703,5769.145426842703,0.012068475792553865,28075.473002921033,-5769.145426842703,False
2026-04-10,679.46,-0.0006618523039813029,-661.852303981303,0.011785847607002848,27417.981524320403,661.852303981303,False
2026-04-13,686.1,0.009772466370352895,9772.466370352895,0.01142795320671651,26585.39464708316,-9772.466370352895,False
2026-04-14,694.46,0.012184812709517656,12184.812709517657,0.011335444127284502,26370.186346817034,-12184.812709517657,False
2026-04-15,699.94,0.007891023241079376,7891.023241079376,0.011388192815147748,26492.89814468614,-7891.023241079376,False
2026-04-16,701.66,0.0024573534874416936,2457.3534874416937,0.01120917366832895,26076.437333071626,-2457.3534874416937,False
2026-04-17,710.14,0.012085625516631948,12085.625516631948,0.010884353680255344,25320.79304437062,-12085.625516631948,False
2026-04-20,708.72,-0.001999605711549779,-1999.605711549779,0.0109601435384018,25497.10661974348,1999.605711549779,False
2026-04-21,704.08,-0.006547014335703816,-6547.014335703816,0.0106375357569095,24746.60869311984,6547.014335703816,False
2026-04-22,711.21,0.010126690148846818,10126.690148846817,0.010437410634993297,24281.048041207916,-10126.690148846817,False
2026-04-23,708.45,-0.003880710338718507,-3880.710338718507,0.010419028722482147,24238.2853181168,3880.710338718507,False
2026-04-24,713.94,0.007749311878043619,7749.311878043619,0.010146249785644728,23603.706618321947,-7749.311878043619,False
2026-04-27,715.17,0.0017228338515840047,1722.8338515840046,0.010018618253278504,23306.79127434121,-1722.8338515840046,False
2026-04-28,711.69,-0.004865975921808707,-4865.975921808707,0.009722573650605046,22618.08854229054,4865.975921808707,False
2026-04-29,711.58,-0.00015456167713467917,-154.56167713467917,0.009501441753136757,22103.658822732574,154.56167713467917,False
2026-04-30,718.66,0.009949689423536245,9949.689423536245,0.009212067358833073,21430.473315742343,-9949.689423536245,False
2026-05-01,720.65,0.0027690423844377587,2769.0423844377588,0.00925798212893862,21537.287043564455,-2769.0423844377588,False
2026-05-04,718.01,-0.0036633594671476866,-3663.3594671476867,0.009001537360771814,20940.70730233071,3663.3594671476867,False
2026-05-05,723.77,0.00802217239314218,8022.172393142179,0.008773324713075481,20409.805294533115,-8022.172393142179,False
2026-05-06,733.83,0.013899443193279737,13899.443193279736,0.008730078345817687,20309.199200002957,-13899.443193279736,False
2026-05-07,731.58,-0.0030661052287314083,-3066.1052287314083,0.009123216708686724,21223.775794667235,3066.1052287314083,False
2026-05-08,737.62,0.008256103228628353,8256.103228628353,0.008877114294817896,20651.255967367168,-8256.103228628353,False
2026-05-11,739.3,0.002277595509883046,2277.595509883046,0.008841083821702555,20567.43655283461,-2277.595509883046,False
2026-05-12,738.18,-0.0015149465710807553,-1514.9465710807553,0.008589884972002058,19983.06064287235,1514.9465710807553,False
2026-05-13,742.31,0.005594841366604264,5594.841366604264,0.008336465689312645,19393.519233346884,-5594.841366604264,False
2026-05-14,748.17,0.007894275976344067,7894.275976344067,0.008197865305845766,19071.08652592746,-7894.275976344067,False
2026-05-15,739.17,-0.012029351617947825,-12029.351617947825,0.008179967691248131,19029.450448257856,12029.351617947825,False
2026-05-18,738.65,-0.0007034917542648733,-703.4917542648733,0.008460465540675935,19681.98602394725,703.4917542648733,False
2026-05-19,733.73,-0.006660800108305609,-6660.800108305609,0.008204535488006993,19086.6036900177,6660.800108305609,False
2026-05-20,741.25,0.010249001676365888,10249.001676365888,0.00812019174062389,18890.39079260438,-10249.001676365888,False
2026-05-21,742.72,0.001983136593591839,1983.1365935918388,0.008263400340777136,19223.54381511525,-1983.1365935918388,False
2026-05-22,745.64,0.003931495045239153,3931.4950452391527,0.00802637701116568,18672.145096175558,-3931.4950452391527,False
2026-05-26,750.59,0.0066385923501959265,6638.592350195927,0.007841222063383436,18241.41027703419,-6638.592350195927,False
2026-05-27,750.46,-0.00017319708495977526,-173.19708495977525,0.007774312326114671,18085.754951986368,173.19708495977525,False
2026-05-28,754.6,0.005516616475228497,5516.616475228498,0.007537594845118309,17535.06774332218,-5516.616475228498,False
2026-05-29,756.48,0.002491386164855447,2491.386164855447,0.0074318503299172145,17289.06921519263,-2491.386164855447,False
2026-06-01,758.54,0.002723138747884768,2723.138747884768,0.007231243023717233,16822.386834897246,-2723.138747884768,False
2026-06-02,759.57,0.0013578717008992935,1357.8717008992935,0.007042609758206789,16383.560238703643,-1357.8717008992935,False
2026-06-03,754.24,-0.007017128111958093,-7017.128111958093,0.006836159741212335,15903.285680572899,7017.128111958093,False
2026-06-04,757.09,0.0037786380992788082,3778.638099278808,0.006847152723819436,15928.859182290296,-3778.638099278808,False
2026-06-05,737.55,-0.025809348954549782,-25809.348954549783,0.006702773810224296,15592.983603591916,25809.348954549783,True
2026-06-08,739.22,0.002264253270964689,2264.253270964689,0.009066360667513191,21091.50886415681,-2264.253270964689,False
2026-06-09,737.05,-0.002935526636184238,-2935.526636184238,0.008807642850429898,20489.6412204086,2935.526636184238,False
2026-06-10,725.43,-0.015765551862153226,-15765.551862153226,0.008569547083935649,19935.74764020658,15765.551862153226,False
2026-06-11,737.76,0.016996815681733723,16996.815681733722,0.00916209946035608,21314.2306013501,-16996.815681733722,False
2026-06-12,741.75,0.0054082628497071905,5408.26284970719,0.009810246027969916,22822.044990985418,-5408.26284970719,False
2026-06-15,754.83,0.017633973710819095,17633.973710819097,0.009603198942260487,22340.381443318933,-17633.973710819097,False
2026-06-16,750.33,-0.005961607249314382,-5961.607249314382,0.010263798802548036,23877.166523890548,5961.607249314382,False
2026-06-17,740.96,-0.012487838684312247,-12487.838684312246,0.010057697428703051,23397.703031009372,12487.838684312246,False
2026-06-18,746.74,0.00780069099546532,7800.69099546532,0.010219814470606789,23774.84366678792,-7800.69099546532,False
2026-06-22,744.39,-0.0031470123470016542,-3147.0123470016542,0.01009103454286083,23475.256755656977,3147.0123470016542,False
2026-06-23,733.58,-0.01452195757600172,-14521.95757600172,0.009813942156912722,22830.643472693693,14521.95757600172,False
2026-06-24,733.24,-0.00046348046566158096,-463.480465661581,0.010158143931350186,23631.376538897373,463.480465661581,False
2026-06-25,734.3,0.001445638535813476,1445.638535813476,0.009849340266776654,22912.991790320717,-1445.638535813476,False
2026-06-26,728.99,-0.007231376821462576,-7231.376821462576,0.009555852955957247,22230.238208738025,7231.376821462576,False
2026-06-29,741.0,0.016474848763357475,16474.848763357473,0.009432551871946606,21943.396994082937,-16474.848763357473,False
2026-06-30,746.77,0.007786774628879778,7786.774628879778,0.009995993759225528,23254.158830699816,-7786.774628879778,False
2026-07-01,745.76,-0.00135249139628002,-1352.4913962800201,0.009877384740287537,22978.23299165135,1352.4913962800201,False
2026-07-02,744.78,-0.0013140956876207532,-1314.0956876207533,0.009582208489060644,22291.550347142325,1314.0956876207533,False
2026-07-06,751.28,0.008727409436343647,8727.409436343647,0.009295870438249972,21625.42843138192,-8727.409436343647,False
2026-07-07,747.71,-0.004751890107549728,-4751.890107549728,0.00926274663912496,21548.370951707293,4751.890107549728,False
2026-07-08,745.4,-0.003089433068970693,-3089.4330689706926,0.009055682986845181,21066.668864435098,3089.4330689706926,False
2026-07-09,751.71,0.008465253555138164,8465.253555138164,0.008812363275421752,20500.622571052972,-8465.253555138164,False
2026-07-10,754.95,0.0043101728060024325,4310.1728060024325,0.00879192315556094,20453.07174166963,-4310.1728060024325,False
2026-07-13,749.17,-0.0076561361679582385,-7656.136167958239,0.008589219602731525,19981.512762484395,7656.136167958239,False
2026-07-14,751.83,0.003550595992898975,3550.595992898975,0.008536111353669756,19857.964500185517,-3550.595992898975,False
2026-07-15,754.81,0.003963661998057866,3963.6619980578657,0.008321639810398077,19359.02908145319,-3963.6619980578657,False
2026-07-16,750.72,-0.005418582159748664,-5418.582159748664,0.008126336491436525,18904.685620593864,5418.582159748664,False
2026-07-17,743.29,-0.009897165387894424,-9897.165387894423,0.007989791364175068,18587.034154078538,9897.165387894423,False
2026-07-20,742.09,-0.0016144438913477943,-1614.4438913477943,0.008116883209914003,18882.693999221236,1614.4438913477943,False
2026-07-21,748.28,0.008341306310555296,8341.306310555297,0.007879540037684905,18330.551215087962,-8341.306310555297,False
2026-07-22,747.41,-0.0011626663815683669,-1162.666381568367,0.007908006423311834,18396.773930772797,1162.666381568367,False
2026-07-23,738.18,-0.012349312960757808,-12349.312960757808,0.007672384195448146,17848.63466190534,12349.312960757808,False
2026-07-24,738.93,0.0010160123547102717,1016.0123547102718,0.008030185696742836,18681.00542377086,-1016.0123547102718,False
2026-07-27,739.09,0.00021652930588844654,216.52930588844654,0.007789530553956268,18121.157843972338,-216.52930588844654,False
2026-07-28,740.86,0.002394836894018315,2394.836894018315,0.007552416313497004,17569.547634775117,-2394.836894018315,False
2026-07-29,729.46,-0.015387522608859894,-15387.522608859894,0.007345799293948223,17088.884570607155,15387.522608859894,False
2026-07-30,741.69,0.016765826775971382,16765.82677597138,0.008057895032404087,18745.4669778775,-16765.82677597138,False
2026-07-31,747.03,0.00719977349027201,7199.77349027201,0.00882606757627431,20532.503542206534,-7199.77349027201,False
2026-08-03,757.67,0.01424306922078089,14243.069220780892,0.008737030675691624,20325.37273782482,-14243.069220780892,False
2026-08-04,771.33,0.018028957197724793,18028.957197724794,0.009161193370733706,21312.122721683398,-18028.957197724794,False
2026-08-05,769.79,-0.0019965514111989213,-1996.5514111989214,0.009919395848319607,23075.96544350786,1996.5514111989214,False
2026-08-06,768.56,-0.0015978383715039568,-1597.8383715039568,0.009629637698697405,22401.88718814824,1597.8383715039568,False
2026-08-07,773.26,0.006115332570001186,6115.3325700011865,0.009344480302476475,21738.51188568266,-6115.3325700011865,False
2026-08-10,773.03,-0.0002974419988102106,-297.44199881021063,0.009182809534258653,21362.40943774458,297.44199881021063,False
2026-08-11,770.56,-0.0031952188142763127,-3195.2188142763125,0.00890336227447152,20712.317899032245,3195.2188142763125,False
2026-08-12,772.49,0.0025046719269103956,2504.6719269103955,0.008667539074000186,20163.71109796625,-2504.6719269103955,False
2026-08-13,777.88,0.006977436601121045,6977.436601121045,0.00842585677964253,19601.474006294004,-6977.436601121045,False
2026-08-14,776.34,-0.001979739805625491,-1979.739805625491,0.008346043135171595,19415.79970415959,1979.739805625491,False
2026-08-17,772.67,-0.004727310199139634,-4727.310199139633,0.008106306929494768,18858.08989175269,4727.310199139633,False
2026-08-18,767.45,-0.00675579484126454,-6755.79484126454,0.007944200841884462,18480.974739471374,6755.79484126454,False
2026-08-19,769.06,0.002097856537885079,2097.856537885079,0.007877953619529714,18326.860654585296,-2097.856537885079,False
2026-08-20,762.6,-0.008399864769978782,-8399.864769978782,0.007655225937931974,17808.71858601035,8399.864769978782,False
2026-08-21,765.72,0.004091266719118858,4091.266719118858,0.007701934743970188,17917.379517636335,-4091.266719118858,False
2026-08-24,763.47,-0.002938410907381339,-2938.4109073813393,0.007534249708787915,17527.28579253159,2938.4109073813393,False
2026-08-25,765.91,0.003195934352364871,3195.934352364871,0.007340100753637214,17075.627783469507,-3195.934352364871,False
2026-08-26,766.08,0.0002219581935214432,221.9581935214432,0.00715941995640781,16655.301394954877,-221.9581935214432,False
2026-08-27,771.1,0.0065528404344192825,6552.840434419282,0.0069415281020721985,16148.40914285041,-6552.840434419282,False
2026-08-28,769.35,-0.0022694851510828284,-2269.4851510828285,0.006918822639285111,16095.588337766556,2269.4851510828285,False
2026-08-31,767.05,-0.002989536621823663,-2989.536621823663,0.006731042570219733,15658.746573309072,2989.536621823663,False
