Date,Last Price,SPY_Return,Portfolio_PnL,VaR_99,VaR_AW
2010-12-31,125.75,0.0002386255170219176,238.62551702191757,32058.950211861473,15800.128276792599
2011-01-03,127.05,0.010337972166998055,10337.972166998055,32058.950211861473,15783.204132971388
2011-01-04,126.98,-0.000550964187327807,-550.964187327807,32058.950211861473,15765.756562021688
2011-01-05,127.64,0.0051976689242401175,5197.668924240117,32058.950211861473,15747.769375475604
2011-01-06,127.39,-0.0019586336571607577,-1958.6336571607576,32058.950211861473,15729.225884190982
2011-01-07,127.14,-0.0019624774315095683,-1962.4774315095683,32058.950211861473,15710.108882866629
2011-01-10,126.98,-0.001258455246185286,-1258.4552461852861,32058.950211861473,15690.400634078636
2011-01-11,127.43,0.0035438651756183326,3543.8651756183326,32058.950211861473,15670.082851822975
2011-01-12,128.58,0.009024562504904798,9024.562504904798,32058.950211861473,15649.136684549096
2011-01-13,128.3675,-0.0016526675999378737,-1652.6675999378738,32058.950211861473,15627.542697668809
2011-01-14,129.3,0.007264299764348392,7264.299764348392,32058.950211861473,15605.280855524183
2011-01-18,129.52,0.001701469450889448,1701.469450889448,32058.950211861473,15582.330502797764
2011-01-19,128.25,-0.009805435453984046,-9805.435453984046,32058.950211861473,15534.44858248539
2011-01-20,128.08,-0.0013255360623780632,-1325.5360623780632,32058.950211861473,15481.952192284736
2011-01-21,128.37,0.0022642098688319123,2264.2098688319124,32058.950211861473,15430.376639160439
2011-01-24,129.1,0.005686686920620021,5686.686920620021,32058.950211861473,15377.205965836421
2011-01-25,129.17,0.0005422153369480931,542.2153369480931,32058.950211861473,15322.390838698258
2011-01-26,129.67,0.003870867848571713,3870.867848571713,32058.950211861473,15265.880398349636
2011-01-27,129.99,0.002467802884244863,2467.802884244863,32058.950211861473,15207.622212423223
2011-01-28,127.72,-0.01746288176013544,-17462.88176013544,32058.950211861473,15147.562226932074
2011-01-31,128.68,0.007516442217350594,7516.442217350594,32058.950211861473,17779.0639688062
2011-02-01,130.74,0.016008703761268173,16008.703761268172,32058.950211861473,17765.887246224764
2011-02-02,130.485,-0.0019504359798072635,-1950.4359798072635,32058.950211861473,17751.632828525395
2011-02-03,130.78,0.0022607962601064457,2260.7962601064455,32058.950211861473,17737.628446995546
2011-02-04,131.15,0.0028291787735128526,2829.178773512853,32058.950211861473,17723.190940263743
2011-02-07,131.97,0.006252382767823139,6252.382767823139,32058.950211861473,17708.306912705186
2011-02-08,132.57,0.00454648783814493,4546.487838144931,32058.950211861473,17692.962554397393
2011-02-09,132.269,-0.0022704986045107844,-2270.4986045107844,32058.950211861473,17677.143628306883
2011-02-10,132.321,0.0003931382258881566,393.1382258881566,32058.950211861473,17660.835457079553
2011-02-11,133.11,0.005962772349060286,5962.772349060286,32058.950211861473,17644.022909422514
2011-02-14,133.43,0.0024040267447975605,2404.0267447975607,32058.950211861473,17626.69038606474
2011-02-15,133.01,-0.003147717904519398,-3147.717904519398,32058.950211861473,17608.821805283533
2011-02-16,133.85,0.00631531463799706,6315.31463799706,32058.950211861473,17590.400587983317
2011-02-17,134.25,0.002988419872992143,2988.419872992143,32058.950211861473,17571.40964231299
2011-02-18,134.53,0.0020856610800745745,2085.6610800745743,32058.950211861473,17551.8313478075
2011-02-22,131.83,-0.020069872890804974,-20069.872890804974,32058.950211861473,17531.647539038953
2011-02-23,131.02,-0.006144276720018271,-6144.276720018272,32058.950211861473,21536.267037225167
2011-02-24,130.93,-0.0006869180277820908,-686.9180277820908,32058.950211861473,21465.41990746964
2011-02-25,132.33,0.010692736576796813,10692.736576796813,32058.950211861473,21392.38162937116
2011-02-28,133.15,0.00619662963802603,6196.62963802603,32058.950211861473,21317.084435455203
2011-03-01,130.93,-0.016672925272249284,-16672.925272249282,32058.950211861473,21239.458462345967
2011-03-02,131.21,0.0021385473153594514,2138.547315359451,32058.950211861473,21159.43168594469
2011-03-03,133.47,0.017224296928587624,17224.296928587624,32058.950211861473,21076.929854603175
2011-03-04,132.47,-0.007492320371619066,-7492.320371619066,32058.950211861473,20991.876420230474
2011-03-07,131.43,-0.007850834151128527,-7850.834151128527,32058.950211861473,20904.192467268927
2011-03-08,132.58,0.008749904892338067,8749.904892338067,32058.950211861473,20813.79663947352
2011-03-09,132.39,-0.0014330969980390629,-1433.0969980390628,32058.950211861473,20720.605064426705
2011-03-10,129.9375,-0.018524813052345213,-18524.813052345213,32058.950211861473,20624.53127571865
2011-03-11,130.84,0.006945646945647033,6945.646945647032,32058.950211861473,20525.486132720656
2011-03-14,130.05,-0.00603790889636191,-6037.90889636191,32058.950211861473,20423.377737877363
2011-03-15,128.56,-0.011457131872356863,-11457.131872356862,32058.950211861473,20318.111351440977
2011-03-16,126.175,-0.018551649035469908,-18551.64903546991,32058.950211861473,20209.589303568413
2011-03-17,127.85,0.013275212997820418,13275.212997820418,32058.950211861473,20097.710903699794
2011-03-18,127.76,-0.0007039499413373784,-703.9499413373784,32058.950211861473,20055.16859160101
2011-03-21,129.74,0.01549780839073267,15497.80839073267,32058.950211861473,20035.18671109631
2011-03-22,129.29,-0.003468475412363281,-3468.475412363281,32058.950211861473,20014.586834287344
2011-03-23,129.66,0.0028617835872843944,2861.7835872843943,32058.950211861473,19993.349847886344
2011-03-24,130.9,0.0095634737004473,9563.4737004473,32058.950211861473,19971.456047472944
2011-03-25,131.3,0.0030557677616500634,3055.767761650063,32058.950211861473,19948.885119211707
2011-03-28,130.98,-0.0024371667936026187,-2437.166793602619,32058.950211861473,19925.61612100425
2011-03-29,131.86,0.006718582989769573,6718.582989769573,32058.950211861473,19901.627463058412
2011-03-30,132.77,0.006901258910966046,6901.258910966046,32058.950211861473,19876.896887856517
2011-03-31,132.59,-0.0013557279505912456,-1355.7279505912456,32058.950211861473,19851.40144950405
2011-04-01,133.15,0.004223546270457845,4223.546270457845,32058.950211861473,19825.11749243965
2011-04-04,133.26,0.0008261359369130528,826.1359369130528,32058.950211861473,19798.020629486662
2011-04-05,133.24,-0.00015008254539983223,-150.08254539983224,32058.950211861473,19770.08571922585
2011-04-06,133.66,0.0031522065445810377,3152.2065445810376,32058.950211861473,19741.286842668313
2011-04-07,133.32,-0.002543767768966032,-2543.7677689660322,32058.950211861473,19711.59727920693
2011-04-08,132.86,-0.003450345034503255,-3450.3450345032547,32058.950211861473,19680.989481824065
2011-04-11,132.46,-0.003010687942194834,-3010.6879421948342,32058.950211861473,19649.435051532448
2011-04-12,131.47,-0.007473954401328808,-7473.954401328809,32058.950211861473,19616.90471102563
2011-04-13,131.46,-7.606298014750656e-05,-76.06298014750656,32058.950211861473,19583.368277513444
2011-04-14,131.56,0.0007606876616461644,760.6876616461644,32058.950211861473,19548.79463471738
2011-04-15,132.04,0.003648525387655699,3648.525387655699,32058.950211861473,19513.15170399978
2011-04-18,130.56,-0.011208724628900213,-11208.724628900212,32058.950211861473,19476.406414600202
2011-04-19,131.31,0.0057444852941177516,5744.485294117751,32058.950211861473,19438.524672951145
2011-04-20,133.1,0.013631863529053323,13631.863529053324,32058.950211861473,19399.471331044904
2011-04-21,133.78,0.005108940646130877,5108.940646130877,32058.950211861473,19359.210153821976
2011-04-25,133.64,-0.0010464942442817149,-1046.4942442817148,32058.950211861473,19315.65610359005
2011-04-26,134.791,0.00861269081113436,8612.69081113436,32058.950211861473,19272.866033207512
2011-04-27,135.67,0.0065212069055053945,6521.206905505394,32058.950211861473,19228.75255858634
2011-04-28,136.11,0.003243163558635187,3243.163558635187,32058.950211861473,19183.274749698532
2011-04-29,136.43,0.0023510396003232348,2351.039600323235,32058.950211861473,19136.39041063894
2011-05-02,136.22,-0.001539250897896416,-1539.2508978964158,32058.950211861473,19085.671504751375
2011-05-03,135.73,-0.003597122302158362,-3597.122302158362,32058.950211861473,19035.842257159075
2011-05-04,134.83,-0.00663081116923292,-6630.811169232919,29238.280016575463,18981.937585156138
2011-05-05,133.61,-0.00904843135800637,-9048.43135800637,29238.280016575463,18928.978452844203
2011-05-06,134.2,0.004415837137938583,4415.837137938583,29238.280016575463,18874.38140922365
2011-05-09,134.72,0.003874813710879277,3874.8137108792766,29238.280016575463,18818.095797243703
2011-05-10,135.87,0.008536223277909816,8536.223277909816,29238.280016575463,18760.06939314066
2011-05-11,134.44,-0.010524766320747836,-10524.766320747836,29238.280016575463,18700.248357982888
2011-05-12,135.08,0.0047604879500149355,4760.487950014935,29238.280016575463,18638.577187717143
2011-05-13,134.04,-0.007699141249630004,-7699.141249630004,29238.280016575463,18574.99866166998
2011-05-16,133.19,-0.006341390629662769,-6341.390629662768,29238.280016575463,18551.010421831652
2011-05-17,133.17,-0.00015016142353041495,-150.16142353041494,29238.280016575463,18549.9877373814
2011-05-18,134.36,0.008935946534504913,8935.946534504912,27450.900952432003,18548.881409822447
2011-05-19,134.68,0.0023816612086930977,2381.6612086930977,27450.900952432003,18547.79448831086
2011-05-20,133.61,-0.007944757944757908,-7944.757944757907,27450.900952432003,18546.67395067005
2011-05-23,132.06,-0.011600928074246064,-11600.928074246063,27450.900952432003,18545.518757225916
2011-05-24,131.95,-0.0008329547175527363,-832.9547175527363,27450.900952432003,18544.32783614949
2011-05-25,132.39,0.003334596438044679,3334.596438044679,27450.900952432003,18543.10008246245
2011-05-26,133.0,0.004607598761235954,4607.598761235954,27450.900952432003,18541.834357011896
2011-05-27,133.51,0.0038345864661653017,3834.5864661653018,27450.900952432003,18540.529485413383
2011-05-31,134.9,0.010411205153172176,10411.205153172175,27450.900952432003,18539.18425696131
2011-06-01,131.87,-0.022461082283172673,-22461.082283172673,27450.900952432003,18537.797423505566
2011-06-02,131.73,-0.0010616516266021003,-1061.6516266021004,24961.43643666339,24133.50692302002
2011-06-03,130.42,-0.009944583618006542,-9944.583618006542,24961.43643666339,24032.679179550894
2011-06-06,129.045,-0.010542861524306057,-10542.861524306058,24961.43643666339,23928.733052263135
2011-06-07,128.96,-0.0006586849548605445,-658.6849548605445,24961.43643666339,23821.57209629637
2011-06-08,128.42,-0.004187344913151536,-4187.344913151536,24961.43643666339,23711.0968839595
2011-06-09,129.4,0.007631210091886054,7631.210091886053,24961.43643666339,23597.20491247819
2011-06-10,127.6,-0.01391035548686248,-13910.35548686248,24961.43643666339,23479.790508889215
2011-06-13,127.7,0.0007836990595611049,783.6990595611048,24961.43643666339,23358.744731993364
2011-06-14,129.32,0.012685982772122184,12685.982772122185,24961.43643666339,23233.955271275987
2011-06-15,127.02,-0.017785338694710773,-17785.338694710772,24961.43643666339,23105.306342701377
2011-06-16,127.3,0.0022043772634230407,2204.377263423041,24961.43643666339,22972.67858128425
2011-06-17,127.05,-0.0019638648860957897,-1963.8648860957896,24961.43643666339,22835.948930338756
2011-06-20,127.7,0.0051160960251870335,5116.096025187034,24961.43643666339,22694.990527302165
2011-06-21,129.45,0.013703993735316944,13703.993735316944,24961.43643666339,22549.672586027333
2011-06-22,128.67,-0.006025492468134441,-6025.492468134441,24961.43643666339,22434.419868052984
2011-06-23,128.301,-0.002867801352296584,-2867.801352296584,24961.43643666339,22367.15819185131
2011-06-24,126.81,-0.011621109734140656,-11621.109734140655,24961.43643666339,22297.816257622784
2011-06-27,127.94,0.008910969166469496,8910.969166469496,21289.389680912496,22222.80299932073
2011-06-28,129.61,0.013052993590745743,13052.993590745742,21289.389680912496,22149.10554557588
2011-06-29,130.72,0.008564154000462842,8564.154000462842,21289.389680912496,22073.128789137892
2011-06-30,131.97,0.009562423500611983,9562.423500611983,21289.389680912496,21994.802236109037
2011-07-01,133.92,0.014776085473971357,14776.085473971356,21289.389680912496,21914.05321236795
2011-07-05,133.81,-0.0008213859020309577,-821.3859020309577,21289.389680912496,21830.806796140027
2011-07-06,133.97,0.0011957252821164222,1195.7252821164222,21289.389680912496,21744.98574848237
2011-07-07,135.36,0.010375457191908799,10375.4571919088,21289.389680912496,21656.510441618808
2011-07-08,134.4,-0.007092198581560294,-7092.198581560294,21289.389680912496,21565.298785058436
2011-07-11,131.97,-0.018080357142857162,-18080.357142857163,21289.389680912496,21471.266149429186
2011-07-12,131.4,-0.004319163446237728,-4319.163446237728,21289.389680912496,21374.325287955733
2011-07-13,131.84,0.0033485540334854402,3348.5540334854404,21289.389680912496,21274.386255508874
2011-07-14,130.93,-0.0069023058252426495,-6902.305825242649,19325.94320169079,21166.273429715948
2011-07-15,131.69,0.005804628427403813,5804.628427403813,19325.94320169079,21060.057006666888
2011-07-18,130.61,-0.008201078289923225,-8201.078289923225,19325.94320169079,20950.555539606
2011-07-19,132.73,0.016231528979404164,16231.528979404164,19325.94320169079,20837.667429233956
2011-07-20,132.65,-0.0006027273412189116,-602.7273412189115,19325.94320169079,20721.287934005042
2011-07-21,134.49,0.013871089332830877,13871.089332830878,19325.94320169079,20601.309072944307
2011-07-22,134.58,0.0006691947356680661,669.1947356680661,19325.94320169079,20477.61952545901
2011-07-25,133.83,-0.005572893446277316,-5572.893446277316,19325.94320169079,20350.104528051488
2011-07-26,133.33,-0.003736083090487896,-3736.0830904878962,19325.94320169079,20218.645767837552
2011-07-27,130.6,-0.020475511887797282,-20475.51188779728,19325.94320169079,20083.121272771634
2011-07-28,130.22,-0.0029096477794793296,-2909.6477794793295,20276.74877927105,21912.941941527828
2011-07-29,129.33,-0.0068345876209490175,-6834.587620949018,20276.74877927105,21881.58266132476
2011-08-01,128.78,-0.004252686924920868,-4252.686924920868,20276.74877927105,21849.253506476238
2011-08-02,125.49,-0.025547445255474477,-25547.44525547448,20276.74877927105,21815.924480859205
2011-08-03,126.17,0.00541875846681017,5418.75846681017,21488.152789438725,26155.15789321527
2011-08-04,120.26,-0.04684156297059516,-46841.562970595165,21488.152789438725,26117.747872044158
2011-08-05,120.08,-0.0014967570264428076,-1496.7570264428077,24035.12739904659,46841.562970595165
2011-08-08,112.26,-0.06512325116588935,-65123.25116588935,24035.12739904659,46841.562970595165
2011-08-09,117.48,0.04649919828968474,46499.19828968474,24035.12739904659,65123.25116588935
2011-08-10,112.29,-0.04417773237997957,-44177.73237997957,24035.12739904659,65123.25116588935
2011-08-11,117.33,0.04488378306171503,44883.78306171503,35048.89168897204,65123.25116588935
2011-08-12,118.12,0.006733145828006437,6733.145828006437,35048.89168897204,65123.25116588935
2011-08-15,120.62,0.0211649170335253,21164.9170335253,35048.89168897204,65123.25116588935
2011-08-16,119.59,-0.008539214060686473,-8539.214060686472,35048.89168897204,65123.25116588935
2011-08-17,119.67,0.0006689522535328063,668.9522535328063,35048.89168897204,65123.25116588935
2011-08-18,114.51,-0.04311857608423164,-43118.57608423164,35048.89168897204,65123.25116588935
2011-08-19,112.64,-0.016330451488952957,-16330.451488952956,43658.74579506308,65123.25116588935
2011-08-22,112.73,0.0007990056818181213,799.0056818181213,43658.74579506308,65123.25116588935
2011-08-23,116.44,0.03291049410094904,32910.494100949036,43658.74579506308,65123.25116588935
2011-08-24,118.08,0.014084507042253502,14084.507042253503,43658.74579506308,65123.25116588935
2011-08-25,116.28,-0.015243902439024404,-15243.902439024403,43658.74579506308,65123.25116588935
2011-08-26,117.97,0.014533883728930164,14533.883728930163,43658.74579506308,65123.25116588935
2011-08-29,121.36,0.02873611935237763,28736.11935237763,43658.74579506308,64928.448037372254
2011-08-30,121.68,0.002636783124588149,2636.783124588149,43658.74579506308,64631.10832536545
2011-08-31,122.22,0.004437869822485174,4437.869822485174,43658.74579506308,64324.57253979142
2011-09-01,120.94,-0.010472917689412498,-10472.917689412498,43658.74579506308,64008.55626600376
2011-09-02,117.85,-0.025549859434430333,-25549.859434430335,43658.74579506308,63682.7662930268
2011-09-06,116.99,-0.007297411964361511,-7297.411964361511,43658.74579506308,63346.900341504144
2011-09-07,120.29,0.028207539105906676,28207.539105906675,43658.74579506308,63000.64678323338
2011-09-08,119.04,-0.010391553745116022,-10391.553745116022,43658.74579506308,62643.6843520264
2011-09-09,115.92,-0.02620967741935487,-26209.67741935487,43658.74579506308,62275.681845627456
2011-09-12,116.67,0.006469979296066297,6469.979296066297,43658.74579506308,61896.297818412044
2011-09-13,117.74,0.009171166538098907,9171.166538098907,43658.74579506308,61505.18026458173
2011-09-14,119.37,0.013844063190080025,13844.063190080025,43658.74579506308,61101.966291560784
2011-09-15,121.43,0.017257267320097247,17257.267320097246,43658.74579506308,60686.281783291764
2011-09-16,121.521,0.0007494029482004727,749.4029482004727,43658.74579506308,60257.74105311753
2011-09-19,120.31,-0.009965355782128205,-9965.355782128205,43658.74579506308,59815.946485927576
2011-09-20,120.17,-0.0011636605435957348,-1163.6605435957347,43658.74579506308,59360.488169236916
2011-09-21,116.63,-0.02945826745443958,-29458.267454439578,43658.74579506308,58890.94351285479
2011-09-22,112.86,-0.03232444482551655,-32324.44482551655,43658.74579506308,58406.87685679074
2011-09-23,113.54,0.006025163919900933,6025.163919900933,43658.74579506308,57907.83906703399
2011-09-26,116.24,0.023780165580412183,23780.165580412184,43658.74579506308,57393.36711883115
2011-09-27,117.54,0.011183757742601719,11183.757742601718,43658.74579506308,56862.983667075656
2011-09-28,115.145,-0.020376042198400612,-20376.042198400613,43658.74579506308,56316.196603410186
2011-09-29,116.05,0.007859655217334671,7859.655217334671,43658.74579506308,55752.49859963136
2011-09-30,113.15,-0.02498922878069787,-24989.22878069787,43658.74579506308,55171.36663697277
2011-10-03,109.93,-0.028457799381352178,-28457.79938135218,43658.74579506308,54572.261520829896
2011-10-04,112.34,0.02192304193577721,21923.04193577721,43658.74579506308,53954.62738047642
2011-10-05,114.42,0.018515221648566893,18515.221648566894,43658.74579506308,53317.891153307886
2011-10-06,116.49,0.018091242789721962,18091.24278972196,43658.74579506308,52661.462053134135
2011-10-07,115.71,-0.0066958537213495095,-6695.853721349509,43658.74579506308,51984.73102202718
2011-10-10,119.58,0.03344568317345087,33445.68317345087,43658.74579506308,51287.07016521589
2011-10-11,119.7,0.0010035122930256435,1003.5122930256434,43658.74579506308,50567.83216850321
2011-10-12,120.75,0.00877192982456143,8771.92982456143,43658.74579506308,49826.34969766541
2011-10-13,120.51,-0.0019875776397515477,-1987.5776397515476,43658.74579506308,49061.93477927592
2011-10-14,122.57,0.017094017094017033,17094.017094017032,43658.74579506308,48273.87816237952
2011-10-17,120.23,-0.01909113159827025,-19091.13159827025,43658.74579506308,47461.44866042449
2011-10-18,122.58,0.019545870415037747,19545.87041503775,43658.74579506308,46810.840390007725
2011-10-19,121.13,-0.01182900962636646,-11829.00962636646,43658.74579506308,46688.969400073154
2011-10-20,121.66,0.0043754643771154456,4375.464377115445,43658.74579506308,46563.329204264315
2011-10-21,123.97,0.018987341772152,18987.341772151998,43658.74579506308,46433.80322920366
2011-10-24,125.49,0.012261030894571201,12261.0308945712,43658.74579506308,46300.271296151426
2011-10-25,123.049,-0.0194517491433579,-19451.749143357898,43658.74579506308,46162.60950949965
2011-10-26,124.3,0.010166681565880076,10166.681565880075,43658.74579506308,46020.6901418174
2011-10-27,128.63,0.03483507642799677,34835.07642799677,43658.74579506308,45874.38151534086
2011-10-28,128.6,-0.0002332270854388252,-233.2270854388252,43658.74579506308,45723.54787979803
2011-10-31,125.5,-0.024105754276827374,-24105.754276827374,43658.74579506308,45568.04928645491
2011-11-01,122.002,-0.02787250996015944,-27872.50996015944,43658.74579506308,45407.74145826612
2011-11-02,123.99,0.01629481483910089,16294.81483910089,43658.74579506308,45242.47565600964
2011-11-03,126.25,0.018227276393257608,18227.27639325761,43658.74579506308,45072.09854028132
2011-11-04,125.481,-0.006091089108910985,-6091.0891089109855,43658.74579506308,44896.45202922118
2011-11-07,126.26,0.006208111188148013,6208.111188148014,43658.74579506308,44715.3731518396
2011-11-08,127.88,0.012830666877871044,12830.666877871045,43658.74579506308,44528.693896807046
2011-11-09,123.161,-0.036901782921488824,-36901.782921488826,43658.74579506308,44336.24105656729
2011-11-10,124.32,0.009410446488742341,9410.446488742342,43658.74579506308,44164.14174960184
2011-11-11,126.66,0.018822393822393924,18822.393822393922,43658.74579506308,44094.46503072222
2011-11-14,125.46,-0.009474182851729074,-9474.182851729074,43658.74579506308,44022.63336177416
2011-11-15,126.083,0.004965726127849512,4965.7261278495125,43658.74579506308,43948.5800948174
2011-11-16,124.08,-0.01588636057200421,-15886.36057200421,43658.74579506308,43872.23652063517
2011-11-17,122.105,-0.01591715022566087,-15917.15022566087,43658.74579506308,43793.53180498339
2011-11-18,121.979,-0.0010318987756439135,-1031.8987756439135,43658.74579506308,43712.39292286815
2011-11-21,119.661,-0.019003271054853665,-19003.271054853667,43658.74579506308,43628.744590790586
2011-11-22,119.19,-0.003936119537694016,-3936.1195376940163,43658.74579506308,43542.509196896186
2011-11-23,116.56,-0.022065609531000896,-22065.609531000897,43658.74579506308,43453.606728963816
2011-11-25,116.34,-0.0018874399450926616,-1887.4399450926614,43658.74579506308,43361.95470016756
2011-11-28,119.71,0.02896682138559381,28966.821385593812,43658.74579506308,43267.46807254255
2011-11-29,120.05,0.0028401971430958017,2840.197143095802,43658.74579506308,43170.05917808378
2011-11-30,124.99,0.041149521032902925,41149.52103290292,43658.74579506308,43041.72491881637
2011-12-01,124.97,-0.00016001280102406756,-160.01280102406756,43658.74579506308,42879.149297777956
2011-12-02,124.86,-0.0008802112507001469,-880.2112507001469,43658.74579506308,42711.54556474867
2011-12-05,126.22,0.010892199263174751,10892.19926317475,43658.74579506308,42538.75821111022
2011-12-06,126.26,0.00031690698779907045,316.90698779907046,43658.74579506308,42360.62691869945
2011-12-07,126.73,0.003722477427530402,3722.4774275304017,43658.74579506308,42176.98641105948
2011-12-08,123.95,-0.02193640022094212,-21936.40022094212,43658.74579506308,41987.66630009044
2011-12-09,126.05,0.01694231544977809,16942.31544977809,43658.74579506308,41792.490927957406
2011-12-12,124.21,-0.014597381991273362,-14597.381991273362,43658.74579506308,41591.27920410892
2011-12-13,123.05,-0.009339022622977144,-9339.022622977145,43658.74579506308,41383.84443725481
2011-12-14,121.74,-0.010646078829743999,-10646.078829744,43658.74579506308,41169.99416214748
2011-12-15,122.185,0.003655331033349807,3655.3310333498066,43658.74579506308,40949.52996100591
2011-12-16,121.59,-0.004869664852477751,-4869.664852477751,43658.74579506308,40722.24727941665
2011-12-19,120.29,-0.01069166872275673,-10691.66872275673,43658.74579506308,40487.93523654113
2011-12-20,123.93,0.0302602045057776,30260.204505777598,43658.74579506308,40246.37642945297
2011-12-21,124.17,0.0019365770999757448,1936.5770999757449,43658.74579506308,39997.34673142393
2011-12-22,125.27,0.008858822581944148,8858.822581944149,43658.74579506308,39740.615083971315
2011-12-23,126.39,0.008940688113674433,8940.688113674432,43658.74579506308,39475.94328247378
2011-12-27,126.49,0.0007912018355882289,791.2018355882288,43658.74579506308,39203.085755156724
2011-12-28,124.83,-0.013123567080401632,-13123.567080401632,43658.74579506308,38921.78933524224
2011-12-29,126.12,0.010334054313866803,10334.054313866804,43658.74579506308,38631.79302605205
2011-12-30,125.5,-0.004915953060577238,-4915.953060577238,43658.74579506308,38332.82775884566
2012-01-03,127.495,0.01589641434262945,15896.41434262945,43658.74579506308,38024.616143168976
2012-01-04,127.7,0.0016079061923996996,1607.9061923996996,43658.74579506308,37706.87220948168
2012-01-05,128.04,0.002662490211432944,2662.490211432944,43658.74579506308,37379.30114382466
2012-01-06,127.71,-0.002577319587628857,-2577.319587628857,43658.74579506308,37041.599014281346
2012-01-09,128.02,0.0024273745203979846,2427.3745203979847,43658.74579506308,36769.232924125856
2012-01-10,129.13,0.00867052023121384,8670.52023121384,43658.74579506308,36540.87434153194
2012-01-11,129.2,0.0005420893673042659,542.0893673042659,43658.74579506308,36305.453122362946
2012-01-12,129.51,0.0023993808049536103,2399.38080495361,43658.74579506308,36062.75083455986
2012-01-13,128.84,-0.005173345687591646,-5173.345687591646,43658.74579506308,35812.54229043297
2012-01-17,129.34,0.0038807823657249774,3880.7823657249774,43658.74579506308,35554.59533772483
2012-01-18,130.77,0.011056131127261448,11056.131127261448,43658.74579506308,35288.670644211285
2012-01-19,131.46,0.005276439550355505,5276.439550355505,43658.74579506308,35014.52147564063
2012-01-20,131.54,0.0006085501293167095,608.5501293167094,43658.74579506308,34731.8934668049
2012-01-23,131.61,0.0005321575186256755,532.1575186256755,43658.74579506308,34440.52438553094
2012-01-24,131.46,-0.0011397310234785296,-1139.7310234785296,43658.74579506308,34140.14388937222
2012-01-25,132.56,0.008367564278107364,8367.564278107364,43658.74579506308,33830.47327477561
2012-01-26,131.88,-0.005129752564876355,-5129.752564876355,43658.74579506308,33511.22521849044
2012-01-27,131.82,-0.00045495905368519995,-454.95905368519993,43658.74579506308,33182.10351097996
2012-01-30,131.37,-0.003413746017296271,-3413.746017296271,43658.74579506308,32842.802781587714
2012-01-31,131.32,-0.0003806043997869324,-380.6043997869324,43658.74579506308,32493.00821520395
2012-02-01,132.47,0.008757234236978384,8757.234236978384,43658.74579506308,32091.453214759178
2012-02-02,132.68,0.0015852645882086236,1585.2645882086235,43658.74579506308,31640.43244101435
2012-02-03,134.54,0.014018691588784993,14018.691588784994,43658.74579506308,31175.462571174314
2012-02-06,134.45,-0.00066894603835288,-668.94603835288,43658.74579506308,30696.11218989593
2012-02-07,134.79,0.0025288211230940494,2528.821123094049,43658.74579506308,30201.93653909347
2012-02-08,135.19,0.002967579197269865,2967.5791972698653,43658.74579506308,29692.47710527651
2012-02-09,135.36,0.0012574894592796149,1257.489459279615,43658.74579506308,29367.62357181431
2012-02-10,134.361,-0.007380319148936332,-7380.319148936332,43658.74579506308,29198.967373005704
2012-02-13,135.36,0.007435193248040983,7435.193248040983,43658.74579506308,29025.095003099923
2012-02-14,135.19,-0.0012559101654847638,-1255.9101654847636,43658.74579506308,28845.845137217675
2012-02-15,134.56,-0.004660107996153573,-4660.107996153573,43658.74579506308,28661.051461050407
2012-02-16,136.049,0.011065695600475767,11065.695600475767,43658.74579506308,28470.54251654807
2012-02-17,136.41,0.0026534557402111414,2653.4557402111413,43658.74579506308,28391.617361135937
2012-02-21,136.47,0.0004398504508467127,439.8504508467127,43658.74579506308,28318.654399602874
2012-02-22,136.032,-0.003209496592657679,-3209.4965926576792,43658.74579506308,28243.434851630645
2012-02-23,136.631,0.004403375676311327,4403.375676311327,43658.74579506308,28165.88892588608
2012-02-24,136.93,0.0021883759908074563,2188.375990807456,43658.74579506308,28085.94467254117
2012-02-27,137.16,0.0016796903527349638,1679.6903527349639,43658.74579506308,28003.527916515483
2012-02-28,137.559,0.002909011373578352,2909.0113735783516,43658.74579506308,27918.562188653952
2012-02-29,137.02,-0.003918318685073197,-3918.318685073197,43658.74579506308,27736.351875968394
2012-03-01,137.73,0.005181725295577033,5181.725295577034,43658.74579506308,27440.371030703875
2012-03-02,137.312,-0.0030349234008565373,-3034.9234008565372,43658.74579506308,27135.236138678596
2012-03-05,136.75,-0.004092868795152693,-4092.868795152693,43658.74579506308,26820.66408504429
2012-03-06,134.75,-0.014625228519195566,-14625.228519195565,43658.74579506308,26496.362998823355
2012-03-07,135.69,0.006975881261595429,6975.881261595429,43658.74579506308,26168.69909476155
2012-03-08,137.04,0.009949148795047602,9949.148795047602,43658.74579506308,25872.258404355696
2012-03-09,137.57,0.0038674839462931043,3867.4839462931045,43658.74579506308,25566.649445174404
2012-03-12,137.58,7.269026677336754e-05,72.69026677336754,43658.74579506308,25548.306234560532
2012-03-13,140.062,0.018040412850705012,18040.41285070501,43658.74579506308,25421.43971964653
2012-03-14,139.91,-0.0010852336822265718,-1085.2336822265718,43658.74579506308,25156.849817885988
2012-03-15,140.72,0.0057894360660424304,5789.436066042431,43658.74579506308,24915.76879716319
2012-03-16,140.3,-0.002984650369527997,-2984.650369527997,43658.74579506308,24719.313904788265
2012-03-19,140.85,0.003920171062009814,3920.171062009814,43658.74579506308,24516.783087906897
2012-03-20,140.44,-0.002910898118565819,-2910.898118565819,43658.74579506308,24307.988431328173
2012-03-21,140.21,-0.0016377100541156153,-1637.7100541156153,43658.74579506308,24070.14713565333
2012-03-22,139.2,-0.007203480493545578,-7203.480493545578,43658.74579506308,23463.178211612983
2012-03-23,139.65,0.003232758620689724,3232.758620689724,43658.74579506308,22837.43705280851
2012-03-26,141.61,0.01403508771929829,14035.08771929829,43658.74579506308,22421.977700335712
2012-03-27,141.17,-0.003107125203022587,-3107.125203022587,43658.74579506308,22325.206110266314
2012-03-28,140.47,-0.004958560600694106,-4958.560600694106,43658.74579506308,22225.441584421573
2012-03-29,140.23,-0.0017085498682993805,-1708.5498682993805,43658.74579506308,22122.591557777512
2012-03-30,140.81,0.004136062183555778,4136.062183555778,43658.74579506308,22058.647294071958
2012-04-02,141.84,0.007314821390526305,7314.821390526305,43658.74579506308,22043.131278248176
2012-04-03,141.26,-0.004089114495205992,-4089.114495205992,43658.74579506308,22027.135385646343
2012-04-04,139.86,-0.009910802775024652,-9910.802775024651,43658.74579506308,22010.644774716617
2012-04-05,139.79,-0.0005005005005006558,-500.50050050065573,43658.74579506308,21993.644144892154
2012-04-09,138.22,-0.011231132412905076,-11231.132412905075,43658.74579506308,21976.11772239271
2012-04-10,135.9,-0.016784835769063755,-16784.835769063757,43658.74579506308,21958.04924558916
2012-04-11,137.0,0.008094186902133815,8094.186902133815,43658.74579506308,21939.4219499154
2012-04-12,138.79,0.013065693430656777,13065.693430656778,43658.74579506308,21635.694756945606
2012-04-13,137.14,-0.01188846458678583,-11888.464586785829,43658.74579506308,21267.79935841197
2012-04-16,137.05,-0.0006562636721596515,-656.2636721596515,43658.74579506308,20888.525751676254
2012-04-17,139.082,0.014826705581904243,14826.705581904243,43658.74579506308,20497.522033392
2012-04-18,138.61,-0.003393681425346018,-3393.681425346018,43658.74579506308,20375.131438594362
2012-04-19,137.72,-0.0064208931534522895,-6420.89315345229,43658.74579506308,19917.28248371539
2012-04-20,137.95,0.0016700551844321954,1670.0551844321953,43658.74579506308,19449.597966898993
2012-04-23,136.79,-0.008408843783979658,-8408.843783979659,43658.74579506308,19287.955588116743
2012-04-24,137.31,0.0038014474742307236,3801.4474742307234,43658.74579506308,19121.31396050618
2012-04-25,139.19,0.013691646638992028,13691.646638992028,43658.74579506308,19066.9632643675
2012-04-26,140.16,0.006968891443350778,6968.891443350778,43658.74579506308,19036.737087428093
2012-04-27,140.39,0.0016409817351596967,1640.9817351596967,43658.74579506308,19005.57608027407
2012-04-30,139.87,-0.0037039675190538857,-3703.9675190538856,43658.74579506308,18568.57819109039
2012-05-01,140.74,0.00622006148566534,6220.06148566534,43658.74579506308,18085.800820167275
2012-05-02,140.325,-0.0029486997299986717,-2948.6997299986715,43658.74579506308,17759.197358976824
2012-05-03,139.25,-0.00766078745768739,-7660.78745768739,43658.74579506308,17726.69842156605
2012-05-04,137.0,-0.016157989228007152,-16157.989228007153,43658.74579506308,17693.19436237968
2012-05-07,137.1,0.0007299270072991249,729.9270072991249,43658.74579506308,17658.65409517724
2012-05-08,136.55,-0.0040116703136395815,-4011.6703136395813,43658.74579506308,17623.045572288127
2012-05-09,135.74,-0.005931893079458073,-5931.893079458073,43658.74579506308,17586.33575487667
2012-05-10,136.02,0.0020627670546633503,2062.7670546633503,43658.74579506308,17548.490582287533
2012-05-11,135.61,-0.003014262608439955,-3014.262608439955,43658.74579506308,17509.47494044307
2012-05-14,134.11,-0.011061131185015838,-11061.131185015838,43658.74579506308,17469.252629263206
2012-05-15,133.34,-0.005741555439564561,-5741.55543956456,43658.74579506308,17427.786329077782
2012-05-16,132.829,-0.003832308384580707,-3832.3083845807073,43658.74579506308,17385.037566000025
2012-05-17,130.86,-0.014823570154107846,-14823.570154107845,43658.74579506308,17340.96667622914
2012-05-18,129.74,-0.008558765092465226,-8558.765092465226,43658.74579506308,17295.53276924885
2012-05-21,131.97,0.017188222599044067,17188.222599044067,43658.74579506308,17248.693689887725
2012-05-22,132.2,0.0017428203379554752,1742.8203379554752,43658.74579506308,17200.40597920615
2012-05-23,132.27,0.0005295007564298793,529.5007564298793,43658.74579506308,17150.6248341736
2012-05-24,132.53,0.0019656762682391804,1965.6762682391804,43658.74579506308,17099.304066098804
2012-05-25,132.1,-0.003244548404135017,-3244.548404135017,43658.74579506308,17046.396057774276
2012-05-29,133.7,0.012112036336108911,12112.036336108911,43658.74579506308,16991.85171929538
2012-05-30,131.76,-0.01451009723261032,-14510.09723261032,43658.74579506308,16932.846319507313
2012-05-31,131.47,-0.0022009714632664767,-2200.971463266477,43658.74579506308,16874.87593107188
2012-06-01,128.16,-0.025176846428843103,-25176.846428843102,43658.74579506308,16815.11264402505
2012-06-04,128.1,-0.000468164794007464,-468.164794007464,43658.74579506308,25343.709915269275
2012-06-05,129.07,0.007572209211553549,7572.209211553549,43658.74579506308,25336.085184409178
2012-06-06,131.97,0.02246842798481441,22468.42798481441,43658.74579506308,25328.224637130723
2012-06-07,132.05,0.0006061983784193536,606.1983784193536,43658.74579506308,25320.120980142627
2012-06-08,133.1,0.00795153351003397,7951.53351003397,43658.74579506308,25311.76669458789
2012-06-11,131.415,-0.012659654395191566,-12659.654395191566,43658.74579506308,25303.154029067537
2012-06-12,132.92,0.011452269527831627,11452.269527831626,43658.74579506308,25294.27499244862
2012-06-13,132.07,-0.006394823954258166,-6394.823954258167,43658.74579506308,25285.121346449738
2012-06-14,133.47,0.010600439161051023,10600.439161051023,43658.74579506308,25275.684597997282
2012-06-15,134.14,0.005019854648984801,5019.8546489848,43658.74579506308,25265.955991345265
2012-06-18,134.4,0.001938273445653893,1938.273445653893,43658.74579506308,25255.92649995143
2012-06-19,135.7,0.009672619047618847,9672.619047618848,43658.74579506308,25245.58681810212
2012-06-20,135.48,-0.0016212232866616993,-1621.2232866616994,43658.74579506308,25234.927352278086
2012-06-21,132.44,-0.022438736344847943,-22438.73634484794,43658.74579506308,25223.93821225331
2012-06-22,133.46,0.007701600724856705,7701.600724856706,43658.74579506308,25212.60920191849
2012-06-25,131.32,-0.01603476697137729,-16034.76697137729,43658.74579506308,25200.929809820736
2012-06-26,131.98,0.005025890953396228,5025.890953396228,43658.74579506308,25188.88919941068
2012-06-27,133.173,0.00903924837096537,9039.24837096537,43658.74579506308,25176.659803910436
2012-06-28,132.79,-0.002875958339903839,-2875.9583399038393,43658.74579506308,25170.209157114485
2012-06-29,136.105,0.024964229234129,24964.229234128998,43658.74579506308,25163.55900577845
2012-07-02,136.51,0.0029756438044157285,2975.6438044157285,43658.74579506308,25156.70317965883
2012-07-03,137.412,0.0066075745366640515,6607.574536664051,43658.74579506308,25149.635317679837
2012-07-05,136.79,-0.004526533344977213,-4526.533344977212,43658.74579506308,25142.348862031395
2012-07-06,135.49,-0.009503618685576254,-9503.618685576253,43658.74579506308,25134.837052084542
2012-07-09,135.32,-0.0012547051442911572,-1254.7051442911572,43658.74579506308,25127.092918118717
2012-07-10,134.14,-0.008720070942950131,-8720.070942950131,43658.74579506308,25119.10927485498
2012-07-11,134.16,0.0001490979573579576,149.09795735795763,43658.74579506308,25110.878714789273
2012-07-12,133.51,-0.004844961240310086,-4844.961240310086,43658.74579506308,25102.39360131947
2012-07-13,135.75,0.016777769455471603,16777.769455471604,43658.74579506308,25093.646061659878
2012-07-16,135.43,-0.002357274401473264,-2357.274401473264,43658.74579506308,25084.627979536588
2012-07-17,136.36,0.006867016170715612,6867.016170715612,43658.74579506308,25075.33098765691
2012-07-18,137.37,0.0074068641830447035,7406.864183044703,43658.74579506308,25065.7464599459
2012-07-19,137.73,0.0026206595326490056,2620.6595326490055,43658.74579506308,25055.8655035428
2012-07-20,136.47,-0.009148333696362365,-9148.333696362366,43658.74579506308,25045.678950549907
2012-07-23,135.09,-0.01011211255220923,-10112.11255220923,43658.74579506308,25035.17734952631
2012-07-24,133.925,-0.008623880376045556,-8623.880376045556,43658.74579506308,25024.350956718477
2012-07-25,133.96,0.00026134030240809736,261.3403024080974,43658.74579506308,25013.189727019682
2012-07-26,136.17,0.016497461928933754,16497.461928933753,43658.74579506308,25001.68330464979
2012-07-27,138.675,0.018396122493941514,18396.122493941515,43658.74579506308,24989.821013546807
2012-07-30,138.68,3.605552550922653e-05,36.05552550922653,43658.74579506308,24057.09686639305
2012-07-31,137.71,-0.006994519757715589,-6994.51975771559,43658.74579506308,23980.467478453895
2012-08-01,137.59,-0.0008713964127514684,-871.3964127514683,43658.74579506308,23905.182243537132
2012-08-02,136.64,-0.006904571553165373,-6904.571553165373,40072.347434487645,23823.739595073795
2012-08-03,139.349,0.019825819672131262,19825.819672131263,40072.347434487645,23743.725528842777
2012-08-06,139.62,0.0019447574076600915,1944.7574076600915,34658.8872544624,23657.167288367342
2012-08-07,140.32,0.005013608365563638,5013.608365563638,34658.8872544624,23572.12736251867
2012-08-08,140.49,0.0012115165336374911,1211.5165336374912,30920.01791368883,23480.132208437004
2012-08-09,140.61,0.0008541533205210783,854.1533205210783,30920.01791368883,23389.750737665752
2012-08-10,140.84,0.001635730033425764,1635.730033425764,30920.01791368883,23296.573963674768
2012-08-13,140.77,-0.0004970178926441138,-497.0178926441138,30920.01791368883,23200.515433787154
2012-08-14,140.79,0.00014207572636193433,142.07572636193433,30920.01791368883,23101.486021531884
2012-08-15,140.95,0.001136444349740806,1136.444349740806,30920.01791368883,22999.39384394913
2012-08-16,141.99,0.007378503015253779,7378.503015253779,28968.038098626752,22888.951772021992
2012-08-17,142.18,0.0013381224029860306,1338.1224029860305,28968.038098626752,22780.4469600518
2012-08-20,142.19,7.033338022210955e-05,70.33338022210955,28968.038098626752,22668.586329154696
2012-08-21,141.76,-0.003024122652788619,-3024.122652788619,28968.038098626752,22553.266091116442
2012-08-22,141.82,0.0004232505643340101,423.2505643340101,28968.038098626752,22437.765947154727
2012-08-23,140.665,-0.008144126357354398,-8144.126357354397,28968.038098626752,22410.468968408524
2012-08-24,141.51,0.006007180179860017,6007.180179860016,28968.038098626752,22382.32775320625
2012-08-27,141.54,0.0002119991520033171,211.99915200331708,28968.038098626752,22353.31619114205
2012-08-28,141.4,-0.0009891196834815874,-989.1196834815875,28968.038098626752,22323.40736427174
2012-08-29,141.51,0.0007779349363505883,777.9349363505883,28968.038098626752,22292.573522137405
2012-08-30,140.49,-0.007207971168115224,-7207.971168115224,28968.038098626752,22260.78605601953
2012-08-31,141.16,0.004769022706242243,4769.022706242243,28968.038098626752,22226.398763060417
2012-09-04,141.03,-0.0009209407764239064,-920.9407764239064,28968.038098626752,22192.614656228794
2012-09-05,140.91,-0.000850882790895624,-850.882790895624,28968.038098626752,22157.785680113717
2012-09-06,143.77,0.020296643247462942,20296.643247462944,28968.038098626752,22121.87951917034
2012-09-07,144.33,0.0038951102455311304,3895.11024553113,28968.038098626752,22083.036672407456
2012-09-10,143.51,-0.005681424513268363,-5681.424513268363,28968.038098626752,19801.709490066165
2012-09-11,143.91,0.002787262211692676,2787.262211692676,28968.038098626752,18271.35302787896
2012-09-12,144.39,0.0033354179695641584,3335.4179695641583,28968.038098626752,17177.69855056772
2012-09-13,146.59,0.015236512223838261,15236.512223838261,28968.038098626752,16704.597901949473
2012-09-14,147.24,0.004434136025649904,4434.136025649904,28968.038098626752,16577.641202524934
2012-09-17,146.74,-0.0033958163542515685,-3395.8163542515686,28968.038098626752,16446.758007241904
2012-09-18,146.62,-0.000817772931716032,-817.7729317160321,28968.038098626752,16311.826878084139
2012-09-19,146.7,0.000545628154412725,545.628154412725,28171.007564967735,16165.860029061128
2012-09-20,146.71,6.816632583506177e-05,68.16632583506177,26551.63482981443,16146.658218583729
2012-09-21,145.87,-0.005725581078317776,-5725.581078317777,26551.63482981443,16134.9115669041
2012-09-24,145.645,-0.0015424693219989738,-1542.4693219989738,26551.63482981443,16122.801616718916
2012-09-25,144.1,-0.010607985169418854,-10607.985169418855,26551.63482981443,16110.317131991924
2012-09-26,143.295,-0.005586398334490039,-5586.398334490039,26551.63482981443,16096.811568756442
2012-09-27,144.64,0.009386231201367723,9386.231201367724,26551.63482981443,16083.542906064346
2012-09-28,143.97,-0.004632190265486669,-4632.190265486669,26551.63482981443,16069.189028675164
2012-10-01,144.345,0.0026047093144405675,2604.7093144405676,24652.011274355395,16054.391216933738
2012-10-02,144.5,0.001073816204232969,1073.816204232969,24652.011274355395,16039.852973014946
2012-10-03,145.09,0.004083044982698958,4083.044982698958,24652.011274355395,16022.191264077126
2012-10-04,146.125,0.007133503342752645,7133.503342752645,24652.011274355395,16002.567455371258
2012-10-05,146.14,0.00010265183917868015,102.65183917868015,24652.011274355395,15982.33672474665
2012-10-08,145.642,-0.003407691254960876,-3407.691254960876,24652.011274355395,15961.480301422313
2012-10-09,144.2,-0.00990099009900991,-9900.99009900991,24652.011274355395,15939.978834077634
2012-10-10,143.28,-0.006380027739250949,-6380.027739250949,24652.011274355395,15917.812372897553
2012-10-11,143.36,0.0005583472920156485,558.3472920156485,24652.011274355395,15495.717215589075
2012-10-12,142.89,-0.003278459821428714,-3278.4598214287143,24652.011274355395,15031.193191784949
2012-10-15,144.08,0.00832808454055578,8328.08454055578,24652.011274355395,14777.13596957283
2012-10-16,145.54,0.010133259300388442,10133.259300388441,24652.011274355395,14699.397227966245
2012-10-17,146.2,0.004534835783976954,4534.835783976954,24652.011274355395,14621.144002599216
2012-10-18,145.82,-0.002599179206566271,-2599.179206566271,24652.011274355395,14577.94855145959
2012-10-19,143.3896,-0.016667123851323518,-16667.12385132352,24652.011274355395,14543.366654419371
2012-10-22,143.41,0.00014226973225395234,142.26973225395233,24652.011274355395,16740.48672457735
2012-10-23,141.42,-0.013876298723938474,-13876.298723938475,24652.011274355395,16737.98220582949
2012-10-24,141.02,-0.00282845424975231,-2828.4542497523103,24652.011274355395,16735.521618744595
2012-10-25,141.43,0.0029073890228337174,2907.3890228337173,24652.011274355395,16732.98493102821
2012-10-26,141.35,-0.0005656508520116565,-565.6508520116565,24652.011274355395,16730.369789052562
2012-10-31,141.35,0.0,0.0,23835.172487685468,16727.540760374624
2012-11-01,142.83,0.01047046338875135,10470.46338875135,22255.90420606289,16724.624235964377
2012-11-02,141.56,-0.008891689420990057,-8891.689420990057,22255.90420606289,16721.758870191912
2012-11-05,141.8486,0.0020387115004238954,2038.7115004238954,22255.90420606289,16718.804884859474
2012-11-06,142.96,0.007835114340219107,7835.114340219107,22255.90420606289,16715.75953915593
2012-11-07,139.72,-0.022663682148852837,-22663.682148852837,22255.90420606289,16712.620007502792
2012-11-08,138.04,-0.012024048096192397,-12024.048096192397,22553.458704890436,23650.805730676522
2012-11-09,138.16,0.000869313242538361,869.313242538361,22255.90420606289,23598.35449260563
2012-11-12,138.265,0.0007599884192239781,759.9884192239781,22255.90420606289,23546.823299599397
2012-11-13,137.79,-0.0034354319603658867,-3435.431960365887,22255.90420606289,23493.698358355858
2012-11-14,135.9299,-0.013499528267653549,-13499.528267653548,22255.90420606289,23438.930377692413
2012-11-15,135.7,-0.0016913129488067558,-1691.3129488067557,22255.90420606289,23382.468541956907
2012-11-16,136.37,0.004937361827560993,4937.361827560993,22255.90420606289,23324.26046387906
2012-11-19,139.13,0.020239055510742787,20239.055510742786,22255.90420606289,23264.25213596376
2012-11-20,139.19,0.00043125134766053286,431.2513476605329,22255.90420606289,23202.387880380975
2012-11-21,139.45,0.001867950283784614,1867.950283784614,22255.90420606289,23138.610297305935
2012-11-23,141.35,0.013624955181068543,13624.955181068543,22255.90420606289,23072.86021166157
2012-11-26,141.05,-0.002122391227449505,-2122.391227449505,22192.59164413409,23005.076618213767
2012-11-27,140.33,-0.005104572846508337,-5104.5728465083375,22192.59164413409,22935.19662496861
2012-11-28,141.46,0.008052447801610407,8052.447801610408,22192.59164413409,22863.15539481896
2012-11-29,142.12,0.004665629860031162,4665.629860031162,22192.59164413409,22788.886085386337
2012-11-30,142.155,0.00024627075710670354,246.27075710670354,22192.59164413409,22712.319787002187
2012-12-03,141.45,-0.004959375329745774,-4959.375329745774,22192.59164413409,22661.019779209833
2012-12-04,141.25,-0.0014139271827500188,-1413.9271827500188,22192.59164413409,22653.86876976979
2012-12-05,141.5,0.001769911504424737,1769.9115044247371,22192.59164413409,22646.49659508933
2012-12-06,141.98,0.003392226148409838,3392.226148409838,22192.59164413409,22638.896415006388
2012-12-07,142.415,0.003063811804479455,3063.811804479455,22192.59164413409,22631.061177807474
2012-12-10,142.473,0.000407260471158466,407.260471158466,19668.32506271368,22622.983613684883
2012-12-11,143.44,0.006787250917717591,6787.250917717591,19668.32506271368,22614.65622799149
2012-12-12,143.51,0.00048800892359168735,488.00892359168733,19668.32506271368,22606.07129428696
2012-12-13,142.63,-0.006131976865723643,-6131.976865723643,19668.32506271368,22597.22084716889
2012-12-14,142.1051,-0.003680151440790924,-3680.151440790924,19668.32506271368,22588.09667488222
2012-12-17,143.77,0.011715976414639728,11715.976414639728,19668.32506271368,22578.690311700087
2012-12-18,145.37,0.011128886415803008,11128.886415803008,19668.32506271368,22568.993030069018
2012-12-19,144.29,-0.0074293182912569256,-7429.3182912569255,19668.32506271368,22558.995832511217
2012-12-20,145.12,0.005752304386998475,5752.304386998475,19668.32506271368,22548.689443276373
2012-12-21,142.79,-0.016055678059537004,-16055.678059537004,19668.32506271368,22538.064299735295
2012-12-24,142.35,-0.003081448280691901,-3081.448280691901,19668.32506271368,22527.110543507377
2012-12-26,141.75,-0.004214963119072657,-4214.963119072657,19668.32506271368,22515.81801131365
2012-12-27,141.5616,-0.0013291005291005131,-1329.100529100513,19668.32506271368,22504.17622554692
2012-12-28,140.03,-0.010819318233193154,-10819.318233193153,19668.32506271368,22492.17438455029
2012-12-31,142.41,0.01699635792330212,16996.35792330212,19668.32506271368,22479.801352595005
2013-01-02,146.06,0.02563022259672776,25630.22259672776,19668.32506271368,22467.045649548316
2013-01-03,145.7341,-0.0022312748185676634,-2231.2748185676633,19668.32506271368,22453.895440221833
2013-01-04,146.37,0.004363426267428139,4363.426267428139,19668.32506271368,22440.33852339041
2013-01-07,145.9695,-0.0027362164377945364,-2736.2164377945364,19668.32506271368,17546.11589366541
2013-01-08,145.5496,-0.0028766283367416268,-2876.6283367416268,19668.32506271368,16775.35314958844
2013-01-09,145.92,0.0025448369490537193,2544.8369490537193,19668.32506271368,16764.0694367066
2013-01-10,147.08,0.007949561403508998,7949.5614035089975,19668.32506271368,16752.436743013976
2013-01-11,147.07,-6.79902094099516e-05,-67.9902094099516,19668.32506271368,16740.44427528962
2013-01-14,146.97,-0.0006799483239273707,-679.9483239273707,19668.32506271368,16728.08090650163
2013-01-15,147.07,0.0006804109682247983,680.4109682247984,19668.32506271368,16715.33516548308
2013-01-16,147.05,-0.0001359896647853409,-135.98966478534092,19668.32506271368,16702.1952262887
2013-01-17,148.0,0.006460387623257402,6460.387623257402,19668.32506271368,16688.648897222327
2013-01-18,148.33,0.0022297297297297902,2229.72972972979,19668.32506271368,16674.683609525036
2013-01-22,149.13,0.005393379626508432,5393.379626508432,19668.32506271368,16637.89401938031
2013-01-23,149.37,0.0016093341380005732,1609.3341380005731,19668.32506271368,16574.44296369836
2013-01-24,149.41,0.00026779139050669976,267.79139050669977,19668.32506271368,16509.02950423243
2013-01-25,150.25,0.005622113647011595,5622.113647011595,19668.32506271368,16441.592948081987
2013-01-28,150.07,-0.0011980033277870783,-1198.0033277870782,19668.32506271368,16372.070725246476
2013-01-29,150.66,0.003931498633970909,3931.498633970909,19668.32506271368,16300.398330570695
2013-01-30,150.07,-0.003916102482410699,-3916.1024824106994,19668.32506271368,16226.509263894632
2013-01-31,149.7,-0.0024655160924902386,-2465.5160924902384,19668.32506271368,16157.552581496637
2013-02-01,151.24,0.010287241148964732,10287.241148964731,19668.32506271368,16153.0727310551
2013-02-04,149.535,-0.011273472626289416,-11273.472626289416,19668.32506271368,16148.45432853805
2013-02-05,151.05,0.010131407362824918,10131.407362824917,19668.32506271368,16143.693088829752
2013-02-06,151.16,0.000728235683548295,728.235683548295,19668.32506271368,16138.784594285115
2013-02-07,150.96,-0.0013231013495632604,-1323.1013495632603,19668.32506271368,16133.72429063085
2013-02-08,151.8,0.00556438791732905,5564.38791732905,19668.32506271368,16128.507482739855
2013-02-11,151.77,-0.00019762845849802257,-197.62845849802258,19668.32506271368,16123.12933027491
2013-02-12,152.02,0.001647229360216107,1647.229360216107,19668.32506271368,16117.58484319765
2013-02-13,152.151,0.0008617287199053081,861.728719905308,19668.32506271368,16111.868877138619
2013-02-14,152.29,0.0009135661283854457,913.5661283854457,19668.32506271368,16105.976128624152
2013-02-15,152.11,-0.0011819554796768106,-1181.9554796768107,19668.32506271368,16099.901130155631
2013-02-19,153.25,0.007494576293471722,7494.576293471722,19668.32506271368,16093.638245136537
2013-02-20,151.34,-0.012463295269168007,-12463.295269168006,19668.32506271368,16087.181662642624
2013-02-21,150.42,-0.006079027355623157,-6079.027355623157,19668.32506271368,16080.525392030346
2013-02-22,151.89,0.009772636617471075,9772.636617471075,19668.32506271368,16073.66325737851
2013-02-25,149.0,-0.019026927381657677,-19026.927381657675,19668.32506271368,16066.588891758061
2013-02-26,150.02,0.006845637583892783,6845.637583892783,20766.949952884705,20959.828004329127
2013-02-27,151.91,0.012598320223970116,12598.320223970117,20766.949952884705,20889.934991206006
2013-02-28,151.61,-0.0019748535316962412,-1974.8535316962411,20766.949952884705,20817.88033850176
2013-03-01,152.11,0.003297935492381665,3297.935492381665,20766.949952884705,20743.59719138398
2013-03-04,152.92,0.005325093682203574,5325.093682203575,20766.949952884705,20667.01662734503
2013-03-05,154.29,0.00895893277530746,8958.93277530746,20766.949952884705,20588.06759225333
2013-03-06,154.5,0.0013610733035194222,1361.0733035194223,20766.949952884705,20506.676834426835
2013-03-07,154.776,0.001786407766990461,1786.407766990461,20766.949952884705,20422.76883666756
2013-03-08,155.44,0.004290070812012159,4290.070812012159,20766.949952884705,20336.265746194083
2013-03-11,156.03,0.0037956767884714804,3795.6767884714804,20766.949952884705,20247.087302406995
2013-03-12,155.68,-0.0022431583669806354,-2243.1583669806355,20766.949952884705,20155.150762420308
2013-03-13,155.905,0.0014452723535456347,1445.2723535456346,20766.949952884705,20060.370824289697
2013-03-14,156.73,0.005291684038356559,5291.684038356559,20766.949952884705,19962.659547866388
2013-03-15,155.83,-0.005742359471702763,-5742.359471702763,20766.949952884705,19861.926273203182
2013-03-18,154.97,-0.005518834627478708,-5518.834627478708,20766.949952884705,19758.07753643699
2013-03-19,154.61,-0.002323030263921999,-2323.030263921999,20766.949952884705,19651.01698306979
2013-03-20,155.69,0.0069853178966430285,6985.317896643029,20766.949952884705,19540.645278567514
2013-03-21,154.359,-0.008549039758494414,-8549.039758494415,20766.949952884705,19426.860016194034
2013-03-22,155.6,0.008039699661179345,8039.699661179345,20766.949952884705,19309.555621994572
2013-03-25,154.95,-0.004177377892030876,-4177.377892030876,20766.949952884705,19188.62325684049
2013-03-26,156.19,0.00800258147789612,8002.58147789612,20766.949952884705,19063.950715444524
2013-03-27,156.19,0.0,0.0,20766.949952884705,18966.51046486451
2013-03-28,156.67,0.0030731801011587567,3073.1801011587568,20766.949952884705,18879.024014675426
2013-04-01,156.05,-0.003957362609306014,-3957.3626093060143,20766.949952884705,18788.83179798565
2013-04-02,156.82,0.0049343159243830925,4934.315924383092,20766.949952884705,18695.85013129516
2013-04-03,155.23,-0.010139012881010045,-10139.012881010045,20766.949952884705,18599.992742954448
2013-04-04,155.86,0.00405849384783874,4058.49384783874,20766.949952884705,18501.17069311866
2013-04-05,155.158,-0.004504042089054416,-4504.0420890544165,20766.949952884705,18399.2922912261
2013-04-08,156.21,0.0067801853594402495,6780.185359440249,20766.949952884705,18294.263010924486
2013-04-09,156.75,0.003456884962550255,3456.8849625502553,20766.949952884705,18185.98540236612
2013-04-10,158.67,0.012248803827751065,12248.803827751064,20766.949952884705,18074.35900179049
2013-04-11,159.19,0.003277242074746445,3277.242074746445,20766.949952884705,17982.646385014046
2013-04-12,158.8,-0.002449902632074785,-2449.9026320747853,20766.949952884705,17866.604951530615
2013-04-15,155.118,-0.023186397984886753,-23186.397984886753,20766.949952884705,17746.974607733267
2013-04-16,157.41,0.01477584806405452,14775.84806405452,22553.458704890436,23855.135632335696
2013-04-17,155.11,-0.014611524045486157,-14611.524045486158,22553.458704890436,23814.172591738356
2013-04-18,154.14,-0.0062536264586424695,-6253.6264586424695,22553.458704890436,23771.94265297821
2013-04-19,155.48,0.008693395614376653,8693.395614376654,22553.458704890436,23728.406633637856
2013-04-22,156.17,0.004437869822485174,4437.869822485174,22553.458704890436,23683.52413947254
2013-04-23,157.78,0.01030927835051565,10309.27835051565,22553.458704890436,23637.253526930977
2013-04-24,157.88,0.0006337938902267748,633.7938902267748,22553.458704890436,23589.551864516998
2013-04-25,158.52,0.004053711679756766,4053.7116797567664,22553.458704890436,23540.37489295619
2013-04-26,158.24,-0.001766338632349207,-1766.338632349207,22553.458704890436,23489.676984130623
2013-04-29,159.3,0.006698685540950544,6698.685540950544,22553.458704890436,23437.411098743432
2013-04-30,159.68,0.002385436283741438,2385.436283741438,22553.458704890436,23383.528742674167
2013-05-01,158.28,-0.008767535070140275,-8767.535070140275,22553.458704890436,23327.979921984203
2013-05-02,159.75,0.009287338893100738,9287.338893100738,22553.458704890436,23270.71309653063
2013-05-03,161.368,0.010128325508607094,10128.325508607095,22553.458704890436,23211.67513214551
2013-05-06,161.78,0.0025531703931387373,2553.1703931387374,22553.458704890436,23177.385761682253
2013-05-07,162.5999,0.005067993571516771,5067.993571516771,22553.458704890436,23161.49547550153
2013-05-08,163.34,0.004551663315906174,4551.663315906174,22553.458704890436,23145.11373717089
2013-05-09,162.881,-0.002810089384106762,-2810.089384106762,22553.458704890436,23128.225347139298
2013-05-10,163.41,0.003247769844242132,3247.769844242132,22553.458704890436,23110.814635766525
2013-05-13,163.54,0.0007955449482894839,795.5449482894838,22553.458704890436,23092.865448784283
2013-05-14,165.23,0.010333863275039823,10333.863275039823,22553.458704890436,23074.361132307746
2013-05-15,166.115,0.005356170187012177,5356.170187012177,22553.458704890436,23055.284517383483
2013-05-16,165.34,-0.004665442615055859,-4665.442615055859,22553.458704890436,23035.617904059498
2013-05-17,166.94,0.009677029152050265,9677.029152050265,22553.458704890436,23015.343044962607
2013-05-20,166.93,-5.9901761111702534e-05,-59.901761111702534,22553.458704890436,22994.44112836787
2013-05-21,167.17,0.001437728389145132,1437.728389145132,22553.458704890436,22972.892760744435
2013-05-22,165.93,-0.007417598851468421,-7417.598851468421,22553.458704890436,22950.677948761513
2013-05-23,165.45,-0.002892786114626733,-2892.7861146267333,22553.458704890436,22927.77608073788
2013-05-24,165.308,-0.0008582653369597626,-858.2653369597626,22553.458704890436,22904.16590751764
2013-05-28,166.3,0.00600091949572934,6000.91949572934,22553.458704890436,22879.825522754505
2013-05-29,165.22,-0.006494287432351253,-6494.287432351253,22553.458704890436,22854.732342586325
2013-05-30,165.83,0.003692046967679552,3692.046967679552,22553.458704890436,22828.863084680987
2013-05-31,163.445,-0.014382198637158616,-14382.198637158617,22553.458704890436,22802.193746634242
2013-06-03,164.35,0.005537030805469634,5537.030805469633,22553.458704890436,22774.699583699457
2013-06-04,163.56,-0.004806814724672925,-4806.814724672925,20766.949952884705,22744.95673373469
2013-06-05,161.272,-0.013988750305698239,-13988.750305698239,20766.949952884705,22715.735601909008
2013-06-06,162.73,0.009040627015229008,9040.627015229007,20766.949952884705,22685.6107237382
2013-06-07,164.8,0.01272045719904158,12720.457199041579,20766.949952884705,22563.086500962232
2013-06-10,164.8,0.0,0.0,20766.949952884705,22045.24622870788
2013-06-11,163.098,-0.010327669902912562,-10327.669902912561,20766.949952884705,21418.821495976877
2013-06-12,161.75,-0.008264969527523425,-8264.969527523424,20766.949952884705,20773.02280243976
2013-06-13,164.21,0.015208655332302978,15208.655332302978,20766.949952884705,20107.25095343242
2013-06-14,163.175,-0.006302904817002575,-6302.904817002574,20766.949952884705,19420.88822249702
2013-06-17,164.44,0.007752413053470075,7752.413053470075,20766.949952884705,18824.383031786296
2013-06-18,165.735,0.007875212843590385,7875.212843590384,20766.949952884705,18353.28280983997
2013-06-19,163.45,-0.013787069719733425,-13787.069719733425,20766.949952884705,17867.612477936535
2013-06-20,159.4,-0.02477821963903326,-24778.21963903326,20766.949952884705,17366.92141411856
2013-06-21,159.07,-0.0020702634880803705,-2070.2634880803707,22553.458704890436,24778.21963903326
2013-06-24,157.06,-0.012635946438674717,-12635.946438674717,20881.6723129272,24778.21963903326
2013-06-25,158.575,0.009645995161084775,9645.995161084775,20881.6723129272,24778.21963903326
2013-06-26,160.14,0.009869147091281727,9869.147091281728,20881.6723129272,24778.21963903326
2013-06-27,161.08,0.005869863869114589,5869.863869114589,20881.6723129272,24778.21963903326
2013-06-28,160.42,-0.004097342935187598,-4097.3429351875975,20881.6723129272,24778.21963903326
2013-07-01,161.36,0.005859618501433905,5859.618501433905,20881.6723129272,24778.21963903326
2013-07-02,161.21,-0.0009295984134853885,-929.5984134853885,20881.6723129272,24778.21963903326
2013-07-03,161.28,0.0004342162396873128,434.21623968731285,20881.6723129272,24778.21963903326
2013-07-05,163.02,0.010788690476190466,10788.690476190466,20881.6723129272,24778.21963903326
2013-07-08,163.945,0.005674150410992507,5674.150410992506,20881.6723129272,24778.21963903326
2013-07-09,165.13,0.007228033791820465,7228.033791820465,20881.6723129272,24778.21963903326
2013-07-10,165.192,0.0003754617574034391,375.46175740343915,20881.6723129272,24778.21963903326
2013-07-11,167.44,0.013608407186788574,13608.407186788574,20881.6723129272,24778.21963903326
2013-07-12,167.51,0.0004180602006689238,418.0602006689238,20881.6723129272,24751.647270365247
2013-07-15,168.155,0.0038505163870814485,3850.5163870814486,20881.6723129272,24711.088268529747
2013-07-16,167.525,-0.003746543367726174,-3746.543367726174,20881.6723129272,24669.274864575626
2013-07-17,167.9501,0.002537531711684693,2537.5317116846927,20881.6723129272,24626.168262561063
2013-07-18,168.87,0.005477222103470014,5477.222103470014,20881.6723129272,24581.728466669767
2013-07-19,169.17,0.0017765144785928388,1776.514478592839,20881.6723129272,24535.914244101416
2013-07-22,169.5,0.0019507004788084092,1950.7004788084093,20881.6723129272,24488.683086814457
2013-07-23,169.14,-0.002123893805309862,-2123.8938053098623,20881.6723129272,24439.991172085633
2013-07-24,168.52,-0.003665602459500872,-3665.6024595008716,20881.6723129272,24389.793321849735
2013-07-25,168.93,0.0024329456444338593,2432.9456444338593,20881.6723129272,24338.042960781797
2013-07-26,169.11,0.0010655301012254537,1065.5301012254536,20881.6723129272,24284.69207308289
2013-07-29,168.59,-0.0030749216486311015,-3074.9216486311016,20881.6723129272,24229.69115792938
2013-07-30,168.588,-1.1863099828035573e-05,-11.863099828035573,20881.6723129272,24172.989183544316
2013-07-31,168.71,0.000723657674330358,723.657674330358,20881.6723129272,24114.533539848377
2013-08-01,170.66,0.011558295299626486,11558.295299626487,20881.6723129272,24054.269989646375
2013-08-02,170.95,0.0016992851283252897,1699.2851283252896,20881.6723129272,23992.142618304108
2013-08-05,170.7,-0.001462415911085091,-1462.415911085091,20881.6723129272,23928.093781868778
2013-08-06,169.73,-0.005682483889865253,-5682.483889865253,20881.6723129272,23862.064053584934
2013-08-07,169.18,-0.003240440699935121,-3240.440699935121,20881.6723129272,23793.992168756227
2013-08-08,169.8,0.0036647357843717643,3664.735784371764,20881.6723129272,23723.814967901893
2013-08-09,169.31,-0.002885747938751515,-2885.747938751515,20881.6723129272,23651.467338155155
2013-08-12,169.111,-0.0011753588092847655,-1175.3588092847656,20881.6723129272,23576.88215284924
2013-08-13,169.61,0.0029507246719611135,2950.7246719611135,20881.6723129272,23499.990209234897
2013-08-14,168.74,-0.005129414539237098,-5129.414539237098,20881.6723129272,23420.720164271654
2013-08-15,166.38,-0.013986013986014068,-13986.013986014068,20881.6723129272,23338.99846843326
2013-08-16,165.83,-0.0033056857795407124,-3305.6857795407122,20881.6723129272,23254.74929746584
2013-08-19,164.77,-0.006392088283181607,-6392.088283181607,20881.6723129272,23156.0571937175
2013-08-20,165.58,0.004915943436305081,4915.943436305081,20881.6723129272,23009.233847621872
2013-08-21,164.56,-0.006160164271047264,-6160.164271047263,20881.6723129272,22857.86957329648
2013-08-22,166.06,0.009115216334467657,9115.216334467657,20881.6723129272,22701.823929662056
2013-08-23,166.62,0.0033722750812958946,3372.275081295895,20881.6723129272,20409.93555814331
2013-08-26,166.0,-0.003721041891729726,-3721.041891729726,20881.6723129272,17917.307590733035
2013-08-27,163.33,-0.016084337349397515,-16084.337349397516,20881.6723129272,16042.296415334025
2013-08-28,163.91,0.003551092879446438,3551.092879446438,20881.6723129272,16650.940524512534
2013-08-29,164.17,0.0015862363492160636,1586.2363492160637,20881.6723129272,16638.94904712087
2013-08-30,163.65,-0.003167448376682591,-3167.448376682591,20881.6723129272,16626.586699294414
2013-09-03,164.39,0.004521845401771918,4521.845401771918,20881.6723129272,16613.842010813532
2013-09-04,165.75,0.008273009307135482,8273.009307135482,20881.6723129272,16600.70315670953
2013-09-05,165.96,0.001266968325791984,1266.968325791984,20881.6723129272,16587.15794629303
2013-09-06,166.04,0.0004820438659915993,482.0438659915993,20881.6723129272,16573.193811843033
2013-09-09,167.634,0.009600096362322397,9600.096362322396,20881.6723129272,16558.797796946128
2013-09-10,168.87,0.0073732059128817085,7373.205912881708,20881.6723129272,16543.95654447509
2013-09-11,169.4,0.003138508912180926,3138.508912180926,20881.6723129272,16528.65628419567
2013-09-12,168.95,-0.002656434474616387,-2656.434474616387,20881.6723129272,16512.882819990085
2013-09-13,169.33,0.002249186149748672,2249.186149748672,20881.6723129272,16496.621516685354
2013-09-16,170.31,0.005787515502273521,5787.515502273522,20881.6723129272,16479.857286474296
2013-09-17,171.07,0.004462450824966213,4462.450824966213,20881.6723129272,16462.5745749165
2013-09-18,173.051,0.01158005494826675,11580.054948266748,20881.6723129272,16444.757346506405
2013-09-19,172.76,-0.0016815851974273377,-1681.5851974273378,20881.6723129272,16426.389069794965
2013-09-20,170.72,-0.011808288955776791,-11808.28895577679,20881.6723129272,16407.45270205121
2013-09-23,169.93,-0.004627460168697195,-4627.460168697195,20881.6723129272,16387.930673449402
2013-09-24,169.53,-0.0023539104337080285,-2353.9104337080284,20881.6723129272,16367.804870767128
2013-09-25,169.04,-0.002890343891936542,-2890.343891936542,20881.6723129272,16347.056620579217
2013-09-26,169.69,0.003845243729294845,3845.243729294845,20881.6723129272,16325.666671931884
2013-09-27,168.909,-0.004602510460251064,-4602.510460251064,20881.6723129272,16303.615178481024
2013-09-30,168.01,-0.005322392530889397,-5322.392530889397,20881.6723129272,16280.881680078077
2013-10-01,169.34,0.007916195464555686,7916.195464555686,20881.6723129272,16257.44508378638
2013-10-02,169.18,-0.0009448446911538566,-944.8446911538566,20881.6723129272,16233.283644310402
2013-10-03,167.62,-0.009220948102612647,-9220.948102612647,20881.6723129272,16208.374943819705
2013-10-04,168.89,0.007576661496241366,7576.661496241366,20881.6723129272,16182.695871148882
2013-10-07,167.43,-0.008644679969210589,-8644.679969210589,20881.6723129272,16156.22260035422
2013-10-08,165.48,-0.011646658304963364,-11646.658304963365,20881.6723129272,16128.930568607144
2013-10-09,165.6,0.0007251631617113397,725.1631617113396,20881.6723129272,16100.794453403974
2013-10-10,169.17,0.02155797101449264,21557.97101449264,20881.6723129272,16083.722723612453
2013-10-11,170.26,0.006443222793639514,6443.222793639514,20881.6723129272,16082.258135890886
2013-10-14,170.94,0.003993891695054597,3993.8916950545968,20881.6723129272,16080.74825164185
2013-10-15,169.7,-0.007254007254007266,-7254.007254007266,20881.6723129272,16079.191669941813
2013-10-16,172.07,0.013965822038892295,13965.822038892295,20881.6723129272,16077.58694653971
2013-10-17,173.22,0.006683326553146962,6683.326553146962,20881.6723129272,16075.932592516925
2013-10-18,174.388,0.006742870338298124,6742.870338298124,20881.6723129272,16074.227072905807
2013-10-21,174.4,6.881207422537727e-05,68.81207422537727,20881.6723129272,16072.468805265478
2013-10-22,175.41,0.005791284403669605,5791.284403669605,20881.6723129272,16070.566732787469
2013-10-23,174.57,-0.004788780571233109,-4788.780571233109,20881.6723129272,16068.698024486557
2013-10-24,175.15,0.0033224494472132715,3322.4494472132715,20881.6723129272,16066.771521083554
2013-10-25,175.95,0.00456751355980578,4567.5135598057805,20881.6723129272,16064.785435101077
2013-10-28,176.23,0.001591361182154083,1591.361182154083,20881.6723129272,16062.737923778937
2013-10-29,177.17,0.005333938602962052,5333.938602962052,20881.6723129272,16060.627087364359
2013-10-30,176.29,-0.0049669808658350245,-4966.980865835025,20881.6723129272,16058.45096734933
2013-10-31,175.79,-0.002836235747915361,-2836.235747915361,20881.6723129272,16056.207544653424
2013-11-01,176.21,0.0023892144035497775,2389.2144035497777,20881.6723129272,14692.901595553669
2013-11-04,176.83,0.0035185290278645365,3518.5290278645366,20881.6723129272,14526.921675548536
2013-11-05,176.27,-0.00316688344737881,-3166.8834473788097,20881.6723129272,14435.625218545967
2013-11-06,177.17,0.005105803596754832,5105.803596754832,17585.05826585019,14330.645393802355
2013-11-07,174.93,-0.012643224022125588,-12643.224022125587,17585.05826585019,14220.309841614144
2013-11-08,177.29,0.013491110730006195,13491.110730006196,17585.05826585019,14106.561849667532
2013-11-11,177.32,0.00016921428168537034,169.21428168537034,17585.05826585019,13989.295878588551
2013-11-12,176.96,-0.002030227836679388,-2030.227836679388,17585.05826585019,13988.46370853309
2013-11-13,178.38,0.008024412296564032,8024.412296564032,17585.05826585019,13988.16690811736
2013-11-14,179.27,0.0049893485816796534,4989.348581679654,17585.05826585019,13987.860928307331
2013-11-15,180.05,0.00435097897026826,4350.97897026826,17585.05826585019,13987.545485204206
2013-11-18,179.42,-0.0034990280477646962,-3499.028047764696,17585.05826585019,13987.22028612882
2013-11-19,179.03,-0.002173670716753895,-2173.670716753895,17585.05826585019,13986.88502935007
2013-11-20,178.47,-0.0031279673797687257,-3127.9673797687256,17585.05826585019,13986.539403804969
2013-11-21,179.91,0.008068582955118586,8068.582955118586,17585.05826585019,13986.18308881002
2013-11-22,180.81,0.005002501250625402,5002.501250625402,17585.05826585019,13972.465183129396
2013-11-25,180.63,-0.0009955201592832807,-995.5201592832807,17585.05826585019,13946.582026285421
2013-11-26,180.68,0.0002768089464653123,276.80894646531226,17585.05826585019,13919.898359435965
2013-11-27,181.12,0.0024352446313924414,2435.2446313924415,17585.05826585019,13892.389424539617
2013-11-29,181.0,-0.0006625441696113121,-662.5441696113121,17585.05826585019,13864.02969784235
2013-12-02,180.53,-0.002596685082872918,-2596.6850828729184,17585.05826585019,13834.792866195685
2013-12-03,179.75,-0.00432061153270924,-4320.61153270924,17585.05826585019,13804.65180264242
2013-12-04,179.73,-0.00011126564673158423,-111.26564673158424,17585.05826585019,13771.186384280962
2013-12-05,178.94,-0.004395482112056981,-4395.482112056981,17585.05826585019,13733.472008466244
2013-12-06,180.94,0.011176930814798203,11176.930814798203,17585.05826585019,13694.591208657259
2013-12-09,181.4,0.0025422792085774137,2542.2792085774136,17585.05826585019,13654.507909885107
2013-12-10,180.75,-0.0035832414553472747,-3583.2414553472745,17585.05826585019,13613.18492146021
2013-12-11,178.72,-0.011230982019363789,-11230.982019363788,17585.05826585019,13570.583902465469
2013-12-12,178.13,-0.003301253357206768,-3301.253357206768,17585.05826585019,13526.665326182232
2013-12-13,178.11,-0.00011227755010378981,-112.27755010378982,17585.05826585019,13481.388443416008
2013-12-16,179.216,0.006209645724552182,6209.6457245521815,17585.05826585019,13434.711244687942
2013-12-17,178.65,-0.0031582001606998977,-3158.200160699898,17585.05826585019,13386.590421256948
2013-12-18,181.7,0.01707248810523354,17072.48810523354,17585.05826585019,13336.981324936332
2013-12-19,181.49,-0.001155751238304803,-1155.7512383048029,17585.05826585019,13285.837926667658
2013-12-20,181.56,0.0003856961816077753,385.6961816077753,17585.05826585019,13230.511622498969
2013-12-23,182.53,0.0053425864727914,5342.5864727913995,17585.05826585019,13176.15579481412
2013-12-24,182.93,0.0021914205883963866,2191.420588396387,17585.05826585019,13120.118859056543
2013-12-26,183.855,0.005056579019296903,5056.5790192969025,17585.05826585019,13062.348822193064
2013-12-27,183.845,-5.4390688314143176e-05,-54.390688314143176,17585.05826585019,13002.792083158547
2013-12-30,183.82,-0.00013598411705517677,-135.98411705517677,17585.05826585019,12941.393383122964
2013-12-31,184.69,0.004732890871504747,4732.890871504746,17585.05826585019,12878.0957542203
2014-01-02,182.92,-0.009583626617575502,-9583.626617575503,17585.05826585019,12812.840466691781
2014-01-03,182.885,-0.00019134047671109933,-191.3404767110993,17585.05826585019,12745.566974394338
2014-01-06,182.36,-0.002870656423435314,-2870.6564234353136,17585.05826585019,12676.21285862378
2014-01-07,183.48,0.006141697740732477,6141.697740732477,17585.05826585019,12642.980095893936
2014-01-08,183.52,0.00021800741225219689,218.0074122521969,17585.05826585019,12642.513209823004
2014-01-09,183.64,0.0006538796861377261,653.879686137726,17585.05826585019,12642.03188397668
2014-01-10,184.14,0.002722718362012655,2722.718362012655,17585.05826585019,12641.535671763979
2014-01-13,181.685,-0.013332247203214909,-13332.247203214909,17585.05826585019,12641.02411278181
2014-01-14,183.67,0.01092550293089678,10925.50293089678,17585.05826585019,13617.324100905686
2014-01-15,184.66,0.0053901018130342315,5390.101813034232,17585.05826585019,13608.069710966887
2014-01-16,184.42,-0.0012996859092386792,-1299.6859092386792,17585.05826585019,13598.52910278256
2014-01-17,183.635,-0.004256588222535496,-4256.588222535495,17585.05826585019,13588.693424242016
2014-01-21,184.18,0.002967843820622429,2967.843820622429,17585.05826585019,13578.55354945795
2014-01-22,184.3,0.0006515365403410023,651.5365403410023,17585.05826585019,13568.10007029912
2014-01-23,182.79,-0.00819316332067288,-8193.16332067288,17585.05826585019,13557.32328766115
2014-01-24,178.89,-0.021335959297554608,-21335.959297554607,17585.05826585019,13546.213202467367
2014-01-27,178.01,-0.004919224104198094,-4919.224104198094,20204.533658765107,21999.28279691463
2014-01-28,179.07,0.005954721644851446,5954.721644851446,20204.533658765107,21961.24248406363
2014-01-29,177.35,-0.009605182330931994,-9605.182330931993,20204.533658765107,21922.02566669147
2014-01-30,179.23,0.010600507471102416,10600.507471102415,20204.533658765107,21881.59595806037
2014-01-31,178.18,-0.00585839424203527,-5858.39424203527,20204.533658765107,21839.91584606955
2014-02-03,174.17,-0.02250533168705815,-22505.33168705815,20204.533658765107,21796.946658450146
2014-02-04,175.385,0.006975943044152277,6975.943044152277,21932.339216201413,22746.656256442096
2014-02-05,175.17,-0.0012258745046611619,-1225.8745046611618,21932.339216201413,22732.649483556666
2014-02-06,177.48,0.013187189587258175,13187.189587258175,21932.339216201413,22718.209511509827
2014-02-07,179.68,0.012395762902862373,12395.762902862372,21932.339216201413,22703.322942389375
2014-02-10,180.01,0.0018365983971504463,1836.5983971504463,21932.339216201413,22687.975963914683
2014-02-11,181.98,0.010943836453530364,10943.836453530364,21932.339216201413,22672.154336621184
2014-02-12,182.07,0.0004945598417409602,494.5598417409602,21932.339216201413,22655.843380648505
2014-02-13,183.01,0.005162849453506979,5162.849453506979,21932.339216201413,22639.02796211997
2014-02-14,184.02,0.005518824107972442,5518.824107972442,21932.339216201413,22621.692479100864
2014-02-18,184.24,0.0011955222258450693,1195.5222258450692,21932.339216201413,22603.820847122402
2014-02-19,183.02,-0.006621797655232298,-6621.797655232298,21932.339216201413,22585.39648425801
2014-02-20,184.1,0.005900994426838446,5900.994426838446,21932.339216201413,22566.40229573802
2014-02-21,183.89,-0.0011406844106464087,-1140.6844106464087,21932.339216201413,22546.820658088538
2014-02-24,184.91,0.005546794279188694,5546.7942791886935,21932.339216201413,22526.6334027798
2014-02-25,184.84,-0.0003785625439403084,-378.5625439403084,21932.339216201413,22505.82179936873
2014-02-26,184.85,5.41008439731705e-05,54.1008439731705,21932.339216201413,22485.652782146437
2014-02-27,185.82,0.005247497971328174,5247.497971328175,21932.339216201413,22464.890980001375
2014-02-28,186.29,0.0025293294586159476,2529.3294586159477,21932.339216201413,22443.487060264197
2014-03-03,184.98,-0.007032046808739034,-7032.0468087390345,21932.339216201413,22421.421163627932
2014-03-04,187.58,0.014055573575521896,14055.573575521896,21932.339216201413,22398.672816580234
2014-03-05,187.75,0.0009062799872054939,906.2799872054939,21932.339216201413,22375.220912407352
2014-03-06,188.18,0.0022902796271637715,2290.2796271637717,21932.339216201413,22351.043691610565
2014-03-07,188.26,0.0004251248804334473,425.1248804334473,21932.339216201413,22326.118721716968
2014-03-10,188.16,-0.0005311802825879175,-531.1802825879175,21932.339216201413,22300.42287646584
2014-03-11,187.23,-0.004942602040816313,-4942.602040816313,21932.339216201413,22273.932314351274
2014-03-12,187.28,0.00026705122042414153,267.05122042414155,21932.339216201413,22246.622456501205
2014-03-13,185.18,-0.011213156770610855,-11213.156770610854,21932.339216201413,22218.46796387227
2014-03-14,184.66,-0.0028080786262015822,-2808.078626201582,21932.339216201413,22189.442713739347
2014-03-17,186.33,0.009043647785118791,9043.647785118792,21932.339216201413,22159.519775457982
2014-03-18,187.66,0.007137873665002958,7137.873665002959,21932.339216201413,22128.671385477195
2014-03-19,186.66,-0.005328786102525851,-5328.786102525851,21932.339216201413,22096.868921579477
2014-03-20,187.747,0.005823422265081035,5823.422265081035,21932.339216201413,22064.082876324093
2014-03-21,186.2,-0.00823981208754343,-8239.81208754343,21932.339216201413,22030.28282966906
2014-03-24,185.43,-0.004135338345864548,-4135.338345864548,21932.339216201413,21995.437420746348
2014-03-25,186.31,0.004745726150029661,4745.726150029661,21932.339216201413,21959.51431876417
2014-03-26,184.97,-0.007192313885459711,-7192.313885459711,21932.339216201413,21922.480193009345
2014-03-27,184.58,-0.0021084500189219035,-2108.4500189219034,21932.339216201413,21884.300681921897
2014-03-28,185.49,0.00493011160472423,4930.11160472423,21932.339216201413,21844.94036121319
2014-03-31,187.01,0.008194511833521823,8194.511833521823,21932.339216201413,21804.362710998026
2014-04-01,188.25,0.006630661461954013,6630.661461954012,21932.339216201413,21762.53008191023
2014-04-02,188.88,0.003346613545816668,3346.6135458166677,21932.339216201413,21719.403660170232
2014-04-03,188.63,-0.00132359169843288,-1323.5916984328799,21932.339216201413,21674.943431572297
2014-04-04,186.4,-0.011822085564332285,-11822.085564332285,21932.339216201413,21629.10814435793
2014-04-07,184.34,-0.011051502145922765,-11051.502145922765,21932.339216201413,21581.85527094106
2014-04-08,185.1,0.004122816534664064,4122.816534664064,21932.339216201413,21533.14096844944
2014-04-09,187.09,0.010750945434900183,10750.945434900183,21932.339216201413,21482.920038045708
2014-04-10,183.155,-0.021032658078999455,-21032.658078999455,21932.339216201413,21431.145882990313
2014-04-11,181.51,-0.00898146378750242,-8981.46378750242,21187.34170046258,21375.137233826572
2014-04-14,182.9401,0.00787890474354036,7878.90474354036,21187.34170046258,21334.45787421153
2014-04-15,184.2,0.006886953707798238,6886.953707798238,21187.34170046258,21329.083607815643
2014-04-16,186.125,0.010450597176981713,10450.597176981713,21187.34170046258,21323.543126995137
2014-04-17,186.39,0.0014237743451981366,1423.7743451981366,21187.34170046258,21317.831291097707
2014-04-21,187.04,0.003487311551048977,3487.311551048977,21187.34170046258,21311.9428004818
2014-04-22,187.89,0.004544482463644028,4544.482463644028,21187.34170046258,21305.872191599425
2014-04-23,187.45,-0.0023417957315450266,-2341.7957315450267,21187.34170046258,21299.613831926872
2014-04-24,187.83,0.002027207255268282,2027.2072552682819,21187.34170046258,21293.16191473867
2014-04-25,186.29,-0.008198903263589519,-8198.903263589518,21187.34170046258,21286.510453719908
2014-04-28,186.875,0.003140265177948409,3140.265177948409,21187.34170046258,21279.653277411904
2014-04-29,187.75,0.00468227424749168,4682.27424749168,21187.34170046258,21272.584023486128
2014-04-30,188.31,0.002982689747003997,2982.689747003997,21187.34170046258,21265.296132841
2014-05-01,188.325,7.965588656988487e-05,79.65588656988487,21187.34170046258,21257.782843516125
2014-05-02,188.06,-0.0014071419089339843,-1407.1419089339843,21187.34170046258,21250.037184418314
2014-05-05,188.42,0.0019142826757416742,1914.2826757416742,21187.34170046258,21242.05196885356
2014-05-06,186.78,-0.008703959239995673,-8703.959239995673,21187.34170046258,21233.81978785897
2014-05-07,187.88,0.005889281507656108,5889.281507656107,21187.34170046258,21225.333003328466
2014-05-08,187.675,-0.0010911219927612903,-1091.1219927612904,21187.34170046258,21216.583740925882
2014-05-09,187.96,0.0015185826561876503,1518.5826561876504,21187.34170046258,21207.563882778886
2014-05-12,189.785,0.009709512662268605,9709.512662268604,21187.34170046258,21198.265059946934
2014-05-13,189.96,0.000922096056063415,922.0960560634151,21187.34170046258,21188.678644656266
2014-05-14,189.06,-0.004737839545167488,-4737.839545167488,21187.34170046258,21178.795742294747
2014-05-15,187.4,-0.00878028139215059,-8780.281392150591,21187.34170046258,21168.60718315916
2014-05-16,188.05,0.003468516542155742,3468.5165421557417,21187.34170046258,21158.10351394722
2014-05-19,188.74,0.0036692369050783658,3669.236905078366,21187.34170046258,21147.274988986454
2014-05-20,187.55,-0.0063049697997245024,-6304.969799724502,21187.34170046258,21136.111561191847
2014-05-21,189.13,0.0084244201546253,8424.4201546253,21187.34170046258,21124.602872743802
2014-05-22,189.59,0.0024321894992862525,2432.1894992862526,21187.34170046258,21112.738245477776
2014-05-23,190.35,0.004008650245266088,4008.6502452660875,21187.34170046258,21100.506670976716
2014-05-27,191.52,0.006146572104019032,6146.572104019033,21187.34170046258,21087.89680035707
2014-05-28,191.38,-0.0007309941520469154,-730.9941520469155,21187.34170046258,21074.896933738877
2014-05-29,192.37,0.005172954331696067,5172.954331696067,21187.34170046258,21061.495009390223
2014-05-30,192.68,0.0016114778811664454,1611.4778811664455,21187.34170046258,21047.67859253594
2014-06-02,192.895,0.0011158397342745374,1115.8397342745375,21187.34170046258,21033.43486382019
2014-06-03,192.8,-0.0004924959174680277,-492.4959174680277,21187.34170046258,20762.93132574567
2014-06-04,193.19,0.0020228215767634783,2022.8215767634783,21187.34170046258,20469.33131413767
2014-06-05,194.45,0.006522076712045077,6522.076712045077,21187.34170046258,20166.650889799526
2014-06-06,195.375,0.004757006942658792,4757.0069426587925,21187.34170046258,19854.609215224118
2014-06-09,195.58,0.0010492642354447135,1049.2642354447134,21187.34170046258,19532.916767208233
2014-06-10,195.6,0.00010225994477952582,102.25994477952582,21187.34170046258,19201.275068222785
2014-06-11,194.92,-0.003476482617586929,-3476.482617586929,21187.34170046258,18859.376409474906
2014-06-12,193.54,-0.007079827621588319,-7079.82762158832,21187.34170046258,18506.903565404922
2014-06-13,194.13,0.0030484654335021233,3048.4654335021232,21187.34170046258,18143.529499353393
2014-06-16,194.29,0.0008241899757894799,824.18997578948,21187.34170046258,17768.91706012501
2014-06-17,194.83,0.0027793504555047033,2779.3504555047034,21187.34170046258,17382.718669167916
2014-06-18,196.255,0.007314068675255303,7314.068675255303,21187.34170046258,16984.575998078133
2014-06-19,196.48,0.0011464676059207424,1146.4676059207425,18607.980921494494,16553.87011483728
2014-06-20,195.94,-0.0027483713355048733,-2748.3713355048735,18607.980921494494,16130.719226230853
2014-06-23,195.88,-0.00030621618862913813,-306.2161886291381,18607.980921494494,13728.692721709678
2014-06-24,194.7,-0.006024096385542244,-6024.096385542243,18607.980921494494,13360.457477029571
2014-06-25,195.58,0.00451977401129966,4519.77401129966,18607.980921494494,13025.98550332907
2014-06-26,195.44,-0.0007158196134574579,-715.8196134574579,18607.980921494494,12684.905783384305
2014-06-27,195.82,0.001944330740892397,1944.330740892397,18607.980921494494,12564.7253373633
2014-06-30,195.72,-0.0005106730671023962,-510.67306710239626,18607.980921494494,12472.915835693051
2014-07-01,197.03,0.006693235234007888,6693.235234007888,18607.980921494494,12378.266864898982
2014-07-02,197.23,0.0010150738466223608,1015.0738466223607,18607.980921494494,12280.690606348393
2014-07-03,198.2,0.004918115905288234,4918.115905288234,18607.980921494494,12180.096525368406
2014-07-07,197.51,-0.003481331987891023,-3481.3319878910233,18607.980921494494,12076.391287244707
2014-07-08,196.24,-0.006430054174472066,-6430.054174472067,18607.980921494494,11969.478670622339
2014-07-09,197.12,0.004484304932735439,4484.304932735439,18607.980921494494,11859.259478228141
2014-07-10,196.34,-0.0039569805194805685,-3956.9805194805685,18607.980921494494,11820.763395883101
2014-07-11,196.61,0.0013751655291840414,1375.1655291840414,18607.980921494494,11818.737581480906
2014-07-14,197.6,0.005035349168404313,5035.349168404313,18607.980921494494,11816.649113025034
2014-07-15,197.23,-0.0018724696356275938,-1872.4696356275938,18607.980921494494,11814.49605276125
2014-07-16,197.96,0.003701262485423129,3701.262485423129,18607.980921494494,11812.27640300477
2014-07-17,195.71,-0.011365932511618548,-11365.932511618548,18607.980921494494,11809.98810428675
2014-07-18,197.7099,0.010218690920239082,10218.690920239082,18607.980921494494,11646.380077949743
2014-07-21,197.34,-0.0018709230038556068,-1870.9230038556068,18607.980921494494,11640.610434052527
2014-07-22,198.2,0.004357960879699974,4357.960879699974,18607.980921494494,11634.66234756055
2014-07-23,198.64,0.002219979818365303,2219.979818365303,18607.980921494494,11628.53029963068
2014-07-24,198.65,5.034232782930026e-05,50.34232782930026,18607.980921494494,11622.208600733904
2014-07-25,197.72,-0.004681600805436781,-4681.600805436781,18607.980921494494,11615.691385376405
2014-07-28,197.8,0.0004046125834513692,404.6125834513692,18607.980921494494,11608.972606657333
2014-07-29,196.95,-0.004297269969666395,-4297.269969666395,18607.980921494494,11602.04603065829
2014-07-30,196.98,0.00015232292460010122,152.3229246001012,18607.980921494494,11594.905230659277
2014-07-31,193.09,-0.019748197786577215,-19748.197786577217,18607.980921494494,11587.543581175756
2014-08-01,192.5,-0.0030555699414780424,-3055.5699414780424,20403.272535712556,20462.285887801543
2014-08-04,193.89,0.007220779220779239,7220.779220779239,20403.272535712556,20438.129701400772
2014-08-05,192.01,-0.009696219505905379,-9696.21950590538,20403.272535712556,20413.226416451525
2014-08-06,192.07,0.00031248372480607856,312.48372480607856,20403.272535712556,20387.552926813125
2014-08-07,191.03,-0.005414692560004153,-5414.692560004153,20403.272535712556,20361.08541172199
2014-08-08,193.24,0.011568863529288542,11568.863529288543,20403.272535712556,20333.799313689895
2014-08-11,193.795,0.002872076174704974,2872.0761747049737,20403.272535712556,20305.66931571866
2014-08-12,193.53,-0.0013674243401531339,-1367.424340153134,20403.272535712556,20276.669317810174
2014-08-13,194.84,0.0067689763860900865,6768.976386090087,20403.272535712556,20246.772412749877
2014-08-14,195.76,0.004721823034284478,4721.823034284478,20403.272535712556,20215.950861141322
2014-08-15,195.72,-0.0002043318348998735,-204.3318348998735,20403.272535712556,20184.176065668587
2014-08-18,197.36,0.008379317392193109,8379.317392193108,20403.272535712556,20151.41854456267
2014-08-19,198.39,0.0052188893392783875,5218.8893392783875,20403.272535712556,20117.647904247297
2014-08-20,198.92,0.0026715056202428755,2671.5056202428755,20403.272535712556,20082.832811138665
2014-08-21,199.5,0.0029157450231249715,2915.7450231249713,20403.272535712556,20046.940962573062
2014-08-22,199.19,-0.0015538847117794186,-1553.8847117794185,20403.272535712556,20009.93905683533
2014-08-25,200.2,0.005070535669461362,5070.535669461362,20403.272535712556,19971.792762260346
2014-08-26,200.33,0.0006493506493507883,649.3506493507883,20403.272535712556,19932.46668537892
2014-08-27,200.25,-0.0003993410872061842,-399.3410872061842,20403.272535712556,19891.924338078483
2014-08-28,200.14,-0.000549313358302217,-549.3133583022169,20403.272535712556,19850.12810374813
2014-08-29,200.71,0.002848006395523184,2848.006395523184,20403.272535712556,19807.039202376636
2014-09-02,200.61,-0.0004982312789596488,-498.2312789596488,20403.272535712556,19762.617654570975
2014-09-03,200.5,-0.0005483276008175775,-548.3276008175775,20403.272535712556,19578.988039393225
2014-09-04,200.2101,-0.0014458852867830219,-1445.885286783022,20403.272535712556,19324.372821851208
2014-09-05,201.11,0.004494778235463626,4494.778235463626,20403.272535712556,19061.88290685944
2014-09-08,200.59,-0.0025856496444732757,-2585.6496444732757,20403.272535712556,18791.27474707411
2014-09-09,199.32,-0.00633132259833491,-6331.322598334909,20403.272535712556,18512.297262759337
2014-09-10,200.07,0.003762793497892769,3762.793497892769,20403.272535712556,18224.691608826583
2014-09-11,200.3,0.0011495976408257835,1149.5976408257836,20403.272535712556,17928.190934669103
2014-09-12,199.13,-0.005841238142785921,-5841.238142785921,20403.272535712556,17622.520136568608
2014-09-15,198.981,-0.0007482549088535517,-748.2549088535517,20403.272535712556,17307.395602444383
2014-09-16,200.48,0.0075333825842667235,7533.382584266724,20403.272535712556,16982.524948708073
2014-09-17,200.75,0.0013467677573824055,1346.7677573824055,20403.272535712556,16647.606748979917
2014-09-18,201.82,0.005330012453300004,5330.0124533000035,20403.272535712556,16302.33025441481
2014-09-19,200.7,-0.005549499554058146,-5549.499554058146,20403.272535712556,15946.375105378616
2014-09-22,199.15,-0.007722969606377639,-7722.969606377639,20403.272535712556,15579.411034207282
2014-09-23,198.01,-0.00572432839568171,-5724.32839568171,20403.272535712556,15201.097558772917
2014-09-24,199.56,0.007827887480430284,7827.887480430284,20403.272535712556,14811.08366657254
2014-09-25,196.34,-0.01613549809581083,-16135.49809581083,20403.272535712556,14409.007489046377
2014-09-26,197.9,0.00794540083528572,7945.400835285721,20403.272535712556,18979.960935044775
2014-09-29,197.54,-0.0018191005558363393,-1819.1005558363393,20403.272535712556,18922.903445591797
2014-09-30,197.02,-0.0026323782525057293,-2632.3782525057295,20403.272535712556,18864.081291516562
2014-10-01,194.35,-0.013551923662572407,-13551.923662572408,20403.272535712556,18803.43989556271
2014-10-02,194.38,0.00015436068947782822,154.3606894778282,20403.272535712556,18740.922992517506
2014-10-03,196.52,0.011009363103199998,11009.363103199998,20403.272535712556,18676.47257700698
2014-10-06,196.29,-0.001170364339507568,-1170.364339507568,20403.272535712556,18610.028849676546
2014-10-07,193.26,-0.015436344184624806,-15436.344184624806,20403.272535712556,18541.530161707025
2014-10-08,196.64,0.017489392528200254,17489.392528200253,20403.272535712556,18470.912957614735
2014-10-09,192.74,-0.01983319772172487,-19833.19772172487,20403.272535712556,18398.111716282478
2014-10-10,190.54,-0.011414340562415748,-11414.340562415748,20444.922503934908,20297.708497338615
2014-10-13,187.4099,-0.01642752178020368,-16427.52178020368,20444.922503934908,20273.510761449346
2014-10-14,187.7,0.0015479438386125643,1547.9438386125644,20444.922503934908,20248.564641975874
2014-10-15,186.43,-0.006766116142780887,-6766.116142780887,20444.922503934908,20222.84699303415
2014-10-16,186.27,-0.0008582309714101344,-858.2309714101344,20444.922503934908,20196.33395288804
2014-10-17,188.47,0.011810812261770387,11810.812261770387,20444.922503934908,20169.000921809577
2014-10-20,190.3,0.009709768132859509,9709.768132859508,20444.922503934908,20140.82253925446
2014-10-21,194.07,0.019810825013137023,19810.825013137022,20444.922503934908,20111.77266033166
2014-10-22,192.69,-0.007110836296181811,-7110.83629618181,20444.922503934908,20081.824331545267
2014-10-23,194.93,0.01162488971923814,11624.889719238141,20444.922503934908,20050.9497657861
2014-10-24,196.43,0.007695070025137252,7695.070025137252,20444.922503934908,20019.120316549845
2014-10-27,196.16,-0.0013745354579239866,-1374.5354579239865,20444.922503934908,19986.306451357832
2014-10-28,198.41,0.011470228384991898,11470.228384991899,20444.922503934908,19952.477724355755
2014-10-29,198.11,-0.0015120205634795436,-1512.0205634795436,20444.922503934908,19917.602748064954
2014-10-30,199.38,0.006410579980818731,6410.579980818731,20444.922503934908,19881.64916426
2014-10-31,201.66,0.0114354498946736,11435.4498946736,20444.922503934908,19844.583613945622
2014-11-03,201.77,0.0005454725776059544,545.4725776059544,20444.922503934908,19831.612187999333
2014-11-04,201.07,-0.0034692967239927652,-3469.2967239927652,20444.922503934908,19829.28384853166
2014-11-05,202.34,0.006316208285671809,6316.20828567181,20444.922503934908,19826.88349856499
2014-11-06,203.15,0.004003162992982201,4003.162992982201,20444.922503934908,19824.40891097048
2014-11-07,203.34,0.0009352695052915472,935.2695052915471,20444.922503934908,19821.857789739028
2014-11-10,203.98,0.0031474377889249006,3147.4377889249004,20444.922503934908,19819.22776785093
2014-11-11,204.175,0.0009559760760859959,955.9760760859958,20444.922503934908,19816.5164050797
2014-11-12,203.96,-0.0010530182441532698,-1053.0182441532697,20444.922503934908,19813.721185727914
2014-11-13,204.19,0.0011276720925670336,1127.6720925670336,20444.922503934908,19810.839516293083
2014-11-14,204.24,0.0002448699740438265,244.8699740438265,20444.922503934908,19807.8687230613
2014-11-17,204.37,0.0006365060712887338,636.5060712887338,20444.922503934908,19804.80604962647
2014-11-18,205.55,0.005773841561873105,5773.841561873105,20444.922503934908,19801.648654332832
2014-11-19,205.22,-0.001605448795913511,-1605.448795913511,20444.922503934908,19798.39360763836
2014-11-20,205.58,0.0017542149887925795,1754.2149887925796,20444.922503934908,19795.037889396637
2014-11-21,206.68,0.005350715050102206,5350.715050102206,20444.922503934908,19791.578386054654
2014-11-24,207.26,0.0028062705631894946,2806.2705631894946,20444.922503934908,19788.01188776395
2014-11-25,207.11,-0.0007237286500046958,-723.7286500046957,20444.922503934908,19784.3350854024
2014-11-26,207.64,0.002559026604219916,2559.026604219916,20444.922503934908,19780.544567503894
2014-11-28,207.2,-0.0021190522057407124,-2119.0522057407125,20444.922503934908,19776.636817093062
2014-12-01,205.76,-0.006949806949806958,-6949.806949806958,20444.922503934908,19772.6082084221
2014-12-02,207.085,0.006439541213063782,6439.5412130637815,20444.922503934908,19768.45500360668
2014-12-03,207.89,0.0038872926576043465,3887.2926576043465,20444.922503934908,19764.17334915779
2014-12-04,207.66,-0.0011063543219971272,-1106.3543219971273,20444.922503934908,19759.759272406358
2014-12-05,208.0,0.001637291726861223,1637.291726861223,20444.922503934908,19755.208677817252
2014-12-08,206.61,-0.006682692307692251,-6682.69230769225,20444.922503934908,19750.51734318931
2014-12-09,206.47,-0.0006776051497991986,-677.6051497991987,20444.922503934908,19654.66818153358
2014-12-10,203.1601,-0.01603090037293553,-16030.90037293553,20444.922503934908,19469.382817685204
2014-12-11,204.19,0.005069400930596046,5069.400930596046,20444.922503934908,19278.36697866626
2014-12-12,200.89,-0.016161418286889773,-16161.418286889773,20444.922503934908,19081.44343328591
2014-12-15,199.51,-0.006869431031907958,-6869.431031907958,20444.922503934908,18878.429468976265
2014-12-16,197.91,-0.008019648137937874,-8019.648137937874,20444.922503934908,18669.136722265295
2014-12-17,201.79,0.01960487090091445,19604.87090091445,20444.922503934908,18453.371004006563
2014-12-18,206.78,0.024728678328955978,24728.67832895598,20444.922503934908,18230.932119203742
2014-12-19,206.52,-0.0012573749879097873,-1257.3749879097873,20444.922503934908,18001.613681262694
2014-12-22,207.47,0.004600038737168299,4600.038737168299,20444.922503934908,17765.202920498727
2014-12-23,207.75,0.0013495927121993656,1349.5927121993657,20444.922503934908,17521.480486721437
2014-12-24,207.77,9.626955475328103e-05,96.26955475328103,20444.922503934908,17270.220245713925
2014-12-26,208.44,0.003224719641911733,3224.719641911733,20444.922503934908,17011.189069417524
2014-12-29,208.72,0.001343312224141302,1343.312224141302,20444.922503934908,16744.146619627412
2014-12-30,207.6,-0.00536604062859336,-5366.04062859336,20444.922503934908,16468.845124998435
2014-12-31,205.54,-0.009922928709055867,-9922.928709055866,20444.922503934908,16422.51828638593
2015-01-02,205.43,-0.0005351756349127879,-535.1756349127878,20444.922503934908,16416.481025738263
2015-01-05,201.72,-0.01805967969624689,-18059.679696246887,20444.922503934908,16410.257045689123
2015-01-06,199.82,-0.009418996628990706,-9418.996628990706,20444.922503934908,19280.615149024423
2015-01-07,202.31,0.012461215093584332,12461.215093584333,20444.922503934908,19247.06778558593
2015-01-08,205.9,0.01774504473333005,17745.04473333005,20444.922503934908,19212.482874824593
2015-01-09,204.25,-0.008013598834385682,-8013.5988343856825,20444.922503934908,19176.82832764796
2015-01-12,202.65,-0.007833537331701335,-7833.537331701335,20444.922503934908,19140.071062517407
2015-01-13,202.08,-0.0028127313101405926,-2812.7313101405925,20444.922503934908,19102.176974753955
2015-01-14,200.86,-0.006037212984956408,-6037.212984956408,20444.922503934908,19063.110904894722
2015-01-15,199.0199,-0.009161107238872868,-9161.107238872868,20444.922503934908,19022.83660607077
2015-01-16,201.63,0.013114768925117426,13114.768925117425,20444.922503934908,18981.316710375977
2015-01-20,202.055,0.0021078212567575694,2107.8212567575692,20444.922503934908,18938.51269419578
2015-01-21,203.08,0.005072876197075082,5072.876197075082,20444.922503934908,18894.384842463616
2015-01-22,206.1,0.01487098680323018,14870.98680323018,20444.922503934908,18848.892211811897
2015-01-23,204.97,-0.0054827753517709965,-5482.775351770996,19791.54775350252,18799.678839097625
2015-01-26,205.45,0.0023418061179685257,2341.8061179685255,19791.54775350252,18751.32871618157
2015-01-27,202.74,-0.013190557313214835,-13190.557313214835,19791.54775350252,18701.483228639245
2015-01-28,200.14,-0.012824306994179802,-12824.306994179802,19791.54775350252,18650.09612808015
2015-01-29,201.9902,0.009244528829819076,9244.528829819077,19791.54775350252,18597.11973575118
2015-01-30,199.45,-0.012575857640618193,-12575.857640618193,19791.54775350252,18542.50489829864
2015-02-02,201.92,0.012384056154424616,12384.056154424616,18920.82392231535,18483.423233581147
2015-02-03,204.84,0.014461172741679906,14461.172741679906,18920.82392231535,18425.377917976362
2015-02-04,204.06,-0.003807850029291182,-3807.850029291182,18920.82392231535,18365.537386425036
2015-02-05,206.12,0.01009507007742827,10095.07007742827,18920.82392231535,18303.846116784494
2015-02-06,205.55,-0.002765379390646139,-2765.3793906461387,18920.82392231535,18240.24686973239
2015-02-09,204.63,-0.004475796643152563,-4475.796643152563,18920.82392231535,18174.680635658056
2015-02-10,206.81,0.010653374383032821,10653.37438303282,18920.82392231535,18107.086579911316
2015-02-11,206.93,0.0005802427348775563,580.2427348775562,18920.82392231535,18040.689049123917
2015-02-12,208.92,0.009616778620789468,9616.778620789468,18920.82392231535,17979.449179572355
2015-02-13,209.78,0.00411640819452419,4116.408194524191,18920.82392231535,17916.315293436724
2015-02-17,210.11,0.0015730765563923832,1573.0765563923833,18920.82392231535,17851.22881288453
2015-02-18,210.13,9.518823473420035e-05,95.18823473420035,18920.82392231535,17784.129348397728
2015-02-19,209.98,-0.0007138438109741685,-713.8438109741685,18920.82392231535,17714.95464274123
2015-02-20,211.239,0.005995809124678564,5995.809124678563,18920.82392231535,17643.640513198454
2015-02-23,211.209,-0.00014201922940371148,-142.01922940371148,18920.82392231535,17570.120792020334
2015-02-24,211.81,0.0028455226813250967,2845.5226813250965,18920.82392231535,17494.327265032578
2015-02-25,211.63,-0.0008498182333223081,-849.8182333223081,18920.82392231535,17416.18960834417
2015-02-26,211.38,-0.0011813069980626256,-1181.3069980626256,18920.82392231535,17335.63532309839
2015-02-27,210.66,-0.0034061879080329316,-3406.187908032932,18920.82392231535,17252.589668205834
2015-03-02,211.99,0.006313490933257393,6313.490933257393,18920.82392231535,17166.97559099701
2015-03-03,211.12,-0.004103967168262668,-4103.967168262668,18920.82392231535,17078.713655730186
2015-03-04,210.2301,-0.0042151383099660045,-4215.138309966004,18920.82392231535,16987.721969888094
2015-03-05,210.46,0.0010935636714248798,1093.5636714248797,18920.82392231535,16893.91610819522
2015-03-06,207.5,-0.014064430295543162,-14064.430295543161,18920.82392231535,16797.20903428504
2015-03-09,208.36,0.004144578313252989,4144.578313252989,18920.82392231535,16697.511019944646
2015-03-10,204.98,-0.016221923593780163,-16221.923593780162,18920.82392231535,16594.729561861768
2015-03-11,204.5,-0.0023416918723777602,-2341.6918723777603,18920.82392231535,16488.76929579694
2015-03-12,207.1,0.01271393643031793,12713.93643031793,18920.82392231535,16425.74244546935
2015-03-13,205.8272,-0.0061458232737807705,-6145.82327378077,18920.82392231535,16421.566953663103
2015-03-16,208.58,0.01337432564792218,13374.32564792218,18920.82392231535,16417.262322935014
2015-03-17,207.96,-0.0029724805829897116,-2972.480582989712,18920.82392231535,16412.824559297806
2015-03-18,210.46,0.012021542604347069,12021.542604347069,18920.82392231535,16408.249545238832
2015-03-19,209.5,-0.004561436852608569,-4561.436852608569,18920.82392231535,16403.53303589968
2015-03-20,210.41,0.004343675417661119,4343.675417661119,18920.82392231535,16398.67065513767
2015-03-23,210.0,-0.0019485765885651762,-1948.5765885651763,18920.82392231535,16393.657891465497
2015-03-24,208.82,-0.005619047619047635,-5619.047619047635,18920.82392231535,16388.490093865315
2015-03-25,205.76,-0.01465376879609237,-14653.76879609237,18920.82392231535,16383.162467473376
2015-03-26,205.27,-0.002381415241057394,-2381.4152410573943,18920.82392231535,16377.670069131169
2015-03-27,205.74,0.0022896672675012386,2289.6672675012387,18920.82392231535,16372.007802798998
2015-03-30,208.25,0.012199863905900665,12199.863905900665,18920.82392231535,16366.17041482769
2015-03-31,206.43,-0.008739495798319341,-8739.495798319342,18920.82392231535,16360.15248908407
2015-04-01,205.7,-0.0035363077072131377,-3536.3077072131377,18920.82392231535,16353.948441925702
2015-04-02,206.435,0.0035731648031114283,3573.1648031114282,18920.82392231535,16347.552517020165
2015-04-06,207.83,0.006757575023615292,6757.575023615292,18920.82392231535,16340.95878000415
2015-04-07,207.28,-0.002646393687148252,-2646.393687148252,18920.82392231535,16334.16111297733
2015-04-08,207.975,0.003352952527981401,3352.952527981401,18920.82392231535,16327.153208825968
2015-04-09,208.9,0.004447649957927791,4447.649957927791,18920.82392231535,16319.928565370956
2015-04-10,210.04,0.005457156534226737,5457.156534226737,17259.92231738571,16312.113034240183
2015-04-13,209.09,-0.004522948009902827,-4522.948009902828,17259.92231738571,16304.434595027715
2015-04-14,209.49,0.0019130517958774185,1913.0517958774185,17259.92231738571,16296.518678313829
2015-04-15,210.43,0.004487087689149849,4487.087689149849,17259.92231738571,16288.357939433536
2015-04-16,210.37,-0.00028513044717959346,-285.1304471795935,17259.92231738571,16279.944806567253
2015-04-17,207.95,-0.011503541379474291,-11503.54137947429,17259.92231738571,16271.271473715415
2015-04-20,209.85,0.009136811733589933,9136.811733589933,17259.92231738571,16262.329893455788
2015-04-21,209.6,-0.0011913271384321744,-1191.3271384321745,17259.92231738571,16253.111769476793
2015-04-22,210.63,0.0049141221374044974,4914.122137404497,17259.92231738571,16243.608548879889
2015-04-23,211.16,0.0025162607415847305,2516.2607415847306,17259.92231738571,16233.811414243906
2015-04-24,211.6499,0.002320041674559681,2320.041674559681,17259.92231738571,16223.711275443924
2015-04-27,210.77,-0.00415733718749689,-4157.33718749689,17259.92231738571,16219.655890023188
2015-04-28,211.44,0.003178820515253644,3178.8205152536443,17259.92231738571,16216.833483804208
2015-04-29,210.57,-0.004114642451759409,-4114.64245175941,17259.92231738571,16213.923786671241
2015-04-30,208.46,-0.010020420762691717,-10020.420762691718,17259.92231738571,16210.924098905294
2015-05-01,210.72,0.010841408423678311,10841.408423678311,17259.92231738571,16207.831637290916
2015-05-04,211.32,0.0028473804100228595,2847.3804100228595,17259.92231738571,16204.643532533824
2015-05-05,208.9,-0.011451826613666394,-11451.826613666393,17259.92231738571,16201.35682659868
2015-05-06,208.04,-0.004116802297750133,-4116.802297750133,17259.92231738571,16197.96846996451
2015-05-07,208.87,0.003989617381272792,3989.617381272792,17259.92231738571,16194.475318795263
2015-05-08,211.62,0.013166084167185232,13166.084167185232,17259.92231738571,16190.874132022842
2015-05-11,210.605,-0.004796333049806312,-4796.3330498063115,17259.92231738571,16187.161568339934
2015-05-12,209.98,-0.0029676408442345092,-2967.640844234509,17259.92231738571,16183.334183099823
2015-05-13,210.02,0.00019049433279372252,190.49433279372252,17259.92231738571,16179.388425120329
2015-05-14,212.21,0.01042757832587382,10427.578325873821,17259.92231738571,16175.32063338889
2015-05-15,212.44,0.0010838320531547652,1083.8320531547652,17259.92231738571,16171.127033665756
2015-05-18,213.1,0.003106759555639327,3106.7595556393267,17259.92231738571,16166.803734982115
2015-05-19,213.03,-0.0003284842796809073,-328.4842796809073,17259.92231738571,16162.346726029906
2015-05-20,212.88,-0.0007041261794114018,-704.1261794114017,17259.92231738571,16152.354651353953
2015-05-21,213.5,0.0029124389327321865,2912.4389327321865,17259.92231738571,16140.644546143276
2015-05-22,212.99,-0.00238875878220135,-2388.75878220135,17259.92231738571,16106.085689257505
2015-05-26,210.7,-0.01075167848255798,-10751.67848255798,17259.92231738571,16053.23185535664
2015-05-27,212.7,0.009492168960607561,9492.168960607562,17259.92231738571,15856.118077838613
2015-05-28,212.46,-0.0011283497884343463,-1128.3497884343462,17259.92231738571,15550.79835719363
2015-05-29,211.14,-0.00621293419937885,-6212.93419937885,17259.92231738571,15399.39557806932
2015-06-01,211.57,0.0020365634176375824,2036.5634176375825,17259.92231738571,15339.539227579291
2015-06-02,211.36,-0.000992579288178752,-992.5792881787521,17259.92231738571,15277.831649754518
2015-06-03,211.92,0.0026495079485238104,2649.5079485238102,17259.92231738571,15214.215590141352
2015-06-04,210.1292,-0.008450358625896492,-8450.358625896493,17259.92231738571,15148.632023529839
2015-06-05,209.77,-0.0017094244874105158,-1709.4244874105157,17259.92231738571,15081.020099188074
2015-06-08,208.48,-0.006149592410735649,-6149.5924107356495,17259.92231738571,15011.31708440275
2015-06-09,208.45,-0.00014389869531850064,-143.89869531850064,17259.92231738571,14939.45830627355
2015-06-10,210.95,0.011993283761093876,11993.283761093875,17259.92231738571,14865.377091707363
2015-06-11,211.63,0.0032235126807300674,3223.5126807300676,17259.92231738571,14789.004705556654
2015-06-12,210.01,-0.0076548693474460805,-7654.869347446081,17259.92231738571,14710.270286844585
2015-06-15,209.11,-0.004285510213799193,-4285.510213799193,17259.92231738571,14642.340709365011
2015-06-16,210.25,0.005451676151307927,5451.676151307927,17259.92231738571,14603.573859299535
2015-06-17,210.59,0.0016171224732461909,1617.1224732461908,17259.92231738571,14563.608034489765
2015-06-18,212.78,0.010399354195355981,10399.354195355982,17259.92231738571,14522.40615324258
2015-06-19,210.81,-0.009258388946329577,-9258.388946329576,17259.92231738571,14479.929987008369
2015-06-22,211.89,0.005123096627294599,5123.096627294599,17259.92231738571,14436.140124911242
2015-06-23,212.04,0.0007079144839303719,707.914483930372,17259.92231738571,14390.995937182248
2015-06-24,210.5,-0.007262780607432573,-7262.780607432573,17259.92231738571,14344.455537461634
2015-06-25,209.86,-0.003040380047505842,-3040.380047505842,17259.92231738571,14296.475743935229
2015-06-26,209.82,-0.00019060325931585798,-190.60325931585797,17259.92231738571,14247.01203926883
2015-06-29,205.42,-0.02097035554284632,-20970.35554284632,17259.92231738571,14196.018529303472
2015-06-30,205.85,0.002093272320124573,2093.272320124573,18920.82392231535,20970.35554284632
2015-07-01,207.5,0.008015545299975724,8015.5452999757235,18920.82392231535,20970.35554284632
2015-07-02,207.31,-0.000915662650602389,-915.662650602389,18920.82392231535,20970.35554284632
2015-07-06,206.72,-0.002845979451063685,-2845.979451063685,18920.82392231535,20970.35554284632
2015-07-07,208.02,0.006288699690402577,6288.699690402577,18920.82392231535,20970.35554284632
2015-07-08,204.53,-0.016777232958369415,-16777.232958369415,18920.82392231535,20970.35554284632
2015-07-09,204.9,0.0018090255708209657,1809.0255708209656,18920.82392231535,20970.35554284632
2015-07-10,207.48,0.012591508052708589,12591.508052708588,18920.82392231535,20970.35554284632
2015-07-13,209.77,0.011037208405629606,11037.208405629606,18920.82392231535,20970.35554284632
2015-07-14,210.68,0.004338084568813461,4338.0845688134605,18920.82392231535,20970.35554284632
2015-07-15,210.61,-0.000332257452060003,-332.257452060003,18920.82392231535,20970.35554284632
2015-07-16,212.3,0.008024310336641083,8024.310336641083,18920.82392231535,20970.35554284632
2015-07-17,212.48,0.0008478568064058667,847.8568064058667,18920.82392231535,20970.35554284632
2015-07-20,212.59,0.0005176957831325435,517.6957831325435,18920.82392231535,20970.35554284632
2015-07-21,211.75,-0.003951267698386607,-3951.2676983866068,18920.82392231535,20946.934762270088
2015-07-22,211.37,-0.0017945690672963588,-1794.5690672963588,18920.82392231535,20911.18621857614
2015-07-23,210.18,-0.005629938023371306,-5629.9380233713055,18920.82392231535,20874.33204981949
2015-07-24,208.0,-0.010372062042059205,-10372.062042059204,18920.82392231535,20836.338061410574
2015-07-27,206.79,-0.005817307692307705,-5817.307692307705,18920.82392231535,20797.169001195198
2015-07-28,209.33,0.012282992407756765,12282.992407756765,18920.82392231535,20756.788526746357
2015-07-29,210.77,0.006879090431376245,6879.090431376245,18920.82392231535,20715.159171644456
2015-07-30,210.82,0.0002372254115861061,237.2254115861061,17431.28079468692,20672.242310714664
2015-07-31,210.5,-0.0015178825538373353,-1517.8825538373353,17431.28079468692,20627.998124189104
2015-08-03,209.79,-0.0033729216152019736,-3372.9216152019735,17431.28079468692,20582.38556076069
2015-08-04,209.38,-0.0019543352876686404,-1954.3352876686404,17431.28079468692,20535.362299494285
2015-08-05,210.07,0.0032954436908969598,3295.4436908969597,17431.28079468692,20486.88471055985
2015-08-06,208.35,-0.00818774694149571,-8187.74694149571,17431.28079468692,20436.90781475115
2015-08-07,207.95,-0.0019198464122870407,-1919.8464122870407,17431.28079468692,20385.385241752494
2015-08-10,210.57,0.012599182495792283,12599.182495792282,17431.28079468692,20332.2691871147
2015-08-11,208.67,-0.00902312770100211,-9023.12770100211,17431.28079468692,20277.510367900482
2015-08-12,208.92,0.001198063928691262,1198.063928691262,17431.28079468692,20221.05797695799
2015-08-13,208.66,-0.001244495500670073,-1244.4955006700732,17431.28079468692,20162.85963578016
2015-08-14,209.42,0.003642288891018808,3642.2888910188076,17431.28079468692,20102.861345906113
2015-08-17,210.59,0.005586858943749551,5586.858943749551,17431.28079468692,20041.007438819463
2015-08-18,209.98,-0.0028966237713092813,-2896.6237713092814,17431.28079468692,19977.240524297144
2015-08-19,208.32,-0.007905514810934378,-7905.514810934377,17431.28079468692,19911.501437160732
2015-08-20,203.97,-0.020881336405529916,-20881.336405529917,17431.28079468692,19843.72918238093
2015-08-21,197.83,-0.030102466048928744,-30102.466048928745,18964.173889240654,20947.339030638537
2015-08-24,189.5,-0.04210685942475867,-42106.859424758666,20367.748450465442,30102.466048928745
2015-08-25,187.27,-0.011767810026385161,-11767.810026385161,20926.73616556128,42106.859424758666
2015-08-26,194.46,0.03839376301596631,38393.76301596631,20926.73616556128,42106.859424758666
2015-08-27,199.27,0.02473516404401943,24735.16404401943,20926.73616556128,42106.859424758666
2015-08-28,199.28,5.01831685653098e-05,50.1831685653098,20926.73616556128,42106.859424758666
2015-08-31,197.67,-0.008079084704937789,-8079.084704937789,20926.73616556128,42106.859424758666
2015-09-01,191.77,-0.029847726007993014,-29847.726007993013,20926.73616556128,42106.859424758666
2015-09-02,195.41,0.01898107107472491,18981.07107472491,25497.814480071116,42106.859424758666
2015-09-03,195.55,0.0007164423519778751,716.4423519778751,25497.814480071116,42106.859424758666
2015-09-04,192.59,-0.015136793658910852,-15136.793658910852,25497.814480071116,42106.859424758666
2015-09-08,197.43,0.02513110753413983,25131.10753413983,25497.814480071116,42106.859424758666
2015-09-09,194.79,-0.013371827989667295,-13371.827989667296,25497.814480071116,42106.859424758666
2015-09-10,195.85,0.005441757790441093,5441.757790441093,25497.814480071116,42106.859424758666
2015-09-11,196.74,0.004544294102629687,4544.294102629687,25497.814480071116,42106.859424758666
2015-09-14,196.01,-0.0037104808376537957,-3710.480837653796,25497.814480071116,42106.859424758666
2015-09-15,198.46,0.012499362277434978,12499.362277434977,25497.814480071116,41980.83440268291
2015-09-16,200.18,0.008666733850650088,8666.733850650087,25497.814480071116,41788.47484431796
2015-09-17,199.73,-0.0022479768208613082,-2247.976820861308,25497.814480071116,41590.16602126131
2015-09-18,195.45,-0.021428929054223222,-21428.929054223223,25497.814480071116,41385.723935635906
2015-09-21,196.46,0.005167562036326512,5167.562036326512,25722.5155006458,41174.958898908684
2015-09-22,193.91,-0.012979741423190583,-12979.741423190582,25722.5155006458,40957.675355890926
2015-09-23,193.6,-0.0015986797999071323,-1598.6797999071323,25722.5155006458,40733.6717032953
2015-09-24,192.9,-0.003615702479338734,-3615.7024793387336,25722.5155006458,40502.74010268125
2015-09-25,192.85,-0.00025920165889070645,-259.2016588907064,25722.5155006458,40264.666287615226
2015-09-28,188.01,-0.025097225823178637,-25097.225823178636,25722.5155006458,40019.22936486674
2015-09-29,188.12,0.0005850752619542821,585.075261954282,27519.98091743396,39766.20160945593
2015-09-30,191.63,0.018658303210716598,18658.303210716596,27519.98091743396,39505.34825336232
2015-10-01,192.13,0.002609194802484005,2609.194802484005,27519.98091743396,39236.4272676988
2015-10-02,195.0,0.014937802529537247,14937.802529537248,27519.98091743396,38959.18913814877
2015-10-05,198.47,0.017794871794871714,17794.871794871713,27519.98091743396,38673.37663345803
2015-10-06,197.79,-0.0034262105104045926,-3426.2105104045927,27519.98091743396,38378.72456676654
2015-10-07,199.41,0.008190505081146604,8190.505081146604,27519.98091743396,38074.95954955882
2015-10-08,201.21,0.009026628554235083,9026.628554235083,27519.98091743396,37761.79973800447
2015-10-09,201.33,0.0005963918294320525,596.3918294320525,27519.98091743396,37438.95457145359
2015-10-12,201.52,0.0009437242338448115,943.7242338448116,27519.98091743396,37106.12450284445
2015-10-13,200.25,-0.006302104009527687,-6302.104009527687,27519.98091743396,36763.000720773154
2015-10-14,199.29,-0.0047940074906367425,-4794.007490636743,27519.98091743396,36409.2648629677
2015-10-15,202.35,0.015354508505193376,15354.508505193377,27519.98091743396,36044.58872090022
2015-10-16,203.27,0.00454657771188538,4546.57771188538,27519.98091743396,35668.63393526364
2015-10-19,203.37,0.0004919565110443891,491.9565110443891,27519.98091743396,35281.05168203006
2015-10-20,203.09,-0.0013768009047548935,-1376.8009047548935,27519.98091743396,34881.48234879956
2015-10-21,201.85,-0.006105667438081719,-6105.6674380817185,27519.98091743396,34469.55520113926
2015-10-22,205.26,0.016893732970027164,16893.732970027166,27519.98091743396,34044.88803860286
2015-10-23,207.51,0.010961707103186225,10961.707103186225,27519.98091743396,33607.08684011172
2015-10-26,207.0,-0.002457712881306917,-2457.712881306917,27519.98091743396,33155.745398368286
2015-10-27,206.6,-0.0019323671497585293,-1932.3671497585292,27519.98091743396,32690.44494296268
2015-10-28,208.95,0.011374636979670782,11374.636979670782,27519.98091743396,32210.753751822882
2015-10-29,208.83,-0.0005743000717873814,-574.3000717873814,27519.98091743396,31716.226750647835
2015-10-30,207.93,-0.004309725614135895,-4309.725614135895,27519.98091743396,31206.405099951902
2015-11-02,210.39,0.011830904631366268,11830.904631366267,27519.98091743396,30680.815769337547
2015-11-03,211.0,0.0028993773468322104,2899.3773468322106,27519.98091743396,30138.97109860109
2015-11-04,210.36,-0.003033175355450224,-3033.175355450224,27519.98091743396,30092.410376782063
2015-11-05,210.15,-0.0009982886480319753,-998.2886480319753,27519.98091743396,30081.318867169768
2015-11-06,210.04,-0.0005234356412087138,-523.4356412087138,27519.98091743396,30069.884321177713
2015-11-09,208.08,-0.009331555894115273,-9331.555894115274,27519.98091743396,30058.096129433325
2015-11-10,208.56,0.0023068050749710522,2306.8050749710524,27519.98091743396,30045.943354439107
2015-11-11,207.74,-0.0039317222861526835,-3931.7222861526834,27519.98091743396,30033.414720424455
2015-11-12,204.84,-0.01395975738904398,-13959.757389043982,27519.98091743396,30020.498602883574
2015-11-13,202.54,-0.011228275727397041,-11228.275727397042,27519.98091743396,30007.18301778988
2015-11-16,205.62,0.015206872716500452,15206.872716500453,27519.98091743396,29993.455610476798
2015-11-17,205.47,-0.0007295010213014264,-729.5010213014264,27519.98091743396,29979.303644174648
2015-11-18,208.73,0.015866063172239153,15866.063172239154,27519.98091743396,29964.713988193053
2015-11-19,208.55,-0.0008623580702341593,-862.3580702341593,27519.98091743396,29949.6731057378
2015-11-20,209.3108,0.0036480460321264285,3648.0460321264286,27519.98091743396,29934.16704135094
2015-11-23,209.07,-0.0011504423087581594,-1150.4423087581595,27519.98091743396,29918.181407962424
2015-11-24,209.35,0.0013392643612186728,1339.2643612186728,27519.98091743396,29901.701373541273
2015-11-25,209.32,-0.00014330069262002976,-143.30069262002976,27519.98091743396,29884.7116473339
2015-11-27,209.56,0.001146569845213108,1146.5698452131078,27519.98091743396,29867.196465676818
2015-11-30,208.69,-0.004151555640389382,-4151.555640389382,27519.98091743396,29849.139577370548
2015-12-01,210.68,0.009535674924529225,9535.674924529225,27519.98091743396,29635.300123321816
2015-12-02,208.529,-0.010209796848300812,-10209.796848300812,27519.98091743396,29398.30822207595
2015-12-03,205.61,-0.01399805302859547,-13998.05302859547,27519.98091743396,29153.986674399806
2015-12-04,209.62,0.01950294246388795,19502.94246388795,27519.98091743396,28902.10879019759
2015-12-07,208.35,-0.0060585821963553554,-6058.582196355355,27519.98091743396,28642.440868339636
2015-12-08,206.949,-0.006724262059035202,-6724.262059035202,27519.98091743396,28374.74197982628
2015-12-09,205.34,-0.007774862405713567,-7774.862405713568,27519.98091743396,28098.763744245505
2015-12-10,205.87,0.0025810850297067756,2581.0850297067755,27519.98091743396,27814.250099316865
2015-12-11,201.88,-0.019381162869772206,-19381.162869772204,27519.98091743396,27520.937063307963
2015-12-14,202.9008,0.005056469189617552,5056.469189617552,27519.98091743396,27218.55249010291
2015-12-15,205.0308,0.01049774076790233,10497.74076790233,27519.98091743396,26906.81581669564
2015-12-16,208.03,0.014628046127703742,14628.046127703743,27519.98091743396,26585.437802873705
2015-12-17,204.86,-0.01523818679998068,-15238.18679998068,27519.98091743396,26254.120262851095
2015-12-18,200.0208,-0.023621985746363428,-23621.98574636343,27519.98091743396,25912.555788600985
2015-12-21,201.67,0.00824514250517927,8245.14250517927,27519.98091743396,25560.427464631794
2015-12-22,203.5,0.009074230178013565,9074.230178013564,27519.98091743396,25197.40857394191
2015-12-23,206.02,0.012383292383292499,12383.292383292499,27519.98091743396,25077.623557545605
2015-12-24,205.68,-0.0016503252111446098,-1650.3252111446097,27519.98091743396,25050.027897743552
2015-12-28,205.21,-0.002285103072734329,-2285.103072734329,27519.98091743396,25021.578763927006
2015-12-29,207.4,0.010671994542176266,10671.994542176266,27519.98091743396,24992.24975999242
2015-12-30,205.93,-0.007087753134040531,-7087.753134040531,27519.98091743396,24962.01367346192
2015-12-31,203.87,-0.010003399213324937,-10003.399213324938,27519.98091743396,24930.8424502346
2016-01-04,201.0192,-0.013983420807377245,-13983.420807377244,27519.98091743396,24898.70716855695
2016-01-05,201.36,0.0016953604431815261,1695.360443181526,27519.98091743396,24865.57801218824
2016-01-06,198.82,-0.0126142232816846,-12614.2232816846,27519.98091743396,24831.42424273596
2016-01-07,194.05,-0.02399155014586052,-23991.550145860518,27519.98091743396,24796.214171135674
2016-01-08,191.923,-0.010961092501932557,-10961.092501932557,27519.98091743396,24913.609882727495
2016-01-11,192.11,0.0009743490879154937,974.3490879154937,27519.98091743396,24893.239287946828
2016-01-12,193.6608,0.008072458487324852,8072.458487324851,27519.98091743396,24872.23867477088
2016-01-13,188.83,-0.024944645483236605,-24944.645483236603,27519.98091743396,24850.58855809465
2016-01-14,191.93,0.01641688291055443,16416.882910554432,27519.98091743396,25063.963384479946
2016-01-15,187.81,-0.02146615953733133,-21466.159537331332,27519.98091743396,25061.11769144104
2016-01-19,188.06,0.0013311325275544572,1331.1325275544573,27519.98091743396,25058.183987277214
2016-01-20,185.65,-0.012815059023715825,-12815.059023715825,27519.98091743396,25055.159549994925
2016-01-21,186.69,0.005601939132776623,5601.939132776623,27519.98091743396,25052.041573415245
2016-01-22,190.52,0.020515292731265733,20515.292731265734,27519.98091743396,25048.82716457021
2016-01-25,187.64,-0.015116523199664167,-15116.523199664167,27519.98091743396,25045.51334101863
2016-01-26,190.2,0.013643146450650123,13643.146450650123,27519.98091743396,25042.09702807886
2016-01-27,188.13,-0.010883280757097769,-10883.28075709777,27519.98091743396,25038.575055976
2016-01-28,189.11,0.005209163876043199,5209.163876043199,27519.98091743396,25034.94415690089
2016-01-29,193.7208,0.024381576860028398,24381.5768600284,27519.98091743396,25031.20096197809
2016-02-01,193.65,-0.00036547443537293667,-365.4744353729367,27519.98091743396,25027.34199814016
2016-02-02,190.16,-0.01802220500903695,-18022.205009036952,27519.98091743396,25023.363684905176
2016-02-03,191.3,0.00599495161968866,5994.95161968866,27519.98091743396,25019.262331054677
2016-02-04,191.6,0.001568217459487542,1568.2174594875419,27519.98091743396,25015.034131208802
2016-02-05,187.95,-0.01905010438413368,-19050.104384133683,27519.98091743396,25010.67516229553
2016-02-08,185.42,-0.013461026868848092,-13461.026868848092,27519.98091743396,25006.181379910715
2016-02-09,185.43,5.393161471256569e-05,53.93161471256569,27519.98091743396,25001.54861456554
2016-02-10,185.27,-0.000862859300005403,-862.859300005403,27519.98091743396,24996.77256781794
2016-02-11,182.86,-0.013008042316619006,-13008.042316619007,27519.98091743396,24991.848808284332
2016-02-12,186.63,0.020616865361478665,20616.865361478664,27519.98091743396,24986.772767528033
2016-02-16,189.78,0.016878315383378917,16878.31538337892,27519.98091743396,24981.539735820512
2016-02-17,192.88,0.016334703340710188,16334.703340710188,27519.98091743396,24976.14485777152
2016-02-18,192.09,-0.004095810866860172,-4095.810866860172,27519.98091743396,24970.583127824102
2016-02-19,192.0,-0.000468530376386056,-468.530376386056,27519.98091743396,24964.849385610272
2016-02-22,194.78,0.014479166666666599,14479.166666666599,27519.98091743396,24958.938311163023
2016-02-23,192.32,-0.012629633432590603,-12629.633432590603,27519.98091743396,24952.844419980294
2016-02-24,193.2,0.0045757071547420924,4575.707154742093,27519.98091743396,24946.562057936244
2016-02-25,195.54,0.012111801242236098,12111.801242236097,27519.98091743396,24927.950473044588
2016-02-26,195.0892,-0.002305410657665874,-2305.410657665874,27519.98091743396,24903.505304672253
2016-02-29,193.56,-0.007838465686465512,-7838.465686465513,27519.98091743396,24878.304100164696
2016-03-01,198.11,0.023506922917958306,23506.922917958305,27519.98091743396,24852.323476961028
2016-03-02,199.0,0.00449245368734541,4492.45368734541,27519.98091743396,24825.53932932838
2016-03-03,199.775,0.003894472361809065,3894.4723618090648,27519.98091743396,24797.926805995754
2016-03-04,200.43,0.003278688524590123,3278.688524590123,27519.98091743396,24769.46028709614
2016-03-07,200.59,0.0007982836900664037,798.2836900664037,27519.98091743396,24740.113360395506
2016-03-08,198.4,-0.010917792512089353,-10917.792512089352,27519.98091743396,24709.858796786604
2016-03-09,199.38,0.0049395161290322065,4939.516129032207,27519.98091743396,24678.668525024852
2016-03-10,199.54,0.0008024877119068297,802.4877119068296,27519.98091743396,24646.513605682838
2016-03-11,202.76,0.016137115365340238,16137.115365340238,27519.98091743396,24613.364204299316
2016-03-14,202.5,-0.0012823042020121411,-1282.304202012141,27519.98091743396,24579.18956369775
2016-03-15,202.17,-0.0016296296296296475,-1629.6296296296475,27519.98091743396,24543.957975448713
2016-03-16,203.34,0.005787208784686193,5787.208784686193,27519.98091743396,24507.636750449707
2016-03-17,204.63,0.00634405429330176,6344.05429330176,27519.98091743396,24470.192188595058
2016-03-18,204.38,-0.0012217172457605896,-1221.7172457605895,27519.98091743396,24431.589547507792
2016-03-21,204.67,0.0014189255308738602,1418.9255308738602,27519.98091743396,24391.793010304427
2016-03-22,204.56,-0.0005374505301215526,-537.4505301215527,27519.98091743396,24350.76565236281
2016-03-23,203.2092,-0.0066034415330464835,-6603.4415330464835,27519.98091743396,24308.469407062177
2016-03-24,203.12,-0.00043895650393788177,-438.9565039378818,27519.98091743396,24264.86503046359
2016-03-28,203.24,0.0005907837731391474,590.7837731391475,27519.98091743396,24219.912064898028
2016-03-29,205.1208,0.009254083841763405,9254.083841763406,27519.98091743396,24173.56880142838
2016-03-30,206.02,0.004383758253672987,4383.758253672987,27519.98091743396,24125.792241150393
2016-03-31,205.52,-0.0024269488399184524,-2426.9488399184524,27519.98091743396,24076.538055296798
2016-04-01,206.92,0.006811989100817373,6811.989100817373,27519.98091743396,24025.760544107525
2016-04-04,206.25,-0.003237966363812017,-3237.966363812017,27519.98091743396,23982.708129281127
2016-04-05,204.1892,-0.009991757575757543,-9991.757575757543,27519.98091743396,23956.399355300666
2016-04-06,206.42,0.01092516156584189,10925.16156584189,27519.98091743396,23929.276907898126
2016-04-07,203.95,-0.011965894777637875,-11965.894777637875,27519.98091743396,23901.31562191613
2016-04-08,204.4992,0.0026928168668791663,2692.8168668791664,27519.98091743396,23872.48955389345
2016-04-11,204.0201,-0.00234279645103741,-2342.79645103741,27519.98091743396,23842.77195799378
2016-04-12,205.92,0.009312317756926758,9312.317756926757,27519.98091743396,23812.13526119
2016-04-13,208.0008,0.010104895104895206,10104.895104895206,27519.98091743396,23780.551037680943
2016-04-14,208.01,4.423059911307092e-05,44.23059911307092,27519.98091743396,23747.98998251697
2016-04-15,207.78,-0.0011057160713426883,-1105.7160713426883,27519.98091743396,23714.421884409785
2016-04-18,209.2392,0.007022812590239624,7022.812590239624,27519.98091743396,23679.81559770134
2016-04-19,209.9,0.0031581080409406326,3158.1080409406327,27519.98091743396,23644.139013465836
2016-04-20,210.1,0.000952834683182413,952.8346831824131,27519.98091743396,23545.693521999012
2016-04-21,208.97,-0.005378391242265579,-5378.3912422655785,27519.98091743396,23347.917686486308
2016-04-22,208.97,0.0,0.0,27519.98091743396,23144.02507255568
2016-04-25,208.61,-0.0017227353208594254,-1722.7353208594254,27519.98091743396,22933.826501493182
2016-04-26,208.9192,0.0014821916494893728,1482.1916494893728,27519.98091743396,22717.12694369679
2016-04-27,209.35,0.0020620412101903796,2062.0412101903794,27519.98091743396,22493.725337721124
2016-04-28,207.4475,-0.009087652256985934,-9087.652256985933,27519.98091743396,22263.414403725597
2016-04-29,206.3308,-0.005383048723170858,-5383.048723170858,27519.98091743396,22025.98045115289
2016-05-02,207.97,0.007944524036159306,7944.524036159306,27519.98091743396,21781.203180459375
2016-05-03,206.1592,-0.008707025051690187,-8707.025051690187,27519.98091743396,21528.85547871348
2016-05-04,205.01,-0.0055743328456843155,-5574.3328456843155,27519.98091743396,21461.187769365657
2016-05-05,204.97,-0.00019511243353975694,-195.11243353975692,27519.98091743396,21454.434786005677
2016-05-06,205.72,0.0036590720593256965,3659.0720593256965,27519.98091743396,21447.472947490234
2016-05-09,205.8892,0.0008224771534124375,822.4771534124376,27519.98091743396,21440.29579438153
2016-05-10,208.45,0.01243775778428402,12437.75778428402,27519.98091743396,21432.89666746534
2016-05-11,206.5,-0.009354761333653094,-9354.761333653094,27519.98091743396,20955.88327808341
2016-05-12,206.56,0.00029055690072632423,290.5569007263242,27519.98091743396,20385.0418391638
2016-05-13,204.76,-0.008714175058094575,-8714.175058094575,27519.98091743396,19731.594544149702
2016-05-16,206.78,0.009865208048446927,9865.208048446928,27519.98091743396,19362.13374038009
2016-05-17,204.8508,-0.009329722410291175,-9329.722410291175,27519.98091743396,19321.247175299966
2016-05-18,204.91,0.0002889908167309496,288.99081673094963,27519.98091743396,19279.09607727922
2016-05-19,204.2,-0.00346493582548435,-3464.93582548435,27519.98091743396,19235.641337051646
2016-05-20,205.49,0.006317335945151825,6317.335945151825,27519.98091743396,19190.842635786106
2016-05-23,205.21,-0.0013625967200350253,-1362.5967200350253,27519.98091743396,19144.658407677303
2016-05-24,207.87,0.012962331270405913,12962.331270405914,27519.98091743396,19097.045801379565
2016-05-25,209.28,0.006783085582335202,6783.085582335202,27519.98091743396,19045.496853031607
2016-05-26,209.34,0.00028669724770646887,286.6972477064689,27519.98091743396,18936.735684878116
2016-05-27,210.24,0.004299226139294898,4299.2261392948985,27519.98091743396,18824.610769255956
2016-05-31,209.84,-0.0019025875190259445,-1902.5875190259444,27519.98091743396,18709.01807273827
2016-06-01,210.27,0.002049180327868827,2049.180327868827,27519.98091743396,18589.850344369515
2016-06-02,210.91,0.00304370571170387,3043.7057117038703,27519.98091743396,18466.997016154306
2016-06-03,210.28,-0.0029870560902754972,-2987.0560902754974,27519.98091743396,18340.344100468526
2016-06-06,211.35,0.005088453490583955,5088.4534905839555,27519.98091743396,18209.774084297616
2016-06-07,211.68,0.0015613910574876488,1561.3910574876488,27519.98091743396,18075.165820203896
2016-06-08,212.37,0.0032596371882085418,3259.637188208542,27519.98091743396,17807.07433373528
2016-06-09,212.08,-0.001365541272307702,-1365.541272307702,27519.98091743396,17448.408769534763
2016-06-10,210.07,-0.009477555639381463,-9477.555639381462,27519.98091743396,17078.650455925974
2016-06-13,208.4492,-0.007715523396962909,-7715.523396962909,27519.98091743396,16535.73600583013
2016-06-14,208.04,-0.001963068219978714,-1963.068219978714,27519.98091743396,15346.110158383572
2016-06-15,207.75,-0.0013939626994807774,-1393.9626994807775,27519.98091743396,15169.838199195618
2016-06-16,208.37,0.0029843561973526,2984.3561973526002,27519.98091743396,15132.304342163292
2016-06-17,206.52,-0.00887843739501848,-8878.43739501848,27519.98091743396,15124.217420141238
2016-06-20,207.85,0.00644005423203553,6440.054232035531,27519.98091743396,15088.941198095106
2016-06-21,208.44,0.0028385855184027697,2838.5855184027696,27519.98091743396,14720.149421489494
2016-06-22,208.1,-0.0016311648436000414,-1631.1648436000414,27519.98091743396,14339.951713648657
2016-06-23,210.81,0.01302258529553102,13022.58529553102,27519.98091743396,13997.172577532163
2016-06-24,203.13,-0.03643090934965143,-36430.90934965143,27519.98091743396,13990.065349848304
2016-06-27,199.6,-0.017378033771476398,-17378.0337714764,29977.643428870237,38340.031974506026
2016-06-28,203.1997,0.018034569138276613,18034.569138276613,29977.643428870237,38223.248676650815
2016-06-29,206.66,0.017029060574400345,17029.060574400344,29977.643428870237,38102.85352422276
2016-06-30,209.475,0.013621407142165864,13621.407142165865,29977.643428870237,37978.73481037941
2016-07-01,209.9208,0.0021281775868242647,2128.177586824265,29977.643428870237,37850.777373427496
2016-07-05,208.41,-0.007197000011432975,-7197.000011432975,29977.643428870237,37718.86248997192
2016-07-06,209.66,0.005997792812244995,5997.792812244996,29977.643428870237,37582.86776475998
2016-07-07,209.526,-0.0006391300200323524,-639.1300200323524,29977.643428870237,37442.667017118816
2016-07-08,212.65,0.014909844124356919,14909.84412435692,29977.643428870237,37298.130163880494
2016-07-11,213.4,0.0035269221725839905,3526.9221725839907,29977.643428870237,37149.12309868635
2016-07-12,214.95,0.007263355201499344,7263.355201499344,29977.643428870237,36995.507567558365
2016-07-13,214.92,-0.00013956734124220826,-139.56734124220827,29977.643428870237,36837.1410406223
2016-07-14,216.12,0.005583472920156485,5583.472920156485,29977.643428870237,36673.87657986347
2016-07-15,215.83,-0.0013418471219692751,-1341.8471219692751,29977.643428870237,36505.56270279251
2016-07-18,216.4092,0.002683593569012599,2683.593569012599,29977.643428870237,36320.67249741587
2016-07-19,216.19,-0.001012895939728975,-1012.895939728975,29977.643428870237,36121.212493939165
2016-07-20,217.085,0.004139876960081557,4139.876960081557,29977.643428870237,35915.583624375555
2016-07-21,216.265,-0.0037773222470461887,-3777.3222470461887,29977.643428870237,35703.59509905225
2016-07-22,217.24,0.004508357801771057,4508.357801771057,29977.643428870237,35485.05022758492
2016-07-25,216.65,-0.0027158902596207124,-2715.890259620712,29977.643428870237,35259.74623638149
2016-07-26,216.75,0.00046157396722823485,461.57396722823484,29977.643428870237,35027.47408050166
2016-07-27,216.52,-0.0010611303344867373,-1061.1303344867374,29977.643428870237,34788.01824969772
2016-07-28,216.77,0.0011546277480141143,1154.6277480141143,29977.643428870237,34541.15656845654
2016-07-29,217.12,0.0016146145684365898,1614.6145684365897,29977.643428870237,34286.659989857384
2016-08-01,216.94,-0.000829034635224768,-829.034635224768,29977.643428870237,34024.29238305413
2016-08-02,215.5492,-0.006410989213607388,-6410.989213607388,29977.643428870237,33753.8103141848
2016-08-03,216.18,0.002926478038424607,2926.478038424607,29977.643428870237,33474.962820505076
2016-08-04,216.4097,0.0010625404755295609,1062.5404755295608,29977.643428870237,33187.49117753629
2016-08-05,218.18,0.00818031724086321,8180.317240863211,29977.643428870237,32891.12865901177
2016-08-08,218.05,-0.0005958382986525068,-595.8382986525069,29977.643428870237,32585.600289398855
2016-08-09,218.18,0.0005961935335931923,596.1935335931922,29977.643428870237,32270.62258876699
2016-08-10,217.64,-0.0024750206251720197,-2475.0206251720197,29977.643428870237,31945.903309765068
2016-08-11,218.65,0.004640691049439427,4640.691049439427,29977.643428870237,31611.141166464116
2016-08-12,218.46,-0.0008689686713926337,-868.9686713926337,29977.643428870237,31266.02555481365
2016-08-15,219.09,0.0028838231255150504,2883.8231255150504,29977.643428870237,30910.23626445234
2016-08-16,217.96,-0.005157697749783141,-5157.697749783141,29977.643428870237,30543.443181605635
2016-08-17,218.37,0.0018810790970820168,1881.079097082017,29977.643428870237,30165.305982794598
2016-08-18,218.86,0.0022438979713330642,2243.897971333064,29977.643428870237,24824.98922434648
2016-08-19,218.54,-0.00146212190441386,-1462.12190441386,27519.98091743396,23883.8915123581
2016-08-22,218.53,-4.575821359931176e-05,-45.75821359931176,25022.46145660704,22224.38124285802
2016-08-23,218.97,0.002013453530407716,2013.4535304077162,25022.46145660704,20189.69684998425
2016-08-24,217.85,-0.005114855916335537,-5114.855916335537,25022.46145660704,19084.003982078353
2016-08-25,217.7,-0.0006885471654808351,-688.547165480835,25022.46145660704,18381.90240788814
2016-08-26,217.29,-0.001883325677537906,-1883.325677537906,25022.46145660704,17998.793782851015
2016-08-29,218.3608,0.00492797643701981,4927.97643701981,25022.46145660704,17953.184989658926
2016-08-30,218.0,-0.0016523112206953128,-1652.3112206953128,24477.62876792232,17903.84595372596
2016-08-31,217.38,-0.0028440366972477538,-2844.0366972477536,24477.62876792232,17855.37237184469
2016-09-01,217.39,4.600239212426693e-05,46.00239212426693,24477.62876792232,17805.399607018637
2016-09-02,218.37,0.004508027048162333,4508.027048162333,24477.62876792232,17753.881292764978
2016-09-06,219.0308,0.003026056692769119,3026.056692769119,24477.62876792232,17700.769628585946
2016-09-07,219.01,-9.49638133085351e-05,-94.9638133085351,24477.62876792232,17646.01533561787
2016-09-08,218.51,-0.0022830007762202342,-2283.000776220234,24477.62876792232,17589.567610908514
2016-09-09,213.28,-0.023934831357832587,-23934.831357832587,24477.62876792232,17531.374080280315
2016-09-12,216.34,0.014347336834208635,14347.336834208634,24477.62876792232,23977.53016937003
2016-09-13,213.23,-0.014375520014791587,-14375.520014791588,24477.62876792232,23976.367840743078
2016-09-14,213.15,-0.00037518172864969834,-375.18172864969836,24477.62876792232,23975.16956380808
2016-09-15,215.28,0.009992962702322306,9992.962702322306,24477.62876792232,23973.93422676168
2016-09-16,213.37,-0.008872166480862087,-8872.166480862086,24477.62876792232,23972.660683414884
2016-09-19,213.41,0.00018746777897549194,187.46777897549194,24477.62876792232,23971.347752129524
2016-09-20,213.42,4.6858160348550726e-05,46.858160348550726,24477.62876792232,23969.99421472194
2016-09-21,215.82,0.011245431543435602,11245.431543435603,24477.62876792232,23968.598815332676
2016-09-22,217.18,0.0063015475859513614,6301.547585951362,24477.62876792232,23967.16025926127
2016-09-23,215.99,-0.005479325904779397,-5479.325904779397,24477.62876792232,23965.677211764974
2016-09-26,214.24,-0.008102226954951663,-8102.226954951663,23963.75793972683,23964.0728690804
2016-09-27,215.57,0.006207991038088112,6207.991038088112,23963.75793972683,23962.49666810655
2016-09-28,216.64,0.004963584914412955,4963.584914412955,23963.75793972683,23960.871718648974
2016-09-29,214.68,-0.009047267355982158,-9047.267355982158,23963.75793972683,23959.196513022605
2016-09-30,216.3,0.00754611514812753,7546.11514812753,23963.75793972683,23957.469496912945
2016-10-03,215.78,-0.00240406842348595,-2404.06842348595,23963.75793972683,23955.68906793392
2016-10-04,214.68,-0.005097784780795256,-5097.784780795256,23963.75793972683,23953.853574141103
2016-10-05,215.63,0.004425190981926619,4425.190981926618,23963.75793972683,23951.96131249903
2016-10-06,215.78,0.0006956360432222031,695.636043222203,23963.75793972683,23950.010527301012
2016-10-07,215.04,-0.0034294188525350044,-3429.4188525350046,23963.75793972683,23947.999408540174
2016-10-10,216.16,0.005208333333333259,5208.333333333259,23963.75793972683,23945.926090230027
2016-10-11,213.43,-0.01262953367875641,-12629.53367875641,23963.75793972683,23943.788648673177
2016-10-12,213.71,0.0013119055428010284,1311.9055428010283,23963.75793972683,23941.585100676424
2016-10-13,213.01,-0.0032754667540125793,-3275.4667540125793,23963.75793972683,23939.313401710697
2016-10-14,213.12,0.0005164076803907403,516.4076803907402,23963.75793972683,23936.971444014074
2016-10-17,212.38,-0.00347222222222221,-3472.22222222221,23963.75793972683,23933.31577319884
2016-10-18,213.71,0.006262359920896632,6262.359920896632,23963.75793972683,23919.56317032197
2016-10-19,214.28,0.0026671657854100417,2667.1657854100417,23963.75793972683,23905.3852292118
2016-10-20,213.88,-0.0018667164457719654,-1866.7164457719655,23963.75793972683,23890.7687950776
2016-10-21,213.98,0.00046755189826064303,467.55189826064304,23963.75793972683,23875.70030627946
2016-10-24,214.89,0.004252733900364403,4252.733900364403,23963.75793972683,23860.165781745294
2016-10-25,214.17,-0.0033505514449253537,-3350.5514449253537,23963.75793972683,23844.150807998732
2016-10-26,213.74,-0.0020077508521266774,-2007.7508521266773,23963.75793972683,23827.64052578578
2016-10-27,213.17,-0.002666791428838855,-2666.791428838855,23963.75793972683,23810.61961628789
2016-10-28,212.54,-0.002955387718722169,-2955.3877187221688,23963.75793972683,23793.072286908624
2016-10-31,212.55,4.704996706506037e-05,47.04996706506037,23963.75793972683,23774.982256620722
2016-11-01,211.01,-0.0072453540343450085,-7245.354034345009,23963.75793972683,23756.332740859994
2016-11-02,209.74,-0.006018672100848166,-6018.672100848165,23963.75793972683,23737.10643595203
2016-11-03,208.78,-0.004577095451511415,-4577.0954515114145,23963.75793972683,23717.28550305722
2016-11-04,208.55,-0.0011016380879393939,-1101.638087939394,23963.75793972683,23696.851551619275
2016-11-07,213.15,0.022057060656916816,22057.060656916816,23963.75793972683,23675.785622301803
2016-11-08,214.11,0.0045038705137228074,4503.870513722807,23963.75793972683,23654.068169397193
2016-11-09,216.3792,0.010598290598290427,10598.290598290427,23963.75793972683,23631.679042691412
2016-11-10,216.92,0.002499316015587505,2499.316015587505,23963.75793972683,18613.640832545876
2016-11-11,216.42,-0.0023049972340033476,-2304.9972340033473,23963.75793972683,17827.28964345877
2016-11-14,216.59,0.0007855096571482978,785.5096571482978,23963.75793972683,17591.037949802296
2016-11-15,218.28,0.007802760976961087,7802.760976961087,23963.75793972683,17273.783409974214
2016-11-16,217.87,-0.0018783214220267075,-1878.3214220267075,23963.75793972683,16417.06689776458
2016-11-17,218.99,0.005140680222150751,5140.6802221507505,23963.75793972683,15533.853998579387
2016-11-18,218.5,-0.002237545093383253,-2237.545093383253,23963.75793972683,15083.049076557096
2016-11-21,220.15,0.007551487414187763,7551.487414187763,23963.75793972683,15019.606152183573
2016-11-22,220.58,0.0019532137179196774,1953.2137179196773,23963.75793972683,14954.201075509836
2016-11-23,220.7,0.0005440203100914864,544.0203100914864,23963.75793972683,14886.7731614132
2016-11-25,221.52,0.003715450838241985,3715.450838241985,23963.75793972683,14817.259847911515
2016-11-28,220.48,-0.0046948356807512415,-4694.835680751242,23963.75793972683,14745.596638115961
2016-11-29,220.91,0.00195029027576199,1950.29027576199,23963.75793972683,14671.717040388588
2016-11-30,220.38,-0.0023991670816169153,-2399.1670816169153,23963.75793972683,14595.552506649028
2016-12-01,219.57,-0.00367546964334331,-3675.46964334331,23963.75793972683,14517.03236877319
2016-12-02,219.68,0.0005009791865919766,500.9791865919766,23963.75793972683,14436.083773024908
2016-12-05,221.0,0.006008739985433387,6008.739985433387,23963.75793972683,14363.377661063294
2016-12-06,221.7,0.0031674208144796268,3167.4208144796266,23963.75793972683,14317.736860630113
2016-12-07,224.6,0.013080739738385194,13080.739738385195,23963.75793972683,14270.684489049518
2016-12-08,225.15,0.0024487978628673357,2448.797862867336,23963.75793972683,14222.17688948189
2016-12-09,226.51,0.006040417499444839,6040.4174994448385,23963.75793972683,14169.701960184608
2016-12-12,226.25,-0.0011478521919561224,-1147.8521919561224,23963.75793972683,14118.147491518836
2016-12-13,227.76,0.0066740331491712546,6674.033149171255,23963.75793972683,14064.998554749996
2016-12-14,225.88,-0.00825430277485073,-8254.30277485073,23963.75793972683,14010.205836431607
2016-12-15,226.81,0.004117230387816528,4117.2303878165285,23963.75793972683,12629.632943654306
2016-12-16,225.04,-0.007803888717428764,-7803.888717428764,23963.75793972683,12629.624511277649
2016-12-19,225.53,0.0021773906861002335,2177.3906861002333,23963.75793972683,12629.616226812972
2016-12-20,226.4,0.0038575799228484087,3857.579922848409,23963.75793972683,12629.60768612774
2016-12-21,225.77,-0.0027826855123674887,-2782.6855123674886,23963.75793972683,12629.598881297601
2016-12-22,225.38,-0.001727421712362176,-1727.421712362176,23963.75793972683,12629.58980415313
2016-12-23,225.71,0.0014641938060164783,1464.1938060164782,23963.75793972683,12629.580446272232
2016-12-27,226.27,0.0024810597669575607,2481.059766957561,23963.75793972683,12629.570798972338
2016-12-28,224.4,-0.008264462809917328,-8264.462809917328,23963.75793972683,12629.560853302342
2016-12-29,224.35,-0.00022281639928700692,-222.8163992870069,23963.75793972683,12629.550600034307
2016-12-30,223.53,-0.003655003342990848,-3655.003342990848,23963.75793972683,12629.53950817406
2017-01-03,225.24,0.007649979868474155,7649.9798684741545,23963.75793972683,12628.752268799562
2017-01-04,226.58,0.005949209731841654,5949.209731841654,23963.75793972683,12522.31891872271
2017-01-05,226.4,-0.0007944213964162783,-794.4213964162783,22725.182165786966,12442.391219965979
2017-01-06,227.21,0.003577738515901041,3577.738515901041,22725.182165786966,12363.86552976949
2017-01-09,226.46,-0.0033009110514502504,-3300.9110514502504,22725.182165786966,12282.911209979291
2017-01-10,226.46,0.0,0.0,22725.182165786966,12199.453148339913
2017-01-11,227.1,0.0028261061556125178,2826.106155612518,20282.29251226448,12109.169235657135
2017-01-12,226.53,-0.002509907529722577,-2509.9075297225772,20282.29251226448,12020.468989467978
2017-01-13,227.05,0.002295501699554281,2295.501699554281,18546.433690336282,10078.321002553455
2017-01-17,226.25,-0.0035234529839243134,-3523.4529839243132,18546.433690336282,9424.490195996797
2017-01-18,226.75,0.0022099447513812542,2209.9447513812543,18546.433690336282,9306.71282632087
2017-01-19,225.91,-0.003704520396912936,-3704.5203969129357,18546.433690336282,9083.379103558453
2017-01-20,226.74,0.003674029480766672,3674.029480766672,18546.433690336282,9075.508477236126
2017-01-23,226.15,-0.0026020993208080156,-2602.099320808016,18546.433690336282,9066.99412972211
2017-01-24,227.6,0.006411673667919393,6411.673667919393,18546.433690336282,9058.629132036567
2017-01-25,229.57,0.008655536028119526,8655.536028119526,18546.433690336282,9049.579979614402
2017-01-26,229.33,-0.0010454327656052032,-1045.4327656052033,18546.433690336282,9021.578416331195
2017-01-27,228.97,-0.0015697902585793955,-1569.7902585793954,18546.433690336282,8985.783918798466
2017-01-30,227.55,-0.006201685810368063,-6201.685810368062,18546.433690336282,8948.882374950292
2017-01-31,227.53,-8.789277081966418e-05,-87.89277081966418,18230.78978393161,8908.96273510718
2017-02-01,227.62,0.0003955522348702001,395.5522348702001,18230.78978393161,8878.025654639825
2017-02-02,227.77,0.0006589930586065051,658.9930586065052,18230.78978393161,8876.110827330607
2017-02-03,229.34,0.006892918294771011,6892.9182947710115,15906.802030700836,8874.039390513217
2017-02-06,228.93,-0.0017877387285253343,-1787.7387285253344,15906.802030700836,8865.080350920867
2017-02-07,228.94,4.368147468647443e-05,43.68147468647443,15906.802030700836,8808.464027571066
2017-02-08,229.24,0.0013103870009609775,1310.3870009609775,15906.802030700836,8750.096683911479
2017-02-09,230.6,0.005932647007502956,5932.647007502956,15906.802030700836,8704.069587898492
2017-02-10,231.51,0.0039462272333044,3946.2272333044,15906.802030700836,8682.805225003254
2017-02-13,232.77,0.005442529480368163,5442.529480368164,15906.802030700836,8660.883201399916
2017-02-14,233.7,0.003995360226833222,3995.3602268332224,15906.802030700836,8638.283177066578
2017-02-15,234.92,0.005220367993153507,5220.367993153507,15906.802030700836,8614.984182908498
2017-02-16,234.72,-0.0008513536523071519,-851.3536523071518,15906.802030700836,8590.96460130223
2017-02-17,235.09,0.0015763462849351928,1576.346284935193,15906.802030700836,8566.202146038037
2017-02-21,236.49,0.00595516610659752,5955.16610659752,15906.802030700836,8539.414424097597
2017-02-22,236.28,-0.0008879868070531538,-887.9868070531538,15906.802030700836,8513.096584514013
2017-02-23,236.44,0.0006771626883359527,677.1626883359527,15906.802030700836,8485.964791128876
2017-02-24,236.74,0.0012688208424971315,1268.8208424971315,15906.802030700836,8457.993870113269
2017-02-27,237.11,0.0015628960040550144,1562.8960040550144,15906.802030700836,8429.157869066252
2017-02-28,236.47,-0.0026991691619924207,-2699.169161992421,15906.802030700836,8399.430032935306
2017-03-01,239.78,0.013997547257580178,13997.547257580178,15906.802030700836,8368.782779192064
2017-03-02,238.27,-0.006297439319376097,-6297.439319376097,15906.802030700836,8337.187672240269
2017-03-03,238.42,0.0006295379191672001,629.5379191672001,15906.802030700836,8304.61539703223
2017-03-06,237.71,-0.0029779380924418453,-2977.938092441845,15906.802030700836,8271.035731869306
2017-03-07,237.0,-0.0029868326953009783,-2986.8326953009782,15906.802030700836,8264.072291425122
2017-03-08,236.56,-0.0018565400843881807,-1856.5400843881807,15906.802030700836,8263.603864830504
2017-03-09,236.86,0.001268177206628307,1268.177206628307,15906.802030700836,8263.120950815435
2017-03-10,237.69,0.0035041796842014694,3504.1796842014696,15906.802030700836,8262.623101315363
2017-03-13,237.81,0.0005048592704783861,504.85927047838607,15906.802030700836,8262.109854408072
2017-03-14,236.9,-0.0038265842479290324,-3826.5842479290322,15906.802030700836,8261.580733885094
2017-03-15,238.95,0.008653440270156132,8653.440270156132,15906.802030700836,8261.035248809856
2017-03-16,238.48,-0.00196693869010256,-1966.9386901025598,15906.802030700836,8260.47289306219
2017-03-17,237.03,-0.0060801744381079326,-6080.1744381079325,15906.802030700836,8259.893144868718
2017-03-20,236.77,-0.0010969075644432502,-1096.9075644432503,15906.802030700836,8259.295466318748
2017-03-21,233.73,-0.012839464459179828,-12839.464459179828,15906.802030700836,8258.67930286517
2017-03-22,234.28,0.0023531425148677343,2353.1425148677345,15906.802030700836,13475.83373529606
2017-03-23,234.03,-0.0010670991975414434,-1067.0991975414433,15906.802030700836,13444.770446265413
2017-03-24,233.86,-0.0007264025979574207,-726.4025979574207,15906.802030700836,13412.746436955467
2017-03-27,233.62,-0.0010262550243735902,-1026.2550243735902,15906.802030700836,13379.731994367894
2017-03-28,235.32,0.007276774248780038,7276.774248780038,15906.802030700836,13345.696486545652
2017-03-29,235.54,0.0009348971613123425,934.8971613123424,15906.802030700836,13310.60833415159
2017-03-30,236.29,0.0031841725396959397,3184.1725396959396,15906.802030700836,13274.43498116802
2017-03-31,235.74,-0.0023276482288712153,-2327.6482288712155,15906.802030700836,13237.142864690113
2017-04-03,235.33,-0.0017392042080257575,-1739.2042080257575,15906.802030700836,13198.697383785055
2017-04-04,235.48,0.0006374027960736051,637.402796073605,15906.802030700836,13159.062867388087
2017-04-05,234.78,-0.0029726516052318575,-2972.6516052318575,15906.802030700836,13118.202541205646
2017-04-06,235.44,0.0028111423460259743,2811.1423460259743,15906.802030700836,13076.078493594883
2017-04-07,235.2,-0.0010193679918450993,-1019.3679918450993,15906.802030700836,13032.651640387909
2017-04-10,235.34,0.0005952380952380931,595.2380952380931,15906.802030700836,12987.881688628144
2017-04-11,235.06,-0.0011897679952409534,-1189.7679952409535,15906.802030700836,12941.727099185086
2017-04-12,234.03,-0.004381859950650879,-4381.859950650879,15906.802030700836,12894.145048212862
2017-04-13,232.51,-0.006494893817032055,-6494.893817032054,15906.802030700836,12845.091387416753
2017-04-17,234.57,0.008859833985634946,8859.833985634947,15906.802030700836,12833.416973123349
2017-04-18,233.87,-0.0029841838257236297,-2984.1838257236295,15906.802030700836,12826.401895199648
2017-04-19,233.44,-0.0018386282977722601,-1838.62829777226,15906.802030700836,12819.169856103048
2017-04-20,235.34,0.008139136394790913,8139.136394790913,15906.802030700836,12811.714145694184
2017-04-21,234.59,-0.00318687855868105,-3186.87855868105,15906.802030700836,12804.027846303601
2017-04-24,237.17,0.01099791124941385,10997.91124941385,15906.802030700836,12796.10382631331
2017-04-25,238.55,0.005818611122823336,5818.611122823336,15906.802030700836,12787.934733539814
2017-04-26,238.4,-0.0006287989939216532,-628.7989939216532,15906.802030700836,12779.512988412498
2017-04-27,238.6,0.0008389261744965459,838.926174496546,15906.802030700836,12770.830776941038
2017-04-28,238.08,-0.0021793797150041483,-2179.3797150041482,15906.802030700836,12761.880043465308
2017-05-01,238.68,0.002520161290322509,2520.161290322509,15906.802030700836,12752.652483181048
2017-05-02,238.77,0.00037707390648566985,377.07390648566985,15906.802030700836,12743.13953443439
2017-05-03,238.48,-0.0012145579427902398,-1214.5579427902398,15906.802030700836,12733.33237077804
2017-05-04,238.76,0.0011741026501175256,1174.1026501175256,15906.802030700836,12723.221892781803
2017-05-05,239.7,0.003937007874015741,3937.007874015741,15906.802030700836,12712.798719589808
2017-05-08,239.66,-0.00016687526074254944,-166.87526074254944,15906.802030700836,12702.053180216615
2017-05-09,239.44,-0.0009179671200867379,-917.9671200867379,15906.802030700836,12690.975304574149
2017-05-10,239.87,0.0017958569996658902,1795.8569996658903,15906.802030700836,12679.55481422109
2017-05-11,239.38,-0.0020427731687997497,-2042.7731687997498,15906.802030700836,12667.781112826186
2017-05-12,238.98,-0.0016709833737154067,-1670.9833737154067,15906.802030700836,12655.643276336594
2017-05-15,240.3,0.005523474767763048,5523.474767763048,15906.802030700836,12643.130042842167
2017-05-16,240.08,-0.0009155222638368432,-915.5222638368432,15906.802030700836,12630.229802126265
2017-05-17,235.82,-0.01774408530489846,-17744.08530489846,15906.802030700836,9128.365594677902
2017-05-18,236.77,0.004028496310745533,4028.496310745533,17564.72005352165,19877.151087443974
2017-05-19,238.31,0.006504202390505531,6504.202390505531,17564.72005352165,19750.243108946248
2017-05-22,239.52,0.0050774201670094055,5077.420167009405,17564.72005352165,19619.410141422817
2017-05-23,240.05,0.0022127588510354457,2212.758851035446,17564.72005352165,19484.530793460523
2017-05-24,240.61,0.002332847323474274,2332.847323474274,17564.72005352165,19345.479919272584
2017-05-25,241.76,0.004779518723244891,4779.518723244891,17564.72005352165,19202.12850258399
2017-05-26,241.71,-0.00020681667769684164,-206.81667769684165,17564.72005352165,19054.343536925648
2017-05-30,241.5,-0.0008688097306690512,-868.8097306690512,17564.72005352165,18901.987902226323
2017-05-31,241.44,-0.0002484472049689712,-248.44720496897122,17564.72005352165,18744.920237587845
2017-06-01,243.36,0.007952286282306265,7952.286282306264,17564.72005352165,18582.994810125496
2017-06-02,244.17,0.003328402366863825,3328.402366863825,17564.72005352165,18416.06137975194
2017-06-05,243.99,-0.0007371913011425812,-737.1913011425812,17564.72005352165,18243.965059779202
2017-06-06,243.21,-0.0031968523300135443,-3196.8523300135444,17564.72005352165,18066.54617320937
2017-06-07,243.66,0.0018502528678918662,1850.2528678918661,17564.72005352165,17883.640104580678
2017-06-08,243.78,0.0004924895345974623,492.48953459746224,17564.72005352165,17741.17530332707
2017-06-09,243.41,-0.0015177619164821188,-1517.7619164821187,17564.72005352165,17729.632547907408
2017-06-12,243.36,-0.00020541473234458874,-205.41473234458874,17564.72005352165,17717.732800052087
2017-06-13,244.55,0.00488987508218286,4889.87508218286,17564.72005352165,17705.46501875794
2017-06-14,244.24,-0.0012676344305867504,-1267.6344305867503,17564.72005352165,17692.81782154748
2017-06-15,243.77,-0.0019243367179823112,-1924.3367179823113,17564.72005352165,17679.77947390783
2017-06-16,242.64,-0.004635517085777696,-4635.517085777697,17564.72005352165,17666.337878403036
2017-06-19,244.66,0.008325090669304425,8325.090669304425,17564.72005352165,17652.48056344964
2017-06-20,243.01,-0.0067440529714706265,-6744.052971470626,17564.72005352165,17638.19467174511
2017-06-21,242.95,-0.0002469034196124209,-246.90341961242092,17564.72005352165,17623.466948338377
2017-06-22,242.84,-0.0004527680592714134,-452.7680592714134,17564.72005352165,17608.283728331437
2017-06-23,243.13,0.0011942019436665952,1194.201943666595,15906.802030700836,17591.858706201478
2017-06-26,243.29,0.000658084152511007,658.084152511007,13622.852792541822,16201.741619406392
2017-06-27,241.33,-0.00805622919149973,-8056.22919149973,13622.852792541822,16049.342706063018
2017-06-28,243.49,0.008950399867401426,8950.399867401426,13622.852792541822,15892.230424265726
2017-06-29,241.35,-0.008788861965583816,-8788.861965583816,13622.852792541822,15730.258999732434
2017-06-30,241.8,0.0018645121193288094,1864.5121193288094,13622.852792541822,15563.278149698115
2017-07-03,242.21,0.0016956162117451878,1695.616211745188,13622.852792541822,15391.132943477167
2017-07-05,242.77,0.0023120432682384173,2312.043268238417,13622.852792541822,15213.663658713302
2017-07-06,240.55,-0.009144457717180865,-9144.457717180865,13622.852792541822,15030.705633183543
2017-07-07,242.11,0.006485138224901377,6485.138224901377,13622.852792541822,14842.089112018846
2017-07-10,242.37,0.0010738920325470414,1073.8920325470413,13622.852792541822,14647.63909019957
2017-07-11,242.19,-0.0007426661715559391,-742.6661715559391,13622.852792541822,14447.175150179695
2017-07-12,244.01,0.007514761137949577,7514.7611379495775,13622.852792541822,14170.076268217244
2017-07-13,244.42,0.001680259005778506,1680.259005778506,13622.852792541822,13845.868139791008
2017-07-14,245.56,0.004664102773913825,4664.102773913825,13622.852792541822,13511.632955846439
2017-07-17,245.53,-0.00012216973448442303,-122.16973448442303,13622.852792541822,13167.0606012644
2017-07-18,245.66,0.0005294668675925873,529.4668675925873,13622.852792541822,12835.74624855778
2017-07-19,246.99,0.005413986811039662,5413.986811039662,13622.852792541822,12786.469560976942
2017-07-20,247.1,0.00044536216041124455,445.36216041124453,13622.852792541822,12735.668852130719
2017-07-21,246.88,-0.0008903278025090833,-890.3278025090833,13622.852792541822,12683.296987340796
2017-07-24,246.82,-0.00024303305249517848,-243.03305249517848,13622.852792541822,12629.123350429023
2017-07-25,247.42,0.0024309213191799905,2430.9213191799904,13622.852792541822,12529.083875111346
2017-07-26,247.43,4.041710451874181e-05,40.41710451874181,13622.852792541822,12425.9503954024
2017-07-27,247.2,-0.0009295558339733612,-929.5558339733611,13622.852792541822,12319.627220444727
2017-07-28,246.91,-0.0011731391585759754,-1173.1391585759754,13622.852792541822,12210.015699869802
2017-07-31,246.77,-0.0005670082216191474,-567.0082216191474,13622.852792541822,12097.014132266788
2017-08-01,247.32,0.0022287960449001165,2228.7960449001166,13622.852792541822,11980.517670820382
2017-08-02,247.44,0.00048520135856389146,485.20135856389146,13622.852792541822,11860.418226030273
2017-08-03,246.96,-0.0019398642095053154,-1939.8642095053153,13622.852792541822,11736.604365421916
2017-08-04,247.41,0.0018221574344023939,1822.1574344023938,13622.852792541822,11608.961210155563
2017-08-07,247.87,0.0018592619538417843,1859.2619538417844,13622.852792541822,11477.370328437677
2017-08-08,247.26,-0.0024609674426111505,-2460.9674426111505,13622.852792541822,11341.70962563573
2017-08-09,247.25,-4.044325810881322e-05,-40.44325810881322,13622.852792541822,11201.85323099455
2017-08-10,243.76,-0.014115267947421684,-14115.267947421684,13622.852792541822,11057.671380849002
2017-08-11,244.12,0.0014768624876928538,1476.8624876928538,14247.996501780333,14289.175227365213
2017-08-14,246.54,0.009913157463542488,9913.157463542488,14247.996501780333,14283.81686043308
2017-08-15,246.51,-0.00012168410805546426,-121.68410805546426,14247.996501780333,14278.292770812324
2017-08-16,246.94,0.0017443511419414914,1744.3511419414915,14247.996501780333,14272.597833058968
2017-08-17,243.09,-0.015590831780999403,-15590.831780999404,14247.996501780333,14266.726763210147
2017-08-18,242.71,-0.0015632070426591094,-1563.2070426591094,14995.329015557572,16759.280641300957
2017-08-21,242.9,0.0007828272423879845,782.8272423879845,14995.329015557572,16720.43557545362
2017-08-22,245.44,0.010456978180320986,10456.978180320986,14995.329015557572,16680.38911581719
2017-08-23,244.56,-0.003585397653194211,-3585.397653194211,14995.329015557572,16639.104105882725
2017-08-24,243.99,-0.0023307163886162607,-2330.7163886162607,14995.329015557572,16596.542239970906
2017-08-25,244.56,0.0023361613180867824,2336.1613180867826,14995.329015557572,16552.66402769068
2017-08-28,244.57,4.0889761203866115e-05,40.889761203866115,14995.329015557572,16507.428757298694
2017-08-29,244.85,0.001144866500388364,1144.866500388364,14995.329015557572,16460.794457925513
2017-08-30,246.01,0.004737594445578974,4737.594445578974,14995.329015557572,16412.717860633576
2017-08-31,247.49,0.006016015609121572,6016.015609121572,14995.329015557572,16363.154358270753
2017-09-01,247.84,0.0014141985534767976,1414.1985534767975,14995.329015557572,16312.057964082274
2017-09-05,246.06,-0.007182052937378947,-7182.052937378947,14995.329015557572,16259.381269042606
2017-09-06,246.9,0.003413801511826353,3413.8015118263534,14995.329015557572,16205.075397867691
2017-09-07,246.87,-0.00012150668286758926,-121.50668286758926,14995.329015557572,16149.089963666747
2017-09-08,246.58,-0.0011747073358447935,-1174.7073358447935,14247.996501780333,16088.525604111572
2017-09-11,249.21,0.010665909643928995,10665.909643928995,14247.996501780333,16029.02360155982
2017-09-12,250.05,0.003370651257975199,3370.651257975199,13490.124238183173,15967.68133088791
2017-09-13,250.17,0.0004799040191960646,479.9040191960646,13490.124238183173,15904.441876586972
2017-09-14,250.09,-0.00031978254786735327,-319.7825478673533,13490.124238183173,15839.246562874667
2017-09-15,249.19,-0.0035987044663920997,-3598.7044663920997,13490.124238183173,15772.034899253731
2017-09-18,249.72,0.002126891127252284,2126.8911272522837,13490.124238183173,15702.744524386788
2017-09-19,249.97,0.0010011212558065363,1001.1212558065363,13490.124238183173,15631.311148235302
2017-09-20,250.06,0.00036004320518467914,360.04320518467915,13490.124238183173,15576.864671440158
2017-09-21,249.39,-0.002679356954330969,-2679.356954330969,13490.124238183173,15544.889958241507
2017-09-22,249.44,0.0002004891936324693,200.48919363246932,13490.124238183173,15511.926336387227
2017-09-25,248.93,-0.0020445798588838437,-2044.5798588838438,13490.124238183173,15477.943221073536
2017-09-26,249.08,0.0006025790382839791,602.5790382839791,13490.124238183173,15442.909081574886
2017-09-27,250.05,0.003894331138589946,3894.331138589946,13490.124238183173,15406.79141198865
2017-09-28,250.35,0.0011997600479902726,1199.7600479902726,13490.124238183173,15369.556701075004
2017-09-29,251.23,0.0035150788895546015,3515.0788895546016,13490.124238183173,15331.170401164027
2017-10-02,252.32,0.004338653823189986,4338.653823189987,13490.124238183173,15291.596896101166
2017-10-03,252.86,0.0021401395053901595,2140.1395053901597,13490.124238183173,15250.799468201309
2017-10-04,253.16,0.0011864272720081281,1186.427272008128,13490.124238183173,15208.740264180837
2017-10-05,254.66,0.005925106651919698,5925.106651919698,13490.124238183173,15165.380260036021
2017-10-06,254.37,-0.00113877326631584,-1138.7732663158401,13490.124238183173,15120.67922483518
2017-10-09,253.95,-0.0016511381059087782,-1651.1381059087782,13490.124238183173,15074.595683391013
2017-10-10,254.62,0.0026383146288639914,2638.3146288639914,13490.124238183173,15027.08687777847
2017-10-11,255.02,0.0015709685020814934,1570.9685020814934,13490.124238183173,14978.10872766245
2017-10-12,254.64,-0.0014900792094738602,-1490.0792094738601,13490.124238183173,14927.615789398507
2017-10-13,254.95,0.001217404963870461,1217.404963870461,13490.124238183173,14875.56121386867
2017-10-16,255.29,0.0013335948225141614,1333.5948225141615,13490.124238183173,14821.89670301317
2017-10-17,255.47,0.000705080496690158,705.080496690158,13490.124238183173,14766.572465017807
2017-10-18,255.72,0.0009785884839708103,978.5884839708103,13490.124238183173,14709.537168115372
2017-10-19,255.79,0.00027373689973408943,273.73689973408943,13490.124238183173,14650.737892958221
2017-10-20,257.11,0.005160483208882294,5160.483208882294,13490.124238183173,14590.12008351786
2017-10-23,256.11,-0.0038893858659717617,-3889.3858659717616,13490.124238183173,14527.627496465942
2017-10-24,256.56,0.0017570575143492917,1757.0575143492918,13490.124238183173,14463.202148989738
2017-10-25,255.29,-0.00495010913626448,-4950.10913626448,13490.124238183173,14396.78426499365
2017-10-26,255.62,0.0012926475772652157,1292.6475772652157,13490.124238183173,14328.31221963686
2017-10-27,257.71,0.008176199045458077,8176.199045458077,13490.124238183173,14257.722482155632
2017-10-30,256.75,-0.0037251173800006976,-3725.1173800006977,13490.124238183173,14184.949556917254
2017-10-31,257.15,0.0015579357351507284,1557.9357351507283,13490.124238183173,14105.73767832001
2017-11-01,257.49,0.0013221854948475276,1322.1854948475275,13490.124238183173,13967.754663322557
2017-11-02,257.59,0.0003883645966833438,388.3645966833438,13490.124238183173,13825.50413239735
2017-11-03,258.45,0.0033386389223184487,3338.6389223184487,13490.124238183173,13678.854100515691
2017-11-06,258.85,0.0015476881408398313,1547.6881408398312,13490.124238183173,13527.668500637692
2017-11-07,258.67,-0.000695383426695062,-695.383426695062,13490.124238183173,13371.807057464499
2017-11-08,259.11,0.001701009007615939,1701.009007615939,13490.124238183173,13211.125157285946
2017-11-09,258.17,-0.0036278028636486104,-3627.8028636486106,13490.124238183173,13045.473713802905
2017-11-10,258.09,-0.00030987333927268157,-309.87333927268156,13490.124238183173,12874.699029799769
2017-11-13,258.33,0.0009299081715681279,929.9081715681278,13490.124238183173,12010.304143491316
2017-11-14,257.73,-0.002322610614330367,-2322.6106143303673,13490.124238183173,10941.621823588599
2017-11-15,256.44,-0.005005238039809234,-5005.238039809235,13490.124238183173,9839.887473173416
2017-11-16,258.62,0.008501013882389774,8501.013882389774,13490.124238183173,9119.618176647564
2017-11-17,257.86,-0.0029386745031320105,-2938.6745031320106,13490.124238183173,9053.571567705849
2017-11-20,258.3,0.001706352284185142,1706.352284185142,13490.124238183173,8985.482280137072
2017-11-21,259.99,0.00654277971351136,6542.77971351136,13490.124238183173,8915.28713831359
2017-11-22,259.76,-0.0008846494095927637,-884.6494095927637,13490.124238183173,8842.921012722372
2017-11-24,260.36,0.0023098244533417134,2309.8244533417133,13490.124238183173,8725.700445993614
2017-11-27,260.23,-0.0004993086495621579,-499.30864956215794,13490.124238183173,8489.253384037598
2017-11-28,262.87,0.010144871844137926,10144.871844137926,13490.124238183173,8254.56062163227
2017-11-29,262.71,-0.0006086658804733691,-608.6658804733692,13490.124238183173,8153.2102584875165
2017-11-30,265.01,0.00875490084123176,8754.900841231762,13490.124238183173,8046.7568329098685
2017-12-01,264.46,-0.0020753933813818515,-2075.3933813818517,13490.124238183173,7909.755752196033
2017-12-04,264.14,-0.0012100128563865553,-1210.0128563865553,13490.124238183173,7783.401468846138
2017-12-05,263.19,-0.0035965775724994264,-3596.5775724994264,13490.124238183173,7699.065185818083
2017-12-06,263.24,0.00018997682282773098,189.97682282773098,13490.124238183173,7612.120564139672
2017-12-07,264.07,0.003153016258927055,3153.016258927055,13490.124238183173,7522.486933543375
2017-12-08,265.51,0.0054530995569357366,5453.0995569357365,13490.124238183173,7430.0811288049235
2017-12-11,266.31,0.0030130691876013582,3013.0691876013584,13490.124238183173,7334.817412579716
2017-12-12,266.78,0.0017648605009199514,1764.8605009199514,13490.124238183173,7236.607395852698
2017-12-13,266.75,-0.00011245220781153087,-112.45220781153087,13490.124238183173,7151.558678539907
2017-12-14,265.66,-0.004086223055295157,-4086.2230552951573,13490.124238183173,7089.978466280915
2017-12-15,266.51,0.003199578408491943,3199.5784084919433,13490.124238183173,7023.361744092937
2017-12-18,268.2,0.0063412254699635184,6341.225469963519,13490.124238183173,6957.913543158734
2017-12-19,267.17,-0.0038404175988067113,-3840.4175988067113,13490.124238183173,6890.441171061618
2017-12-20,267.03,-0.0005240109293709327,-524.0109293709328,13490.124238183173,6820.882024569745
2017-12-21,267.58,0.0020596936673782373,2059.6936673782375,13490.124238183173,6749.171564268845
2017-12-22,267.51,-0.0002616040062785041,-261.60400627850413,13490.124238183173,6554.841121797841
2017-12-26,267.19,-0.0011962169638517484,-1196.2169638517485,13490.124238183173,6077.231681711696
2017-12-27,267.32,0.00048654515513302243,486.54515513302243,13490.124238183173,6026.209600115717
2017-12-28,267.87,0.002057459224898972,2057.459224898972,13490.124238183173,5976.082494807953
2017-12-29,266.86,-0.003770485683353808,-3770.485683353808,13490.124238183173,5924.405066655618
2018-01-02,268.77,0.007157310949561513,7157.310949561513,13490.124238183173,5871.129367529499
2018-01-03,270.47,0.006325110689437308,6325.110689437308,13490.124238183173,5816.205966368552
2018-01-04,271.61,0.00421488519983737,4214.88519983737,13490.124238183173,5759.58390331603
2018-01-05,273.42,0.006663966716983882,6663.966716983882,13490.124238183173,5701.210642437141
2018-01-08,273.92,0.0018286884646332435,1828.6884646332435,13490.124238183173,5641.032022974368
2018-01-09,274.54,0.0022634345794392274,2263.4345794392275,13490.124238183173,5578.992209095222
2018-01-10,274.12,-0.0015298317185110655,-1529.8317185110654,13490.124238183173,5515.033638085792
2018-01-11,276.12,0.007296074711805156,7296.074711805156,13490.124238183173,5449.096966942051
2018-01-12,277.92,0.006518904823989535,6518.9048239895355,13490.124238183173,5381.121017309327
2018-01-16,276.97,-0.0034182498560736407,-3418.249856073641,13490.124238183173,5311.042718718891
2018-01-17,279.61,0.009531718236632125,9531.718236632125,13490.124238183173,5238.797050068955
2018-01-18,279.14,-0.00168091269983206,-1680.91269983206,13490.124238183173,5164.316979295828
2018-01-19,280.41,0.004549688328437496,4549.688328437495,13490.124238183173,5087.5334011792
2018-01-22,282.69,0.008130951107307105,8130.951107307105,13490.124238183173,5008.375073223913
2018-01-23,283.29,0.002122466305847448,2122.466305847448,13490.124238183173,5002.7596945350715
2018-01-24,283.18,-0.0003882946803629439,-388.2946803629439,13490.124238183173,5000.102556458704
2018-01-25,283.3,0.00042375874002398284,423.75874002398285,13490.124238183173,4997.363238854201
2018-01-26,286.58,0.011577832686198386,11577.832686198386,13490.124238183173,4994.539200086672
2018-01-29,284.68,-0.006629911368553176,-6629.9113685531765,13490.124238183173,4991.48418940835
2018-01-30,281.76,-0.010257130813545068,-10257.130813545067,13490.124238183173,6703.911092637759
2018-01-31,281.9,0.0004968767745598957,496.87677455989564,13490.124238183173,11454.864587625363
2018-02-01,281.58,-0.001135154310038966,-1135.154310038966,13490.124238183173,11401.718453578285
2018-02-02,275.45,-0.02177001207472118,-21770.01207472118,13490.124238183173,11346.928624663773
2018-02-05,263.93,-0.04182247231802494,-41822.47231802494,14867.805502546318,21770.01207472118
2018-02-06,269.13,0.0197021937634978,19702.1937634978,16688.99107818792,41822.47231802494
2018-02-07,267.67,-0.005424887600787631,-5424.8876007876315,16688.99107818792,41822.47231802494
2018-02-08,257.63,-0.03750887286584237,-37508.87286584237,16688.99107818792,41822.47231802494
2018-02-09,261.5,0.015021542522221765,15021.542522221765,19797.30795750804,41822.47231802494
2018-02-12,265.34,0.014684512428298158,14684.512428298158,19797.30795750804,41822.47231802494
2018-02-13,266.0,0.0024873746890783366,2487.374689078337,19797.30795750804,41822.47231802494
2018-02-14,269.59,0.013496240601503562,13496.240601503561,19797.30795750804,41822.47231802494
2018-02-15,273.03,0.012760117215030231,12760.117215030232,19797.30795750804,41822.47231802494
2018-02-16,273.11,0.00029300809434884556,293.0080943488456,19797.30795750804,41822.47231802494
2018-02-20,271.4,-0.006261213430486023,-6261.213430486024,19797.30795750804,41822.47231802494
2018-02-21,270.05,-0.004974207811348386,-4974.207811348386,19797.30795750804,41822.47231802494
2018-02-22,270.4,0.0012960562858728153,1296.0562858728154,19797.30795750804,41822.47231802494
2018-02-23,274.71,0.015939349112426004,15939.349112426005,19797.30795750804,41822.47231802494
2018-02-26,277.9,0.01161224564085761,11612.24564085761,19797.30795750804,41822.47231802494
2018-02-27,274.43,-0.012486505937387427,-12486.505937387426,19797.30795750804,41779.902961963206
2018-02-28,271.65,-0.010130087818387312,-10130.087818387312,19797.30795750804,41714.92679772978
2018-03-01,267.7,-0.014540769372354045,-14540.769372354045,19797.30795750804,41647.94106140666
2018-03-02,269.08,0.005155024280911524,5155.024280911524,19797.30795750804,41578.88360127973
2018-03-05,272.19,0.011557900995986303,11557.900995986303,19797.30795750804,41507.69034341692
2018-03-06,272.88,0.0025349939380578945,2534.9939380578944,19797.30795750804,41434.295232218145
2018-03-07,272.78,-0.00036646144825569493,-366.4614482556949,19797.30795750804,41358.63016912663
2018-03-08,274.1,0.004839064447540231,4839.064447540231,19797.30795750804,41280.624949444646
2018-03-09,278.87,0.017402407880335646,17402.407880335646,19797.30795750804,41200.20719719518
2018-03-12,278.52,-0.0012550650840894573,-1255.0650840894573,19797.30795750804,41117.30229796893
2018-03-13,276.72,-0.006462731581214798,-6462.731581214798,19797.30795750804,41031.83332969444
2018-03-14,275.3,-0.005131540907776899,-5131.540907776899,19797.30795750804,40943.72099126713
2018-03-15,275.0,-0.0010897203051217774,-1089.7203051217775,19797.30795750804,40852.883528970946
2018-03-16,274.2,-0.0029090909090909722,-2909.090909090972,19797.30795750804,40759.23666062435
2018-03-19,270.49,-0.01353026987600281,-13530.269876002809,19797.30795750804,40662.693497380445
2018-03-20,270.95,0.0017006173980553818,1700.6173980553817,19797.30795750804,40563.16446310838
2018-03-21,270.43,-0.0019191732792027683,-1919.1732792027683,19797.30795750804,40460.557211281506
2018-03-22,263.67,-0.024997226639056236,-24997.226639056236,19797.30795750804,40354.77653929504
2018-03-23,258.05,-0.021314521940304143,-21314.521940304145,23415.891502532053,40245.72430013373
2018-03-26,265.11,0.027359038945940606,27359.038945940607,23415.891502532053,40133.29931130764
2018-03-27,260.6,-0.01701180641997657,-17011.806419976572,23415.891502532053,40017.39726097146
2018-03-28,259.83,-0.002954719877206635,-2954.7198772066354,23415.891502532053,39897.91061114035
2018-03-29,263.15,0.012777585344263542,12777.585344263542,23415.891502532053,39774.72849791241
2018-04-02,257.47,-0.021584647539426016,-21584.647539426016,23415.891502532053,39647.73662860524
2018-04-03,260.77,0.01281702722647271,12817.02722647271,23415.891502532053,39516.817175711265
2018-04-04,263.56,0.010699083483529659,10699.08348352966,23415.891502532053,39381.84866757314
2018-04-05,265.64,0.00789194111397773,7891.941113977729,23415.891502532053,39242.70587567816
2018-04-06,259.72,-0.02228580033127525,-22285.80033127525,23415.891502532053,39099.25969846685
2018-04-09,261.0,0.004928384413984244,4928.384413984244,23668.627748243547,38951.37704154797
2018-04-10,265.15,0.015900383141762342,15900.383141762342,23668.627748243547,38798.920694208915
2018-04-11,263.76,-0.005242315670375253,-5242.315670375253,23668.627748243547,38641.749202106796
2018-04-12,265.93,0.00822717622080682,8227.17622080682,23668.627748243547,38479.71673602214
2018-04-13,265.15,-0.0029331026961983975,-2933.1026961983976,23668.627748243547,38312.672956553426
2018-04-16,267.33,0.008221761267207306,8221.761267207306,23668.627748243547,38140.462874626915
2018-04-17,270.19,0.010698387760445849,10698.387760445848,23668.627748243547,37962.926707692364
2018-04-18,270.39,0.0007402198452939324,740.2198452939324,23668.627748243547,37779.89973147118
2018-04-19,268.89,-0.005547542438699704,-5547.542438699704,23668.627748243547,37591.21212711944
2018-04-20,266.61,-0.008479303804529659,-8479.303804529658,23668.627748243547,37326.836236114184
2018-04-23,266.57,-0.00015003188177498128,-150.0318817749813,23668.627748243547,37001.428701923076
2018-04-24,262.98,-0.013467381925948096,-13467.381925948097,23668.627748243547,36665.957017189976
2018-04-25,263.63,0.0024716708494940676,2471.6708494940676,23668.627748243547,36320.10991952699
2018-04-26,266.31,0.010165762621856311,10165.762621856311,23668.627748243547,35963.566519874425
2018-04-27,266.56,0.0009387555855957519,938.7555855957519,23668.627748243547,35595.99600476869
2018-04-30,264.51,-0.007690576230492185,-7690.5762304921855,23668.627748243547,35217.05732940195
2018-05-01,264.98,0.0017768704396809998,1776.8704396809999,23668.627748243547,34826.39890118881
2018-05-02,263.2,-0.006717488112310432,-6717.488112310432,23668.627748243547,34423.65825354641
2018-05-03,262.62,-0.0022036474164133235,-2203.6474164133233,23668.627748243547,34008.461709585164
2018-05-04,266.02,0.012946462569491946,12946.462569491945,23668.627748243547,33580.42403539832
2018-05-07,266.92,0.0033832042703556553,3383.2042703556554,23668.627748243547,33139.14808262837
2018-05-08,266.92,0.0,0.0,23668.627748243547,32684.224419978946
2018-05-09,269.5,0.009665817473400118,9665.817473400119,23668.627748243547,32215.230953330047
2018-05-10,272.02,0.00935064935064922,9350.64935064922,23668.627748243547,31731.732534104383
2018-05-11,272.85,0.0030512462318947886,3051.2462318947887,23668.627748243547,31233.280555521218
2018-05-14,272.98,0.000476452263148186,476.45226314818603,23668.627748243547,30719.41253636332
2018-05-15,271.1,-0.006886951425012833,-6886.951425012833,23668.627748243547,30189.651691870647
2018-05-16,272.24,0.0042050903725561195,4205.090372556119,23668.627748243547,29643.506491362725
2018-05-17,272.01,-0.0008448427857773444,-844.8427857773444,23668.627748243547,29080.470202179313
2018-05-18,271.33,-0.002499908091614267,-2499.908091614267,23668.627748243547,28500.020419515997
2018-05-21,273.37,0.0075185198835368006,7518.519883536801,23668.627748243547,27901.618581718758
2018-05-22,272.61,-0.0027801148626402927,-2780.114862640293,23668.627748243547,27284.709470587586
2018-05-23,273.36,0.002751183008693703,2751.183008693703,23668.627748243547,26648.72069622555
2018-05-24,272.8,-0.0020485806262803274,-2048.5806262803276,23668.627748243547,25993.062165955416
2018-05-25,272.15,-0.0023826979472142407,-2382.6979472142407,23668.627748243547,25317.125536810952
2018-05-29,269.02,-0.011501010472166118,-11501.010472166117,23668.627748243547,24948.221855817676
2018-05-30,272.61,0.013344732733625797,13344.732733625797,23668.627748243547,24854.8264923094
2018-05-31,270.94,-0.00612596749935812,-6125.96749935812,23668.627748243547,24758.54261240396
2018-06-01,273.6,0.009817671809256856,9817.671809256855,23668.627748243547,24659.28088054268
2018-06-04,274.9,0.004751461988304007,4751.461988304007,23668.627748243547,24556.949198211463
2018-06-05,275.1,0.0007275372862860507,727.5372862860507,23668.627748243547,24451.45261848856
2018-06-06,277.4,0.008360596146855581,8360.596146855582,23668.627748243547,24342.693257949486
2018-06-07,277.37,-0.00010814708002870876,-108.14708002870876,23668.627748243547,24230.570205847347
2018-06-08,278.19,0.0029563399069834073,2956.339906983407,23668.627748243547,24114.97943048432
2018-06-11,278.56,0.0013300262410582686,1330.0262410582686,23668.627748243547,23995.81368268738
2018-06-12,278.92,0.001292360712234375,1292.360712234375,23668.627748243547,23872.962396298783
2018-06-13,278.03,-0.003190879105119948,-3190.8791051199482,23668.627748243547,23746.311585588894
2018-06-14,278.73,0.002517713915764608,2517.713915764608,23668.627748243547,23615.743739496218
2018-06-15,277.13,-0.00574032217558218,-5740.32217558218,23668.627748243547,23481.137712596556
2018-06-18,276.56,-0.0020567964493197755,-2056.7964493197755,23668.627748243547,23342.368612699996
2018-06-19,275.5,-0.00383280300838873,-3832.8030083887297,23668.627748243547,23199.307684971584
2018-06-20,275.97,0.0017059891107078506,1705.9891107078506,23668.627748243547,23051.82219246807
2018-06-21,274.24,-0.00626879733304353,-6268.79733304353,23668.627748243547,22899.775292979906
2018-06-22,274.74,0.0018232205367560983,1823.2205367560982,23668.627748243547,22743.025912064273
2018-06-25,271.0,-0.013612870350149242,-13612.870350149242,23668.627748243547,22581.428612151252
2018-06-26,271.6,0.0022140221402215943,2214.0221402215943,23668.627748243547,22414.833457601744
2018-06-27,269.35,-0.008284241531664183,-8284.241531664182,23668.627748243547,22274.683302303274
2018-06-28,270.89,0.005717467978466617,5717.467978466617,23668.627748243547,22228.601149655093
2018-06-29,271.28,0.0014396987707185893,1439.6987707185892,23668.627748243547,22181.093775790985
2018-07-02,271.86,0.002138012385727084,2138.0123857270837,23668.627748243547,22132.117101704276
2018-07-03,270.9,-0.003531229309203354,-3531.229309203354,23668.627748243547,22081.62568512004
2018-07-05,273.11,0.0081579918789223,8157.991878922299,23668.627748243547,22029.57267833217
2018-07-06,275.42,0.008458130423638854,8458.130423638855,23668.627748243547,21975.909784736425
2018-07-09,277.9,0.009004429598431285,9004.429598431285,23668.627748243547,21920.587214019164
2018-07-10,278.9,0.003598416696653395,3598.416696653395,23668.627748243547,21863.553635960132
2018-07-11,276.86,-0.007314449623520791,-7314.449623520792,23668.627748243547,21804.75613280649
2018-07-12,279.37,0.009065953911724378,9065.953911724378,23668.627748243547,21759.790934052835
2018-07-13,279.59,0.0007874861295056323,787.4861295056323,23668.627748243547,21735.10292631405
2018-07-16,279.34,-0.0008941664580278674,-894.1664580278674,23668.627748243547,21709.651371944172
2018-07-17,280.47,0.004045249516718252,4045.2495167182524,23668.627748243547,21683.412656098935
2018-07-18,281.06,0.002103611794487703,2103.6117944877033,23668.627748243547,21656.362433578073
2018-07-19,280.0,-0.003771436703906672,-3771.436703906672,23668.627748243547,21628.475606236978
2018-07-20,279.68,-0.0011428571428571122,-1142.8571428571122,23668.627748243547,21599.726299699763
2018-07-23,280.2,0.0018592677345536934,1859.2677345536933,23668.627748243547,21569.75264127602
2018-07-24,281.61,0.005032119914347044,5032.119914347044,23668.627748243547,21538.49407790495
2018-07-25,284.01,0.008522424629807013,8522.424629807012,23668.627748243547,21506.268754841993
2018-07-26,283.34,-0.002359071863666795,-2359.0718636667953,23668.627748243547,21473.04677230286
2018-07-27,281.42,-0.00677631114561994,-6776.311145619939,23668.627748243547,21438.79730576767
2018-07-30,279.95,-0.0052235093454623405,-5223.50934546234,23668.627748243547,21403.488577380882
2018-07-31,281.33,0.004929451687801345,4929.451687801345,23668.627748243547,21367.087826466664
2018-08-01,280.86,-0.001670635908008311,-1670.6359080083112,23668.627748243547,21329.561279132417
2018-08-02,282.39,0.005447553941465344,5447.553941465344,23668.627748243547,20919.27642651475
2018-08-03,283.6,0.004284854279542616,4284.854279542616,23668.627748243547,20252.667820290222
2018-08-06,284.64,0.0036671368124117087,3667.136812411709,23668.627748243547,19565.442453048432
2018-08-07,285.58,0.003302417088251852,3302.4170882518524,23668.627748243547,18856.962693005356
2018-08-08,285.46,-0.0004201974928216279,-420.19749282162786,23668.627748243547,18126.5711878063
2018-08-09,285.07,-0.0013662159321795597,-1366.2159321795598,23668.627748243547,17373.59025461141
2018-08-10,283.16,-0.006700108745220312,-6700.108745220312,23668.627748243547,16748.695363180825
2018-08-13,282.1,-0.0037434665913265164,-3743.466591326516,23668.627748243547,16240.687289306716
2018-08-14,283.9,0.006380716058135283,6380.716058135283,23668.627748243547,15716.96762551897
2018-08-15,281.78,-0.007467418104966539,-7467.4181049665385,23668.627748243547,15065.47439212284
2018-08-16,284.06,0.008091418837391062,8091.418837391062,23668.627748243547,14525.098974215487
2018-08-17,285.06,0.003520383017672213,3520.3830176722126,23668.627748243547,14472.45426403806
2018-08-20,285.67,0.002139900371851633,2139.900371851633,23668.627748243547,14418.181366947929
2018-08-21,286.34,0.0023453635313472887,2345.3635313472887,23668.627748243547,14362.229926648824
2018-08-22,286.17,-0.0005936997974435032,-593.6997974435033,23668.627748243547,14304.548029433254
2018-08-23,285.79,-0.0013278820281650283,-1327.8820281650283,23668.627748243547,14245.08215601514
2018-08-24,287.51,0.006018405122642401,6018.405122642401,23668.627748243547,14183.777131872754
2018-08-27,289.78,0.007895377552085137,7895.377552085137,23668.627748243547,14120.57607605586
2018-08-28,289.92,0.0004831251294086236,483.1251294086236,23668.627748243547,14055.420348409578
2018-08-29,291.48,0.005380794701986824,5380.794701986824,23668.627748243547,13988.249495165988
2018-08-30,290.3,-0.004048305201042934,-4048.305201042934,23668.627748243547,13919.00119285301
2018-08-31,290.31,3.444712366507119e-05,34.44712366507119,23668.627748243547,13847.611190468497
2018-09-04,289.81,-0.0017222968550859585,-1722.2968550859584,23668.627748243547,13774.013249865904
2018-09-05,289.03,-0.0026914185155793025,-2691.4185155793025,23668.627748243547,13698.139084296221
2018-09-06,288.16,-0.0030100681590145006,-3010.0681590145005,23668.627748243547,13619.918295049127
2018-09-07,287.6,-0.0019433647973348123,-1943.3647973348122,23668.627748243547,13606.543757337353
2018-09-10,288.1,0.00173852573018074,1738.52573018074,23668.627748243547,13599.396856717747
2018-09-11,289.05,0.0032974661575841946,3297.4661575841947,23668.627748243547,13592.028917934646
2018-09-12,289.12,0.0002421726344923325,242.17263449233252,23668.627748243547,13584.433104756192
2018-09-13,290.83,0.005914499169894727,5914.499169894727,23668.627748243547,13576.602369520673
2018-09-14,290.88,0.0001719217412234908,171.9217412234908,23668.627748243547,13568.529446597457
2018-09-17,289.34,-0.005294279427942916,-5294.279427942916,23668.627748243547,13560.20684564569
2018-09-18,290.91,0.005426142254786992,5426.1422547869915,23668.627748243547,13551.626844664483
2018-09-19,291.22,0.001065621669932293,1065.621669932293,23668.627748243547,13542.78148282819
2018-09-20,293.58,0.008103839022045145,8103.839022045145,23668.627748243547,13533.662553100052
2018-09-21,291.99,-0.005415900265685614,-5415.900265685614,23668.627748243547,13517.2598438105
2018-09-24,291.02,-0.003322031576423967,-3322.031576423967,23668.627748243547,13496.273899894852
2018-09-25,290.75,-0.000927771287196677,-927.771287196677,23668.627748243547,13474.63890616738
2018-09-26,289.88,-0.0029922613929492803,-2992.2613929492804,23668.627748243547,13203.530221301682
2018-09-27,290.69,0.002794259693666312,2794.259693666312,23668.627748243547,12800.331325978475
2018-09-28,290.72,0.00010320272455199841,103.20272455199841,23668.627748243547,12430.454721870648
2018-10-01,291.73,0.0034741331865713043,3474.133186571304,23668.627748243547,12194.609402597534
2018-10-02,291.56,-0.0005827306070682603,-582.7306070682603,23668.627748243547,11951.469898192261
2018-10-03,291.72,0.000548772122376251,548.772122376251,23668.627748243547,11700.810615300228
2018-10-04,289.44,-0.007815713698066773,-7815.713698066773,23668.627748243547,11422.623879324632
2018-10-05,287.82,-0.005597014925373123,-5597.014925373122,23668.627748243547,11066.337385254523
2018-10-08,287.82,0.0,0.0,23668.627748243547,10699.03172126472
2018-10-09,287.4,-0.0014592453616844026,-1459.2453616844025,23668.627748243547,10320.366088285544
2018-10-10,278.3,-0.03166318719554617,-31663.187195546172,23668.627748243547,9990.599871126742
2018-10-11,272.17,-0.022026590010779667,-22026.590010779666,28396.86652286609,33731.64197862482
2018-10-12,275.95,0.013888378586912387,13888.378586912386,28396.86652286609,33611.86809222887
2018-10-15,274.4,-0.005616959594129445,-5616.959594129445,28396.86652286609,33488.38985883098
2018-10-16,280.4,0.02186588921282806,21865.88921282806,28396.86652286609,33361.09271099811
2018-10-17,280.45,0.00017831669044232612,178.31669044232612,28396.86652286609,33229.858537974535
2018-10-18,276.4,-0.014441076840791656,-14441.076840791655,28396.86652286609,33094.56557609455
2018-10-19,276.25,-0.0005426917510853446,-542.6917510853447,28396.86652286609,32955.088295805916
2018-10-22,275.01,-0.004488687782805423,-4488.687782805423,28396.86652286609,32811.29728519907
2018-10-23,273.61,-0.005090723973673605,-5090.7239736736055,28396.86652286609,32663.05912993428
2018-10-24,265.32,-0.030298600197361303,-30298.600197361302,28396.86652286609,32510.236289455122
2018-10-25,270.08,0.0179406000301523,17940.600030152298,30994.539566435582,32352.68696937351
2018-10-26,265.33,-0.017587381516587675,-17587.381516587673,30994.539566435582,32190.264989907933
2018-10-29,263.86,-0.005540270606414488,-5540.270606414488,30994.539566435582,32022.8196502527
2018-10-30,267.77,0.014818464337148285,14818.464337148285,30994.539566435582,31850.195588752456
2018-10-31,270.63,0.010680808156253496,10680.808156253495,30994.539566435582,31672.232638752204
2018-11-01,273.51,0.010641835716661108,10641.835716661108,30994.539566435582,31645.805397633114
2018-11-02,271.89,-0.005923000987166804,-5923.000987166804,30994.539566435582,31626.95672514514
2018-11-05,273.39,0.005516936996579513,5516.936996579513,30994.539566435582,31607.525104023516
2018-11-06,275.12,0.0063279563992830745,6327.9563992830745,30994.539566435582,31587.49250492906
2018-11-07,281.01,0.02140883977900554,21408.83977900554,30994.539566435582,31566.840340914157
2018-11-08,280.5,-0.001814882032667886,-1814.882032667886,30994.539566435582,31545.549450177143
2018-11-09,277.76,-0.00976827094474153,-9768.270944741531,30994.539566435582,31523.600078283314
2018-11-12,272.57,-0.018685195852534586,-18685.195852534587,30994.539566435582,31500.971859836067
2018-11-13,272.06,-0.001871078988883501,-1871.078988883501,30994.539566435582,31477.643799581172
2018-11-14,270.2,-0.006836727192531145,-6836.727192531144,30994.539566435582,31453.594252926643
2018-11-15,273.02,0.010436713545521892,10436.713545521892,30994.539566435582,31428.80090586012
2018-11-16,273.73,0.0026005420848291827,2600.542084829183,30994.539566435582,31403.240754245144
2018-11-19,269.1,-0.016914477770065384,-16914.477770065383,30994.539566435582,31376.89008247713
2018-11-20,264.12,-0.018506131549609894,-18506.131549609894,30994.539566435582,31349.724441479175
2018-11-21,265.02,0.0034075420263515177,3407.5420263515175,30994.539566435582,31321.71862601737
2018-11-23,263.25,-0.006678741227077123,-6678.741227077123,30994.539566435582,31292.846651314474
2018-11-26,267.5,0.01614434947768273,16144.349477682728,30994.539566435582,31263.081728940357
2018-11-27,268.4,0.0033644859813082295,3364.4859813082294,30994.539566435582,31232.39624195673
2018-11-28,274.58,0.023025335320417284,23025.335320417285,30994.539566435582,31200.761719293198
2018-11-29,273.98,-0.002185155510233683,-2185.155510233683,30994.539566435582,31168.148809330793
2018-11-30,275.65,0.006095335425943427,6095.335425943426,30994.539566435582,31134.52725266852
2018-12-03,279.3,0.013241429348812117,13241.429348812117,30994.539566435582,31099.86585404762
2018-12-04,270.25,-0.0324024346580738,-32402.4346580738,30994.539566435582,31064.132453407517
2018-12-06,269.84,-0.0015171137835338078,-1517.1137835338077,32040.20340143526,34138.77628663365
2018-12-07,263.57,-0.02323599169878443,-23235.99169878443,32040.20340143526,34033.73273712569
2018-12-10,264.07,0.0018970292521911514,1897.0292521911513,32040.20340143526,33925.44041804531
2018-12-11,264.13,0.00022721248153900753,227.2124815390075,32040.20340143526,33813.798851983076
2018-12-12,265.46,0.005035399235225002,5035.3992352250025,32040.20340143526,33698.70445398076
2018-12-13,265.37,-0.0003390341294355892,-339.0341294355892,32040.20340143526,33580.05043542168
2018-12-14,260.47,-0.01846478501714577,-18464.78501714577,32040.20340143526,33457.7267049484
2018-12-17,255.36,-0.019618382155334624,-19618.382155334624,32040.20340143526,33331.61976631615
2018-12-18,255.08,-0.0010964912280702066,-1096.4912280702065,32040.20340143526,33201.61261308703
2018-12-19,251.26,-0.014975693899953013,-14975.693899953014,32040.20340143526,33067.58462006732
2018-12-20,247.17,-0.01627795908620555,-16277.959086205552,32040.20340143526,32929.4114313872
2018-12-21,240.7,-0.02617631589594205,-26176.315895942047,32040.20340143526,32786.96484511904
2018-12-24,234.34,-0.026422933111757363,-26422.933111757364,32040.20340143526,32640.11269432712
2018-12-26,246.18,0.05052487838183839,50524.87838183839,32040.20340143526,32488.718724438542
2018-12-27,248.07,0.00767730928588839,7677.309285888389,32040.20340143526,32394.73305277302
2018-12-28,247.75,-0.0012899584794614505,-1289.9584794614505,32040.20340143526,32376.977281883977
2018-12-31,249.92,0.00875882946518658,8758.82946518658,32040.20340143526,32358.672363441663
2019-01-02,250.18,0.0010403329065302724,1040.3329065302723,32040.20340143526,32339.801313501135
2019-01-03,244.21,-0.02386281877048524,-23862.81877048524,32040.20340143526,32320.346622840796
2019-01-04,252.39,0.03349576184431413,33495.76184431413,32040.20340143526,32300.290240716735
2019-01-07,254.38,0.007884623004080993,7884.623004080993,32040.20340143526,32279.61355811461
2019-01-08,256.77,0.009395392719553364,9395.392719553363,32040.20340143526,32258.297390483556
2019-01-09,257.97,0.00467344315924767,4673.44315924767,32040.20340143526,32236.321959936075
2019-01-10,258.88,0.0035275419622435855,3527.5419622435857,32040.20340143526,32213.666876897434
2019-01-11,258.98,0.000386279357231345,386.279357231345,32040.20340143526,32190.311121187497
2019-01-14,257.4,-0.006100857209051069,-6100.85720905107,32040.20340143526,32166.23302251746
2019-01-15,260.35,0.011460761460761582,11460.761460761581,32040.20340143526,32141.410240383397
2019-01-16,260.98,0.002419819473785223,2419.819473785223,32040.20340143526,32115.819743337972
2019-01-17,262.96,0.0075867882596365455,7586.788259636545,32040.20340143526,32089.437787621042
2019-01-18,266.46,0.01331000912686342,13310.00912686342,32040.20340143526,32062.239895129358
2019-01-22,262.86,-0.013510470614726322,-13510.470614726322,32040.20340143526,32034.200830704944
2019-01-23,263.41,0.0020923685612113108,2092.368561211311,32040.20340143526,32005.294578721012
2019-01-24,263.55,0.0005314908317830547,531.4908317830547,32040.20340143526,31975.49431894376
2019-01-25,265.78,0.008461392525137335,8461.392525137335,32040.20340143526,31944.772401647628
2019-01-28,263.76,-0.007600270900744888,-7600.2709007448875,32040.20340143526,31913.100321960894
2019-01-29,263.41,-0.001326963906581602,-1326.9639065816018,32040.20340143526,31880.448693417868
2019-01-30,267.58,0.015830834060969412,15830.834060969411,32040.20340143526,31846.787220693095
2019-01-31,269.93,0.008782420210778241,8782.42021077824,32040.20340143526,31812.084671492303
2019-02-01,270.06,0.00048160634238514355,481.60634238514353,32040.20340143526,31776.308847573957
2019-02-04,271.96,0.007035473598459463,7035.473598459463,32040.20340143526,31739.426554874633
2019-02-05,273.1,0.004191792910722247,4191.792910722247,30994.539566435582,31699.527740689435
2019-02-06,272.74,-0.001318198462101794,-1318.198462101794,30994.539566435582,31653.82212802214
2019-02-07,270.14,-0.009532888465205058,-9532.888465205058,30994.539566435582,31521.4215822826
2019-02-08,270.47,0.0012215888058044744,1221.5888058044743,28399.523325415365,31378.19228752193
2019-02-11,270.62,0.0005545901578731804,554.5901578731805,28399.523325415365,31237.475372079756
2019-02-12,274.1,0.012859359988175445,12859.359988175445,28399.523325415365,31092.406387087827
2019-02-13,274.99,0.0032469901495804088,3246.990149580409,28399.523325415365,30942.850732456973
2019-02-14,274.38,-0.002218262482272082,-2218.262482272082,28399.523325415365,30788.66964520867
2019-02-15,277.37,0.010897295721262523,10897.295721262522,28399.523325415365,30629.720070725878
2019-02-19,277.85,0.001730540433356298,1730.5404333562979,28399.523325415365,30465.854530021974
2019-02-20,278.41,0.002015475976246295,2015.4759762462947,28399.523325415365,30296.753169310356
2019-02-21,277.42,-0.0035559067562228597,-3555.9067562228597,28399.523325415365,30105.190229437896
2019-02-22,279.14,0.0061999855814287574,6199.9855814287575,28399.523325415365,29907.70266255907
2019-02-25,279.52,0.0013613240667764703,1361.3240667764703,28399.523325415365,29704.107232787086
2019-02-26,279.32,-0.0007155123068116609,-715.5123068116609,28399.523325415365,29494.21503714587
2019-02-27,279.2,-0.0004296147787483662,-429.6147787483662,28399.523325415365,29277.83133029925
2019-02-28,278.68,-0.0018624641833809852,-1862.464183380985,28399.523325415365,29054.75534385944
2019-03-01,280.42,0.006243720396153396,6243.720396153396,28399.523325415365,28824.78010010705
2019-03-04,279.4,-0.003637401041295285,-3637.4010412952853,28399.523325415365,28587.692219949957
2019-03-05,279.02,-0.0013600572655690923,-1360.0572655690924,28399.523325415365,28343.271724942642
2019-03-06,277.33,-0.006056913482904491,-6056.9134829044915,28399.523325415365,28091.29183318252
2019-03-07,275.01,-0.008365485162081243,-8365.485162081242,28399.523325415365,27831.518748893737
2019-03-08,274.46,-0.0019999272753717934,-1999.9272753717935,28399.523325415365,27563.71144550324
2019-03-11,278.44,0.014501202360999832,14501.202360999832,28399.523325415365,27287.62144200788
2019-03-12,279.49,0.0037710099123688945,3771.0099123688947,28399.523325415365,27002.992572425035
2019-03-13,281.34,0.006619199255787134,6619.199255787134,28399.523325415365,26709.560748112825
2019-03-14,281.16,-0.0006397952655148309,-639.7952655148309,28399.523325415365,26422.273072718035
2019-03-15,281.31,0.0005335040546308178,533.5040546308178,28399.523325415365,26409.310258199046
2019-03-18,282.33,0.003625893142796155,3625.8931427961547,28399.523325415365,26395.946531890808
2019-03-19,282.4,0.00024793681153267855,247.93681153267855,28399.523325415365,26382.16949445964
2019-03-20,281.55,-0.003009915014164144,-3009.915014164144,28399.523325415365,26367.966363087296
2019-03-21,284.73,0.011294619072988787,11294.619072988788,28399.523325415365,26353.323959610658
2019-03-22,279.25,-0.019246303515611296,-19246.303515611296,28399.523325415365,26338.228698294533
2019-03-25,279.04,-0.0007520143240823396,-752.0143240823396,28399.523325415365,26322.66657322636
2019-03-26,281.12,0.007454128440366858,7454.128440366859,28399.523325415365,26306.623145321035
2019-03-27,279.65,-0.005229083665338696,-5229.083665338696,28399.523325415365,26290.083528923788
2019-03-28,280.71,0.003790452351153162,3790.452351153162,28399.523325415365,26273.032377998792
2019-03-29,282.48,0.006305439777706701,6305.439777706701,28399.523325415365,26255.453871890546
2019-04-01,285.83,0.011859246672330626,11859.246672330626,28399.523325415365,26237.331700644932
2019-04-02,285.97,0.0004898016303398478,489.8016303398478,28399.523325415365,26218.64904987626
2019-04-03,286.42,0.0015735916354862045,1573.5916354862045,28399.523325415365,26199.38858516629
2019-04-04,287.18,0.0026534459884086647,2653.4459884086646,28399.523325415365,26179.532435980753
2019-04-05,288.57,0.004840169928267857,4840.169928267856,28399.523325415365,26029.412929102917
2019-04-08,288.79,0.0007623800117824153,762.3800117824153,28399.523325415365,25849.733044989396
2019-04-09,287.31,-0.005124831192215851,-5124.831192215851,28399.523325415365,25664.496051057933
2019-04-10,288.29,0.003410949845115141,3410.949845115141,28399.523325415365,25473.53007793271
2019-04-11,288.21,-0.0002774983523536889,-277.4983523536889,28399.523325415365,25276.65794069022
2019-04-12,290.16,0.006765899864682234,6765.899864682235,28399.523325415365,25073.69697446084
2019-04-15,289.97,-0.0006548111386820432,-654.8111386820432,28399.523325415365,24864.45886494602
2019-04-16,290.16,0.0006552401972617083,655.2401972617083,28399.523325415365,24648.749473693628
2019-04-17,289.45,-0.0024469258340227285,-2446.9258340227284,28399.523325415365,24426.36865796951
2019-04-18,290.02,0.0019692520297114324,1969.2520297114324,28399.523325415365,24197.11008505805
2019-04-22,290.27,0.0008620095165849939,862.0095165849939,28399.523325415365,23960.76104081943
2019-04-23,292.88,0.008991628483825398,8991.628483825398,28399.523325415365,23818.089029602408
2019-04-24,292.23,-0.0022193389784210815,-2219.3389784210817,28399.523325415365,23740.981299381383
2019-04-25,292.05,-0.000615953187557805,-615.953187557805,28399.523325415365,23661.488793998884
2019-04-26,293.41,0.004656736860126687,4656.736860126687,28399.523325415365,23579.53775752208
2019-04-29,293.87,0.0015677720595752564,1567.7720595752564,28399.523325415365,23495.052152906817
2019-04-30,294.02,0.0005104297818763204,510.42978187632036,28399.523325415365,23407.953591447786
2019-05-01,291.81,-0.007516495476498131,-7516.49547649813,28399.523325415365,23318.16126004672
2019-05-02,291.18,-0.002158939035673879,-2158.939035673879,28399.523325415365,23194.80539563811
2019-05-03,294.03,0.009787760148361802,9787.760148361802,28399.523325415365,22816.86665718152
2019-05-06,292.82,-0.004115226337448541,-4115.226337448541,28399.523325415365,22427.23909176234
2019-05-07,287.93,-0.01669967898367597,-16699.67898367597,28399.523325415365,22024.81426427684
2019-05-08,287.53,-0.00138922654811946,-1389.22654811946,28399.523325415365,21310.075827243785
2019-05-09,286.66,-0.0030257712238721535,-3025.7712238721533,28399.523325415365,20573.232077725173
2019-05-10,288.1,0.005023372636572931,5023.372636572932,28399.523325415365,19813.59934626269
2019-05-13,280.86,-0.025130163137799366,-25130.163137799365,28399.523325415365,19604.56198738918
2019-05-14,283.4,0.009043651641386985,9043.651641386985,28399.523325415365,25806.844372466003
2019-05-15,285.06,0.0058574453069866195,5857.4453069866195,28399.523325415365,25786.38386202872
2019-05-16,287.7,0.009261208166701618,9261.208166701617,28399.523325415365,25765.290552299568
2019-05-17,285.84,-0.006465067778936406,-6465.067778936406,28399.523325415365,25743.544872166418
2019-05-20,283.95,-0.006612090680100713,-6612.090680100713,28399.523325415365,25721.126645225027
2019-05-21,286.51,0.009015671773199507,9015.671773199507,28399.523325415365,25698.015071058642
2019-05-22,285.63,-0.003071446022826385,-3071.446022826385,28399.523325415365,25674.18870593866
2019-05-23,282.14,-0.012218604488324125,-12218.604488324125,28399.523325415365,25649.625442928373
2019-05-24,282.78,0.002268377401290156,2268.377401290156,28399.523325415365,25624.30249137137
2019-05-28,280.15,-0.009300516302425899,-9300.516302425898,28399.523325415365,25598.196355745597
2019-05-29,278.27,-0.006710690701409949,-6710.69070140995,28399.523325415365,25571.282813863356
2019-05-30,279.03,0.0027311603837998355,2731.1603837998355,28399.523325415365,25543.536894397126
2019-05-31,275.27,-0.013475253556965217,-13475.253556965217,28399.523325415365,25514.932853710292
2019-06-03,274.57,-0.002542957823228109,-2542.957823228109,28399.523325415365,25485.44415197129
2019-06-04,280.53,0.021706668609097868,21706.66860909787,28399.523325415365,25455.043428529018
2019-06-05,282.96,0.008662175168431263,8662.175168431264,28399.523325415365,25423.702476526676
2019-06-06,284.8,0.006502685891998983,6502.685891998983,28399.523325415365,25391.392216730448
2019-06-07,287.65,0.010007022471909988,10007.022471909988,28399.523325415365,25358.08267054877
2019-06-10,288.97,0.004588910133843438,4588.9101338434375,28399.523325415365,25323.74293221714
2019-06-11,288.9,-0.00024223967885961262,-242.2396788596126,28399.523325415365,25288.34114012268
2019-06-12,288.39,-0.0017653167185877061,-1765.3167185877062,28399.523325415365,25251.844447241794
2019-06-13,289.58,0.004126356669787334,4126.356669787335,28399.523325415365,25214.218990663558
2019-06-14,289.26,-0.001105048691207977,-1105.048691207977,28399.523325415365,25175.42986017053
2019-06-17,289.37,0.00038028071631068805,380.28071631068804,28399.523325415365,25135.441065847823
2019-06-18,292.4,0.01047102325742122,10471.023257421219,28399.523325415365,25087.136220289565
2019-06-19,293.06,0.0022571819425445394,2257.181942544539,28399.523325415365,25036.265864507135
2019-06-20,295.86,0.009554357469460317,9554.357469460318,28399.523325415365,24983.822198752052
2019-06-21,294.0,-0.0062867572500507896,-6286.7572500507895,28399.523325415365,24929.756563952993
2019-06-24,293.64,-0.001224489795918382,-1224.489795918382,28399.523325415365,24874.018796118915
2019-06-25,290.76,-0.00980792807519415,-9807.92807519415,28399.523325415365,24816.557179795123
2019-06-26,290.47,-0.000997386160407121,-997.386160407121,28399.523325415365,24757.318400079876
2019-06-27,291.5,0.0035459772093502373,3545.9772093502374,28399.523325415365,24696.247493156938
2019-06-28,293.0,0.005145797598627766,5145.797598627766,28399.523325415365,24633.28779529824
2019-07-01,295.66,0.00907849829351548,9078.49829351548,28399.523325415365,24568.380890289274
2019-07-02,296.43,0.0026043428262192414,2604.3428262192415,28399.523325415365,24501.466555228482
2019-07-03,298.8,0.007995142192085858,7995.1421920858575,28399.523325415365,24432.48270465035
2019-07-05,298.46,-0.0011378848728247348,-1137.8848728247349,28399.523325415365,24361.36533292031
2019-07-08,296.82,-0.0054948736849158575,-5494.873684915858,28399.523325415365,24288.04845484811
2019-07-09,297.19,0.0012465467286570941,1246.5467286570943,28399.523325415365,24212.464044464396
2019-07-10,298.61,0.004778088091793142,4778.088091793143,28399.523325415365,24134.54197190387
2019-07-11,299.31,0.0023441947690967524,2344.194769096752,28399.523325415365,24054.20993833631
2019-07-12,300.65,0.00447696368313788,4476.96368313788,28399.523325415365,23971.393408885222
2019-07-15,300.75,0.00033261267254292015,332.61267254292017,28399.523325415365,23886.01554347173
2019-07-16,299.71,-0.003458021612635198,-3458.021612635198,28399.523325415365,23540.522295473445
2019-07-17,297.74,-0.006573020586566947,-6573.020586566947,28399.523325415365,22655.270812174887
2019-07-18,298.83,0.003660912205279754,3660.912205279754,28399.523325415365,19932.388673682788
2019-07-19,297.17,-0.005554997824850139,-5554.997824850138,28399.523325415365,19548.715246285497
2019-07-22,297.9,0.002456506376821155,2456.506376821155,28399.523325415365,19469.283949263412
2019-07-23,300.03,0.0071500503524672965,7150.050352467297,28399.523325415365,19387.396014189097
2019-07-24,301.44,0.004699530046995415,4699.5300469954145,28399.523325415365,19302.97546256609
2019-07-25,300.0,-0.004777070063694211,-4777.070063694211,28399.523325415365,19197.540036013692
2019-07-26,302.01,0.006699999999999928,6699.999999999928,28399.523325415365,19053.426730006373
2019-07-29,301.46,-0.0018211317506042768,-1821.1317506042767,28399.523325415365,18904.85631144213
2019-07-30,300.72,-0.002454720360910101,-2454.720360910101,28399.523325415365,18751.69093147899
2019-07-31,297.43,-0.010940409683426466,-10940.409683426466,28399.523325415365,18501.684311711284
2019-08-01,294.84,-0.008707931277947889,-8707.93127794789,28399.523325415365,17903.585324112562
2019-08-02,292.62,-0.007529507529507429,-7529.507529507428,28399.523325415365,16904.363370421503
2019-08-05,283.82,-0.03007313239013054,-30073.13239013054,28399.523325415365,16877.664393143117
2019-08-06,287.8,0.01402297230639138,14022.972306391379,30188.12097181823,30153.144339765684
2019-08-07,287.97,0.0005906879777624052,590.6879777624052,30188.12097181823,30148.51039094856
2019-08-08,293.62,0.019620099315900807,19620.099315900807,30188.12097181823,30143.733124126775
2019-08-09,291.62,-0.006811525100470006,-6811.525100470006,30188.12097181823,30138.80810678473
2019-08-12,288.07,-0.012173376311638506,-12173.376311638507,30188.12097181823,30133.730769318707
2019-08-13,292.55,0.015551775610094909,15551.775610094908,30188.12097181823,30128.496400797034
2019-08-14,283.9,-0.029567595282857795,-29567.595282857794,30188.12097181823,30123.100144589123
2019-08-15,284.65,0.002641775272983482,2641.775272983482,30188.12097181823,30117.536993859318
2019-08-16,288.85,0.014754962234323044,14754.962234323044,30188.12097181823,30111.801786921373
2019-08-19,292.33,0.01204777566210824,12047.77566210824,30188.12097181823,30105.889202449267
2019-08-20,290.09,-0.007662573119419869,-7662.573119419869,30188.12097181823,30099.793754539878
2019-08-21,292.45,0.008135406253231725,8135.406253231725,30188.12097181823,30093.50978762298
2019-08-22,292.36,-0.00030774491366036827,-307.7449136603683,30188.12097181823,30087.03147121381
2019-08-23,284.85,-0.025687508551101357,-25687.508551101357,30188.12097181823,30080.352794503324
2019-08-26,288.0,0.011058451816745585,11058.451816745584,30188.12097181823,30073.467560781173
2019-08-27,286.87,-0.003923611111111058,-3923.611111111058,30188.12097181823,30066.337324913027
2019-08-28,288.89,0.007041517063478109,7041.517063478109,30188.12097181823,30058.98492843608
2019-08-29,292.58,0.012773027796046943,12773.027796046943,30188.12097181823,30051.40513825366
2019-08-30,292.45,-0.0004443229202268917,-444.3229202268917,30188.12097181823,30043.590921570754
2019-09-03,290.74,-0.005847153359548551,-5847.153359548552,30188.12097181823,30035.535028083224
2019-09-04,294.04,0.01135034738942009,11350.34738942009,30188.12097181823,30027.229983250716
2019-09-05,297.82,0.012855393823969496,12855.393823969496,30188.12097181823,30018.66808136153
2019-09-06,298.05,0.0007722785575179358,772.2785575179358,30188.12097181823,30009.841378382993
2019-09-09,298.2,0.0005032712632107028,503.27126321070284,30188.12097181823,30000.741684590685
2019-09-10,298.13,-0.00023474178403748436,-234.74178403748436,30188.12097181823,29991.36055696975
2019-09-11,300.25,0.007110991849193393,7110.991849193393,30188.12097181823,29981.689291381153
2019-09-12,301.29,0.0034637801831807202,3463.78018318072,30188.12097181823,29971.718914485697
2019-09-13,301.09,-0.0006638122738891195,-663.8122738891194,30188.12097181823,29961.440175418214
2019-09-16,300.16,-0.0030887774419606773,-3088.777441960677,30188.12097181823,29950.843537204313
2019-09-17,300.92,0.0025319829424306217,2531.9829424306217,30188.12097181823,29939.919167911634
2019-09-18,301.1,0.000598165625415481,598.165625415481,30188.12097181823,29928.65693152743
2019-09-19,301.08,-6.64231152441852e-05,-66.4231152441852,30188.12097181823,29917.04637855402
2019-09-20,298.28,-0.009299853859439433,-9299.853859439432,30188.12097181823,29905.076736313393
2019-09-23,298.21,-0.00023467882526484463,-234.67882526484462,30188.12097181823,29892.736898951924
2019-09-24,295.87,-0.0078468193554877,-7846.8193554877,30188.12097181823,29880.01541713597
2019-09-25,297.62,0.00591475986074963,5914.75986074963,30188.12097181823,29866.900487428808
2019-09-26,297.0,-0.0020831933337813746,-2083.193333781375,30188.12097181823,29853.37994133895
2019-09-27,295.4,-0.005387205387205496,-5387.205387205496,30188.12097181823,29839.441234029815
2019-09-30,296.77,0.004637779282329113,4637.779282329113,30188.12097181823,29825.07143268019
2019-10-01,293.24,-0.011894733295144344,-11894.733295144344,30188.12097181823,29810.257204484704
2019-10-02,288.06,-0.017664711499113417,-17664.71149911342,30188.12097181823,29794.98480428317
2019-10-03,290.42,0.008192737624106217,8192.737624106217,30188.12097181823,29779.240061807363
2019-10-04,294.35,0.013532125886646984,13532.125886646983,30188.12097181823,29763.00836853333
2019-10-07,293.08,-0.004314591472736717,-4314.591472736717,30188.12097181823,29746.274664127115
2019-10-08,288.53,-0.015524771393476189,-15524.771393476189,30188.12097181823,29729.023422471226
2019-10-09,291.27,0.009496412851349945,9496.412851349945,30188.12097181823,29711.238637258964
2019-10-10,293.24,0.006763484052597413,6763.484052597412,29825.419207566894,29691.999273635545
2019-10-11,296.28,0.010366934933842442,10366.934933842442,29825.419207566894,29673.097386918296
2019-10-14,295.95,-0.0011138112596191796,-1113.8112596191795,29825.419207566894,29653.610905766494
2019-10-15,298.88,0.00990032100016891,9900.32100016891,29825.419207566894,29633.521749939893
2019-10-16,298.4,-0.0016059957173447659,-1605.9957173447658,29825.419207566894,29612.81128001556
2019-10-17,299.28,0.0029490616621983268,2949.0616621983268,29825.419207566894,29591.460280093568
2019-10-18,297.97,-0.004377171879176522,-4377.171879176522,29825.419207566894,29569.448939967806
2019-10-21,299.99,0.006779205960331547,6779.2059603315465,29825.419207566894,29335.015328548518
2019-10-22,299.01,-0.0032667755591854197,-3266.7755591854198,29825.419207566894,29073.913468430983
2019-10-23,299.88,0.002909601685562313,2909.601685562313,29825.419207566894,28804.736293052083
2019-10-24,300.37,0.0016339869281045694,1633.9869281045694,28026.710819018575,28513.543709367168
2019-10-25,301.6,0.0040949495622066845,4094.9495622066843,28026.710819018575,28227.45892312113
2019-10-28,303.3,0.005636604774535758,5636.604774535758,28026.710819018575,27932.526153795312
2019-10-29,303.21,-0.00029673590504464276,-296.7359050446428,28026.710819018575,27628.47175242849
2019-10-30,304.14,0.0030671811615712308,3067.181161571231,28026.710819018575,27315.013606689503
2019-10-31,303.33,-0.0026632471887946263,-2663.2471887946263,28026.710819018575,26991.86087912353
2019-11-01,306.14,0.00926383806415454,9263.83806415454,28026.710819018575,26658.71373730294
2019-11-04,307.37,0.0040177696478735925,4017.7696478735925,28026.710819018575,26168.685149746052
2019-11-05,307.03,-0.0011061587012396457,-1106.1587012396456,28026.710819018575,26124.14293558527
2019-11-06,307.1,0.0002279907500897238,227.9907500897238,28026.710819018575,26078.223127172092
2019-11-07,308.18,0.0035167697818299093,3516.7697818299093,28026.710819018575,26030.883118498714
2019-11-08,308.94,0.002466091245376001,2466.091245376001,28026.710819018575,25982.078985845747
2019-11-11,308.35,-0.0019097559396645813,-1909.7559396645813,28026.710819018575,25931.765447028254
2019-11-12,309.0,0.0021079941624775334,2107.9941624775333,28026.710819018575,25879.895819381356
2019-11-13,309.1,0.00032362459546941835,323.62459546941835,28026.710819018575,25826.421976446407
2019-11-14,309.55,0.001455839534131309,1455.8395341313092,28026.710819018575,25771.294303317594
2019-11-15,311.79,0.007236310773703902,7236.310773703903,28026.710819018575,25714.461650607478
2019-11-18,312.02,0.0007376759998716231,737.6759998716232,28026.710819018575,25654.861642574866
2019-11-19,311.93,-0.0002884430485224909,-288.4430485224909,28026.710819018575,25592.531574482728
2019-11-20,310.77,-0.0037187830603020444,-3718.7830603020443,28026.710819018575,25528.273772325883
2019-11-21,310.27,-0.0016089069086462349,-1608.9069086462348,28026.710819018575,25462.028615463158
2019-11-22,310.96,0.002223869532987477,2223.8695329874768,28026.710819018575,25393.73463931602
2019-11-25,313.37,0.007750192950861878,7750.192950861879,28026.710819018575,25323.328478339587
2019-11-26,314.08,0.0022656923126016526,2265.6923126016527,28026.710819018575,25250.744807229865
2019-11-27,315.48,0.004457463066734668,4457.463066734668,28026.710819018575,25175.916280312624
2019-11-29,314.31,-0.0037086344617726086,-3708.6344617726086,28026.710819018575,24463.38962437423
2019-12-02,311.64,-0.008494798129235481,-8494.798129235482,28026.710819018575,18583.759782030404
2019-12-03,309.55,-0.006706456167372532,-6706.456167372532,28026.710819018575,18409.758897490447
2019-12-04,311.46,0.006170247132934792,6170.247132934792,26302.090676007858,18347.71572568051
2019-12-05,312.02,0.0017979836897192847,1797.9836897192847,26302.090676007858,18286.760850660485
2019-12-06,314.87,0.0091340298698801,9134.0298698801,26302.090676007858,18220.820610666928
2019-12-09,313.88,-0.0031441547305237627,-3144.1547305237627,26302.090676007858,18156.03702578009
2019-12-10,313.53,-0.001115075825156131,-1115.075825156131,26302.090676007858,18089.249824865823
2019-12-11,314.42,0.0028386438299365935,2838.6438299365936,26302.090676007858,18020.397040418127
2019-12-12,317.13,0.008619044590038705,8619.044590038704,26302.090676007858,17949.41478841019
2019-12-13,317.32,0.0005991233878850366,599.1233878850367,26302.090676007858,18069.8113820219
2019-12-16,319.5,0.00687003655615781,6870.03655615781,26302.090676007858,17915.572008297782
2019-12-17,319.57,0.00021909233176842235,219.09233176842235,26302.090676007858,17764.038141245957
2019-12-18,319.59,6.258409738069126e-05,62.58409738069126,26302.090676007858,17630.879138055312
2019-12-19,320.9,0.0040990018461153355,4099.001846115336,26302.090676007858,17535.108296759045
2019-12-20,320.73,-0.0005297600498596067,-529.7600498596066,26062.57507703592,17431.504569290388
2019-12-23,321.22,0.0015277647865805655,1527.7647865805654,25414.40929858338,17324.696602827855
2019-12-24,321.23,3.1131311873489054e-05,31.131311873489054,25414.40929858338,17219.762150623978
2019-12-26,322.94,0.0053232886094074505,5323.28860940745,25414.40929858338,17111.582302991115
2019-12-27,322.86,-0.0002477240354245014,-247.72403542450138,25414.40929858338,17000.056686874763
2019-12-30,321.08,-0.005513225546676659,-5513.225546676659,25414.40929858338,16885.081824899138
2019-12-31,321.86,0.002429301108757942,2429.301108757942,25414.40929858338,16766.551039357262
2020-01-02,324.87,0.009351892127011707,9351.892127011708,25414.40929858338,16633.233985691255
2020-01-03,322.41,-0.007572259673099935,-7572.259673099935,25414.40929858338,16496.802859833708
2020-01-06,323.64,0.003815018144598392,3815.018144598392,25414.40929858338,16356.152214619744
2020-01-07,322.73,-0.0028117661599307286,-2811.7661599307285,25414.40929858338,16211.151549450706
2020-01-08,324.45,0.005329532426486372,5329.532426486372,25414.40929858338,16061.666327626956
2020-01-09,326.65,0.006780705809831922,6780.705809831922,25414.40929858338,15907.557851519998
2020-01-10,325.71,-0.0028776978417266452,-2877.697841726645,25414.40929858338,15748.683133883958
2020-01-13,327.95,0.006877283473028184,6877.283473028184,25414.40929858338,15584.89476518701
2020-01-14,327.45,-0.0015246226558927045,-1524.6226558927044,25414.40929858338,15331.999367075097
2020-01-15,328.19,0.00225988700564983,2259.88700564983,25414.40929858338,15023.373906872608
2020-01-16,330.92,0.008318352174045529,8318.352174045529,25414.40929858338,14705.203329344266
2020-01-17,331.95,0.003112534751601448,3112.534751601448,25414.40929858338,14377.19242467587
2020-01-21,331.3,-0.001958126223828849,-1958.1262238288489,25414.40929858338,14098.732463853172
2020-01-22,331.34,0.00012073649260480046,120.73649260480046,25414.40929858338,13764.125500228456
2020-01-23,331.72,0.0011468582121085813,1146.8582121085813,25414.40929858338,13169.85643453505
2020-01-24,328.77,-0.00889304232485244,-8893.04232485244,25414.40929858338,12206.498412760438
2020-01-27,323.5,-0.016029443075706418,-16029.443075706418,25414.40929858338,12181.96820238577
2020-01-28,326.89,0.010479134466769624,10479.134466769625,25414.40929858338,16515.8844199853
2020-01-29,326.62,-0.0008259659212578319,-825.9659212578318,25414.40929858338,16502.12576807162
2020-01-30,327.68,0.003245361582266959,3245.361582266959,25414.40929858338,16487.94159084102
2020-01-31,321.73,-0.018157958984375,-18157.958984375,25414.40929858338,16473.318727716687
2020-02-03,324.12,0.0074285891896932466,7428.589189693246,25414.40929858338,18719.62134669939
2020-02-04,329.06,0.015241268665926233,15241.268665926233,25414.40929858338,18697.222496556897
2020-02-05,332.86,0.01154804594906711,11548.04594906711,25414.40929858338,18674.130898471856
2020-02-06,333.98,0.003364777984738332,3364.7779847383317,25414.40929858338,18650.325127250162
2020-02-07,332.2,-0.005329660458710195,-5329.660458710195,25414.40929858338,18625.78309506285
2020-02-10,334.68,0.007465382299819412,7465.382299819412,25414.40929858338,18600.48203095222
2020-02-11,335.26,0.0017329986853114043,1732.9986853114044,25414.40929858338,18574.39845970414
2020-02-12,337.42,0.006442760842331419,6442.760842331419,25414.40929858338,18547.50818006695
2020-02-13,337.06,-0.001066919566119373,-1066.919566119373,25414.40929858338,18519.786242296654
2020-02-14,337.6,0.0016020886489052089,1602.0886489052089,25414.40929858338,18491.206925007686
2020-02-18,336.73,-0.002577014218009488,-2577.014218009488,25414.40929858338,18461.743711307718
2020-02-19,338.34,0.004781278769340203,4781.278769340202,25414.40929858338,18431.36926419435
2020-02-20,336.95,-0.00410829343264163,-4108.29343264163,25414.40929858338,18400.05540119088
2020-02-21,333.48,-0.01029826383736454,-10298.26383736454,25414.40929858338,18367.773068197606
2020-02-24,322.42,-0.03316540722082284,-33165.40722082284,25414.40929858338,18334.492312534443
2020-02-25,312.65,-0.03030209044103971,-30302.09044103971,27666.35278429713,33165.40722082284
2020-02-26,311.5,-0.0036782344474651785,-3678.2344474651786,29825.419207566894,33165.40722082284
2020-02-27,297.51,-0.04491171749598721,-44911.71749598721,29825.419207566894,33165.40722082284
2020-02-28,296.26,-0.004201539444052327,-4201.539444052327,30189.900996094217,44911.71749598721
2020-03-02,309.09,0.043306555052993856,43306.555052993855,30189.900996094217,44911.71749598721
2020-03-03,300.24,-0.02863243715422681,-28632.43715422681,30189.900996094217,44911.71749598721
2020-03-04,312.86,0.04203304023447907,42033.04023447907,30189.900996094217,44911.71749598721
2020-03-05,302.46,-0.03324170555520056,-33241.70555520056,30189.900996094217,44911.71749598721
2020-03-06,297.46,-0.016531111551940758,-16531.111551940758,31762.3819987291,44911.71749598721
2020-03-09,274.23,-0.07809453371881925,-78094.53371881925,31762.3819987291,44911.71749598721
2020-03-10,288.42,0.05174488567990365,51744.88567990365,33204.31937135548,78094.53371881925
2020-03-11,274.36,-0.0487483530961792,-48748.3530961792,33204.31937135548,78094.53371881925
2020-03-12,248.11,-0.09567721242163585,-95677.21242163585,39193.41164500173,78094.53371881925
2020-03-13,269.32,0.08548627624843808,85486.27624843808,46868.401652085115,95677.21242163585
2020-03-16,239.85,-0.10942373384821036,-109423.73384821035,46868.401652085115,95677.21242163585
2020-03-17,252.8,0.05399207838232245,53992.07838232245,63714.905213725564,109423.73384821035
2020-03-18,240.0,-0.05063291139240511,-50632.91139240511,63714.905213725564,109423.73384821035
2020-03-19,240.51,0.0021249999999999325,2124.9999999999327,64638.33877887627,109423.73384821035
2020-03-20,228.8,-0.04868820423267217,-48688.20423267217,64638.33877887627,109423.73384821035
2020-03-23,222.95,-0.02556818181818188,-25568.181818181878,64638.33877887627,109423.73384821035
2020-03-24,243.15,0.09060327427674375,90603.27427674374,64638.33877887627,109423.73384821035
2020-03-25,246.79,0.01497018301460007,14970.183014600068,64638.33877887627,109423.73384821035
2020-03-26,261.2,0.05838972405689047,58389.72405689047,64638.33877887627,109423.73384821035
2020-03-27,253.42,-0.02978560490045945,-29785.60490045945,64638.33877887627,109423.73384821035
2020-03-30,261.65,0.03247573198642573,32475.731986425726,64638.33877887627,109423.73384821035
2020-03-31,257.75,-0.014905407987769848,-14905.407987769848,64638.33877887627,109423.73384821035
2020-04-01,246.15,-0.04500484966052376,-45004.84966052376,64638.33877887627,109423.73384821035
2020-04-02,251.83,0.023075360552508695,23075.360552508693,64638.33877887627,109423.73384821035
2020-04-03,248.19,-0.01445419529047376,-14454.195290473759,64638.33877887627,109423.73384821035
2020-04-06,264.86,0.0671662838954028,67166.2838954028,64638.33877887627,109277.2558341715
2020-04-07,265.13,0.0010194064788944246,1019.4064788944246,64638.33877887627,109053.6776460737
2020-04-08,274.03,0.033568438124693456,33568.43812469346,64638.33877887627,108823.18466865327
2020-04-09,278.2,0.015217311973141578,15217.311973141579,64638.33877887627,108585.56304244665
2020-04-13,275.66,-0.00913012221423426,-9130.12221423426,64638.33877887627,108340.59229378002
2020-04-14,283.79,0.029492853515199924,29492.853515199924,64638.33877887627,108088.04513020618
2020-04-15,277.76,-0.021248105993868838,-21248.105993868838,64638.33877887627,107827.6872296146
2020-04-16,279.1,0.004824308755760454,4824.308755760454,64638.33877887627,107559.27702281915
2020-04-17,286.64,0.02701540666427782,27015.40666427782,64638.33877887627,107282.56546942178
2020-04-20,281.59,-0.017617917945855432,-17617.91794585543,64638.33877887627,106997.29582674407
2020-04-21,273.04,-0.03036329415107053,-30363.29415107053,64638.33877887627,106703.20341161243
2020-04-22,279.1,0.022194550249047706,22194.550249047705,64638.33877887627,106400.01535477566
2020-04-23,279.08,-7.16589036189319e-05,-71.6589036189319,64638.33877887627,106087.45034772747
2020-04-24,282.97,0.013938655582628856,13938.655582628857,64638.33877887627,105765.21838169839
2020-04-27,287.05,0.014418489592536332,14418.489592536333,64638.33877887627,105433.02047857564
2020-04-28,285.73,-0.004598502003135274,-4598.502003135274,64638.33877887627,105090.54841350063
2020-04-29,293.21,0.026178560179189958,26178.560179189957,64638.33877887627,104737.48442888723
2020-04-30,290.48,-0.009310732921796516,-9310.732921796516,64638.33877887627,104373.50093959505
2020-05-01,282.79,-0.026473423299366527,-26473.42329936653,64638.33877887627,103998.26022898457
2020-05-04,283.57,0.0027582304890554354,2758.2304890554356,64638.33877887627,103611.41413557169
2020-05-05,286.19,0.009239341256127354,9239.341256127354,64638.33877887627,103212.6037299914
2020-05-06,284.25,-0.006778713442118889,-6778.713442118888,64638.33877887627,102801.4589819705
2020-05-07,287.68,0.012066842568161817,12066.842568161817,64638.33877887627,102377.59841700048
2020-05-08,292.44,0.016546162402669706,16546.162402669706,64638.33877887627,101940.62876239223
2020-05-11,292.5,0.00020517029134192732,205.17029134192734,64638.33877887627,101490.14458238371
2020-05-12,286.67,-0.019931623931623843,-19931.623931623843,64638.33877887627,101025.72790196257
2020-05-13,281.6,-0.017685840862315505,-17685.840862315505,64638.33877887627,100546.94781905417
2020-05-14,284.97,0.011967329545454541,11967.329545454542,64638.33877887627,100053.36010471561
2020-05-15,286.28,0.004596975120187974,4596.9751201879735,64638.33877887627,99544.50679096451
2020-05-18,295.0,0.030459689814168023,30459.68981416802,64638.33877887627,99019.91574586031
2020-05-19,291.97,-0.010271186440677926,-10271.186440677926,64638.33877887627,98479.10023544359
2020-05-20,296.93,0.01698804671712839,16988.046717128393,64638.33877887627,97921.55847212739
2020-05-21,294.88,-0.006903984103997618,-6903.984103997618,64638.33877887627,97346.773149121
2020-05-22,295.44,0.0018990775908844792,1899.0775908844792,64638.33877887627,96754.2109604546
2020-05-26,299.08,0.012320606552937985,12320.606552937985,64638.33877887627,96143.32210615936
2020-05-27,303.53,0.014878962150595143,14878.962150595144,64638.33877887627,95451.43148144186
2020-05-28,302.97,-0.0018449576648105204,-1844.9576648105203,64638.33877887627,94555.79881765934
2020-05-29,304.32,0.004455886721457469,4455.886721457469,64638.33877887627,93632.46617458457
2020-06-01,305.55,0.004041798107255579,4041.7981072555785,64638.33877887627,92680.57685182706
2020-06-02,308.08,0.008280150548191756,8280.150548191756,64638.33877887627,91699.24765310799
2020-06-03,312.18,0.013308231628148537,13308.231628148536,64638.33877887627,90687.56806679966
2020-06-04,311.36,-0.0026266897302837933,-2626.6897302837933,64638.33877887627,89644.59942112098
2020-06-05,319.34,0.025629496402877594,25629.496402877594,64638.33877887627,88569.37401320481
2020-06-08,323.2,0.012087430325045556,12087.430325045556,64638.33877887627,87460.89421122939
2020-06-09,320.79,-0.007456683168316713,-7456.683168316714,64638.33877887627,86318.13152878049
2020-06-10,319.0,-0.0055799744381059835,-5579.974438105984,64638.33877887627,85140.02567058575
2020-06-11,300.61,-0.05764890282131652,-57648.902821316515,64638.33877887627,83925.4835487355
2020-06-12,304.21,0.011975649512657505,11975.649512657505,68076.17457904287,82673.37826847752
2020-06-15,307.05,0.009335656290062833,9335.656290062832,68076.17457904287,81382.54808264454
2020-06-16,312.96,0.0192476795310208,19247.6795310208,68076.17457904287,80051.79531374456
2020-06-17,311.66,-0.0041538854805724945,-4153.885480572494,68076.17457904287,78679.88524271366
2020-06-18,311.78,0.0003850349740099901,385.0349740099901,68076.17457904287,77855.90035019892
2020-06-19,308.64,-0.010071204054140748,-10071.204054140748,68076.17457904287,77436.17547579727
2020-06-22,310.62,0.006415241057542875,6415.241057542876,68076.17457904287,77003.4694197131
2020-06-23,312.05,0.004603695834138222,4603.6958341382215,68076.17457904287,76557.38070210056
2020-06-24,304.09,-0.025508732574907933,-25508.732574907932,68076.17457904287,76097.49542621135
2020-06-25,307.35,0.010720510375217929,10720.51037521793,68076.17457904287,75623.38689436679
2020-06-26,300.05,-0.02375142345859771,-23751.42345859771,68076.17457904287,75134.61521205281
2020-06-29,304.46,0.014697550408265148,14697.550408265148,68076.17457904287,74630.72687977036
2020-06-30,308.36,0.012809564474808077,12809.564474808078,68076.17457904287,74111.25437226269
2020-07-01,310.52,0.007004799584900745,7004.799584900745,68076.17457904287,73575.715704729
2020-07-02,312.23,0.005506891665593372,5506.891665593372,68076.17457904287,73023.6139856221
2020-07-06,317.05,0.01543733785991086,15437.33785991086,68076.17457904287,72454.43695561499
2020-07-07,313.78,-0.010313830626084375,-10313.830626084375,68076.17457904287,71867.65651230869
2020-07-08,316.18,0.007648671043406274,7648.671043406274,68076.17457904287,71262.72822024034
2020-07-09,314.38,-0.005692959706496303,-5692.959706496304,68076.17457904287,70639.09080573688
2020-07-10,317.59,0.01021057319167884,10210.57319167884,68076.17457904287,69996.1656361457
2020-07-13,314.84,-0.008658962813690607,-8658.962813690607,68076.17457904287,69333.3561829589
2020-07-14,318.92,0.012958963282937441,12958.96328293744,68076.17457904287,68650.04746833335
2020-07-15,321.85,0.009187256992349235,9187.256992349236,68076.17457904287,67945.60549449257
2020-07-16,320.79,-0.003293459686189215,-3293.459686189215,68076.17457904287,67219.37665548144
2020-07-17,321.72,0.0028990928644907488,2899.092864490749,68076.17457904287,66470.68713072772
2020-07-20,324.32,0.00808156160636564,8081.561606365639,68076.17457904287,65698.84225984759
2020-07-21,325.01,0.002127528367044995,2127.5283670449953,68076.17457904287,64903.12589811548
2020-07-22,326.86,0.005692132549767859,5692.132549767859,68076.17457904287,64082.799751999926
2020-07-23,322.96,-0.011931713883620021,-11931.713883620021,68076.17457904287,63237.10269414883
2020-07-24,320.88,-0.006440426058954674,-6440.426058954674,68076.17457904287,62365.25005718894
2020-07-27,323.22,0.007292445774121248,7292.445774121248,68076.17457904287,61466.43290568389
2020-07-28,321.17,-0.006342429305117303,-6342.429305117303,68076.17457904287,60539.817285575606
2020-07-29,325.12,0.012298782576205758,12298.782576205758,68076.17457904287,59584.54345041243
2020-07-30,323.96,-0.0035679133858268486,-3567.9133858268488,68076.17457904287,58599.72506364625
2020-07-31,326.52,0.007902210149401068,7902.210149401068,68076.17457904287,57627.388992418724
2020-08-03,328.79,0.006952100943280692,6952.100943280692,68076.17457904287,57278.025503042234
2020-08-04,330.06,0.003862647890750859,3862.647890750859,68076.17457904287,56917.85695729328
2020-08-05,332.11,0.006210991940859278,6210.991940859279,68076.17457904287,56546.549178170644
2020-08-06,334.33,0.006684532233296014,6684.532233296014,68076.17457904287,56163.757653301946
2020-08-07,334.57,0.0007178536176830619,717.8536176830619,68076.17457904287,55769.12721529298
2020-08-10,335.57,0.0029889111396719237,2988.9111396719236,68076.17457904287,55362.291712190956
2020-08-11,332.8,-0.008254611556456126,-8254.611556456126,68076.17457904287,54942.87366775588
2020-08-12,337.44,0.013942307692307754,13942.307692307753,68076.17457904287,54510.483931224866
2020-08-13,336.83,-0.0018077287814129983,-1807.7287814129984,68076.17457904287,54064.721316244446
2020-08-14,336.84,2.9688566932861704e-05,29.688566932861704,68076.17457904287,53605.17222863576
2020-08-17,337.91,0.003176582353639823,3176.582353639823,68076.17457904287,53131.410282647426
2020-08-18,338.64,0.0021603385516852924,2160.3385516852923,68076.17457904287,52642.99590533987
2020-08-19,337.23,-0.004163713678242309,-4163.713678242309,68076.17457904287,52139.475928734144
2020-08-20,338.28,0.0031136019927051617,3113.6019927051616,68076.17457904287,51620.38316934679
2020-08-21,339.48,0.003547357218872005,3547.357218872005,68076.17457904287,51085.23599472065
2020-08-24,342.92,0.01013314480970906,10133.14480970906,68076.17457904287,50531.92607426158
2020-08-25,344.12,0.003499358450950618,3499.358450950618,68076.17457904287,49953.94003198242
2020-08-26,347.57,0.010025572474718025,10025.572474718025,68076.17457904287,49358.07813272555
2020-08-27,348.33,0.0021866098915326315,2186.6098915326315,68076.17457904287,48748.2121412274
2020-08-28,350.58,0.006459391955903948,6459.391955903948,68076.17457904287,48728.66035635859
2020-08-31,349.31,-0.003622568315363006,-3622.568315363006,68076.17457904287,48708.503877112395
2020-09-01,352.6,0.009418568034124553,9418.568034124553,68076.17457904287,48664.84265505303
2020-09-02,357.7,0.014463981849120788,14463.981849120788,68076.17457904287,47622.70972580542
2020-09-03,345.39,-0.03441431367067371,-34414.31367067371,68076.17457904287,46548.34588122026
2020-09-04,342.57,-0.00816468340137233,-8164.68340137233,68076.17457904287,45440.754288864424
2020-09-08,333.21,-0.02732288291444085,-27322.88291444085,68076.17457904287,44983.357483920496
2020-09-09,339.79,0.019747306503406392,19747.30650340639,68076.17457904287,44947.51918964162
2020-09-10,333.89,-0.01736366579357851,-17363.665793578508,68076.17457904287,44904.717626455335
2020-09-11,334.06,0.0005091497199676276,509.14971996762756,68076.17457904287,44671.86145068123
2020-09-14,338.46,0.013171286595222265,13171.286595222266,68076.17457904287,44431.803537512045
2020-09-15,340.17,0.005052295692253184,5052.295692253184,68076.17457904287,44184.321152801545
2020-09-16,338.82,-0.003968603933327541,-3968.603933327541,68076.17457904287,43929.184673718555
2020-09-17,335.84,-0.008795230505873386,-8795.230505873385,68076.17457904287,43666.15737569486
2020-09-18,330.65,-0.015453787517865636,-15453.787517865636,68076.17457904287,43394.995212783826
2020-09-21,326.97,-0.011129593225464807,-11129.593225464807,68076.17457904287,43115.446591226064
2020-09-22,330.3,0.010184420589044896,10184.420589044896,68076.17457904287,42827.25213601188
2020-09-23,322.64,-0.02319103844989412,-23191.03844989412,68076.17457904287,42530.14445022405
2020-09-24,323.5,0.0026655095462435607,2665.5095462435606,68076.17457904287,42223.847866937635
2020-09-25,328.73,0.01616692426584243,16166.92426584243,68076.17457904287,41908.07819344648
2020-09-28,334.19,0.016609375475314048,16609.37547531405,68076.17457904287,41582.54244757932
2020-09-29,332.37,-0.005446003770310237,-5446.003770310237,68076.17457904287,41246.93858586059
2020-09-30,334.89,0.00758191172488476,7581.91172488476,68076.17457904287,40900.95522326396
2020-10-01,337.04,0.006420018513541903,6420.018513541903,68076.17457904287,40544.27134429837
2020-10-02,333.84,-0.00949442202705919,-9494.42202705919,68076.17457904287,40176.556005158585
2020-10-05,339.76,0.017733045770429,17733.045770429002,68076.17457904287,39797.46802666396
2020-10-06,334.93,-0.014215917117965549,-14215.917117965548,68076.17457904287,39406.65567770042
2020-10-07,340.76,0.017406622279282136,17406.622279282135,68076.17457904287,39003.75634887204
2020-10-08,343.78,0.008862542551942632,8862.542551942632,68076.17457904287,38588.39621605928
2020-10-09,346.85,0.00893012973413243,8930.12973413243,68076.17457904287,38160.189893571885
2020-10-12,352.43,0.01608764595646539,16087.64595646539,68076.17457904287,37718.74007657458
2020-10-13,350.13,-0.006526118661861924,-6526.118661861924,68076.17457904287,37263.637172453644
2020-10-14,347.93,-0.006283380458686705,-6283.3804586867045,68076.17457904287,36794.45892078258
2020-10-15,347.5,-0.0012358807806167604,-1235.8807806167604,68076.17457904287,36310.77000153405
2020-10-16,347.29,-0.0006043165467625178,-604.3165467625178,68076.17457904287,35812.12163117475
2020-10-19,342.01,-0.015203432290017083,-15203.432290017083,68076.17457904287,35298.05114626825
2020-10-20,343.38,0.004005730826583953,4005.730826583953,68076.17457904287,34768.08157419969
2020-10-21,342.73,-0.0018929465897838949,-1892.9465897838948,68076.17457904287,34392.86240621274
2020-10-22,344.61,0.0054853674904442595,5485.36749044426,68076.17457904287,34330.12579755869
2020-10-23,345.78,0.003395142334813084,3395.142334813084,68076.17457904287,34265.448881420496
2020-10-26,339.39,-0.018479958355023363,-18479.958355023362,68076.17457904287,34198.77164828833
2020-10-27,338.22,-0.0034473614425880594,-3447.3614425880596,68076.17457904287,34130.03223268817
2020-10-28,326.66,-0.034178936786706915,-34178.936786706916,68076.17457904287,34059.166855780786
2020-10-29,329.98,0.010163472723933031,10163.472723933031,68076.17457904287,34393.330178410935
2020-10-30,326.54,-0.010424874234802095,-10424.874234802095,68076.17457904287,34389.63940163742
2020-11-02,330.2,0.011208427757701811,11208.427757701811,68076.17457904287,34385.83447712864
2020-11-03,336.03,0.01765596608116282,17655.96608116282,68076.17457904287,34381.91187454227
2020-11-04,343.54,0.02234919501235022,22349.19501235022,68076.17457904287,34377.867954350135
2020-11-05,350.24,0.019502823543109837,19502.823543109836,68076.17457904287,34373.69896446134
2020-11-06,350.16,-0.00022841480127910874,-228.41480127910873,68076.17457904287,34369.40103674093
2020-11-09,354.56,0.012565684258624588,12565.684258624588,68076.17457904287,34364.97018342092
2020-11-10,354.04,-0.0014666064981948557,-1466.6064981948557,68076.17457904287,34360.40229340029
2020-11-11,356.67,0.007428539148118807,7428.539148118807,68076.17457904287,34355.69312843057
2020-11-12,353.21,-0.009700843917346713,-9700.843917346712,68076.17457904287,34350.83831918344
2020-11-13,358.1,0.013844455140001877,13844.455140001877,68076.17457904287,34345.8333611967
2020-11-16,362.57,0.012482546774643888,12482.546774643888,68076.17457904287,34340.67361069491
2020-11-17,360.62,-0.0053782717820006765,-5378.2717820006765,68076.17457904287,34335.35428028069
2020-11-18,356.28,-0.012034828905773454,-12034.828905773453,68076.17457904287,34329.87043449284
2020-11-19,357.78,0.004210171775008487,4210.171775008486,68076.17457904287,34324.216985227016
2020-11-20,355.33,-0.006847783554139397,-6847.783554139397,68076.17457904287,34318.38868701482
2020-11-23,357.46,0.0059944277150818515,5994.427715081852,68076.17457904287,34312.38013215689
2020-11-24,363.22,0.016113691042354494,16113.691042354494,68076.17457904287,34306.185745705414
2020-11-25,362.66,-0.0015417653212929094,-1541.7653212929094,68076.17457904287,34299.79978029152
2020-11-27,363.67,0.002784977665030608,2784.977665030608,68076.17457904287,34293.21631079267
2020-11-30,362.06,-0.004427090494129371,-4427.090494129371,68076.17457904287,34286.42922883508
2020-12-01,366.02,0.010937413688338893,10937.413688338893,68076.17457904287,34279.43223712623
2020-12-02,366.79,0.002103710179771623,2103.7101797716227,68076.17457904287,34272.21884361195
2020-12-03,366.69,-0.0002726355680362502,-272.6355680362502,68076.17457904287,34264.7823554529
2020-12-04,369.85,0.008617633423327664,8617.633423327665,68076.17457904287,34257.115872814706
2020-12-07,369.09,-0.0020548871163986737,-2054.8871163986737,68076.17457904287,34249.21228246605
2020-12-08,370.17,0.002926115581565636,2926.1155815656357,68076.17457904287,34241.064251178774
2020-12-09,366.85,-0.008968852149012552,-8968.852149012551,68076.17457904287,34232.66421892385
2020-12-10,366.73,-0.0003271091726864128,-327.1091726864128,68076.17457904287,34224.00439185692
2020-12-11,366.3,-0.0011725247457257115,-1172.5247457257115,68076.17457904287,34215.07673508689
2020-12-14,364.66,-0.004477204477204455,-4477.204477204455,68076.17457904287,34205.87296522088
2020-12-15,369.59,0.013519442768606282,13519.442768606283,68076.17457904287,34196.3845426786
2020-12-16,370.17,0.0015693065288564512,1569.3065288564512,68076.17457904287,34186.60266376903
2020-12-17,372.24,0.0055920252856795916,5592.025285679591,68076.17457904287,34166.36251687642
2020-12-18,369.18,-0.00822050290135401,-8220.50290135401,68076.17457904287,34112.31081669427
2020-12-21,367.86,-0.0035754916300990702,-3575.4916300990703,68076.17457904287,34056.587414444635
2020-12-22,367.24,-0.0016854238025335588,-1685.4238025335587,68076.17457904287,33999.14060800171
2020-12-23,367.57,0.0008985949243001112,898.5949243001112,68076.17457904287,33939.91709620488
2020-12-24,369.0,0.003890415431074379,3890.415431074379,68076.17457904287,33878.861929404025
2020-12-28,372.17,0.008590785907859111,8590.78590785911,68076.17457904287,33815.91845847531
2020-12-29,371.46,-0.0019077303382863953,-1907.7303382863952,68076.17457904287,33751.028282260144
2020-12-30,371.99,0.0014268023474937053,1426.8023474937054,68076.17457904287,33684.13119337852
2020-12-31,373.88,0.005080781741444662,5080.781741444662,68076.17457904287,33615.16512236654
2021-01-04,368.79,-0.013613993794800439,-13613.993794800439,68076.17457904287,33544.06608008615
2021-01-05,371.33,0.006887388486672474,6887.388486672475,68076.17457904287,33470.76809835379
2021-01-06,373.55,0.005978509681415556,5978.509681415556,68076.17457904287,33395.2031687328
2021-01-07,379.1,0.014857448802034545,14857.448802034545,68076.17457904287,33317.301179432805
2021-01-08,381.26,0.005697705091004979,5697.705091004978,68076.17457904287,33208.71505560478
2021-01-11,378.69,-0.0067408067985101905,-6740.806798510191,68076.17457904287,28616.47118513144
2021-01-12,378.77,0.00021125458818560539,211.25458818560537,68076.17457904287,28263.60466263407
2021-01-13,379.79,0.0026929271061595372,2692.9271061595373,68076.17457904287,27899.82474253368
2021-01-14,378.46,-0.003501935280023294,-3501.935280023294,68076.17457904287,27524.793897069372
2021-01-15,375.7,-0.007292712572002258,-7292.712572002258,68076.17457904287,27208.453515282585
2021-01-19,378.65,0.007852009582113295,7852.009582113295,68076.17457904287,26961.536996512234
2021-01-20,383.89,0.01383863726396406,13838.63726396406,68076.17457904287,26706.983884377853
2021-01-21,384.24,0.000911719502982633,911.719502982633,68076.17457904287,26127.414756919694
2021-01-22,382.88,-0.0035394545075994044,-3539.454507599404,68076.17457904287,25311.191887122783
2021-01-25,384.39,0.003943794400334211,3943.794400334211,68076.17457904287,23857.303523666076
2021-01-26,383.79,-0.001560914696011828,-1560.914696011828,68076.17457904287,23635.08882300705
2021-01-27,374.41,-0.0244404492039918,-24440.4492039918,68076.17457904287,23506.040120882462
2021-01-28,377.63,0.008600197644293539,8600.19764429354,68076.17457904287,25425.323184631536
2021-01-29,370.07,-0.02001959590074942,-20019.59590074942,68076.17457904287,25403.54044778197
2021-02-01,376.23,0.01664549950009464,16645.49950009464,68076.17457904287,25381.08401804015
2021-02-02,381.55,0.014140286526858503,14140.286526858503,68076.17457904287,25357.933059543426
2021-02-03,381.85,0.0007862665443585382,786.2665443585381,68076.17457904287,25334.066092021032
2021-02-04,386.19,0.011365719523372952,11365.719523372953,68076.17457904287,25309.460970863925
2021-02-05,387.71,0.003935886480747719,3935.886480747719,68076.17457904287,25284.094866578245
2021-02-08,390.51,0.007221892651724238,7221.892651724238,68076.17457904287,25257.94424360332
2021-02-09,390.25,-0.000665796010345443,-665.796010345443,68076.17457904287,25230.98483847453
2021-02-10,390.08,-0.0004356181934657144,-435.6181934657144,68076.17457904287,25203.19163731083
2021-02-11,390.71,0.00161505332239531,1615.05332239531,68076.17457904287,25174.538852605983
2021-02-12,392.64,0.004939725115814753,4939.725115814753,68076.17457904287,25144.99989930202
2021-02-16,392.3,-0.0008659331703341211,-865.9331703341211,68076.17457904287,25114.547370122673
2021-02-17,392.39,0.00022941626306383078,229.4162630638308,68076.17457904287,25083.153010143968
2021-02-18,390.72,-0.004255969825938344,-4255.969825938344,68076.17457904287,25050.78769057829
2021-02-19,390.03,-0.0017659705159706052,-1765.9705159706052,68076.17457904287,25017.421381747696
2021-02-22,387.03,-0.007691716021844486,-7691.716021844486,68076.17457904287,24981.326116007825
2021-02-23,387.5,0.0012143761465519542,1214.3761465519542,68076.17457904287,24944.114501843007
2021-02-24,391.77,0.011019354838709638,11019.354838709638,68076.17457904287,24907.555615110745
2021-02-25,382.33,-0.02409577047757616,-24095.770477576163,68076.17457904287,24868.006657554346
2021-02-26,380.36,-0.005152616849318559,-5152.616849318559,68076.17457904287,24829.151426677246
2021-03-01,389.58,0.024240193500893792,24240.19350089379,68076.17457904287,24789.09448762869
2021-03-02,386.54,-0.007803275322141756,-7803.275322141756,68076.17457904287,24745.761379761578
2021-03-03,381.42,-0.01324571842500133,-13245.718425001329,68076.17457904287,24703.188376202692
2021-03-04,376.7,-0.012374809920822294,-12374.809920822294,68076.17457904287,24657.133420450635
2021-03-05,383.63,0.01839660207061322,18396.602070613222,68076.17457904287,24611.886312831455
2021-03-08,381.72,-0.004978755571774851,-4978.755571774851,54211.06702114992,24562.93854393778
2021-03-09,387.17,0.014277480876034865,14277.480876034864,54211.06702114992,24514.849365896353
2021-03-10,389.58,0.006224655835937565,6224.655835937565,54211.06702114992,24462.827079900315
2021-03-11,393.53,0.010139124185019721,10139.12418501972,49680.00488413597,24436.859258420493
2021-03-12,394.06,0.0013467842350012305,1346.7842350012304,49680.00488413597,24430.80691608697
2021-03-15,396.41,0.005963558848906425,5963.558848906425,46883.36049231944,24424.259566004395
2021-03-16,395.91,-0.0012613203501424808,-1261.3203501424807,46883.36049231944,24417.827062727192
2021-03-17,397.26,0.0034098658786085867,3409.8658786085866,39815.48702549722,24410.868459174664
2021-03-18,391.48,-0.014549665206665563,-14549.665206665562,39815.48702549722,24404.031916208136
2021-03-19,389.48,-0.0051088178195565215,-5108.8178195565215,34298.97899752998,24396.636227450002
2021-03-22,392.59,0.007985005648556864,7985.005648556864,34298.97899752998,24389.011806049864
2021-03-23,389.5,-0.007870806694006416,-7870.8066940064155,34298.97899752998,24381.52112431991
2021-03-24,387.52,-0.0050834403080873836,-5083.4403080873835,34298.97899752998,24373.79877202098
2021-03-25,389.7,0.005625516102394812,5625.516102394812,34298.97899752998,24365.837584083944
2021-03-26,395.98,0.016114960225814823,16114.960225814822,34298.97899752998,24357.225268120215
2021-03-29,395.78,-0.000505076013940231,-505.07601394023106,34298.97899752998,24348.764020445607
2021-03-30,394.73,-0.002652989034311881,-2652.9890343118814,34298.97899752998,24340.04108469859
2021-03-31,396.33,0.004053403592328753,4053.4035923287524,32309.27189524508,24330.604719249266
2021-04-01,400.61,0.010799081573436453,10799.081573436453,32309.27189524508,24321.333876708064
2021-04-05,406.36,0.014353111504954885,14353.111504954884,32309.27189524508,24311.77630707796
2021-04-06,406.12,-0.0005906093119402156,-590.6093119402155,32309.27189524508,24301.92314251084
2021-04-07,406.59,0.0011572934108143862,1157.293410814386,32309.27189524508,24291.765240895253
2021-04-08,408.52,0.004746796527214103,4746.796527214104,32309.27189524508,24281.293177374027
2021-04-09,411.49,0.0072701458924899764,7270.145892489976,32309.27189524508,24270.49723559957
2021-04-12,411.64,0.0003645289071423363,364.5289071423363,32309.27189524508,24259.36739871869
2021-04-13,412.86,0.002963754737149049,2963.754737149049,32309.27189524508,24247.8933400786
2021-04-14,411.45,-0.0034152012788839503,-3415.20127888395,32309.27189524508,24236.064413645523
2021-04-15,415.87,0.010742496050552885,10742.496050552885,32309.27189524508,24223.869644126884
2021-04-16,417.26,0.003342390650924454,3342.390650924454,32309.27189524508,24211.29771678808
2021-04-19,415.21,-0.004913003882471401,-4913.003882471401,32309.27189524508,24198.336966954266
2021-04-20,412.17,-0.007321596300667088,-7321.596300667088,30819.47038929653,24184.316185937856
2021-04-21,416.07,0.00946211514666273,9462.11514666273,30819.47038929653,24170.541342879278
2021-04-22,412.27,-0.009133078568510089,-9133.07856851009,30819.47038929653,24156.340473746724
2021-04-23,416.74,0.010842409100832118,10842.409100832117,30819.47038929653,24141.700402476046
2021-04-26,417.61,0.0020876325766665538,2087.6325766665536,30819.47038929653,24126.60754549597
2021-04-27,417.52,-0.00021551208064951588,-215.5120806495159,30819.47038929653,24111.047899124755
2021-04-28,417.4,-0.00028741138149068757,-287.4113814906876,30819.47038929653,24094.60023081195
2021-04-29,420.06,0.006372783900335577,6372.783900335577,30819.47038929653,24069.25171504784
2021-04-30,417.3,-0.006570489930009971,-6570.4899300099705,30819.47038929653,24041.83000001001
2021-05-03,418.2,0.0021567217828899476,2156.7217828899475,30819.47038929653,24014.889288176542
2021-05-04,415.62,-0.006169296987087458,-6169.296987087459,30819.47038929653,23987.115358451316
2021-05-05,415.75,0.00031278571772297425,312.78571772297425,30819.47038929653,23958.482441208816
2021-05-06,419.07,0.007985568250150399,7985.568250150399,30819.47038929653,23928.9639698248
2021-05-07,422.12,0.00727802037845704,7278.020378457039,30819.47038929653,23898.53255602684
2021-05-10,417.94,-0.009902397422533848,-9902.397422533848,30819.47038929653,23867.15996448255
2021-05-11,414.21,-0.008924726037230268,-8924.726037230268,30819.47038929653,23834.817086601844
2021-05-12,405.41,-0.021245262065135884,-21245.262065135885,30819.47038929653,23801.47391352895
2021-05-13,410.28,0.012012530524653897,12012.530524653897,30819.47038929653,23767.09950829916
2021-05-14,416.58,0.015355367066393733,15355.367066393732,30819.47038929653,23186.44524788633
2021-05-17,415.52,-0.0025445292620864812,-2544.529262086481,30819.47038929653,23145.429085732856
2021-05-18,411.94,-0.00861571043511744,-8615.71043511744,30819.47038929653,23103.144382481853
2021-05-19,410.86,-0.002621741030247038,-2621.741030247038,30819.47038929653,23059.5519049035
2021-05-20,415.28,0.010757922406659182,10757.922406659181,30819.47038929653,23014.611206369114
2021-05-21,414.94,-0.0008187247158543132,-818.7247158543132,30819.47038929653,22968.280589323356
2021-05-24,419.17,0.010194244951077236,10194.244951077237,30819.47038929653,22920.51706659577
2021-05-25,418.24,-0.002218670229262587,-2218.670229262587,30819.47038929653,22871.276321515783
2021-05-26,419.07,0.001984506503442951,1984.506503442951,30819.47038929653,22820.512666794148
2021-05-27,419.29,0.0005249719617248516,524.9719617248516,30819.47038929653,22768.17900213267
2021-05-28,420.04,0.0017887381048915518,1788.7381048915518,30819.47038929653,22714.2267705229
2021-06-01,419.67,-0.0008808684887153806,-880.8684887153806,30819.47038929653,22658.605913193238
2021-06-02,420.33,0.001572664236185517,1572.664236185517,30819.47038929653,22601.26482316266
2021-06-03,418.77,-0.0037113696381414485,-3711.3696381414484,30819.47038929653,22542.150297357937
2021-06-04,422.6,0.00914583184086748,9145.83184086748,30819.47038929653,22481.207487249976
2021-06-07,422.19,-0.000970184571699062,-970.1845716990621,30819.47038929653,22418.37984796342
2021-06-08,422.28,0.00021317416329136307,213.17416329136307,30819.47038929653,22353.60908581233
2021-06-09,421.65,-0.0014919011082693556,-1491.9011082693555,30819.47038929653,22286.83510421327
2021-06-10,423.61,0.004648405075299511,4648.405075299511,26433.949248069715,22214.59982573028
2021-06-11,424.31,0.0016524633507235542,1652.4633507235542,26433.949248069715,22143.631623371835
2021-06-14,425.26,0.002238929084867225,2238.929084867225,26433.949248069715,22070.468528156944
2021-06-15,424.48,-0.0018341720359309477,-1834.1720359309477,26433.949248069715,21995.042656801386
2021-06-16,422.11,-0.005583301922352013,-5583.301922352013,26433.949248069715,21917.284026537924
2021-06-17,421.97,-0.00033166710099263863,-331.6671009926386,26433.949248069715,21837.12049018384
2021-06-18,414.92,-0.01670734886366332,-16707.34886366332,26433.949248069715,21754.477669200245
2021-06-21,420.86,0.014316012725344551,14316.012725344552,26433.949248069715,21669.27888468108
2021-06-22,423.11,0.005346195884617266,5346.1958846172665,26433.949248069715,21581.44508620771
2021-06-23,422.6,-0.00120536030819407,-1205.36030819407,25910.49039632081,21486.42755481294
2021-06-24,425.1,0.005915759583530633,5915.759583530633,25910.49039632081,21393.076722127884
2021-06-25,426.61,0.0035521053869678187,3552.105386967819,25910.49039632081,21292.090930444632
2021-06-28,427.47,0.002015892735754088,2015.8927357540879,25910.49039632081,21215.434608887106
2021-06-29,427.7,0.00053804945376279,538.04945376279,25910.49039632081,21157.19642855445
2021-06-30,428.06,0.0008417114800094438,841.7114800094439,25910.49039632081,21097.15706738676
2021-07-01,430.43,0.005536607017707862,5536.607017707862,25910.49039632081,21035.26081876028
2021-07-02,433.72,0.007643519271426369,7643.5192714263685,25910.49039632081,20971.450253165967
2021-07-06,432.93,-0.0018214516277783588,-1821.4516277783587,25910.49039632081,20905.666164924405
2021-07-07,434.46,0.003534058623795966,3534.058623795966,25910.49039632081,20837.847517252696
2021-07-08,430.92,-0.008148045850020602,-8148.045850020602,25910.49039632081,20767.931385632375
2021-07-09,435.52,0.010674835236238689,10674.835236238689,25910.49039632081,20695.85289942586
2021-07-12,437.08,0.0035819250551065718,3581.9250551065716,25910.49039632081,20621.545181687183
2021-07-13,435.59,-0.0034089869131509465,-3408.9869131509463,25910.49039632081,20544.93928711123
2021-07-14,436.24,0.0014922289308754166,1492.2289308754166,25910.49039632081,20465.964138063853
2021-07-15,434.75,-0.0034155510728040017,-3415.5510728040017,25910.49039632081,20384.54645863357
2021-07-16,431.34,-0.007843588269120239,-7843.588269120239,25910.49039632081,20300.610706643583
2021-07-19,424.97,-0.014767932489451407,-14767.932489451407,25910.49039632081,20214.079003561128
2021-07-20,431.06,0.014330423323999364,14330.423323999365,25910.49039632081,20124.871062239006
2021-07-21,434.55,0.00809632069781463,8096.32069781463,25910.49039632081,20032.904112422388
2021-07-22,435.46,0.002094120354389606,2094.120354389606,25910.49039632081,19147.558330521977
2021-07-23,439.94,0.010287971340651403,10287.971340651402,25910.49039632081,17360.61792872493
2021-07-26,441.02,0.002454880210937871,2454.8802109378707,25910.49039632081,17333.439120421583
2021-07-27,439.01,-0.0045576164346288195,-4557.61643462882,25910.49039632081,17305.419730418133
2021-07-28,438.83,-0.00041001343932944856,-410.01343932944854,25910.49039632081,17276.533761342413
2021-07-29,440.65,0.004147391928537303,4147.391928537303,25910.49039632081,17246.754411779813
2021-07-30,438.51,-0.004856462044706689,-4856.462044706688,25910.49039632081,17216.054051405998
2021-08-02,437.59,-0.002098013728307313,-2098.013728307313,25910.49039632081,17184.40419535052
2021-08-03,441.15,0.00813546927489206,8135.46927489206,25910.49039632081,17151.77547776755
2021-08-04,438.98,-0.0049189618043747885,-4918.961804374789,25910.49039632081,17118.137624589235
2021-08-05,441.76,0.006332862544990547,6332.862544990548,25910.49039632081,17083.45942543633
2021-08-06,442.49,0.001652480985150362,1652.480985150362,25910.49039632081,17047.708704660137
2021-08-09,442.13,-0.0008135777079708584,-813.5777079708583,25910.49039632081,17010.85229148881
2021-08-10,442.68,0.0012439780155157898,1243.9780155157898,25910.49039632081,16972.855989250325
2021-08-11,443.78,0.002484864913707252,2484.864913707252,25910.49039632081,16933.684543643638
2021-08-12,445.11,0.002996980485826306,2996.980485826306,25910.49039632081,16893.301610028502
2021-08-13,445.92,0.0018197748871064956,1819.7748871064955,25910.49039632081,16851.669719703616
2021-08-16,446.97,0.002354682454251966,2354.682454251966,25910.49039632081,16808.750245141877
2021-08-17,444.04,-0.006555249793050999,-6555.249793050999,25910.49039632081,16764.503364150394
2021-08-18,439.18,-0.01094495991352129,-10944.95991352129,25910.49039632081,16718.888022922063
2021-08-19,439.86,0.0015483400883464782,1548.3400883464783,25910.49039632081,16639.605750778894
2021-08-20,443.36,0.007957077251852906,7957.077251852907,25910.49039632081,16547.058453211186
2021-08-23,447.26,0.008796463370624341,8796.46337062434,25910.49039632081,16451.64886808984
2021-08-24,447.97,0.0015874435451415092,1587.4435451415093,25910.49039632081,16353.288471057525
2021-08-25,448.91,0.002098354800544655,2098.354800544655,25910.49039632081,16251.88599989019
2021-08-26,446.26,-0.005903187721369663,-5903.1877213696625,25910.49039632081,16147.34736982077
2021-08-27,450.25,0.008940976112580046,8940.976112580045,25910.49039632081,16039.575586244051
2021-08-30,452.23,0.004397556912826284,4397.556912826284,25910.49039632081,15928.470654721661
2021-08-31,451.56,-0.0014815470004201359,-1481.5470004201359,25910.49039632081,15813.92948820373
2021-09-01,451.8,0.0005314908317832767,531.4908317832767,25910.49039632081,15695.845811381123
2021-09-02,453.19,0.003076582558654284,3076.5825586542837,24271.556628048136,15568.104330712906
2021-09-03,453.08,-0.00024272380237877478,-242.7238023787748,24271.556628048136,15216.341750456506
2021-09-07,451.46,-0.0035755275006621456,-3575.5275006621455,23652.45178401196,15177.90101739211
2021-09-08,450.91,-0.0012182696141407323,-1218.2696141407323,23652.45178401196,15152.704741548308
2021-09-09,448.98,-0.0042802333059812625,-4280.233305981263,23652.45178401196,15125.447717798554
2021-09-10,445.44,-0.007884538286783371,-7884.538286783371,23652.45178401196,15098.66880840988
2021-09-13,446.58,0.002559267241379226,2559.267241379226,23652.45178401196,15071.061685328774
2021-09-14,444.17,-0.005396569483631097,-5396.569483631098,23652.45178401196,15042.600733698768
2021-09-15,447.88,0.008352657766170557,8352.657766170558,23652.45178401196,15013.259546451338
2021-09-16,447.17,-0.0015852460480485497,-1585.2460480485497,23652.45178401196,14983.010899804503
2021-09-17,441.4,-0.01290337008296627,-12903.37008296627,23652.45178401196,14950.288282971687
2021-09-20,434.04,-0.016674218396012574,-16674.218396012573,23652.45178401196,14918.139652249152
2021-09-21,433.63,-0.0009446133996867667,-944.6133996867667,23652.45178401196,16697.62443662024
2021-09-22,437.86,0.009754860134215892,9754.860134215893,22699.02135548042,16696.997271244378
2021-09-23,443.18,0.012150002283835004,12150.002283835003,22699.02135548042,16696.381106951234
2021-09-24,443.91,0.0016471862448665942,1647.186244866594,22699.02135548042,16695.745886030465
2021-09-27,442.64,-0.0028609402806876183,-2860.9402806876183,22699.02135548042,16695.09101910184
2021-09-28,433.72,-0.02015181637448027,-20151.81637448027,22699.02135548042,16694.41589855687
2021-09-29,434.45,0.0016831135294659294,1683.1135294659293,22699.02135548042,20645.67177288609
2021-09-30,429.14,-0.012222350097824797,-12222.350097824798,22699.02135548042,20624.286313839
2021-10-01,434.24,0.011884233583445925,11884.233583445925,22699.02135548042,20602.239448842003
2021-10-04,428.64,-0.012896094325718588,-12896.094325718588,22699.02135548042,20579.510722040974
2021-10-05,433.1,0.010405001866368169,10405.00186636817,22699.02135548042,20556.07904492651
2021-10-06,434.9,0.004156084045255026,4156.0840452550265,22699.02135548042,20531.922676767274
2021-10-07,438.66,0.008645665670269143,8645.665670269143,22699.02135548042,20507.01920443816
2021-10-08,437.86,-0.0018237359230384165,-1823.7359230384166,22699.02135548042,20481.34552162464
2021-10-11,434.69,-0.007239756999954383,-7239.756999954383,22699.02135548042,20454.8778073839
2021-10-12,433.62,-0.002461524304676832,-2461.524304676832,22699.02135548042,20427.591504042928
2021-10-13,435.18,0.00359762003597619,3597.62003597619,22699.02135548042,20399.461294413064
2021-10-14,442.5,0.016820625947883583,16820.625947883582,22699.02135548042,20370.4610782998
2021-10-15,445.87,0.007615819209039643,7615.819209039642,22699.02135548042,20340.563948286126
2021-10-18,447.19,0.0029605041828335565,2960.5041828335566,22699.02135548042,20309.742164766874
2021-10-19,450.64,0.007714841566224706,7714.841566224706,22699.02135548042,20277.967130210942
2021-10-20,452.41,0.003927747203976706,3927.747203976706,22699.02135548042,20245.209362627513
2021-10-21,453.59,0.002608253575296704,2608.253575296704,22699.02135548042,20211.4384682116
2021-10-22,453.12,-0.0010361780462531112,-1036.1780462531112,22699.02135548042,20176.623113143654
2021-10-25,455.55,0.005362817796610075,5362.817796610076,22699.02135548042,20150.41259218046
2021-10-26,455.96,0.0009000109757435482,900.0109757435482,22699.02135548042,20145.726869964576
2021-10-27,453.94,-0.004430213176594422,-4430.213176594422,20709.47367671463,20140.657912849056
2021-10-28,458.32,0.00964885227122525,9648.85227122525,20709.47367671463,20135.677870107123
2021-10-29,459.25,0.0020291499389073486,2029.1499389073485,20709.47367671463,20130.54380542472
2021-11-01,460.04,0.0017201959716930393,1720.1959716930394,20709.47367671463,20125.250955236676
2021-11-02,461.9,0.0040431266846361336,4043.1266846361336,20709.47367671463,20119.79440865106
2021-11-03,464.72,0.006105217579562838,6105.217579562838,20709.47367671463,20114.169102892694
2021-11-04,466.91,0.004712515062833544,4712.515062833544,20709.47367671463,20108.369818605723
2021-11-05,468.53,0.0034696194127346036,3469.6194127346034,20709.47367671463,20102.391175010904
2021-11-08,468.93,0.0008537340191663301,853.7340191663301,20709.47367671463,20096.227624913154
2021-11-09,467.38,-0.003305397394067322,-3305.3973940673222,20709.47367671463,20089.87344955465
2021-11-10,463.62,-0.008044845735803774,-8044.845735803774,20709.47367671463,20083.322753308763
2021-11-11,463.77,0.000323540830852842,323.540830852842,20709.47367671463,20076.569458209917
2021-11-12,467.27,0.007546844340944769,7546.844340944769,20709.47367671463,20069.607298314197
2021-11-15,467.43,0.0003424144498898052,342.41444988980516,20709.47367671463,20062.42981388562
2021-11-16,469.28,0.00395781186487798,3957.8118648779805,20709.47367671463,20055.030345402552
2021-11-17,468.14,-0.002429253324241376,-2429.253324241376,20709.47367671463,20047.40202737877
2021-11-18,469.73,0.003396419874396539,3396.419874396539,20709.47367671463,20039.537781993426
2021-11-19,468.89,-0.0017882613416217996,-1788.2613416217996,20709.47367671463,20031.430312524
2021-11-22,467.57,-0.0028151592057839014,-2815.1592057839016,20709.47367671463,20023.07209657614
2021-11-23,468.19,0.0013260046624035127,1326.0046624035126,20709.47367671463,18981.047404602225
2021-11-24,469.44,0.002669856254939207,2669.856254939207,20709.47367671463,17186.35630871401
2021-11-26,458.97,-0.02230316973415125,-22303.16973415125,20709.47367671463,16705.550622190054
2021-11-29,464.6,0.012266596945334163,12266.596945334162,21784.79497633372,22915.932811672665
2021-11-30,455.56,-0.019457597933706494,-19457.597933706493,21784.79497633372,22879.099753652146
2021-12-01,450.5,-0.011107208710158911,-11107.208710158911,21784.79497633372,22841.127528888723
2021-12-02,457.4,0.01531631520532728,15316.31520532728,21784.79497633372,22801.98090542128
2021-12-03,453.42,-0.008701355487538143,-8701.355487538143,21784.79497633372,22761.62356164041
2021-12-06,458.79,0.011843324070398342,11843.324070398343,21784.79497633372,22720.018052587962
2021-12-07,468.28,0.020684844918154255,20684.844918154256,21784.79497633372,22677.12577521431
2021-12-08,469.52,0.002647988383018829,2647.9883830188287,21784.79497633372,22632.906932561058
2021-12-09,466.35,-0.006751576077696275,-6751.576077696275,21784.79497633372,22587.320496836055
2021-12-10,470.74,0.009413530610056897,9413.530610056898,21784.79497633372,22540.324171346365
2021-12-13,466.57,-0.008858393168203249,-8858.393168203249,21784.79497633372,22491.874351253897
2021-12-14,463.36,-0.006879996570718139,-6879.996570718139,21784.79497633372,22441.926083117334
2021-12-15,470.6,0.015625,15625.0,21784.79497633372,22390.433023182733
2021-12-16,466.45,-0.008818529536761655,-8818.529536761655,21784.79497633372,22337.347394384175
2021-12-17,459.87,-0.01410654946939649,-14106.54946939649,21784.79497633372,22291.18526169309
2021-12-20,454.98,-0.010633439885184948,-10633.439885184947,21784.79497633372,22258.281542831883
2021-12-21,463.06,0.0177590223746098,17759.0223746098,21784.79497633372,22224.36018318115
2021-12-22,467.69,0.009998704271584558,9998.704271584558,21784.79497633372,22189.38970931442
2021-12-23,470.6,0.006222070174688454,6222.070174688454,21784.79497633372,22153.337674400263
2021-12-27,477.26,0.014152146196344972,14152.146196344973,21784.79497633372,22116.170628097007
2021-12-28,476.87,-0.0008171646482001416,-817.1646482001415,21784.79497633372,22077.854085516334
2021-12-29,477.48,0.0012791746178204555,1279.1746178204555,21784.79497633372,22038.352495226976
2021-12-30,476.16,-0.002764513696908777,-2764.513696908777,21784.79497633372,21997.629206268877
2021-12-31,474.96,-0.002520161290322731,-2520.161290322731,21784.79497633372,21955.646434147126
2022-01-03,477.71,0.005789961259895504,5789.961259895505,21784.79497633372,21912.36522577419
2022-01-04,477.55,-0.0003349312344308464,-334.93123443084636,21784.79497633372,21867.74542332786
2022-01-05,468.38,-0.019202177782431162,-19202.17778243116,21784.79497633372,21821.745626991436
2022-01-06,467.94,-0.0009394081728510972,-939.4081728510972,21784.79497633372,21774.32315654152
2022-01-07,466.09,-0.003953498311749404,-3953.498311749404,21784.79497633372,21725.434011747788
2022-01-10,465.51,-0.001244394859361897,-1244.394859361897,21784.79497633372,21675.032831548066
2022-01-11,469.75,0.009108289832656657,9108.289832656657,21784.79497633372,21623.072851960722
2022-01-12,471.02,0.002703565726450252,2703.565726450252,21784.79497633372,21569.50586269542
2022-01-13,464.53,-0.013778608127043457,-13778.608127043457,21784.79497633372,21514.28216242191
2022-01-14,464.72,0.0004090155641187643,409.01556411876425,21784.79497633372,21457.35051265541
2022-01-18,456.49,-0.017709588569461254,-17709.588569461255,21784.79497633372,21398.658090215715
2022-01-19,451.75,-0.010383579048829139,-10383.579048829139,21784.79497633372,21338.15043821603
2022-01-20,446.75,-0.011068068622025473,-11068.068622025474,21784.79497633372,21275.771415535946
2022-01-21,437.98,-0.019630665920537194,-19630.665920537194,21784.79497633372,21124.32503463761
2022-01-24,439.84,0.004246769258870131,4246.769258870131,21784.79497633372,20887.104888039405
2022-01-25,434.47,-0.012208985085485513,-12208.985085485514,20709.47367671463,20630.483028133152
2022-01-26,433.38,-0.0025088038299537763,-2508.803829953776,20709.47367671463,20378.36256198563
2022-01-27,431.24,-0.004937929761410276,-4937.929761410276,20709.47367671463,20150.468654653185
2022-01-28,441.95,0.02483535850106655,24835.358501066552,20709.47367671463,20139.647231661515
2022-01-31,449.91,0.018011087227062017,18011.087227062017,20709.47367671463,20128.491125484532
2022-02-01,452.95,0.006756906936942864,6756.9069369428635,20709.47367671463,20116.989985095894
2022-02-02,457.35,0.009714096478640188,9714.09647864019,20709.47367671463,20105.13313933441
2022-02-03,446.6,-0.023504974308516502,-23504.974308516503,20709.47367671463,20092.909587002985
2022-02-04,448.7,0.004702194357366629,4702.194357366629,21784.79497633372,23702.799719946546
2022-02-07,447.26,-0.003209271227991972,-3209.271227991972,21784.79497633372,23690.633008858513
2022-02-08,450.94,0.008227876402987055,8227.876402987056,21784.79497633372,23678.090007736824
2022-02-09,457.54,0.014636093493591185,14636.093493591185,21784.79497633372,23665.159078745393
2022-02-10,449.32,-0.017965642348210076,-17965.642348210076,21784.79497633372,23651.828224115055
2022-02-11,440.46,-0.019718686014421838,-19718.686014421837,21784.79497633372,23638.08507501161
2022-02-14,439.02,-0.003269309358398087,-3269.309358398087,21784.79497633372,23623.916880059605
2022-02-15,446.1,0.01612682793494602,16126.827934946019,21784.79497633372,23609.310493511148
2022-02-16,446.6,0.00112082492714638,1120.8249271463799,21784.79497633372,23594.25236304882
2022-02-17,437.06,-0.021361397223466194,-21361.397223466192,21784.79497633372,23578.72851721137
2022-02-18,434.23,-0.006475083512561208,-6475.083512561208,21841.70120391557,23562.724552430493
2022-02-22,429.57,-0.010731639914331126,-10731.639914331126,21841.70120391557,23546.225619666704
2022-02-23,421.95,-0.017738668901459587,-17738.668901459587,21304.490995884342,23504.974308516503
2022-02-24,428.3,0.015049176442706536,15049.176442706535,21304.490995884342,23504.974308516503
2022-02-25,437.75,0.022063973850104945,22063.973850104947,21304.490995884342,23484.912516962308
2022-02-28,436.63,-0.002558537978298081,-2558.5379782980813,21304.490995884342,23454.290999903147
2022-03-01,429.98,-0.015230286512607827,-15230.286512607827,21304.490995884342,23422.72242561535
2022-03-02,437.89,0.018396204474626643,18396.204474626644,21304.490995884342,23390.17750366917
2022-03-03,435.71,-0.004978419237708143,-4978.419237708143,21304.490995884342,23356.626037745267
2022-03-04,432.17,-0.008124670078721974,-8124.670078721974,21304.490995884342,23322.036897617538
2022-03-07,419.43,-0.029479140153180428,-29479.140153180426,21304.490995884342,23286.37799026936
2022-03-08,416.25,-0.00758171804591945,-7581.71804591945,21841.70120391557,29479.140153180426
2022-03-09,427.41,0.026810810810810937,26810.810810810937,21841.70120391557,29479.140153180426
2022-03-10,425.48,-0.00451557052946816,-4515.57052946816,21841.70120391557,29479.140153180426
2022-03-11,420.07,-0.01271505123625083,-12715.051236250829,21841.70120391557,29479.140153180426
2022-03-14,417.0,-0.007308305758564004,-7308.3057585640045,21841.70120391557,29479.140153180426
2022-03-15,426.17,0.021990407673860846,21990.407673860846,21841.70120391557,29479.140153180426
2022-03-16,435.62,0.022174249712556104,22174.249712556106,21841.70120391557,29479.140153180426
2022-03-17,441.07,0.012510903998898204,12510.903998898204,21841.70120391557,29479.140153180426
2022-03-18,444.52,0.007821887682227358,7821.887682227358,21841.70120391557,29479.140153180426
2022-03-21,444.39,-0.00029245028345181723,-292.4502834518172,21841.70120391557,29479.140153180426
2022-03-22,449.59,0.01170143342559471,11701.433425594709,21841.70120391557,29479.140153180426
2022-03-23,443.8,-0.01287840032029175,-12878.40032029175,21841.70120391557,29479.140153180426
2022-03-24,450.49,0.015074357818837258,15074.357818837258,21841.70120391557,29479.140153180426
2022-03-25,452.69,0.004883571222446648,4883.571222446648,21841.70120391557,29479.140153180426
2022-03-28,455.91,0.007113035410545976,7113.0354105459755,21841.70120391557,29398.252099402252
2022-03-29,461.55,0.012370862670263882,12370.862670263883,21841.70120391557,29274.787805998552
2022-03-30,458.7,-0.006174845628859282,-6174.845628859282,21841.70120391557,29147.50502929371
2022-03-31,451.64,-0.015391323304992377,-15391.323304992377,21841.70120391557,29016.285671866033
2022-04-01,452.92,0.0028341156673457046,2834.1156673457044,21841.70120391557,28881.007983796266
2022-04-04,456.8,0.008566634284200347,8566.634284200347,21841.70120391557,28741.54644970372
2022-04-05,451.03,-0.012631348511383589,-12631.348511383589,21841.70120391557,28597.771672288727
2022-04-06,446.52,-0.009999334855774533,-9999.334855774534,21841.70120391557,28449.550252273268
2022-04-07,448.77,0.0050389680193496655,5038.968019349665,21841.70120391557,28296.744664628466
2022-04-08,447.57,-0.0026739755331238735,-2673.9755331238734,21841.70120391557,28139.21313097403
2022-04-11,439.92,-0.01709229841142168,-17092.29841142168,21841.70120391557,27976.809488031315
2022-04-12,438.29,-0.0037052191307510585,-3705.2191307510584,21841.70120391557,27809.383052007892
2022-04-13,443.31,0.011453603778320165,11453.603778320165,21841.70120391557,27636.778478787874
2022-04-14,437.79,-0.012451783176558151,-12451.78317655815,21841.70120391557,27458.835619798163
2022-04-18,437.97,0.0004111560337147768,411.1560337147768,21841.70120391557,27275.389373417016
2022-04-19,445.04,0.016142658172934254,16142.658172934254,21841.70120391557,27086.26953178697
2022-04-20,444.71,-0.0007415063814489864,-741.5063814489864,21841.70120391557,26891.300622890012
2022-04-21,438.06,-0.01495356524476621,-14953.565244766209,21841.70120391557,26690.301747738515
2022-04-22,426.04,-0.027439163584896953,-27439.163584896953,21841.70120391557,26483.08641253078
2022-04-25,428.51,0.005797577692235434,5797.5776922354335,22916.090067077526,29030.595933499175
2022-04-26,416.1,-0.028960817717206044,-28960.817717206046,22916.090067077526,28999.819219378856
2022-04-27,417.27,0.0028118240807497585,2811.8240807497587,25511.410839470525,29354.999739861567
2022-04-28,427.81,0.02525942435353623,25259.42435353623,25511.410839470525,29347.054097799322
2022-04-29,412.0,-0.03695565788550992,-36955.65788550992,25511.410839470525,29338.86271423
2022-05-02,414.48,0.006019417475728206,6019.417475728206,28215.207192374586,36955.65788550992
2022-05-03,416.38,0.004584057131827857,4584.057131827857,28215.207192374586,36955.65788550992
2022-05-04,429.06,0.030452951630721925,30452.951630721924,28215.207192374586,36955.65788550992
2022-05-05,413.81,-0.035542814524775035,-35542.814524775036,28215.207192374586,36955.65788550992
2022-05-06,411.34,-0.005968922935646881,-5968.922935646881,29225.16215955298,36955.65788550992
2022-05-09,398.17,-0.032017309281859196,-32017.309281859198,29225.16215955298,36955.65788550992
2022-05-10,399.09,0.002310570861692174,2310.570861692174,30773.606408806594,36955.65788550992
2022-05-11,392.75,-0.015886140970708285,-15886.140970708284,30773.606408806594,36955.65788550992
2022-05-12,392.34,-0.0010439210693826695,-1043.9210693826694,30773.606408806594,36955.65788550992
2022-05-13,401.72,0.023907835041035996,23907.835041035996,30773.606408806594,36955.65788550992
2022-05-16,400.09,-0.004057552524146302,-4057.552524146302,30773.606408806594,36955.65788550992
2022-05-17,408.32,0.02057037166637521,20570.37166637521,30773.606408806594,36955.65788550992
2022-05-18,391.86,-0.04031152037617547,-40311.52037617547,30773.606408806594,36955.65788550992
2022-05-19,389.46,-0.006124636349716828,-6124.636349716828,33815.31695574627,40311.52037617547
2022-05-20,389.63,0.00043650182303700547,436.50182303700547,33815.31695574627,40311.52037617547
2022-05-23,396.92,0.018710058260400952,18710.058260400954,33815.31695574627,40311.52037617547
2022-05-24,393.89,-0.007633780106822585,-7633.780106822585,33815.31695574627,40311.52037617547
2022-05-25,397.37,0.008834953921145638,8834.953921145638,33815.31695574627,40311.52037617547
2022-05-26,405.31,0.019981377557440227,19981.377557440228,33815.31695574627,40311.52037617547
2022-05-27,415.26,0.024549110557351206,24549.110557351207,33815.31695574627,40311.52037617547
2022-05-31,412.93,-0.0056109425420218795,-5610.9425420218795,33815.31695574627,40311.52037617547
2022-06-01,409.59,-0.008088538008863555,-8088.538008863555,33815.31695574627,40311.52037617547
2022-06-02,417.39,0.01904343367757999,19043.43367757999,33815.31695574627,40311.52037617547
2022-06-03,410.54,-0.016411509619300824,-16411.509619300825,33815.31695574627,40311.52037617547
2022-06-06,411.79,0.0030447703025284767,3044.770302528477,33815.31695574627,40311.52037617547
2022-06-07,415.74,0.00959226790354295,9592.26790354295,33815.31695574627,40311.52037617547
2022-06-08,411.22,-0.01087217972771437,-10872.17972771437,33815.31695574627,40311.52037617547
2022-06-09,401.44,-0.023782889937259966,-23782.889937259966,33815.31695574627,40270.03605637938
2022-06-10,389.8,-0.02899561578318055,-28995.61578318055,33815.31695574627,40206.716048149196
2022-06-13,375.0,-0.037968188814776815,-37968.18881477682,33815.31695574627,40141.437689149
2022-06-14,373.87,-0.0030133333333333123,-3013.333333333312,36263.36463874982,40207.97980592194
2022-06-15,379.2,0.01425629229411296,14256.29229411296,36263.36463874982,40177.71818044184
2022-06-16,366.65,-0.03309599156118148,-33095.99156118148,36263.36463874982,40146.5206284005
2022-06-17,365.86,-0.0021546433928814057,-2154.643392881406,36263.36463874982,40114.358203615615
2022-06-21,375.07,0.02517356365822976,25173.56365822976,36263.36463874982,40081.20106466212
2022-06-22,374.39,-0.0018129949076172158,-1812.9949076172159,36263.36463874982,40047.018447184295
2022-06-23,378.06,0.009802612249258935,9802.612249258935,36263.36463874982,40011.77863535148
2022-06-24,390.08,0.03179389514891806,31793.89514891806,36263.36463874982,39975.44893243106
2022-06-27,388.59,-0.003819729286300255,-3819.7292863002554,36263.36463874982,39937.995630451245
2022-06-28,380.65,-0.0204328469595203,-20432.846959520302,36263.36463874982,39899.38397892565
2022-06-29,380.34,-0.0008143964271640769,-814.3964271640768,36263.36463874982,39859.57815261062
2022-06-30,377.25,-0.00812430982804857,-8124.30982804857,36263.36463874982,39818.54121826522
2022-07-01,381.24,0.010576540755467212,10576.540755467211,36263.36463874982,39776.23510038336
2022-07-05,381.96,0.0018885741265344258,1888.574126534426,36263.36463874982,39732.62054586599
2022-07-06,383.25,0.0033773169965440886,3377.3169965440884,36263.36463874982,39687.65708760065
2022-07-07,388.99,0.014977168949771746,14977.168949771747,36263.36463874982,39641.30300691474
2022-07-08,388.67,-0.0008226432556106555,-822.6432556106555,36263.36463874982,39593.51529486741
2022-07-11,384.23,-0.011423572696632078,-11423.572696632078,36263.36463874982,39544.24961234438
2022-07-12,380.83,-0.008848866564297508,-8848.866564297508,36263.36463874982,39493.460248918585
2022-07-13,378.83,-0.005251687104482317,-5251.6871044823165,36263.36463874982,39441.10008043838
2022-07-14,377.91,-0.002428529947469782,-2428.5299474697817,36263.36463874982,39387.12052530415
2022-07-15,385.13,0.019105077928607272,19105.077928607272,36263.36463874982,39331.471499392566
2022-07-18,381.95,-0.008256952197959189,-8256.952197959188,36263.36463874982,39274.10136958682
2022-07-19,392.27,0.02701924335646022,27019.24335646022,36263.36463874982,39214.95690586955
2022-07-20,394.77,0.006373161342952516,6373.161342952516,36263.36463874982,39153.983231934224
2022-07-21,398.79,0.010183144615852457,10183.144615852458,36263.36463874982,39091.12377426893
2022-07-22,395.09,-0.00927806615010418,-9278.066150104181,36263.36463874982,39026.320209665544
2022-07-25,395.57,0.001214913057784317,1214.913057784317,36263.36463874982,38959.512411105345
2022-07-26,390.89,-0.011831028642212527,-11831.028642212526,36263.36463874982,38890.63839197112
2022-07-27,401.04,0.02596638440481991,25966.38440481991,36263.36463874982,38819.63424853378
2022-07-28,406.07,0.012542389786554864,12542.389786554864,36263.36463874982,38746.43410066023
2022-07-29,411.99,0.014578767207624299,14578.7672076243,36263.36463874982,38670.9700306875
2022-08-01,410.77,-0.0029612369232263624,-2961.2369232263623,36263.36463874982,38593.17202040634
2022-08-02,408.06,-0.006597365922535681,-6597.3659225356805,36263.36463874982,38512.96788609586
2022-08-03,414.45,0.015659461843846367,15659.461843846368,36263.36463874982,38430.28321154897
2022-08-04,414.17,-0.0006755941609360994,-675.5941609360993,36263.36463874982,38345.04127902641
2022-08-05,413.47,-0.0016901272424366676,-1690.1272424366675,36263.36463874982,38257.16299807531
2022-08-08,412.99,-0.0011609064744722009,-1160.906474472201,36263.36463874982,38166.566832146345
2022-08-09,411.35,-0.00397104046102803,-3971.04046102803,36263.36463874982,38073.16872294123
2022-08-10,419.99,0.021004011182691018,21004.011182691018,36263.36463874982,37976.88201242049
2022-08-11,419.99,0.0,0.0,36263.36463874982,37923.61178675747
2022-08-12,427.1,0.01692897449939279,16928.97449939279,36263.36463874982,37873.24518385032
2022-08-15,428.86,0.004120814797471395,4120.814797471395,36263.36463874982,37821.32085095635
2022-08-16,429.7,0.0019586811546892235,1958.6811546892236,36263.36463874982,37767.79061085947
2022-08-17,426.65,-0.007097975331626705,-7097.975331626704,36263.36463874982,37712.6047963266
2022-08-18,427.89,0.0029063635298254287,2906.3635298254285,36263.36463874982,37655.71220402468
2022-08-19,422.14,-0.013438033139358208,-13438.033139358207,36263.36463874982,37597.06004701239
2022-08-22,413.35,-0.020822475955843966,-20822.475955843965,36263.36463874982,37536.5939057626
2022-08-23,412.35,-0.0024192572880126217,-2419.2572880126218,36263.36463874982,37474.257677670044
2022-08-24,413.67,0.0032011640596580904,3201.1640596580905,36263.36463874982,37409.9935249973
2022-08-25,419.51,0.014117533299489837,14117.533299489838,36263.36463874982,37343.74182121096
2022-08-26,405.31,-0.03384901432623777,-33849.01432623777,36263.36463874982,37275.44109565804
2022-08-29,402.63,-0.006612222743085594,-6612.222743085594,36263.36463874982,37205.02797653132
2022-08-30,398.21,-0.01097782082805554,-10977.820828055541,36263.36463874982,37132.43713207078
2022-08-31,395.18,-0.007609050500991921,-7609.050500991921,36263.36463874982,37057.60120994651
2022-09-01,396.42,0.0031378106179462684,3137.8106179462684,36263.36463874982,36980.450774766854
2022-09-02,392.24,-0.01054437213056858,-10544.37213056858,36263.36463874982,36830.339201141425
2022-09-06,390.76,-0.0037732000815827726,-3773.200081582773,36263.36463874982,36642.63367756594
2022-09-07,397.78,0.01796499129900697,17964.99129900697,36263.36463874982,36449.122828519045
2022-09-08,400.38,0.006536276333651836,6536.276333651836,36263.36463874982,36249.62710785214
2022-09-09,406.6,0.015535241520555632,15535.241520555632,36263.36463874982,36043.96141644296
2022-09-12,410.97,0.010747663551401887,10747.663551401887,36263.36463874982,35831.93493045412
2022-09-13,393.1,-0.04348249263936543,-43482.49263936543,36263.36463874982,35613.35092428005
2022-09-14,394.6,0.0038158229458153947,3815.8229458153946,37472.04865943603,43482.49263936543
2022-09-15,390.12,-0.011353269133299593,-11353.269133299593,37472.04865943603,43482.49263936543
2022-09-16,385.56,-0.011688711165795174,-11688.711165795174,37472.04865943603,43482.49263936543
2022-09-19,388.55,0.007754953833385203,7754.953833385203,37472.04865943603,43482.49263936543
2022-09-20,384.09,-0.011478574186076562,-11478.574186076563,37472.04865943603,43482.49263936543
2022-09-21,377.39,-0.01744382826941604,-17443.82826941604,37472.04865943603,43482.49263936543
2022-09-22,374.22,-0.00839979861681539,-8399.798616815391,37472.04865943603,43482.49263936543
2022-09-23,367.95,-0.01675485008818356,-16754.85008818356,37472.04865943603,43482.49263936543
2022-09-26,364.31,-0.009892648457670794,-9892.648457670794,37472.04865943603,43482.49263936543
2022-09-27,363.38,-0.002552770991737785,-2552.770991737785,37472.04865943603,43482.49263936543
2022-09-28,370.53,0.019676371842148654,19676.371842148656,37472.04865943603,43482.49263936543
2022-09-29,362.79,-0.020888996842360785,-20888.996842360786,37472.04865943603,43482.49263936543
2022-09-30,357.18,-0.015463491275944818,-15463.491275944818,37472.04865943603,43482.49263936543
2022-10-03,366.61,0.026401254269555974,26401.254269555975,37472.04865943603,43482.49263936543
2022-10-04,377.97,0.030986607021085133,30986.607021085132,37472.04865943603,43422.185652532025
2022-10-05,377.09,-0.0023282271079716477,-2328.2271079716475,37472.04865943603,43330.13547739601
2022-10-06,373.2,-0.010315839719960751,-10315.839719960752,37472.04865943603,43235.238389626924
2022-10-07,362.79,-0.027893890675241062,-27893.890675241062,37472.04865943603,43137.40634038045
2022-10-10,360.02,-0.007635271093470175,-7635.271093470175,37472.04865943603,43036.54855765212
2022-10-11,357.74,-0.006332981501027679,-6332.981501027679,37472.04865943603,42932.571462055894
2022-10-12,356.56,-0.0032984849331917365,-3298.4849331917367,37472.04865943603,42825.37857999794
2022-10-13,365.97,0.026391070226609914,26391.070226609914,37472.04865943603,42714.87045416499
2022-10-14,357.63,-0.022788753176489984,-22788.753176489983,37472.04865943603,42600.94455124443
2022-10-17,366.82,0.025696949361071475,25696.949361071474,37472.04865943603,42483.49516679024
2022-10-18,371.13,0.011749631972084451,11749.631972084451,37472.04865943603,42362.41332714675
2022-10-19,368.5,-0.007086465658933561,-7086.465658933561,37472.04865943603,42237.586688339026
2022-10-20,365.41,-0.008385345997286242,-8385.345997286242,37472.04865943603,42108.89943183622
2022-10-21,374.29,0.024301469582113322,24301.46958211332,37472.04865943603,41976.23215709105
2022-10-24,378.87,0.012236501108765951,12236.501108765951,37472.04865943603,41839.461770755835
2022-10-25,384.92,0.0159685380209571,15968.538020957101,37472.04865943603,41698.4613724721
2022-10-26,382.02,-0.0075340330458277815,-7534.033045827781,37472.04865943603,41553.10013712804
2022-10-27,379.98,-0.005340034553164674,-5340.034553164674,37472.04865943603,41403.24319347438
2022-10-28,389.02,0.023790725827675052,23790.72582767505,37472.04865943603,41248.75149898607
2022-10-31,386.21,-0.007223279008791383,-7223.279008791384,37472.04865943603,41089.48171085379
2022-11-01,384.52,-0.004375857694000618,-4375.857694000618,37472.04865943603,40925.28605298546
2022-11-02,374.87,-0.025096223863518063,-25096.223863518062,37472.04865943603,40756.012178894394
2022-11-03,371.01,-0.010296902926347884,-10296.902926347884,37472.04865943603,40581.5030303469
2022-11-04,376.35,0.014393143041966594,14393.143041966594,37472.04865943603,40401.59669163816
2022-11-07,379.95,0.009565563969708979,9565.56396970898,37472.04865943603,39984.20547512551
2022-11-08,382.0,0.005395446769311807,5395.446769311807,37472.04865943603,39328.14014014298
2022-11-09,374.13,-0.0206020942408377,-20602.094240837698,37472.04865943603,38651.78412469707
2022-11-10,394.69,0.054954160318605894,54954.16031860589,37472.04865943603,37961.45638248137
2022-11-11,398.51,0.009678481846512543,9678.481846512543,37472.04865943603,37607.66140216069
2022-11-14,395.12,-0.008506687410604452,-8506.687410604452,37472.04865943603,37242.92430904658
2022-11-15,398.49,0.008529054464466501,8529.0544644665,37472.04865943603,36752.48938920125
2022-11-16,395.45,-0.007628798715149765,-7628.798715149765,37472.04865943603,35865.091063178115
2022-11-17,394.24,-0.003059805285118178,-3059.805285118178,37472.04865943603,35428.9249191017
2022-11-18,396.03,0.004540381493506329,4540.381493506329,37472.04865943603,35247.65668954609
2022-11-21,394.59,-0.0036360881751382745,-3636.0881751382744,37472.04865943603,35060.782226086696
2022-11-22,399.9,0.013457006006234229,13457.006006234229,37472.04865943603,34868.12814004609
2022-11-23,402.42,0.0063015753938484576,6301.575393848458,37472.04865943603,34669.5156802104
2022-11-25,402.33,-0.00022364693603704744,-223.64693603704745,37472.04865943603,34464.76056697774
2022-11-28,395.91,-0.015957050182685784,-15957.050182685784,37472.04865943603,34253.67282137706
2022-11-29,395.23,-0.0017175620721880946,-1717.5620721880946,37472.04865943603,34036.05658879904
2022-11-30,407.68,0.03150064519393769,31500.645193937693,37472.04865943603,33834.21531461234
2022-12-01,407.38,-0.0007358712715855864,-735.8712715855864,37472.04865943603,33742.46219645377
2022-12-02,406.91,-0.0011537139771220506,-1153.7139771220507,37472.04865943603,33647.87135299134
2022-12-05,399.59,-0.017989235948981497,-17989.235948981495,37472.04865943603,33550.355019524904
2022-12-06,393.83,-0.014414775144523162,-14414.775144523162,37472.04865943603,33449.8227169822
2022-12-07,393.16,-0.0017012416524895269,-1701.2416524895268,37472.04865943603,33346.181167969095
2022-12-08,396.24,0.007833960728456546,7833.960728456546,37472.04865943603,33239.33421022363
2022-12-09,393.28,-0.0074702200686453946,-7470.220068645394,37472.04865943603,33129.18270739324
2022-12-12,398.95,0.014417209113100071,14417.20911310007,37472.04865943603,32660.235962354138
2022-12-13,401.97,0.007569870911141807,7569.8709111418075,37472.04865943603,32025.47294716139
2022-12-14,399.4,-0.006393511953628472,-6393.511953628472,37472.04865943603,29330.301195320983
2022-12-15,389.63,-0.024461692538808144,-24461.692538808144,37472.04865943603,28989.684783405526
2022-12-16,383.27,-0.01632317840002062,-16323.17840002062,37472.04865943603,28963.19889669527
2022-12-19,380.02,-0.008479661857176413,-8479.661857176412,37472.04865943603,28876.82708928949
2022-12-20,380.54,0.001368349034261529,1368.349034261529,37472.04865943603,28781.966328772727
2022-12-21,386.23,0.014952436011983039,14952.43601198304,37472.04865943603,28684.171730301834
2022-12-22,380.72,-0.014266110866582027,-14266.110866582027,37472.04865943603,28583.352556620503
2022-12-23,382.91,0.005752258877915528,5752.2588779155285,37472.04865943603,28479.41526416552
2022-12-27,381.4,-0.003943485414327208,-3943.485414327208,37472.04865943603,28372.26341627379
2022-12-28,376.66,-0.012427897220765427,-12427.897220765428,37472.04865943603,28261.79759370499
2022-12-29,383.44,0.01800031858970952,18000.318589709517,37472.04865943603,28147.915302396952
2022-12-30,382.43,-0.002634049655747983,-2634.0496557479833,37472.04865943603,28030.510878368048
2023-01-03,380.82,-0.0042099207698140795,-4209.92076981408,37472.04865943603,27909.475389678453
2023-01-04,383.76,0.007720182763510275,7720.1827635102745,37472.04865943603,27847.2688862257
2023-01-05,379.38,-0.011413383364602847,-11413.383364602847,37472.04865943603,27792.345303066293
2023-01-06,388.08,0.0229321524592756,22932.1524592756,37472.04865943603,27735.723052386493
2023-01-09,387.86,-0.0005668934240361523,-566.8934240361523,37472.04865943603,27677.34959807742
2023-01-10,390.58,0.007012839684422234,7012.839684422234,37472.04865943603,27617.17077920209
2023-01-11,395.52,0.012647857033130316,12647.857033130316,37472.04865943603,27555.130759742988
2023-01-12,396.96,0.00364077669902918,3640.7766990291802,37472.04865943603,27491.171976795456
2023-01-13,398.5,0.003879484079000406,3879.484079000406,37472.04865943603,27397.183905669157
2023-01-17,397.77,-0.0018318695106650518,-1831.8695106650518,37472.04865943603,27192.30768208944
2023-01-18,391.49,-0.01578801820147313,-15788.01820147313,37472.04865943603,26981.095080460866
2023-01-19,388.64,-0.007279879434979208,-7279.879434979209,37472.04865943603,26763.350130328312
2023-01-20,395.88,0.018629065459036642,18629.065459036643,37472.04865943603,26538.870800294753
2023-01-23,400.63,0.011998585429928266,11998.585429928266,37472.04865943603,26307.448810569436
2023-01-24,400.2,-0.0010733095374785284,-1073.3095374785285,37472.04865943603,26068.86943971859
2023-01-25,400.35,0.0003748125937033109,374.8125937033109,37472.04865943603,25822.91132543937
2023-01-26,404.75,0.010990383414512195,10990.383414512195,37472.04865943603,25569.346259172133
2023-01-27,405.68,0.002297714638665793,2297.7146386657932,37472.04865943603,25307.93897436055
2023-01-30,400.59,-0.012546834943798157,-12546.834943798158,37472.04865943603,25091.669491277604
2023-01-31,406.48,0.014703312613894681,14703.31261389468,37472.04865943603,25069.76928328823
2023-02-01,410.8,0.010627829167486613,10627.829167486614,37472.04865943603,25047.191749278565
2023-02-02,416.78,0.014556962025316311,14556.962025316312,37472.04865943603,25023.91594102118
2023-02-03,412.35,-0.010629108882383886,-10629.108882383887,37472.04865943603,24999.920262405314
2023-02-06,409.83,-0.006111313204801849,-6111.31320480185,37472.04865943603,24975.18244939927
2023-02-07,415.19,0.013078593563184748,13078.593563184748,37472.04865943603,24949.67954939304
2023-02-08,410.65,-0.010934752763794964,-10934.752763794964,37472.04865943603,24923.38789990208
2023-02-09,407.09,-0.008669183002556924,-8669.183002556923,37472.04865943603,24896.28310661243
2023-02-10,408.04,0.002333636296642183,2333.636296642183,37472.04865943603,24868.340020746815
2023-02-13,412.83,0.011739045191647701,11739.045191647701,37472.04865943603,24839.53271573071
2023-02-14,412.64,-0.0004602378703097987,-460.23787030979867,37472.04865943603,24809.834463136795
2023-02-15,413.98,0.003247382706475399,3247.382706475399,37472.04865943603,24779.21770788533
2023-02-16,408.28,-0.013768781100536365,-13768.781100536366,37472.04865943603,24747.654042677637
2023-02-17,407.26,-0.0024982854903496943,-2498.285490349694,37472.04865943603,24715.11418163878
2023-02-21,399.09,-0.020060894760104198,-20060.8947601042,37472.04865943603,24681.56793314511
2023-02-22,398.54,-0.0013781352577111328,-1378.1352577111327,37472.04865943603,24646.984171811433
2023-02-23,400.66,0.005319415867917954,5319.415867917954,37472.04865943603,24611.33080961176
2023-02-24,396.38,-0.010682374082763513,-10682.374082763512,37472.04865943603,24574.574766106947
2023-02-27,397.73,0.003405822695393468,3405.8226953934677,37472.04865943603,24536.68193775147
2023-02-28,396.26,-0.0036959746561738838,-3695.974656173884,37472.04865943603,24497.617166250977
2023-03-01,394.74,-0.0038358653409377164,-3835.865340937716,37472.04865943603,24455.293807697006
2023-03-02,397.81,0.0077772711151644636,7777.2711151644635,37472.04865943603,24394.197790726954
2023-03-03,404.19,0.016037806993288273,16037.806993288274,37472.04865943603,24331.212206221742
2023-03-06,404.47,0.0006927435117147773,692.7435117147774,37472.04865943603,24266.27861394833
2023-03-07,398.27,-0.015328701757856056,-15328.701757856055,37472.04865943603,24196.03424618044
2023-03-08,398.92,0.0016320586536773263,1632.0586536773262,37472.04865943603,24127.02203205204
2023-03-09,391.56,-0.018449814499147732,-18449.81449914773,37472.04865943603,24055.875419548534
2023-03-10,385.91,-0.01442946164061698,-14429.46164061698,37472.04865943603,23982.528396349044
2023-03-13,385.36,-0.0014252027674847012,-1425.202767484701,37472.04865943603,23906.912908514518
2023-03-14,391.73,0.016529997924019213,16529.99792401921,37472.04865943603,23828.9587973449
2023-03-15,389.28,-0.006254307814055671,-6254.307814055671,37472.04865943603,23605.497534102065
2023-03-16,396.11,0.017545211672832073,17545.211672832073,37472.04865943603,23176.96427682931
2023-03-17,389.99,-0.015450253717401718,-15450.253717401718,37472.04865943603,22724.97553523746
2023-03-20,393.74,0.009615631170029948,9615.631170029948,37472.04865943603,22182.798456400564
2023-03-21,398.91,0.013130492202976685,13130.492202976684,37472.04865943603,21623.853014300672
2023-03-22,392.11,-0.017046451580557065,-17046.451580557066,37472.04865943603,21047.620599764705
2023-03-23,393.17,0.002703323047104078,2703.323047104078,37472.04865943603,20863.595556022436
2023-03-24,395.75,0.006562046951700262,6562.046951700262,37472.04865943603,20827.86898778862
2023-03-27,396.49,0.0018698673404926591,1869.8673404926592,37472.04865943603,20770.025683587348
2023-03-28,395.6,-0.0022446972180887315,-2244.6972180887315,37472.04865943603,20706.677521997684
2023-03-29,401.35,0.014534883720930258,14534.883720930258,37472.04865943603,20641.370138915554
2023-03-30,403.7,0.005855238569826726,5855.238569826726,37472.04865943603,20578.013260987074
2023-03-31,409.39,0.014094624721327609,14094.62472132761,37472.04865943603,20518.427847230294
2023-04-03,410.95,0.003810547399790032,3810.5473997900317,37472.04865943603,20456.999585625366
2023-04-04,408.67,-0.00554812020927109,-5548.12020927109,37472.04865943603,20421.79803413632
2023-04-05,407.6,-0.002618249443316123,-2618.249443316123,37472.04865943603,20403.384782599078
2023-04-06,409.19,0.003900883218841855,3900.883218841855,37472.04865943603,20384.40204905553
2023-04-10,409.61,0.0010264180454067073,1026.4180454067073,37472.04865943603,20364.83222066012
2023-04-11,409.72,0.00026854813114907117,268.5481311490712,37472.04865943603,20344.657139840107
2023-04-12,408.05,-0.004075954310260754,-4075.9543102607545,37472.04865943603,20323.85808744834
2023-04-13,413.47,0.01328268594534987,13282.685945349871,37472.04865943603,20302.415765394973
2023-04-14,412.46,-0.002442740706701918,-2442.740706701918,37472.04865943603,20280.310278742018
2023-04-17,413.94,0.0035882267371381005,3588.2267371381004,37472.04865943603,20257.521117244127
2023-04-18,414.21,0.0006522684447021199,652.2684447021198,37472.04865943603,20234.027136318466
2023-04-19,414.14,-0.00016899640279088857,-168.99640279088857,37472.04865943603,20209.80653742603
2023-04-20,411.88,-0.005457091804703662,-5457.091804703662,37472.04865943603,20184.836847846203
2023-04-21,412.2,0.0007769253180538449,776.9253180538449,37472.04865943603,20159.09489982576
2023-04-24,412.63,0.0010431829209121002,1043.1829209121001,37472.04865943603,20131.247574573892
2023-04-25,406.08,-0.015873785231321103,-15873.785231321102,37472.04865943603,20103.888718138092
2023-04-26,404.36,-0.0042356185973206895,-4235.618597320689,37472.04865943603,20074.29224109285
2023-04-27,412.41,0.019908002769809086,19908.002769809085,37472.04865943603,20032.880442087346
2023-04-28,415.93,0.008535195557818565,8535.195557818564,37472.04865943603,19979.32285351167
2023-05-01,415.51,-0.0010097853004111812,-1009.7853004111812,36779.75541267594,19921.384907728072
2023-05-02,410.84,-0.011239200019253492,-11239.200019253492,36779.75541267594,19864.463249129203
2023-05-03,408.02,-0.006863985979943532,-6863.985979943532,36779.75541267594,19805.781126862326
2023-05-04,405.13,-0.007082986128130964,-7082.986128130964,36779.75541267594,19745.284093597507
2023-05-05,412.63,0.01851257621010549,18512.57621010549,35949.79331539268,19679.839141227912
2023-05-08,412.74,0.0002665826527397108,266.58265273971085,35949.79331539268,19615.54215614467
2023-05-09,410.93,-0.004385327324708088,-4385.327324708088,35949.79331539268,19545.986462266897
2023-05-10,412.85,0.00467232862044642,4672.32862044642,35949.79331539268,19477.65084202751
2023-05-11,412.13,-0.001743974809252813,-1743.974809252813,35949.79331539268,19407.201748997213
2023-05-12,411.59,-0.0013102661781476677,-1310.2661781476677,35949.79331539268,19334.573818038145
2023-05-15,413.01,0.0034500352292330394,3450.0352292330394,35949.79331539268,19259.699662410243
2023-05-16,410.25,-0.00668264690927578,-6682.64690927578,35949.79331539268,19182.50981124745
2023-05-17,415.23,0.01213893967093238,12138.939670932381,35949.79331539268,19102.93264510025
2023-05-18,419.23,0.009633215326445566,9633.215326445566,33480.033171360184,19016.847037804197
2023-05-19,418.62,-0.0014550485413734604,-1455.0485413734605,33480.033171360184,18932.271454695256
2023-05-22,418.79,0.00040609622091647424,406.09622091647424,33480.033171360184,18845.08013190253
2023-05-23,414.09,-0.011222808567539877,-11222.808567539876,33480.033171360184,18755.192170260543
2023-05-24,411.09,-0.007244801854669247,-7244.801854669247,33480.033171360184,18662.524168567776
2023-05-25,414.65,0.008659904157240605,8659.904157240606,33480.033171360184,18566.990146204098
2023-05-26,420.02,0.012950681297479782,12950.681297479783,33480.033171360184,18468.501463354947
2023-05-30,420.18,0.0003809342412266492,380.9342412266492,33480.033171360184,18414.69592046616
2023-05-31,417.85,-0.0055452425151125695,-5545.24251511257,33480.033171360184,18370.324940652426
2023-06-01,421.82,0.009501017111403609,9501.01711140361,33480.033171360184,18324.581662493936
2023-06-02,427.92,0.014461144564032136,14461.144564032136,33480.033171360184,18277.423643773844
2023-06-05,427.1,-0.0019162460272947879,-1916.2460272947878,33480.033171360184,18228.807129629415
2023-06-06,428.03,0.00217747600093654,2177.47600093654,33480.033171360184,18178.68701195475
2023-06-07,426.55,-0.0034577015629744245,-3457.7015629744246,33480.033171360184,18127.016787547876
2023-06-08,429.13,0.006048528894619487,6048.528894619487,33480.033171360184,18073.748514963474
2023-06-09,429.9,0.001794328059096184,1794.328059096184,33480.033171360184,18016.12354768885
2023-06-12,433.8,0.009071877180739873,9071.877180739873,33480.033171360184,17732.83253625798
2023-06-13,436.66,0.006592899953895781,6592.899953895781,30546.962127070663,17425.803449578238
2023-06-14,437.18,0.0011908578756927302,1190.8578756927302,30546.962127070663,17381.69812953261
2023-06-15,442.6,0.012397639416258821,12397.63941625882,30546.962127070663,17336.22872742372
2023-06-16,439.46,-0.007094441934026308,-7094.4419340263075,26523.033937496788,17287.040483063625
2023-06-20,437.18,-0.005188185500386799,-5188.1855003867995,26523.033937496788,17238.715047726295
2023-06-21,434.94,-0.0051237476554280015,-5123.747655428001,26523.033937496788,17188.89501129606
2023-06-22,436.51,0.0036096932910285595,3609.6932910285595,26523.033937496788,17137.53414899685
2023-06-23,433.21,-0.007559964261987129,-7559.964261987128,26523.033937496788,17084.58480642034
2023-06-26,431.44,-0.004085778259966255,-4085.778259966255,26523.033937496788,17034.394021238582
2023-06-27,436.17,0.010963285740775097,10963.285740775098,26523.033937496788,16993.154627704833
2023-06-28,436.39,0.000504390489946438,504.390489946438,26523.033937496788,16948.542355004563
2023-06-29,438.11,0.003941428538692504,3941.428538692504,26523.033937496788,16904.712624391588
2023-06-30,443.28,0.011800689324598768,11800.689324598769,26523.033937496788,16859.52733509986
2023-07-03,443.79,0.0011505143475907254,1150.5143475907253,26523.033937496788,16812.944562634162
2023-07-05,443.13,-0.0014871898871088307,-1487.1898871088308,26523.033937496788,16764.9210858654
2023-07-06,439.66,-0.007830659174508536,-7830.659174508536,26523.033937496788,16394.770274761708
2023-07-07,438.55,-0.0025246781603966983,-2524.6781603966983,26523.033937496788,16087.225552712853
2023-07-10,439.66,0.002531068293239125,2531.068293239125,26523.033937496788,15953.058599952088
2023-07-11,442.46,0.006368557521721163,6368.5575217211635,26523.033937496788,15945.536560446186
2023-07-12,446.02,0.00804592505537216,8045.92505537216,26523.033937496788,15937.781880543194
2023-07-13,449.56,0.007936863817766149,7936.863817766149,26523.033937496788,15929.787365179285
2023-07-14,449.28,-0.0006228312127414259,-622.8312127414259,26523.033937496788,15921.545596762884
2023-07-17,450.84,0.003472222222222321,3472.222222222321,26523.033937496788,15913.048928292368
2023-07-18,454.19,0.007430574039570592,7430.5740395705925,26523.033937496788,15904.289476260908
2023-07-19,455.2,0.002223738963869737,2223.738963869737,26523.033937496788,15895.259113341877
2023-07-20,452.18,-0.006634446397188021,-6634.4463971880205,26523.033937496788,15885.94946084803
2023-07-21,452.18,0.0,0.0,26523.033937496788,15876.351880957467
2023-07-24,454.2,0.004467247556282805,4467.247556282805,26523.033937496788,15866.79707950307
2023-07-25,455.44,0.0027300748568912514,2730.0748568912513,26523.033937496788,15857.069401049785
2023-07-26,455.51,0.0001536975232740989,153.6975232740989,26523.033937496788,15847.040866561862
2023-07-27,452.49,-0.006629931285811463,-6629.931285811464,26523.033937496788,15836.702171213487
2023-07-28,456.92,0.009790271608212331,9790.271608212332,26523.033937496788,15826.04372240073
2023-07-31,457.79,0.001904053225947555,1904.0532259475551,26523.033937496788,15815.055630841185
2023-08-01,456.48,-0.0028615740841870796,-2861.5740841870797,26523.033937496788,15803.727701398357
2023-08-02,450.13,-0.013910795653697905,-13910.795653697905,26523.033937496788,15792.049423622244
2023-08-03,448.84,-0.0028658387576923072,-2865.8387576923074,26523.033937496788,15549.534995155773
2023-08-04,446.81,-0.004522769806612592,-4522.769806612592,26523.033937496788,15459.932187134116
2023-08-07,450.71,0.008728542333430234,8728.542333430234,26523.033937496788,15455.14971483531
2023-08-08,448.75,-0.004348694282354515,-4348.694282354515,26523.033937496788,15450.071372809212
2023-08-09,445.75,-0.006685236768802283,-6685.236768802283,26523.033937496788,15423.117856529509
2023-08-10,445.91,0.00035894559730786924,358.9455973078692,26523.033937496788,15395.33072634425
2023-08-11,445.65,-0.00058307730259477,-583.07730259477,26523.033937496788,15366.684200380063
2023-08-14,448.11,0.005520026926960631,5520.026926960631,26523.033937496788,15337.151699386057
2023-08-15,442.89,-0.011648925487045658,-11648.925487045659,26523.033937496788,15151.980366198233
2023-08-16,439.64,-0.007338165232902094,-7338.165232902094,26523.033937496788,14899.804548049267
2023-08-17,436.29,-0.007619870803384554,-7619.870803384554,26523.033937496788,14639.8294777926
2023-08-18,436.5,0.0004813312246441104,481.33122464411036,26523.033937496788,14427.885257180655
2023-08-21,439.34,0.0065063001145475585,6506.300114547558,26523.033937496788,14420.329671755651
2023-08-22,438.15,-0.002708608367096077,-2708.608367096077,26523.033937496788,14327.633398368602
2023-08-23,443.03,0.011137738217505522,11137.73821750552,26523.033937496788,14257.819576084183
2023-08-24,436.89,-0.013859106606776028,-13859.106606776028,26523.033937496788,14246.714870034839
2023-08-25,439.97,0.007049829476527325,7049.829476527325,26523.033937496788,14235.266719468505
2023-08-28,442.76,0.006341341455099236,6341.341455099237,24785.3035144102,14222.882249882136
2023-08-29,449.16,0.014454783629957557,14454.783629957557,24785.3035144102,14210.715015780388
2023-08-30,451.01,0.004118799536913187,4118.799536913187,24785.3035144102,14198.17147546931
2023-08-31,450.35,-0.0014633821866476548,-1463.3821866476549,24785.3035144102,14185.239990612525
2023-09-01,451.19,0.0018652159431553628,1865.2159431553628,24785.3035144102,14171.90856292512
2023-09-05,449.24,-0.004321904297524326,-4321.9042975243265,24785.3035144102,14158.164823041197
2023-09-06,446.22,-0.006722464606891632,-6722.464606891632,24785.3035144102,14143.996019037153
2023-09-07,444.85,-0.003070234413518058,-3070.2344135180583,24785.3035144102,14129.389004599994
2023-09-08,445.52,0.0015061256603348117,1506.1256603348118,24785.3035144102,14114.330226829727
2023-09-11,448.45,0.006576584665110463,6576.584665110463,24785.3035144102,14098.805713664502
2023-09-12,445.99,-0.005485561378079984,-5485.561378079984,24785.3035144102,14082.801060916849
2023-09-13,446.51,0.0011659454247852086,1165.9454247852086,23641.952251272243,14065.48742287154
2023-09-14,450.36,0.008622427269266097,8622.427269266098,23641.952251272243,14048.47748265722
2023-09-15,443.37,-0.01552091660005328,-15520.91660005328,23641.952251272243,14030.941461817714
2023-09-18,443.63,0.0005864176647043529,586.4176647043529,23641.952251272243,15678.022861348769
2023-09-19,442.71,-0.002073800238937884,-2073.800238937884,23641.952251272243,15672.553166873933
2023-09-20,438.64,-0.009193377154344762,-9193.377154344762,23641.952251272243,15666.914306590597
2023-09-21,431.39,-0.01652836038664962,-16528.36038664962,23641.952251272243,15660.81425634439
2023-09-22,430.42,-0.002248545399754165,-2248.545399754165,23641.952251272243,16630.9395721829
2023-09-25,432.23,0.004205194925886335,4205.194925886335,23641.952251272243,16747.210034923944
2023-09-26,425.88,-0.014691252342502903,-14691.252342502903,23641.952251272243,16736.434885296876
2023-09-27,426.05,0.000399173476096637,399.173476096637,23641.952251272243,16725.326483619487
2023-09-28,428.52,0.005797441614833865,5797.441614833865,23641.952251272243,16713.87452312733
2023-09-29,427.48,-0.0024269579016147347,-2426.9579016147345,23641.952251272243,16701.485932009702
2023-10-02,427.31,-0.0003976794235988068,-397.6794235988068,23641.952251272243,16689.31464867231
2023-10-03,421.59,-0.013386066321874113,-13386.066321874112,23641.952251272243,16676.76693389149
2023-10-04,424.66,0.007281956403140555,7281.956403140555,23641.952251272243,16663.831145457654
2023-10-05,424.5,-0.00037677200584007586,-376.77200584007585,23641.952251272243,16650.495281092877
2023-10-06,429.54,0.011872791519434767,11872.791519434766,23641.952251272243,16636.746967314757
2023-10-09,432.29,0.006402197699864942,6402.1976998649425,21717.290298020358,16621.874209233665
2023-10-10,434.54,0.005204839343958989,5204.839343958989,21717.290298020358,16607.262333605948
2023-10-11,436.32,0.004096285727435811,4096.285727435811,21717.290298020358,16592.198544299023
2023-10-12,433.66,-0.006096442977631011,-6096.442977631012,21717.290298020358,16576.668864601157
2023-10-13,431.5,-0.00498086058202285,-4980.86058202285,21717.290298020358,16560.658885531197
2023-10-16,436.04,0.010521436848204058,10521.436848204057,20336.906495278283,16543.33948553541
2023-10-17,436.02,-4.586735161915545e-05,-45.86735161915545,20336.906495278283,16527.539007932468
2023-10-18,430.21,-0.01332507683133799,-13325.07683133799,20336.906495278283,16520.463882862154
2023-10-19,426.43,-0.008786406638618294,-8786.406638618293,20336.906495278283,16513.169939490697
2023-10-20,421.19,-0.012288066036629686,-12288.066036629685,20336.906495278283,16505.65041024177
2023-10-23,420.46,-0.0017331845485411002,-1733.1845485411002,20336.906495278283,16497.89831823257
2023-10-24,423.63,0.007539361651524468,7539.361651524468,20336.906495278283,16489.9064708004
2023-10-25,417.55,-0.01435214692066189,-14352.14692066189,20336.906495278283,16481.667452829097
2023-10-26,412.55,-0.01197461381870435,-11974.613818704349,20336.906495278283,16473.173619868987
2023-10-27,410.68,-0.004532783904981241,-4532.783904981241,20336.906495278283,16464.41709104413
2023-10-30,415.59,0.01195578065647207,11955.78065647207,20336.906495278283,16455.389741740157
2023-10-31,418.2,0.006280228109434738,6280.228109434738,20336.906495278283,16446.083196065956
2023-11-01,422.66,0.010664753706360663,10664.753706360663,20336.906495278283,16436.488819082246
2023-11-02,430.76,0.019164340131547775,19164.340131547775,19271.465432235527,16426.109739136846
2023-11-03,434.69,0.00912340978735271,9123.40978735271,19271.465432235527,16415.912718216758
2023-11-06,435.69,0.0023004900043708254,2300.4900043708253,19271.465432235527,16405.400325515635
2023-11-07,436.93,0.0028460602722120143,2846.0602722120143,19271.465432235527,16394.562807267055
2023-11-08,437.25,0.0007323827615406397,732.3827615406398,19271.465432235527,16383.390108041714
2023-11-09,433.84,-0.007798742138364845,-7798.742138364844,18224.131009566274,16371.303618354832
2023-11-10,440.61,0.015604831274202535,15604.831274202535,18224.131009566274,16359.429137299097
2023-11-13,440.19,-0.0009532239395384501,-953.22393953845,18224.131009566274,16347.187404251948
2023-11-14,448.73,0.019400713328335595,19400.713328335594,18224.131009566274,16334.567060904374
2023-11-15,449.68,0.0021170859982617696,2117.0859982617694,18224.131009566274,15951.80292502566
2023-11-16,450.23,0.0012230919765165993,1223.0919765165993,18224.131009566274,15833.504217847743
2023-11-17,450.79,0.001243808719987527,1243.808719987527,18224.131009566274,15775.548747044526
2023-11-20,454.26,0.0076975975509661065,7697.597550966107,18224.131009566274,15754.655460497796
2023-11-21,453.27,-0.002179368643508095,-2179.368643508095,18224.131009566274,15733.115989831065
2023-11-22,455.02,0.0038608334987977333,3860.8334987977332,18224.131009566274,15710.910349968455
2023-11-24,455.3,0.0006153575667005029,615.357566700503,18224.131009566274,15688.01793773896
2023-11-27,454.48,-0.0018010103228640606,-1801.0103228640605,18224.131009566274,15664.4175127601
2023-11-28,454.93,0.00099014258053165,990.14258053165,18224.131009566274,15638.886861002637
2023-11-29,454.61,-0.0007034049194380998,-703.4049194380998,18224.131009566274,15613.804041384334
2023-11-30,456.4,0.0039374408833945385,3937.4408833945386,18224.131009566274,15587.94546445825
2023-12-01,459.1,0.005915863277826672,5915.863277826672,18224.131009566274,15561.287137730327
2023-12-04,456.69,-0.005249401001960363,-5249.401001960363,18224.131009566274,15533.804326670614
2023-12-05,456.6,-0.00019707022268933283,-197.07022268933284,17762.166669038303,15516.529784312297
2023-12-06,454.76,-0.004029785370127104,-4029.7853701271038,17762.166669038303,15508.922114139863
2023-12-07,458.23,0.007630398451930809,7630.398451930809,17762.166669038303,15501.07915519921
2023-12-08,460.2,0.004299151081334607,4299.151081334607,17762.166669038303,15492.993630518124
2023-12-11,461.99,0.003889613211647047,3889.613211647047,17762.166669038303,15484.658038063397
2023-12-12,464.1,0.004567198424208385,4567.198424208385,17762.166669038303,15476.064643780172
2023-12-13,470.5,0.013790131437190212,13790.131437190212,17762.166669038303,15467.205474416023
2023-12-14,472.01,0.0032093517534537153,3209.3517534537154,17762.166669038303,15458.072310123085
2023-12-15,469.33,-0.0056778458083515115,-5677.845808351512,16792.586895542416,15358.73618388339
2023-12-18,471.97,0.005625039950567956,5625.039950567956,16792.586895542416,15258.834738656697
2023-12-19,474.84,0.00608089497213804,6080.89497213804,16792.586895542416,15185.309493113831
2023-12-20,468.26,-0.013857299300817139,-13857.299300817138,16792.586895542416,15109.51027090469
2023-12-21,472.7,0.009481911758424832,9481.911758424832,16792.586895542416,15031.366742854028
2023-12-22,473.65,0.002009731330653741,2009.7313306537412,16792.586895542416,14950.806404657471
2023-12-26,475.65,0.004222527182518698,4222.527182518698,16792.586895542416,14867.754509609473
2023-12-27,476.51,0.0018080521391778959,1808.052139177896,16792.586895542416,14782.133999250713
2023-12-28,476.69,0.0003777465320768947,377.7465320768947,16792.586895542416,14693.865431870547
2023-12-29,475.31,-0.0028949631836203693,-2894.9631836203694,16792.586895542416,14655.001897733231
2024-01-02,472.65,-0.005596347646798949,-5596.347646798949,16792.586895542416,14616.525425038484
2024-01-03,468.79,-0.008166719559927982,-8166.719559927982,16792.586895542416,14576.85895834287
2024-01-04,467.28,-0.0032210584696773514,-3221.0584696773512,16792.586895542416,14535.965693708213
2024-01-05,467.92,0.0013696284882727117,1369.6284882727116,16792.586895542416,14493.807688930217
2024-01-08,474.6,0.014275944605915525,14275.944605915525,16792.586895542416,14450.345828334346
2024-01-09,473.88,-0.001517067003792727,-1517.067003792727,16792.586895542416,14425.708159391635
2024-01-10,476.56,0.005655440195830197,5655.440195830197,16792.586895542416,14418.460391846522
2024-01-11,476.35,-0.0004406580493536705,-440.6580493536705,16792.586895542416,14410.988466542281
2024-01-12,476.68,0.0006927679227457517,692.7679227457518,16792.586895542416,14403.285450764713
2024-01-16,474.93,-0.003671225979692827,-3671.225979692827,16792.586895542416,14395.344197385779
2024-01-17,472.29,-0.005558713915734925,-5558.713915734926,16792.586895542416,14387.157338232237
2024-01-18,476.49,0.008892841262783335,8892.841262783335,16792.586895542416,14378.300893900252
2024-01-19,482.43,0.012466158786123449,12466.15878612345,16792.586895542416,14369.599800103311
2024-01-22,483.45,0.002114296374603475,2114.2963746034748,16792.586895542416,14360.62960031265
2024-01-23,484.86,0.002916537387527285,2916.537387527285,16792.586895542416,14348.370735154658
2024-01-24,485.39,0.0010930990388977602,1093.0990388977602,16792.586895542416,14301.307748134735
2024-01-25,488.03,0.005438925400193639,5438.92540019364,16792.586895542416,14252.789204815224
2024-01-26,487.41,-0.0012704137040754349,-1270.413704075435,16792.586895542416,14202.770087990988
2024-01-29,491.27,0.007919410763012502,7919.410763012502,16792.586895542416,14151.203988172187
2024-01-30,490.89,-0.0007735054043601641,-773.5054043601641,16792.586895542416,14098.043060523938
2024-01-31,482.88,-0.016317301228381043,-16317.301228381042,16792.586895542416,14043.237980474198
2024-02-01,489.2,0.01308813783962881,13088.137839628811,16792.586895542416,16410.28884126061
2024-02-02,494.35,0.010527391659852947,10527.391659852947,16792.586895542416,16406.20274236941
2024-02-05,492.55,-0.003641144937797103,-3641.144937797103,16792.586895542416,16401.990269285696
2024-02-06,493.98,0.0029032585524313426,2903.2585524313427,16792.586895542416,16397.647513529293
2024-02-07,498.1,0.00834041864043078,8340.41864043078,16792.586895542416,16393.170445739182
2024-02-08,498.32,0.0004416783778358191,441.6783778358191,16792.586895542416,16388.55491193495
2024-02-09,501.2,0.0057794188473270225,5779.418847327022,16792.586895542416,16383.796629662542
2024-02-12,500.98,-0.0004389465283319849,-438.9465283319849,16792.586895542416,16378.891184020884
2024-02-13,494.08,-0.013773004910375697,-13773.004910375697,16792.586895542416,16373.834023565567
2024-02-14,498.57,0.009087597150259086,9087.597150259086,16792.586895542416,16368.620456085859
2024-02-15,502.01,0.006899733237057948,6899.733237057948,16792.586895542416,16363.245644251108
2024-02-16,499.51,-0.004979980478476476,-4979.980478476476,16792.586895542416,16357.7046011225
2024-02-20,496.76,-0.005505395287381587,-5505.395287381587,16792.586895542416,16351.992185525996
2024-02-21,497.21,0.0009058700378452578,905.8700378452578,16424.941399098017,16345.812564039566
2024-02-22,507.5,0.02069548078276795,20695.48078276795,16424.941399098017,16339.741339045939
2024-02-23,507.85,0.0006896551724138167,689.6551724138167,16424.941399098017,16333.482344207148
2024-02-26,505.99,-0.003662498769321676,-3662.498769321676,16424.941399098017,16327.029772208394
2024-02-27,506.93,0.0018577442241940467,1857.7442241940466,16424.941399098017,16320.377636127205
2024-02-28,506.26,-0.0013216814944864153,-1321.6814944864152,16424.941399098017,16308.866117952586
2024-02-29,508.08,0.0035949907162327044,3594.9907162327045,16424.941399098017,16293.095511256552
2024-03-01,512.85,0.00938828530940028,9388.285309400278,16424.941399098017,16276.83715383796
2024-03-04,512.3,-0.0010724383347958666,-1072.4383347958667,16424.941399098017,16260.075960622917
2024-03-05,507.18,-0.009994144056217014,-9994.144056217014,16424.941399098017,16242.796379988853
2024-03-06,509.75,0.005067234512401875,5067.234512401875,16424.941399098017,16224.982379335177
2024-03-07,514.81,0.0099264345267287,9926.4345267287,16424.941399098017,16206.617430207678
2024-03-08,511.72,-0.006002214409199347,-6002.214409199347,16099.97838982167,16186.750452340215
2024-03-11,511.28,-0.0008598452278590907,-859.8452278590906,16099.97838982167,16167.231960335219
2024-03-12,516.78,0.01075731497418242,10757.31497418242,16099.97838982167,16147.109803629039
2024-03-13,515.97,-0.0015673981191220987,-1567.3981191220987,16099.97838982167,16126.365312179369
2024-03-14,514.95,-0.0019768591197162344,-1976.8591197162343,16099.97838982167,16104.979238519914
2024-03-15,509.83,-0.009942712884746241,-9942.71288474624,16099.97838982167,16082.93173990192
2024-03-18,512.86,0.005943157523095932,5943.157523095932,16099.97838982167,16060.20235988337
2024-03-19,515.71,0.005557072105447869,5557.072105447869,16099.97838982167,16036.77000934878
2024-03-20,520.48,0.009249384343914091,9249.384343914091,16099.97838982167,16012.612946941988
2024-03-21,522.2,0.0033046418690441115,3304.6418690441114,15700.879601999868,15986.480131607368
2024-03-22,521.21,-0.001895825354270464,-1895.825354270464,15700.879601999868,15960.80571093908
2024-03-25,519.77,-0.0027628019416359173,-2762.8019416359175,15700.879601999868,15934.337236023319
2024-03-26,518.81,-0.001846970775535417,-1846.970775535417,15700.879601999868,15907.050148481298
2024-03-27,523.17,0.008403847265858522,8403.847265858521,15700.879601999868,15878.919130396738
2024-03-28,523.07,-0.00019114245847418054,-191.14245847418056,15700.879601999868,15555.812447125221
2024-04-01,522.16,-0.001739728908176863,-1739.728908176863,15700.879601999868,15120.331106728601
2024-04-02,518.84,-0.006358204381798571,-6358.204381798571,15700.879601999868,14685.242775592722
2024-04-03,519.41,0.0010986045794463273,1098.6045794463273,15700.879601999868,14566.165868011372
2024-04-04,513.07,-0.012206156985810623,-12206.156985810623,15700.879601999868,14443.4061694739
2024-04-05,518.43,0.010446917574599812,10446.917574599813,15700.879601999868,14291.953609973967
2024-04-08,518.72,0.00055938120864929,559.38120864929,15700.879601999868,14069.458208114718
2024-04-09,519.32,0.001156693399136488,1156.693399136488,15700.879601999868,13888.635093303856
2024-04-10,514.12,-0.010013094046060322,-10013.094046060321,15700.879601999868,13858.915330116997
2024-04-11,518.0,0.007546876215669407,7546.8762156694065,15700.879601999868,13858.587515217809
2024-04-12,510.85,-0.013803088803088781,-13803.088803088782,15700.879601999868,13858.249561713494
2024-04-15,504.45,-0.01252813937555064,-12528.13937555064,15700.879601999868,13857.901156038939
2024-04-16,503.53,-0.0018237684606997595,-1823.7684606997595,15700.879601999868,13857.541974931153
2024-04-17,500.55,-0.005918217385259994,-5918.2173852599935,15700.879601999868,13856.937073112518
2024-04-18,499.52,-0.002057736489861184,-2057.736489861184,15700.879601999868,13855.853526458774
2024-04-19,495.16,-0.008728379244074214,-8728.379244074215,15700.879601999868,13854.736468052852
2024-04-22,499.72,0.00920914451894328,9209.14451894328,15700.879601999868,13853.58486144881
2024-04-23,505.65,0.01186664532137982,11866.645321379821,15700.879601999868,13852.397638145672
2024-04-24,505.41,-0.0004746366063481666,-474.63660634816665,15114.381113853593,13851.113314463455
2024-04-25,503.49,-0.003798895945865799,-3798.895945865799,15114.381113853593,13849.851519051468
2024-04-26,508.26,0.0094738723708514,9473.872370851399,15114.381113853593,13848.550699039113
2024-04-29,510.06,0.0035414945106835294,3541.4945106835294,15114.381113853593,13847.209647479982
2024-04-30,501.98,-0.015841273575657788,-15841.273575657788,15114.381113853593,13845.827120099435
2024-05-01,500.35,-0.003247141320371294,-3247.141320371294,15684.298657611578,16112.418636799017
2024-05-02,505.03,0.009353452583191757,9353.452583191756,15684.298657611578,16103.897714478404
2024-05-03,511.29,0.01239530324931204,12395.303249312039,15684.298657611578,16095.113258477772
2024-05-06,516.57,0.010326820395470282,10326.820395470282,15684.298657611578,16086.057118270934
2024-05-07,517.14,0.0011034322550669273,1103.4322550669274,15684.298657611578,16076.720891253575
2024-05-08,517.19,9.668561704767598e-05,96.68561704767598,15684.298657611578,16067.09591494702
2024-05-09,520.17,0.005761905682631019,5761.905682631019,15684.298657611578,16057.17325896088
2024-05-10,520.84,0.0012880404483150976,1288.0404483150976,15684.298657611578,16046.943716707128
2024-05-13,520.91,0.00013439827970196383,134.39827970196382,15684.298657611578,16036.3977968579
2024-05-14,523.3,0.004588124628054802,4588.124628054801,15684.298657611578,16025.525714539106
2024-05-15,529.78,0.012382954328301166,12382.954328301166,15684.298657611578,16014.317382251693
2024-05-16,528.69,-0.002057457812676855,-2057.457812676855,15684.298657611578,16002.762400512089
2024-05-17,529.45,0.0014375153681740471,1437.5153681740471,15684.298657611578,15990.85004820322
2024-05-20,530.06,0.0011521390121822517,1152.1390121822517,15684.298657611578,15978.569272627066
2024-05-21,531.36,0.0024525525412217863,2452.552541221786,15684.298657611578,15965.908679249587
2024-05-22,529.83,-0.002879403794037838,-2879.403794037838,15684.298657611578,15952.856521128477
2024-05-23,525.96,-0.007304229658569694,-7304.229658569694,15684.298657611578,15939.400688013928
2024-05-24,529.44,0.006616472735569312,6616.472735569312,15684.298657611578,15925.528695112333
2024-05-28,529.81,0.0006988516168024983,698.8516168024983,15684.298657611578,15911.22767150244
2024-05-29,526.1,-0.007002510333893097,-7002.510333893098,15684.298657611578,15896.484348193273
2024-05-30,522.61,-0.006633719825128281,-6633.719825128282,15684.298657611578,15881.285045812687
2024-05-31,527.37,0.00910813034576452,9108.13034576452,15684.298657611578,15865.615661915177
2024-06-03,527.8,0.0008153668202588449,815.3668202588449,15684.298657611578,15849.461657897125
2024-06-04,528.39,0.001117847669571903,1117.847669571903,15684.298657611578,15834.770621891825
2024-06-05,534.67,0.011885160582145726,11885.160582145727,15684.298657611578,15821.582188097262
2024-06-06,534.66,-1.8703125292174327e-05,-18.703125292174327,15684.298657611578,15807.985864597713
2024-06-07,534.01,-0.001215725881868801,-1215.725881868801,15684.298657611578,15793.969036247663
2024-06-10,535.66,0.0030898297784685003,3089.8297784685,15684.298657611578,15779.518697742456
2024-06-11,536.95,0.0024082440353956347,2408.244035395635,15684.298657611578,15764.62144155152
2024-06-12,541.36,0.008213055219294052,8213.055219294052,15684.298657611578,15749.263445478393
2024-06-13,542.45,0.002013447613418151,2013.4476134181511,15684.298657611578,15733.430459835992
2024-06-14,542.78,0.0006083510000920445,608.3510000920445,15684.298657611578,15717.10779422527
2024-06-17,547.1,0.007959025756291815,7959.025756291815,15684.298657611578,15700.280303904938
2024-06-18,548.49,0.002540668981904526,2540.668981904526,15684.298657611578,15682.932375739647
2024-06-20,547.0,-0.002716549071086094,-2716.549071086094,15684.298657611578,15665.047913713574
2024-06-21,544.51,-0.004552102376599643,-4552.102376599642,15684.298657611578,15646.610323995972
2024-06-24,542.74,-0.0032506290058951226,-3250.6290058951226,15684.298657611578,15627.602499544837
2024-06-25,544.83,0.0038508309687881326,3850.8309687881324,15684.298657611578,15608.006804234388
2024-06-26,545.51,0.0012480957362845935,1248.0957362845934,15684.298657611578,15587.805056491658
2024-06-27,546.37,0.0015765063885171404,1576.5063885171405,15684.298657611578,15566.978512426987
2024-06-28,544.22,-0.003935062320405525,-3935.0623204055246,15684.298657611578,15545.50784844279
2024-07-01,545.34,0.002057991253537228,2057.991253537228,15684.298657611578,15523.373143304443
2024-07-02,549.01,0.006729746580115048,6729.746580115048,15684.298657611578,14093.854112329227
2024-07-03,551.46,0.004462578095116854,4462.578095116854,15684.298657611578,13857.714013058228
2024-07-05,554.64,0.005766510717005735,5766.510717005735,15684.298657611578,13853.032085117477
2024-07-08,555.28,0.001153901629886045,1153.901629886045,15684.298657611578,13847.419357522936
2024-07-09,555.82,0.000972482351246251,972.482351246251,15684.298657611578,13841.633040415163
2024-07-10,561.32,0.009895289842035249,9895.289842035249,15684.298657611578,13835.667765046326
2024-07-11,556.48,-0.00862253260172452,-8622.532601724519,15684.298657611578,13829.517996624843
2024-07-12,559.99,0.006307504312823342,6307.504312823342,15684.298657611578,13823.178029180015
2024-07-15,561.53,0.002750049108019681,2750.0491080196807,15684.298657611578,13816.641980267823
2024-07-16,564.86,0.005930226345876477,5930.226345876477,15684.298657611578,13809.903785512985
2024-07-17,556.94,-0.014021173388096053,-14021.173388096053,15684.298657611578,13803.026608674132
2024-07-18,552.66,-0.007684849355406476,-7684.849355406475,15684.298657611578,14288.704528136892
2024-07-19,548.99,-0.006640610863822172,-6640.610863822171,15684.298657611578,14281.911098005918
2024-07-22,554.65,0.010309841709320589,10309.841709320588,15684.298657611578,14274.90756178842
2024-07-23,553.78,-0.0015685567474984508,-1568.5567474984507,15684.298657611578,14267.687421358007
2024-07-24,541.23,-0.0226624291234786,-22662.4291234786,15684.298657611578,14260.243977615315
2024-07-25,538.41,-0.005210354193226685,-5210.354193226685,16084.047678546647,22662.4291234786
2024-07-26,544.44,0.01119964339443924,11199.643394439241,16084.047678546647,22662.4291234786
2024-07-29,544.76,0.0005877599000807532,587.7599000807531,16084.047678546647,22662.4291234786
2024-07-30,542.0,-0.005066451281298123,-5066.451281298123,16084.047678546647,22662.4291234786
2024-07-31,550.81,0.01625461254612537,16254.612546125369,16084.047678546647,22662.4291234786
2024-08-01,543.01,-0.014160962945480193,-14160.962945480193,16084.047678546647,22662.4291234786
2024-08-02,532.9,-0.018618441649325135,-18618.441649325134,16084.047678546647,22662.4291234786
2024-08-05,517.38,-0.029123662976168085,-29123.662976168085,16424.941399098017,22662.4291234786
2024-08-06,522.15,0.009219529166183404,9219.529166183405,17594.301830614128,29123.662976168085
2024-08-07,518.66,-0.006683903092980947,-6683.903092980947,17594.301830614128,29123.662976168085
2024-08-08,530.65,0.02311726371804257,23117.26371804257,17594.301830614128,29123.662976168085
2024-08-09,532.99,0.004409686233864285,4409.686233864285,17594.301830614128,29123.662976168085
2024-08-12,533.27,0.0005253381864573914,525.3381864573914,17594.301830614128,29123.662976168085
2024-08-13,542.04,0.016445702927222472,16445.70292722247,17594.301830614128,29123.662976168085
2024-08-14,543.75,0.0031547487270313646,3154.7487270313645,17594.301830614128,29123.662976168085
2024-08-15,553.07,0.01714022988505759,17140.22988505759,17594.301830614128,29123.662976168085
2024-08-16,554.31,0.0022420308460049387,2242.0308460049387,17594.301830614128,29123.662976168085
2024-08-19,559.61,0.009561436741173823,9561.436741173824,17594.301830614128,29123.662976168085
2024-08-20,558.7,-0.0016261324851235548,-1626.1324851235547,17594.301830614128,29123.662976168085
2024-08-21,560.62,0.003436549131913269,3436.549131913269,17594.301830614128,29123.662976168085
2024-08-22,556.22,-0.007848453497912966,-7848.453497912966,17594.301830614128,29123.662976168085
2024-08-23,562.13,0.010625292150587828,10625.292150587828,17594.301830614128,29123.662976168085
2024-08-26,560.79,-0.0023837902264601807,-2383.7902264601807,17594.301830614128,29048.748477018944
2024-08-27,561.56,0.0013730630004100686,1373.0630004100685,17594.301830614128,28934.401978727547
2024-08-28,558.3,-0.005805256784671253,-5805.256784671254,17594.301830614128,28816.518990798268
2024-08-29,558.35,8.955758552753323e-05,89.55758552753323,17594.301830614128,28694.99013726293
2024-08-30,563.68,0.0095459837019789,9545.9837019789,17594.301830614128,28569.702659391445
2024-09-03,552.08,-0.02057905194436549,-20579.05194436549,17594.301830614128,28440.54031107033
2024-09-04,550.95,-0.0020468048108969183,-2046.8048108969183,19618.35289979571,28307.38325094547
2024-09-05,549.61,-0.002432162628187684,-2432.162628187684,19618.35289979571,28170.107931229115
2024-09-06,540.36,-0.01683011590036576,-16830.11590036576,19618.35289979571,28028.586983067926
2024-09-09,546.41,0.011196239544007724,11196.239544007725,19618.35289979571,27882.68909836567
2024-09-10,548.79,0.004355703592540339,4355.703592540339,19618.35289979571,27732.278907950975
2024-09-11,554.42,0.010258933289600813,10258.933289600813,19618.35289979571,27577.216855977058
2024-09-12,559.09,0.008423217055661958,8423.217055661959,19618.35289979571,27417.35907043694
2024-09-13,562.01,0.005222772719955637,5222.7727199556375,19618.35289979571,27252.557229673934
2024-09-16,562.84,0.0014768420490738343,1476.8420490738342,19618.35289979571,27082.658424763616
2024-09-17,563.07,0.0004086418875701714,408.6418875701714,19618.35289979571,26907.505017639574
2024-09-18,561.4,-0.002965883460315899,-2965.883460315899,19618.35289979571,26726.93449483129
2024-09-19,570.98,0.017064481653010333,17064.481653010334,19618.35289979571,26540.779316678414
2024-09-20,568.25,-0.004781253283827835,-4781.253283827836,19618.35289979571,26348.866761881636
2024-09-23,569.67,0.002498900131984172,2498.900131984172,19618.35289979571,26151.018767245787
2024-09-24,571.3,0.0028613056681938698,2861.3056681938697,19618.35289979571,25947.051762466555
2024-09-25,570.04,-0.002205496236653226,-2205.496236653226,19618.35289979571,25736.776499807555
2024-09-26,572.3,0.003964634060767747,3964.6340607677466,19618.35289979571,25519.997878509617
2024-09-27,571.47,-0.001450288310326675,-1450.288310326675,19618.35289979571,25296.514763769475
2024-09-30,573.76,0.004007209477312923,4007.209477312923,19618.35289979571,25066.119800119846
2024-10-01,568.62,-0.008958449525934165,-8958.449525934164,19618.35289979571,24828.59921903775
2024-10-02,568.86,0.0004220744961485057,422.07449614850566,19618.35289979571,24583.732640602604
2024-10-03,567.82,-0.001828217839187074,-1828.217839187074,19618.35289979571,24331.292869019977
2024-10-04,572.98,0.009087386847944634,9087.386847944634,19618.35289979571,24071.045681821393
2024-10-07,567.8,-0.009040455164229244,-9040.455164229244,19618.35289979571,23802.749612544503
2024-10-08,573.17,0.009457555477280666,9457.555477280666,19618.35289979571,23526.155726692035
2024-10-09,577.14,0.0069263918209256925,6926.391820925693,19618.35289979571,23241.00739076166
2024-10-10,576.13,-0.0017500086634092415,-1750.0086634092415,19618.35289979571,22947.040034132406
2024-10-11,579.58,0.0059882318226789355,5988.231822678936,19618.35289979571,22658.383411214545
2024-10-14,584.32,0.008178336036440248,8178.336036440248,19618.35289979571,22589.866754369268
2024-10-15,579.78,-0.0077697152245346235,-7769.715224534623,19618.35289979571,22519.231025662797
2024-10-16,582.3,0.00434647624961193,4346.47624961193,19618.35289979571,22446.410686790146
2024-10-17,582.35,8.586639189434031e-05,85.86639189434031,19618.35289979571,22371.338172488446
2024-10-18,584.59,0.0038464840731518013,3846.484073151801,19618.35289979571,22293.943827847517
2024-10-21,583.63,-0.00164217656819321,-1642.17656819321,19618.35289979571,22214.15584368161
2024-10-22,583.32,-0.0005311584394221969,-531.1584394221969,19618.35289979571,22131.900189902324
2024-10-23,577.99,-0.009137351710896358,-9137.351710896357,19618.35289979571,22047.100546830894
2024-10-24,579.24,0.0021626671741725723,2162.6671741725722,19618.35289979571,21959.678234386123
2024-10-25,579.04,-0.00034528002209799347,-345.2800220979935,19618.35289979571,21869.552139082236
2024-10-28,580.83,0.0030913235700471553,3091.3235700471555,19618.35289979571,21776.63863876895
2024-10-29,581.77,0.0016183737065922355,1618.3737065922355,19618.35289979571,21680.851525043912
2024-10-30,580.01,-0.003025250528559398,-3025.250528559398,19618.35289979571,21582.101923265524
2024-10-31,568.64,-0.019603110291201875,-19603.110291201876,19618.35289979571,21480.298210091925
2024-11-01,571.04,0.004220596510973618,4220.596510973618,20100.840534315317,21375.34592846966
2024-11-04,569.81,-0.0021539646959932712,-2153.964695993271,20100.840534315317,21267.147699993096
2024-11-05,576.7,0.012091749881539604,12091.749881539605,20100.840534315317,21155.60313455334
2024-11-06,591.04,0.024865614704352224,24865.614704352225,20100.840534315317,21040.60873719277
2024-11-07,595.61,0.007732133188955048,7732.133188955048,20100.840534315317,20922.05781207878
2024-11-08,598.19,0.004331693557865224,4331.693557865224,20100.840534315317,20799.840363507654
2024-11-11,598.76,0.0009528745047560072,952.8745047560072,20100.840534315317,20673.842993846698
2024-11-12,596.9,-0.0031064199345314236,-3106.4199345314237,20100.840534315317,20573.94709579594
2024-11-13,597.19,0.0004858435248786819,485.8435248786819,20100.840534315317,20554.473110711653
2024-11-14,593.35,-0.006430114368961348,-6430.114368961348,20100.840534315317,20534.396837428885
2024-11-15,585.75,-0.012808628971096359,-12808.62897109636,20100.840534315317,20513.699648477577
2024-11-18,588.15,0.0040973111395645745,4097.311139564575,20100.840534315317,20492.362340280353
2024-11-19,590.3,0.0036555300518574807,3655.530051857481,20100.840534315317,20470.36511533476
2024-11-20,590.5,0.0003388107741826296,338.81077418262964,20100.840534315317,20447.687563844458
2024-11-21,593.67,0.005368331922099845,5368.331922099845,20100.840534315317,20424.30864478229
2024-11-22,595.51,0.003099364967069196,3099.3649670691957,20100.840534315317,20400.206666367685
2024-11-25,597.53,0.0033920505113262944,3392.0505113262943,20100.840534315317,20375.35926594026
2024-11-26,600.65,0.005221495155054878,5221.4951550548785,20100.840534315317,20349.74338921095
2024-11-27,598.83,-0.003030050778323412,-3030.050778323412,20100.840534315317,20323.33526887146
2024-11-29,602.55,0.006212113621561821,6212.113621561821,20100.840534315317,20296.110402542086
2024-12-02,603.63,0.0017923823749066425,1792.3823749066426,20100.840534315317,20268.04353003758
2024-12-03,603.91,0.0004638603117803619,463.86031178036194,20100.840534315317,20239.108609929837
2024-12-04,607.66,0.0062095345332913165,6209.534533291317,20100.840534315317,20209.278795385777
2024-12-05,606.66,-0.0016456571108843798,-1645.6571108843798,20100.840534315317,20178.526409257876
2024-12-06,607.81,0.0018956252266508766,1895.6252266508766,20100.840534315317,20146.822918404374
2024-12-09,604.68,-0.0051496355769072855,-5149.635576907285,20100.840534315317,20114.138907215194
2024-12-10,602.8,-0.0031090824899120406,-3109.0824899120407,20100.840534315317,20080.444050319133
2024-12-11,607.46,0.0077305905773059624,7730.590577305962,20100.840534315317,20045.707084446905
2024-12-12,604.33,-0.005152602640503101,-5152.602640503101,20100.840534315317,20009.895779423987
2024-12-13,604.21,-0.0001985670080916213,-198.56700809162132,20100.840534315317,19972.976908266344
2024-12-16,606.79,0.0042700385627512105,4270.0385627512105,20100.840534315317,19934.916216351245
2024-12-17,604.29,-0.004120041530018659,-4120.041530018659,20100.840534315317,19895.67838963465
2024-12-18,586.28,-0.0298035711330652,-29803.571133065198,20100.840534315317,19855.22702188558
2024-12-19,586.1,-0.00030702053626241455,-307.02053626241457,21641.57430571317,29803.571133065198
2024-12-20,591.15,0.008616277085821356,8616.277085821355,21641.57430571317,29803.571133065198
2024-12-23,594.69,0.0059883278355747915,5988.327835574792,21641.57430571317,29803.571133065198
2024-12-24,601.3,0.011115034723973682,11115.034723973682,21641.57430571317,29803.571133065198
2024-12-26,601.34,6.652253450867285e-05,66.52253450867285,21641.57430571317,29803.571133065198
2024-12-27,595.01,-0.010526490837130531,-10526.490837130532,21641.57430571317,29803.571133065198
2024-12-30,588.22,-0.01141157291474082,-11411.57291474082,21641.57430571317,29803.571133065198
2024-12-31,586.08,-0.003638094590459273,-3638.094590459273,21641.57430571317,29803.571133065198
2025-01-02,584.64,-0.002457002457002533,-2457.002457002533,21641.57430571317,29803.571133065198
2025-01-03,591.95,0.012503420908593466,12503.420908593465,21641.57430571317,29803.571133065198
2025-01-06,595.36,0.005760621674127719,5760.621674127719,21641.57430571317,29803.571133065198
2025-01-07,588.63,-0.011304084923407731,-11304.08492340773,21641.57430571317,29803.571133065198
2025-01-08,589.49,0.0014610196558109134,1461.0196558109135,21641.57430571317,29803.571133065198
2025-01-10,580.49,-0.01526743456207913,-15267.43456207913,21641.57430571317,29803.571133065198
2025-01-13,581.39,0.0015504143051559005,1550.4143051559006,21641.57430571317,29790.247391947527
2025-01-14,582.19,0.0013760126593165278,1376.0126593165278,21641.57430571317,29769.91056585577
2025-01-15,592.78,0.01818993799275126,18189.93799275126,21641.57430571317,29748.944765761178
2025-01-16,591.64,-0.0019231418064037387,-1923.1418064037387,21641.57430571317,29727.33053885954
2025-01-17,597.58,0.010039889121763235,10039.889121763235,21641.57430571317,29705.047830713516
2025-01-21,603.05,0.009153586130727032,9153.586130727032,21641.57430571317,29682.075966645454
2025-01-22,606.44,0.005621424425835464,5621.424425835464,21641.57430571317,29658.393632554664
2025-01-23,609.75,0.005458083239891831,5458.083239891831,21641.57430571317,29633.978855141482
2025-01-24,607.97,-0.002919229192291928,-2919.2291922919276,21641.57430571317,29608.808981519644
2025-01-27,599.37,-0.014145434807638524,-14145.434807638523,21641.57430571317,29582.860658198162
2025-01-28,604.52,0.00859235530640512,8592.35530640512,21641.57430571317,29556.109809413127
2025-01-29,601.81,-0.004482895520412922,-4482.8955204129215,21641.57430571317,29528.531614789383
2025-01-30,605.04,0.0053671424535983725,5367.142453598372,21641.57430571317,29500.100486311294
2025-01-31,601.82,-0.005321962184318241,-5321.96218431824,21641.57430571317,29470.790044581307
2025-02-03,597.77,-0.006729586919677066,-6729.586919677066,21641.57430571317,29440.573094344203
2025-02-04,601.78,0.006708265720929418,6708.265720929418,21641.57430571317,29409.42159925441
2025-02-05,604.22,0.004054637907541014,4054.6379075410146,21641.57430571317,29377.306655862867
2025-02-06,606.32,0.003475555261328589,3475.555261328589,21641.57430571317,29344.198466799422
2025-02-07,600.77,-0.009153582266789972,-9153.582266789972,21641.57430571317,29310.066313125768
2025-02-10,604.85,0.006791284518201657,6791.284518201657,21641.57430571317,29274.87852583334
2025-02-11,605.31,0.0007605191369759456,760.5191369759457,21641.57430571317,29238.602456459706
2025-02-12,603.36,-0.003221489815135925,-3221.489815135925,21641.57430571317,29201.204446796164
2025-02-13,609.73,0.010557544417926223,10557.544417926223,21641.57430571317,29162.64979765849
2025-02-14,609.7,-4.9202105850132405e-05,-49.202105850132405,21641.57430571317,29046.470431741604
2025-02-18,611.49,0.0029358701000492538,2935.870100049254,21641.57430571317,24885.84876808065
2025-02-19,612.93,0.0023549035961338838,2354.9035961338836,21641.57430571317,22209.37943592418
2025-02-20,610.38,-0.00416034457442116,-4160.344574421159,21641.57430571317,21239.639495881755
2025-02-21,599.94,-0.01710409908581534,-17104.09908581534,21641.57430571317,20529.732133417023
2025-02-24,597.21,-0.004550455045504553,-4550.455045504554,21641.57430571317,20379.85042414929
2025-02-25,594.24,-0.00497312503139602,-4973.12503139602,21641.57430571317,20225.333198100077
2025-02-26,594.54,0.0005048465266557223,504.8465266557223,21641.57430571317,20066.037088770994
2025-02-27,585.05,-0.015961920139940133,-15961.920139940134,21641.57430571317,19901.814295648226
2025-02-28,594.18,0.015605503803093779,15605.50380309378,21641.57430571317,19732.512447068053
2025-03-03,583.77,-0.017519943451479336,-17519.943451479336,21641.57430571317,19552.34993813843
2025-03-04,576.86,-0.011836853555338478,-11836.853555338477,21641.57430571317,19349.991457493863
2025-03-05,583.06,0.010747841764032762,10747.841764032763,21641.57430571317,19141.374467138645
2025-03-06,572.71,-0.017751174836208805,-17751.174836208804,21641.57430571317,18926.305404916766
2025-03-07,575.92,0.005604930942361586,5604.930942361586,21641.57430571317,18704.584722213804
2025-03-10,560.58,-0.026635643839421963,-26635.643839421962,21641.57430571317,18607.42949315899
2025-03-11,555.92,-0.00831281886617441,-8312.81886617441,24688.768628609705,28490.54216584152
2025-03-12,558.87,0.005306518923586134,5306.518923586134,24688.768628609705,28439.82702383599
2025-03-13,551.42,-0.013330470413513096,-13330.470413513096,24688.768628609705,28387.543372283897
2025-03-14,562.81,0.020655761488520552,20655.76148852055,24688.768628609705,28333.64270058071
2025-03-17,567.15,0.007711305769265042,7711.305769265042,24688.768628609705,28278.07499779392
2025-03-18,561.02,-0.010808428105439472,-10808.428105439472,24688.768628609705,28220.78870626114
2025-03-19,567.13,0.010890877330576476,10890.877330576475,24688.768628609705,28161.730673753125
2025-03-20,565.49,-0.002891753213548953,-2891.753213548953,24688.768628609705,28100.846104157234
2025-03-21,563.98,-0.002670250579143718,-2670.250579143718,24688.768628609705,28038.078506635695
2025-03-24,574.08,0.017908436469378453,17908.436469378452,24688.768628609705,27973.369643211427
2025-03-25,575.46,0.0024038461538462563,2403.846153846256,24688.768628609705,27906.6594747328
2025-03-26,568.59,-0.011938275466583215,-11938.275466583214,24688.768628609705,27837.886105167207
2025-03-27,567.08,-0.0026556921507588926,-2655.6921507588927,24688.768628609705,27766.98572417175
2025-03-28,555.66,-0.020138252098469533,-20138.252098469533,24688.768628609705,27693.89254788777
2025-03-31,559.39,0.006712738005254959,6712.738005254959,24688.768628609705,27618.53875790429
2025-04-01,560.97,0.0028245052646633795,2824.5052646633794,24688.768628609705,27540.854438333692
2025-04-02,564.52,0.006328324152806708,6328.324152806708,24688.768628609705,27460.76751094132
2025-04-03,536.7,-0.049280804931623234,-49280.804931623235,24688.768628609705,27378.203668268776
2025-04-04,505.28,-0.05854294764300372,-58542.94764300372,27904.53359916248,49280.804931623235
2025-04-07,504.38,-0.0017811906269790123,-1781.1906269790122,29470.41613618561,58542.94764300372
2025-04-08,496.48,-0.01566279392521508,-15662.793925215079,29470.41613618561,58542.94764300372
2025-04-09,548.62,0.10501933612632941,105019.3361263294,29470.41613618561,58542.94764300372
2025-04-10,524.58,-0.04381903685611166,-43819.03685611166,29470.41613618561,58542.94764300372
2025-04-11,533.94,0.017842845705135613,17842.845705135613,36951.458651818866,58542.94764300372
2025-04-14,539.12,0.009701464584035646,9701.464584035646,36951.458651818866,58542.94764300372
2025-04-15,537.61,-0.002800860661819282,-2800.860661819282,36951.458651818866,58542.94764300372
2025-04-16,525.66,-0.022228009151615602,-22228.009151615603,36951.458651818866,58542.94764300372
2025-04-17,526.41,0.0014267777650953661,1426.7777650953662,36951.458651818866,58542.94764300372
2025-04-21,513.88,-0.02380273930966348,-23802.73930966348,36951.458651818866,58542.94764300372
2025-04-22,527.25,0.026017747334007968,26017.747334007967,36951.458651818866,58542.94764300372
2025-04-23,535.42,0.015495495495495337,15495.495495495337,36951.458651818866,58542.94764300372
2025-04-24,546.69,0.021048896193642586,21048.896193642584,36951.458651818866,58542.94764300372
2025-04-25,550.64,0.007225301359088165,7225.301359088166,36951.458651818866,58542.94764300372
2025-04-28,550.85,0.0003813744006975206,381.3744006975206,36951.458651818866,58445.71143096648
2025-04-29,554.32,0.006299355541435903,6299.3555414359025,36951.458651818866,58297.29396198704
2025-04-30,554.54,0.0003968826670512904,396.88266705129035,36951.458651818866,58144.28626200824
2025-05-01,558.47,0.007086954953655411,7086.954953655411,36951.458651818866,57986.54636512287
2025-05-02,566.76,0.014844127706054033,14844.127706054034,36951.458651818866,57823.92791472558
2025-05-05,563.51,-0.005734349636530411,-5734.349636530412,36951.458651818866,57656.28002771807
2025-05-06,558.8,-0.008358325495554708,-8358.325495554709,36951.458651818866,57483.447154514455
2025-05-07,561.15,0.004205440229062329,4205.440229062329,36951.458651818866,57305.26893471691
2025-05-08,565.06,0.006967833912500998,6967.833912500998,36951.458651818866,57121.58004832768
2025-05-09,564.34,-0.0012742009698083478,-1274.200969808348,36951.458651818866,56932.210062359416
2025-05-12,582.99,0.033047453662685466,33047.45366268547,36951.458651818866,56736.9832727014
2025-05-13,586.84,0.006603886859122943,6603.886859122943,36951.458651818866,56535.71854109521
2025-05-14,587.59,0.0012780314906959411,1278.031490695941,36951.458651818866,56328.229127068196
2025-05-15,590.46,0.004884358140880618,4884.358140880618,36951.458651818866,56114.32251466922
2025-05-16,594.2,0.006334044643159675,6334.044643159676,36951.458651818866,55893.80023384553
2025-05-19,594.85,0.0010939077751599413,1093.9077751599414,36951.458651818866,55666.457676295344
2025-05-20,592.85,-0.003362192149281351,-3362.1921492813512,36951.458651818866,55432.08390562504
2025-05-21,582.86,-0.016850805431390725,-16850.805431390727,36951.458651818866,55190.46146163504
2025-05-22,583.09,0.0003946059087946985,394.6059087946985,36951.458651818866,54941.36615855256
2025-05-23,579.11,-0.006825704436707936,-6825.704436707935,36951.458651818866,54684.566877024234
2025-05-27,591.15,0.020790523389338844,20790.523389338843,36951.458651818866,54419.82534967545
2025-05-28,587.73,-0.0057853336716569,-5785.3336716569,36951.458651818866,54146.89594003752
2025-05-29,590.05,0.003947390808704654,3947.390808704654,36951.458651818866,53865.525414637596
2025-05-30,589.39,-0.001118549275485048,-1118.549275485048,36951.458651818866,53575.45270803973
2025-06-02,592.71,0.005632942533806196,5632.942533806196,36951.458651818866,53276.40868061926
2025-06-03,596.09,0.005702620168379191,5702.620168379191,36951.458651818866,52968.11586884557
2025-06-04,595.93,-0.00026841584324532874,-268.41584324532874,36951.458651818866,52650.288227841775
2025-06-05,593.05,-0.004832782373768718,-4832.782373768718,36951.458651818866,52322.63086598218
2025-06-06,599.14,0.010268948655256738,10268.948655256738,36951.458651818866,51984.83977128158
2025-06-09,599.68,0.0009012918516539958,901.2918516539959,36951.458651818866,51636.601529322186
2025-06-10,603.08,0.0056696905016009325,5669.690501600932,36951.458651818866,51277.59303245684
2025-06-11,601.36,-0.002852026265172114,-2852.026265172114,36951.458651818866,50907.48118001834
2025-06-12,603.75,0.003974324863642353,3974.324863642353,36951.458651818866,50525.922569256996
2025-06-13,597.0,-0.011180124223602483,-11180.124223602483,36951.458651818866,50132.56317671953
2025-06-16,602.68,0.009514237855946295,9514.237855946294,36951.458651818866,49727.038029773685
2025-06-17,597.53,-0.008545164929979365,-8545.164929979364,36951.458651818866,49308.97086797385
2025-06-18,597.44,-0.0001506200525495105,-150.6200525495105,36951.458651818866,49057.91998730409
2025-06-20,594.28,-0.005289234065345649,-5289.2340653456495,36951.458651818866,48812.0756055173
2025-06-23,600.15,0.00987749882210398,9877.49882210398,36951.458651818866,48558.62778924226
2025-06-24,606.78,0.01104723819045228,11047.238190452279,36951.458651818866,48297.341380711296
2025-06-25,607.12,0.0005603348824945176,560.3348824945176,36951.458651818866,48027.97394923606
2025-06-26,611.87,0.00782382395572534,7823.82395572534,36951.458651818866,47750.275566271914
2025-06-27,614.91,0.004968375635347355,4968.3756353473555,36951.458651818866,47463.98857352537
2025-06-30,617.85,0.004781187490852323,4781.187490852323,36951.458651818866,47168.84734388975
2025-07-01,617.65,-0.00032370316419849665,-323.70316419849667,36951.458651818866,46864.578034987055
2025-07-02,620.45,0.004533311746134583,4533.311746134583,36951.458651818866,46550.89833508737
2025-07-03,625.34,0.007881376420340036,7881.376420340036,36951.458651818866,46227.517201170165
2025-07-07,620.68,-0.007451946141299293,-7451.946141299292,36951.458651818866,45894.134588884386
2025-07-08,620.34,-0.0005477862988978455,-547.7862988978454,36951.458651818866,45550.44117415678
2025-07-09,624.06,0.0059967114808006095,5996.711480800609,36951.458651818866,45196.11806619018
2025-07-10,625.82,0.0028202416434319755,2820.2416434319753,36951.458651818866,44830.83651158543
2025-07-11,623.62,-0.0035153878111917614,-3515.3878111917616,36951.458651818866,44454.2575893125
2025-07-14,624.81,0.0019082133350436514,1908.2133350436513,36951.458651818866,44066.031896247616
2025-07-15,622.14,-0.004273299082921178,-4273.2990829211785,36951.458651818866,43153.84371041754
2025-07-16,624.22,0.003343298935930994,3343.298935930994,36951.458651818866,41362.73009377502
2025-07-17,628.04,0.006119637307359538,6119.637307359538,36951.458651818866,39516.221210638396
2025-07-18,627.58,-0.0007324374243677934,-732.4374243677934,36951.458651818866,37612.6038053429
2025-07-21,628.77,0.0018961725995090273,1896.1725995090273,36951.458651818866,35650.11163493517
2025-07-22,628.86,0.00014313660002862605,143.13660002862605,36951.458651818866,33626.923830391126
2025-07-23,634.21,0.008507457939764151,8507.457939764152,36951.458651818866,31541.163207149853
2025-07-24,634.42,0.0003311206067388994,331.1206067388994,36951.458651818866,29592.561097861373
2025-07-25,637.1,0.004224330884902816,4224.330884902816,36951.458651818866,28618.418856375938
2025-07-28,636.94,-0.000251137968921622,-251.137968921622,36951.458651818866,27730.04734118955
2025-07-29,635.26,-0.002637611077966673,-2637.611077966673,36951.458651818866,26814.200418316977
2025-07-30,634.46,-0.001259326889777368,-1259.326889777368,36951.458651818866,26377.856605422618
2025-07-31,632.08,-0.0037512215112063263,-3751.2215112063263,36951.458651818866,26050.116108559887
2025-08-01,621.72,-0.016390330337931913,-16390.330337931915,36951.458651818866,25712.239307670483
2025-08-04,631.17,0.01519976838448156,15199.76838448156,36951.458651818866,25363.912708815424
2025-08-05,627.97,-0.005069949458941236,-5069.949458941236,36951.458651818866,25004.813122366908
2025-08-06,632.78,0.00765960157332346,7659.60157332346,36951.458651818866,24616.343571666945
2025-08-07,632.25,-0.000837573880337561,-837.5738803375609,36951.458651818866,24234.68814978522
2025-08-08,637.18,0.007797548438117863,7797.548438117863,36951.458651818866,23841.228951969006
2025-08-11,635.92,-0.0019774631972127032,-1977.4631972127033,36951.458651818866,23654.122199382706
2025-08-12,642.69,0.010645993206692905,10645.993206692905,36951.458651818866,23484.846257386143
2025-08-13,644.89,0.0034231122314023477,3423.112231402348,36951.458651818866,23310.334976977312
2025-08-14,644.95,9.303912295122174e-05,93.03912295122174,36951.458651818866,23130.426440473366
2025-08-15,643.44,-0.0023412667648654573,-2341.2667648654574,36951.458651818866,22944.953722428058
2025-08-18,643.3,-0.00021758050478692947,-217.58050478692948,36951.458651818866,22753.744734752483
2025-08-19,639.81,-0.005425151562257091,-5425.151562257091,36951.458651818866,22556.622067045704
2025-08-20,638.11,-0.0026570388083961838,-2657.038808396184,36951.458651818866,22353.402821987173
2025-08-21,635.55,-0.004011847487110476,-4011.847487110476,36951.458651818866,22047.9297374516
2025-08-22,645.31,0.015356777594209836,15356.777594209836,36951.458651818866,21585.512349627727
2025-08-25,642.47,-0.004400985572825311,-4400.9855728253115,36951.458651818866,21108.793393108273
2025-08-26,645.16,0.004186965928370201,4186.965928370201,36951.458651818866,20617.330551335635
2025-08-27,646.63,0.0022785045570090645,2278.5045570090647,36951.458651818866,20393.808256499546
2025-08-28,648.92,0.0035414379165827903,3541.4379165827904,36951.458651818866,20187.228158913025
2025-08-29,645.05,-0.005963755162423756,-5963.755162423756,36951.458651818866,19945.68342477156
2025-09-02,640.27,-0.007410278273002002,-7410.278273002003,36951.458651818866,19687.870289244685
2025-09-03,643.74,0.005419588611054849,5419.588611054849,36951.458651818866,18611.49163326889
2025-09-04,649.12,0.008357411377264201,8357.411377264201,36951.458651818866,17700.909364997617
2025-09-05,647.24,-0.002896228740448592,-2896.228740448592,36951.458651818866,17592.077752885667
2025-09-08,648.83,0.0024565848835054194,2456.5848835054194,36951.458651818866,17437.567628093115
2025-09-09,650.33,0.0023118536442519044,2311.8536442519044,36951.458651818866,17199.73834438772
2025-09-10,652.21,0.002890840035059128,2890.840035059128,36951.458651818866,17077.75698804976
2025-09-11,657.63,0.008310206835221656,8310.206835221656,36951.458651818866,17033.2325277195
2025-09-12,657.41,-0.0003345346167298313,-334.5346167298313,36951.458651818866,16987.331022224385
2025-09-15,660.91,0.005323922666220504,5323.922666220504,36951.458651818866,16940.0098825387
2025-09-16,660.0,-0.0013768894403171084,-1376.8894403171084,36951.458651818866,16891.225202450365
2025-09-17,659.18,-0.001242424242424267,-1242.424242424267,36951.458651818866,16847.012295796798
2025-09-18,662.26,0.004672471858976346,4672.471858976346,36951.458651818866,16827.093740469387
2025-09-19,663.7,0.0021743726029053168,2174.372602905317,36951.458651818866,16806.559147348347
2025-09-22,666.84,0.004731053186680656,4731.053186680656,36951.458651818866,16785.389463718406
2025-09-23,663.21,-0.005443584667986334,-5443.584667986334,36951.458651818866,16763.56504760507
2025-09-24,661.1,-0.003181496057055866,-3181.496057055866,36951.458651818866,16741.06564955008
2025-09-25,658.05,-0.004613522916351642,-4613.522916351642,36951.458651818866,16717.870393823287
2025-09-26,661.82,0.005729047944685206,5729.047944685206,36951.458651818866,16693.9577590534
2025-09-29,663.68,0.0028104318394728267,2810.4318394728266,36951.458651818866,16669.305558259697
2025-09-30,666.18,0.0037668756027000594,3766.8756027000595,36951.458651818866,16643.890918266192
2025-10-01,668.45,0.0034074874658502896,3407.4874658502895,36951.458651818866,16617.690258479073
2025-10-02,669.22,0.0011519186176975893,1151.9186176975893,36951.458651818866,16590.67926900782
2025-10-03,669.21,-1.4942769194004057e-05,-14.942769194004057,36951.458651818866,16562.832888109613
2025-10-06,671.61,0.0035863181960820167,3586.3181960820166,36951.458651818866,16534.125278936208
2025-10-07,669.12,-0.00370750882208426,-3707.50882208426,36951.458651818866,16504.529805561564
2025-10-08,673.11,0.005963055954088858,5963.055954088858,36951.458651818866,16474.01900826812
2025-10-09,671.16,-0.0028970004902616475,-2897.0004902616474,36951.458651818866,16442.564578068686
2025-10-10,653.02,-0.027027832409559527,-27027.832409559527,36951.458651818866,16410.137330440408
2025-10-13,663.04,0.01534409359590816,15344.09359590816,36951.458651818866,28291.2365143399
2025-10-14,662.23,-0.0012216457528956282,-1221.6457528956282,36951.458651818866,28234.154456833625
2025-10-15,665.17,0.0044395451731271685,4439.545173127169,36951.458651818866,28175.306974868392
2025-10-16,660.64,-0.006810289099027256,-6810.289099027255,36951.458651818866,28114.639467687743
2025-10-17,664.39,0.005676313877452266,5676.313877452266,36951.458651818866,28052.095645852016
2025-10-20,671.3,0.010400517768178297,10400.517768178297,36951.458651818866,27987.617479011064
2025-10-21,671.29,-1.4896469536673784e-05,-14.896469536673784,36951.458651818866,27921.14514206163
2025-10-22,667.8,-0.005198945314245695,-5198.945314245695,36951.458651818866,27852.61695963953
2025-10-23,671.76,0.005929919137466433,5929.919137466432,36951.458651818866,27781.969348895098
2025-10-24,677.25,0.008172561629153252,8172.561629153252,36951.458651818866,27709.13676049878
2025-10-27,685.24,0.011797711332595107,11797.711332595107,36951.458651818866,27634.05161782216
2025-10-28,687.06,0.002656003735917345,2656.003735917345,36951.458651818866,27556.644254238017
2025-10-29,687.39,0.0004803073967338811,480.3073967338811,36951.458651818866,27476.842848481167
2025-10-30,679.83,-0.010998123336097287,-10998.123336097287,36951.458651818866,27394.573358010188
2025-10-31,682.06,0.0032802318226614613,3280.231822661461,36951.458651818866,27309.759450308145
2025-11-03,683.34,0.0018766677418409206,1876.6677418409206,36951.458651818866,27222.32243205862
2025-11-04,675.24,-0.01185354289226448,-11853.542892264479,36951.458651818866,27132.181176131275
2025-11-05,677.58,0.0034654345121734043,3465.434512173404,36951.458651818866,27039.25204630927
2025-11-06,670.31,-0.010729360370731245,-10729.360370731245,36951.458651818866,27016.010727147826
2025-11-07,670.97,0.000984619056854319,984.619056854319,36951.458651818866,27002.17411738746
2025-11-10,681.44,0.015604274408691943,15604.274408691943,36951.458651818866,26987.909571242755
2025-11-11,683.0,0.002289269781638792,2289.2697816387918,36951.458651818866,26973.2038535678
2025-11-12,683.38,0.0005563689604686228,556.3689604686228,36951.458651818866,26958.043319882283
2025-11-13,672.04,-0.016593988703210605,-16593.988703210605,36951.458651818866,26942.413903711644
2025-11-14,671.93,-0.0001636807332896506,-163.68073328965062,36951.458651818866,26926.301103535727
2025-11-17,665.67,-0.009316446653669264,-9316.446653669263,36951.458651818866,26909.68996933375
2025-11-18,660.08,-0.008397554343743785,-8397.554343743785,36951.458651818866,26892.565088713156
2025-11-19,662.63,0.0038631681008360896,3863.1681008360897,36951.458651818866,26874.910572609453
2025-11-20,652.53,-0.015242292078535558,-15242.292078535558,36951.458651818866,26856.710040543778
2025-11-21,659.03,0.00996122783626796,9961.22783626796,36951.458651818866,26837.946605424528
2025-11-24,668.73,0.014718601581111601,14718.601581111601,36951.458651818866,26818.602857878905
2025-11-25,675.02,0.009405888774243643,9405.888774243642,36951.458651818866,26798.660850099914
2025-11-26,679.68,0.006903499155580528,6903.499155580528,36951.458651818866,26778.102079193737
2025-11-28,683.39,0.005458451035781575,5458.451035781575,36951.458651818866,26756.907470012113
2025-12-01,680.27,-0.0045654750581659576,-4565.475058165957,36951.458651818866,26735.057357453737
2025-12-02,681.53,0.0018522057418377535,1852.2057418377535,36951.458651818866,26712.531468218298
2025-12-03,683.89,0.0034627969421743288,3462.7969421743287,36951.458651818866,26689.308901996195
2025-12-04,684.39,0.0007311117284942714,731.1117284942715,36951.458651818866,26665.368112076503
2025-12-05,685.69,0.0018995017460805563,1899.5017460805564,36951.458651818866,26640.68688535517
2025-12-08,683.63,-0.003004273068004548,-3004.2730680045483,36951.458651818866,23299.888077707754
2025-12-09,683.04,-0.0008630399485102247,-863.0399485102247,36951.458651818866,20511.39277712764
2025-12-10,687.57,0.006632115249473047,6632.115249473048,36951.458651818866,17105.99180041581
2025-12-11,689.17,0.002327035792719201,2327.035792719201,36951.458651818866,16849.165933199733
2025-12-12,681.76,-0.010752064077078183,-10752.064077078183,36951.458651818866,16840.22596377579
2025-12-15,680.73,-0.0015107955878901347,-1510.7955878901346,36951.458651818866,16831.00950045214
2025-12-16,678.87,-0.0027323608479132844,-2732.3608479132845,36951.458651818866,16821.507991871054
2025-12-17,671.4,-0.011003579477661396,-11003.579477661397,36951.458651818866,16811.712622199833
2025-12-18,676.47,0.007551385165326163,7551.385165326164,36951.458651818866,16801.61430295115
2025-12-19,680.59,0.006090440078643455,6090.440078643455,35591.34667730108,16790.690064412876
2025-12-22,684.83,0.006229888772976366,6229.888772976366,35591.34667730108,16779.957447504938
2025-12-23,687.96,0.004570477344742585,4570.477344742585,35591.34667730108,16768.892893991597
2025-12-24,690.38,0.0035176463747892406,3517.646374789241,35591.34667730108,16757.486137792275
2025-12-26,690.31,-0.00010139343549930846,-101.39343549930845,35591.34667730108,16745.72659531875
2025-12-29,687.85,-0.003563616346279108,-3563.6163462791083,35591.34667730108,16733.603355655323
2025-12-30,687.01,-0.001221196481791087,-1221.196481791087,35591.34667730108,16721.10517043529
2025-12-31,681.92,-0.007408916900772944,-7408.916900772944,35591.34667730108,16708.220443404334
2026-01-02,683.17,0.0018330595964335394,1833.0595964335394,35591.34667730108,16694.93721966108
2026-01-05,687.72,0.006660128518523933,6660.128518523933,35591.34667730108,16681.243174564937
2026-01-06,691.81,0.005947187808991838,5947.187808991838,35591.34667730108,16667.125602300875
2026-01-07,689.58,-0.003223428397970407,-3223.428397970407,35591.34667730108,16652.5714040905
2026-01-08,689.51,-0.00010151106470612792,-101.51106470612791,35591.34667730108,16637.56707603857
2026-01-09,694.07,0.006613392119041217,6613.3921190412175,35591.34667730108,16622.09869660359
2026-01-12,695.16,0.0015704467849062542,1570.4467849062542,35591.34667730108,16606.15191368093
2026-01-13,693.77,-0.0019995396743195393,-1999.5396743195392,35591.34667730108,16590.853928534612
2026-01-14,690.36,-0.0049151736166164195,-4915.173616616419,35591.34667730108,16578.431118243534
2026-01-15,692.24,0.0027232168723565486,2723.2168723565487,35591.34667730108,16565.624097324893
2026-01-16,691.66,-0.0008378597018375844,-837.8597018375845,35591.34667730108,16552.420982975782
2026-01-20,677.58,-0.02035682271636341,-20356.82271636341,35591.34667730108,16538.809524883913
2026-01-21,685.4,0.011541072640868899,11541.072640868899,35591.34667730108,21505.890298621234
2026-01-22,688.98,0.0052232273125183415,5223.227312518342,35591.34667730108,21467.44604496725
2026-01-23,689.23,0.000362855235275239,362.855235275239,35591.34667730108,21427.812793777583
2026-01-26,692.73,0.005078130667556469,5078.130667556468,35591.34667730108,21386.95377193256
2026-01-27,695.49,0.003984236282534415,3984.236282534415,35591.34667730108,21344.83106899955
2026-01-28,695.42,-0.00010064846367319191,-100.64846367319191,35591.34667730108,21301.4056020583
2026-01-29,694.04,-0.0019844122976042655,-1984.4122976042654,35591.34667730108,21256.637079438457
2026-01-30,691.97,-0.002982537029565968,-2982.537029565968,35591.34667730108,21210.483963335522
2026-02-02,695.41,0.004971313785279596,4971.313785279596,35591.34667730108,21162.903431270643
2026-02-03,689.53,-0.008455443551286246,-8455.443551286246,35591.34667730108,21113.8513363584
2026-02-04,686.19,-0.004843879164068143,-4843.879164068143,35591.34667730108,21063.282166345773
2026-02-05,677.62,-0.012489252247919747,-12489.252247919747,35591.34667730108,21011.149001384303
2026-02-06,690.62,0.01918479383725402,19184.793837254023,35591.34667730108,20957.40347049619
2026-02-09,693.95,0.004821754365642583,4821.754365642583,35591.34667730108,20901.99570669401
2026-02-10,692.12,-0.0026370775992506923,-2637.0775992506924,35591.34667730108,20844.874300712385
2026-02-11,691.96,-0.00023117378489279083,-231.17378489279082,35591.34667730108,20785.98625330865
2026-02-12,681.27,-0.015448869876871552,-15448.869876871551,35591.34667730108,20725.276926088296
2026-02-13,681.75,0.0007045664714431243,704.5664714431243,35591.34667730108,20662.689990809587
2026-02-17,682.85,0.0016134946828016972,1613.494682801697,35591.34667730108,20598.167377120193
2026-02-18,686.29,0.005037709599472695,5037.709599472695,35591.34667730108,20531.64921867752
2026-02-19,684.48,-0.002637369042241544,-2637.3690422415443,35591.34667730108,20463.073797602603
2026-02-20,689.43,0.007231767180925663,7231.7671809256635,35591.34667730108,20392.377487216087
2026-02-23,682.39,-0.010211334000551076,-10211.334000551076,35591.34667730108,20352.45812050747
2026-02-24,687.35,0.007268570758657056,7268.570758657056,35591.34667730108,20343.672704664223
2026-02-25,693.15,0.008438204699207086,8438.204699207086,35591.34667730108,20334.61557492892
2026-02-26,689.3,-0.005554353314578431,-5554.35331457843,35591.34667730108,20325.27832777912
2026-02-27,685.99,-0.004801973016103189,-4801.973016103189,35591.34667730108,20315.65229978964
2026-03-02,686.38,0.0005685214070176858,568.5214070176859,35591.34667730108,20305.7285595943
2026-03-03,680.33,-0.0088143593927561,-8814.3593927561,35591.34667730108,20295.4978995991
2026-03-04,685.13,0.00705539958549517,7055.39958549517,35591.34667730108,20284.9508274391
2026-03-05,681.31,-0.005575584195700145,-5575.584195700145,35591.34667730108,20274.077557171062
2026-03-06,672.38,-0.013107102493725264,-13107.102493725264,35591.34667730108,20262.868000193703
2026-03-09,678.27,0.008759927421993385,8759.927421993385,35591.34667730108,20251.311755887145
2026-03-10,677.18,-0.0016070296489598679,-1607.029648959868,35591.34667730108,20238.81035181162
2026-03-11,676.33,-0.0012552054106735877,-1255.2054106735877,35591.34667730108,20226.5282343639
2026-03-12,666.06,-0.015184894947732785,-15184.894947732786,35591.34667730108,20213.866257613678
2026-03-13,662.29,-0.005660150737170744,-5660.150737170744,35591.34667730108,20200.812673335095
2026-03-16,669.03,0.010176810762656752,10176.810762656753,35591.34667730108,20187.355369955116
2026-03-17,670.79,0.002630674259749277,2630.674259749277,35591.34667730108,20173.48186131596
2026-03-18,661.43,-0.013953696387841275,-13953.696387841275,35591.34667730108,20159.179275090028
2026-03-19,659.8,-0.0024643575283854746,-2464.357528385475,35591.34667730108,20144.434340836488
2026-03-20,648.57,-0.01702030918460129,-17020.30918460129,35591.34667730108,16819.28376831466
2026-03-23,655.38,0.01050002312780407,10500.02312780407,35591.34667730108,20040.110496859033
2026-03-24,653.18,-0.0033568311513931803,-3356.8311513931803,35591.34667730108,19975.891589642342
2026-03-25,656.82,0.005572736458556715,5572.736458556715,35591.34667730108,19909.686530656065
2026-03-26,645.09,-0.017858774093358898,-17858.774093358898,35591.34667730108,19841.43389252588
2026-03-27,634.09,-0.017051884233207804,-17051.884233207802,35591.34667730108,19900.587847138755
2026-03-30,631.97,-0.003343373968994978,-3343.373968994978,35591.34667730108,19611.704717390367
2026-03-31,650.34,0.029067835498520544,29067.835498520544,35591.34667730108,19569.12099443808
2026-04-01,655.24,0.0075345204047112535,7534.520404711254,35591.34667730108,19525.22024912644
2026-04-02,655.83,0.0009004334289726135,900.4334289726135,35591.34667730108,19479.961748805166
2026-04-06,658.93,0.004726834698016047,4726.834698016047,25447.53679061046,19431.001655425385
2026-04-07,659.22,0.0004401074469215782,440.10744692157823,23031.12153222002,19380.52733235345
2026-04-08,676.01,0.025469494250781155,25469.494250781154,23031.12153222002,19330.93837735941
2026-04-09,679.91,0.005769145426842703,5769.145426842703,23031.12153222002,19279.815743344934
2026-04-10,679.46,-0.0006618523039813029,-661.852303981303,23031.12153222002,19227.111996938263
2026-04-13,686.1,0.009772466370352895,9772.466370352895,21311.127798342026,19170.097727194065
2026-04-14,694.46,0.012184812709517656,12184.812709517657,21311.127798342026,19114.08354247021
2026-04-15,699.94,0.007891023241079376,7891.023241079376,21311.127798342026,19056.33696028067
2026-04-16,701.66,0.0024573534874416936,2457.3534874416937,21311.127798342026,18996.804401322384
2026-04-17,710.14,0.012085625516631948,12085.625516631948,19132.778891091195,18932.402805488575
2026-04-20,708.72,-0.001999605711549779,-1999.605711549779,19132.778891091195,18869.130875465948
2026-04-21,704.08,-0.006547014335703816,-6547.014335703816,17463.398061884858,18800.68407364449
2026-04-22,711.21,0.010126690148846818,10126.690148846817,17463.398061884858,18733.437894430306
2026-04-23,708.45,-0.003880710338718507,-3880.710338718507,17463.398061884858,18664.11193647754
2026-04-24,713.94,0.007749311878043619,7749.311878043619,17463.398061884858,18592.64187673242
2026-04-27,715.17,0.0017228338515840047,1722.8338515840046,17463.398061884858,18518.96140276838
2026-04-28,711.69,-0.004865975921808707,-4865.975921808707,17463.398061884858,18443.002151259057
2026-04-29,711.58,-0.00015456167713467917,-154.56167713467917,17463.398061884858,18364.693644548417
2026-04-30,718.66,0.009949689423536245,9949.689423536245,17463.398061884858,18283.963225259096
2026-05-01,720.65,0.0027690423844377587,2769.0423844377588,17463.398061884858,18200.735988878354
2026-05-04,718.01,-0.0036633594671476866,-3663.3594671476867,17463.398061884858,18114.934714259034
2026-05-05,723.77,0.00802217239314218,8022.172393142179,17463.398061884858,18026.479791971073
2026-05-06,733.83,0.013899443193279737,13899.443193279736,17463.398061884858,17935.289150437093
2026-05-07,731.58,-0.0030661052287314083,-3066.1052287314083,17463.398061884858,17855.30604545681
2026-05-08,737.62,0.008256103228628353,8256.103228628353,17463.398061884858,17836.09481130951
2026-05-11,739.3,0.002277595509883046,2277.595509883046,17463.398061884858,17816.28941528137
2026-05-12,738.18,-0.0015149465710807553,-1514.9465710807553,17463.398061884858,17795.871481231738
2026-05-13,742.31,0.005594841366604264,5594.841366604264,17463.398061884858,17774.822064685726
2026-05-14,748.17,0.007894275976344067,7894.275976344067,17463.398061884858,17753.121635256848
2026-05-15,739.17,-0.012029351617947825,-12029.351617947825,17463.398061884858,17730.750058526046
2026-05-18,738.65,-0.0007034917542648733,-703.4917542648733,17463.398061884858,17707.68657736027
2026-05-19,733.73,-0.006660800108305609,-6660.800108305609,17463.398061884858,17683.909792653285
2026-05-20,741.25,0.010249001676365888,10249.001676365888,17463.398061884858,17659.397643470824
2026-05-21,742.72,0.001983136593591839,1983.1365935918388,17463.398061884858,17634.12738658169
2026-05-22,745.64,0.003931495045239153,3931.4950452391527,17463.398061884858,17608.07557535578
2026-05-26,750.59,0.0066385923501959265,6638.592350195927,17463.398061884858,17581.21803800948
2026-05-27,750.46,-0.00017319708495977526,-173.19708495977525,17463.398061884858,17553.529855178243
2026-05-28,754.6,0.005516616475228497,5516.616475228498,17463.398061884858,17524.985336795526
2026-05-29,756.48,0.002491386164855447,2491.386164855447,17463.398061884858,17495.55799825664
2026-06-01,758.54,0.002723138747884768,2723.138747884768,17463.398061884858,17465.22053584542
2026-06-02,759.57,0.0013578717008992935,1357.8717008992935,17463.398061884858,17433.944801400863
2026-06-03,754.24,-0.007017128111958093,-7017.128111958093,17463.398061884858,17401.701776200287
2026-06-04,757.09,0.0037786380992788082,3778.638099278808,17463.398061884858,17368.461544034744
2026-06-05,737.55,-0.025809348954549782,-25809.348954549783,17463.398061884858,17334.19326345171
2026-06-08,739.22,0.002264253270964689,2264.253270964689,19132.778891091195,26229.982634019212
2026-06-09,737.05,-0.002935526636184238,-2935.526636184238,19132.778891091195,26205.045686854428
2026-06-10,725.43,-0.015765551862153226,-15765.551862153226,19132.778891091195,26179.337493901046
2026-06-11,737.76,0.016996815681733723,16996.815681733722,19132.778891091195,26152.834202196525
2026-06-12,741.75,0.0054082628497071905,5408.26284970719,19132.778891091195,26125.511221057848
2026-06-15,754.83,0.017633973710819095,17633.973710819097,19132.778891091195,26097.343199265397
2026-06-16,750.33,-0.005961607249314382,-5961.607249314382,19132.778891091195,26068.30400154122
2026-06-17,740.96,-0.012487838684312247,-12487.838684312246,19132.778891091195,26038.366684299795
2026-06-18,746.74,0.00780069099546532,7800.69099546532,19132.778891091195,26007.503470648848
2026-06-22,744.39,-0.0031470123470016542,-3147.0123470016542,19132.778891091195,25975.685724616942
2026-06-23,733.58,-0.01452195757600172,-14521.95757600172,19132.778891091195,25942.88392458405
2026-06-24,733.24,-0.00046348046566158096,-463.480465661581,19132.778891091195,25909.067635890344
2026-06-25,734.3,0.001445638535813476,1445.638535813476,19132.778891091195,25874.205482597867
2026-06-26,728.99,-0.007231376821462576,-7231.376821462576,19132.778891091195,25838.265118378815
2026-06-29,741.0,0.016474848763357475,16474.848763357473,19132.778891091195,25774.612162683283
2026-06-30,746.77,0.007786774628879778,7786.774628879778,19132.778891091195,25611.520902868466
2026-07-01,745.76,-0.00135249139628002,-1352.4913962800201,19132.778891091195,25443.38558347174
2026-07-02,744.78,-0.0013140956876207532,-1314.0956876207533,19132.778891091195,25270.050202650375
2026-07-06,751.28,0.008727409436343647,8727.409436343647,19132.778891091195,25091.353933762373
2026-07-07,747.71,-0.004751890107549728,-4751.890107549728,19132.778891091195,24907.130976145876
2026-07-08,745.4,-0.003089433068970693,-3089.4330689706926,19132.778891091195,24717.210401283504
2026-07-09,751.71,0.008465253555138164,8465.253555138164,19132.778891091195,24521.415994208895
2026-07-10,754.95,0.0043101728060024325,4310.1728060024325,19132.778891091195,24319.56609000827
2026-07-13,749.17,-0.0076561361679582385,-7656.136167958239,19132.778891091195,24111.473405265355
2026-07-14,751.83,0.003550595992898975,3550.595992898975,19132.778891091195,23896.944864293277
2026-07-15,754.81,0.003963661998057866,3963.6619980578657,19132.778891091195,23675.781419992167
2026-07-16,750.72,-0.005418582159748664,-5418.582159748664,19132.778891091195,23447.777869166282
2026-07-17,743.29,-0.009897165387894424,-9897.165387894423,19132.778891091195,23212.722662129287
2026-07-20,742.09,-0.0016144438913477943,-1614.4438913477943,19132.778891091195,22970.39770642104
2026-07-21,748.28,0.008341306310555296,8341.306310555297,19132.778891091195,22720.57816445378
2026-07-22,747.41,-0.0011626663815683669,-1162.666381568367,19132.778891091195,22463.032244899903
2026-07-23,738.18,-0.012349312960757808,-12349.312960757808,19132.778891091195,22197.520987627864
2026-07-24,738.93,0.0010160123547102717,1016.0123547102718,19132.778891091195,21923.798041986585
2026-07-27,739.09,0.00021652930588844654,216.52930588844654,19132.778891091195,21641.609438232692
2026-07-28,740.86,0.002394836894018315,2394.836894018315,19132.778891091195,21350.69335188847
2026-07-29,729.46,-0.015387522608859894,-15387.522608859894,19132.778891091195,21050.779860811956
2026-07-30,741.69,0.016765826775971382,16765.82677597138,19132.778891091195,20741.59069475369
2026-07-31,747.03,0.00719977349027201,7199.77349027201,19132.778891091195,20422.83897716785
2026-08-03,757.67,0.01424306922078089,14243.069220780892,19132.778891091195,19903.664547710578
2026-08-04,771.33,0.018028957197724793,18028.957197724794,19132.778891091195,19319.04345440894
2026-08-05,769.79,-0.0019965514111989213,-1996.5514111989214,19132.778891091195,18716.341296366027
2026-08-06,768.56,-0.0015978383715039568,-1597.8383715039568,19132.778891091195,18094.998865393944
2026-08-07,773.26,0.006115332570001186,6115.3325700011865,19132.778891091195,17778.62673874779
2026-08-10,773.03,-0.0002974419988102106,-297.44199881021063,19132.778891091195,17647.72783589701
2026-08-11,770.56,-0.0031952188142763127,-3195.2188142763125,19132.778891091195,17512.78051337044
2026-08-12,772.49,0.0025046719269103956,2504.6719269103955,19132.778891091195,17373.659562312117
2026-08-13,777.88,0.006977436601121045,6977.436601121045,19132.778891091195,17230.235901427248
2026-08-14,776.34,-0.001979739805625491,-1979.739805625491,19132.778891091195,17082.376457216043
2026-08-17,772.67,-0.004727310199139634,-4727.310199139633,19132.778891091195,17046.82685277516
2026-08-18,767.45,-0.00675579484126454,-6755.79484126454,19132.778891091195,17040.309303132683
2026-08-19,769.06,0.002097856537885079,2097.856537885079,19132.778891091195,17033.590179789924
2026-08-20,762.6,-0.008399864769978782,-8399.864769978782,19132.778891091195,17026.663248508732
2026-08-21,765.72,0.004091266719118858,4091.266719118858,19132.778891091195,16998.86808474666
2026-08-24,763.47,-0.002938410907381339,-2938.4109073813393,19132.778891091195,16798.322430907385
2026-08-25,765.91,0.003195934352364871,3195.934352364871,19132.778891091195,16593.08636261098
2026-08-26,766.08,0.0002219581935214432,221.9581935214432,19132.778891091195,16513.427036145218
2026-08-27,771.1,0.0065528404344192825,6552.840434419282,19132.778891091195,16431.304019170206
2026-08-28,769.35,-0.0022694851510828284,-2269.4851510828285,19132.778891091195,16346.641115072256
2026-08-31,767.05,-0.002989536621823663,-2989.536621823663,19132.778891091195,16259.35977064138
