SPY Return,Portfolio P&L,VaR,VaR (Age-Weighted)
0.00023859705048170248,238.5970504817025,32584.81111836795,15926.293660920557
0.010284900786324547,10284.900786324546,32584.81111836795,15909.098768615513
-0.0005511160238692251,-551.1160238692252,32584.81111836795,15891.37207551753
0.00518420766773899,5184.20766773899,32584.81111836795,15873.097134179407
-0.0019605542883472577,-1960.5542883472576,32584.81111836795,15854.256988469997
-0.001964405613432823,-1964.405613432823,32584.81111836795,15834.834157841742
-0.001259247765958832,-1259.247765958832,32584.81111836795,15814.810621111581
0.0035376004818840597,3537.6004818840597,32584.81111836795,15794.167799740282
0.00898408448935301,8984.08448935301,32584.81111836795,15772.886540594613
-0.0016540347615525877,-1654.0347615525877,32584.81111836795,15750.947098176395
0.00723804182582358,7238.04182582358,32584.81111836795,15728.329116301946
0.0017000235915679387,1700.0235915679386,32584.81111836795,15705.011609214886
-0.009853825318500882,-9853.825318500882,32584.81111836795,15656.38734883551
-0.0013264153624195645,-1326.4153624195644,32584.81111836795,15603.078745609397
0.002261650408375846,2261.6504083758464,32584.81111836795,15550.705226455764
0.005670578755761594,5670.578755761594,32584.81111836795,15496.71190774068
0.000542068391327329,542.068391327329,32584.81111836795,15441.04869257049
0.0038633953168688046,3863.3953168688045,32584.81111836795,15383.663934663076
0.0024647628591350766,2464.7628591350767,32584.81111836795,15324.504390428632
-0.017617156573346508,-17617.156573346507,32584.81111836795,15263.515169568378
0.00748833452424447,7488.33452424447,32584.81111836795,17939.063569728023
0.01588191581375782,15881.915813757822,32584.81111836795,17925.64826971423
-0.0019523405569697506,-1952.3405569697507,32584.81111836795,17911.13576185978
0.002258244505516034,2258.2445055160338,32584.81111836795,17896.87781732392
0.0028251841797528776,2825.1841797528778,32584.81111836795,17882.178905431276
0.006232917715855438,6232.917715855438,32584.81111836795,17867.02538801618
0.0045361837820201015,4536.183782020102,32584.81111836795,17851.40320511402
-0.002273080094720837,-2273.0800947208368,32584.81111836795,17835.297861915915
0.0003930609673040346,393.0609673040346,32584.81111836795,17818.694415319933
0.005945065375586422,5945.065375586421,32584.81111836795,17801.577460066343
0.002401141695401518,2401.141695401518,32584.81111836795,17783.931114444087
-0.0031526823891246383,-3152.682389124638,32584.81111836795,17765.73900555516
0.006295456601156589,6295.456601156589,32584.81111836795,17746.984254123276
0.002983963422612542,2983.9634226125418,32584.81111836795,17727.64945883268
0.002083489108477549,2083.489108477549,32584.81111836795,17707.716680182573
-0.020274008727572915,-20274.008727572917,32584.81111836795,17687.16742384226
-0.00616323046614834,-6163.23046614834,32584.81111836795,21773.072452038763
-0.0006871540640684468,-687.1540640684468,32584.81111836795,21700.6469295704
0.010635973545296185,10635.973545296185,32584.81111836795,21625.981442489614
0.006177509474983068,6177.509474983068,32584.81111836795,21549.006713540348
-0.016813483020279258,-16813.48302027926,32584.81111836795,21469.651322871003
0.002136263877962538,2136.263877962538,32584.81111836795,21387.841641768584
0.017077640368435617,17077.640368435616,32584.81111836795,21303.50176434341
-0.007520528789889904,-7520.528789889904,32584.81111836795,21216.553437100963
-0.007881814202253368,-7881.8142022533675,32584.81111836795,21126.915986335553
0.008711846319328647,8711.846319328648,32584.81111836795,21034.506243278433
-0.001434124863680101,-1434.1248636801008,32584.81111836795,20939.23846693088
-0.018698546331333714,-18698.546331333713,32584.81111836795,20841.02426451073
0.0069216370519515616,6921.637051951561,32584.81111836795,20739.772509438404
-0.006056210775522552,-6056.210775522552,32584.81111836795,20635.389256786522
-0.011523270465403482,-11523.270465403482,32584.81111836795,20527.777656114482
-0.01872588920293116,-18725.88920293116,32584.81111836795,20416.837861607222
0.01318786951086948,13187.86951086948,32584.81111836795,20302.46693943479
-0.0007041978304385053,-704.1978304385053,32584.81111836795,20259.014882881413
0.015378943878152395,15378.943878152395,32584.81111836795,20238.63953491169
-0.0034745045184475377,-3474.5045184475375,32584.81111836795,20217.634021540845
0.002857696480387704,2857.696480387704,32584.81111836795,20195.978853117293
0.009518033169004615,9518.033169004615,32584.81111836795,20173.653937216724
0.0030511083928962063,3051.108392896206,32584.81111836795,20150.63855999964
-0.002440141518843157,-2440.141518843157,32584.81111836795,20126.91136699234
0.006696113895246207,6696.113895246207,32584.81111836795,20102.45034327347
0.006877554222656955,6877.554222656955,32584.81111836795,20077.232793047835
-0.0013566477811832746,-1356.6477811832747,32584.81111836795,20051.235318588417
0.004214652133313879,4214.652133313879,32584.81111836795,20024.43379852716
0.0008257948744496353,825.7948744496354,32584.81111836795,19996.803365474316
-0.00015009380891203424,-150.09380891203423,32584.81111836795,19968.318382945614
0.003147248757445007,3147.248757445007,32584.81111836795,19938.952421575817
-0.002547008643385141,-2547.008643385141,32584.81111836795,19908.678234596642
-0.0034563112024436292,-3456.311202443629,32584.81111836795,19877.46773255626
-0.0030152291802617724,-3015.2291802617724,32584.81111836795,19845.291957256894
-0.007502024348320599,-7502.0243483205995,32584.81111836795,19812.121054886415
-7.60658730826788e-05,-76.06587308267879,32584.81111836795,19777.924248318912
0.0007603984854261034,760.3984854261034,32584.81111836795,19742.6698085586
0.003641885664135919,3641.885664135919,32584.81111836795,19706.325025300543
-0.011272015769195263,-11272.015769195263,32584.81111836795,19668.8561765809
0.0057280486551168856,5728.048655116885,32584.81111836795,19630.22849748848
0.013539785530152226,13539.785530152227,32584.81111836795,19590.40614790867
0.005095934289196183,5095.934289196183,32584.81111836795,19549.35217926969
-0.0010470422017062567,-1047.0422017062567,32584.81111836795,19504.94049695793
0.008575813182095373,8575.813182095373,32584.81111836795,19461.307838185498
0.006500035826565859,6500.035826565859,32584.81111836795,19416.32571573969
0.003237915846765274,3237.9158467652737,32584.81111836795,19369.952393630614
0.0023482802308004923,2348.2802308004925,32584.81111836795,19322.144845064555
-0.0015404367616104983,-1540.4367616104983,32584.81111836795,19270.42722239838
-0.0036036075032986558,-3603.607503298656,32584.81111836795,19219.61677647845
-0.006652892663890414,-6652.892663890414,29675.71678301587,19164.650656097776
-0.009089617045180538,-9089.617045180537,29675.71678301587,19110.648694231553
0.00440611593677856,4406.115936778559,29675.71678301587,19054.976568596274
0.0038673259564351707,3867.3259564351706,29675.71678301587,18997.58262464238
0.008499995742215672,8499.995742215673,29675.71678301587,18938.413610256917
-0.010580543379327343,-10580.543379327344,29675.71678301587,18877.41462635438
0.004749192660462094,4749.192660462094,29675.71678301587,18814.529075939394
-0.007728932648257454,-7728.932648257453,29675.71678301587,18749.69861159405
-0.00636158265617045,-6361.58265617045,29675.71678301587,18725.23852691046
-0.00015017269888573635,-150.17269888573634,29675.71678301587,18724.196525599084
0.008896257230038573,8896.257230038573,27834.721170170298,18723.069301295483
0.0023788295487817746,2378.8295487817745,27834.721170170298,18721.96184958821
-0.007976485692071033,-7976.485692071033,27834.721170170298,18720.820146797207
-0.011668743834377491,-11668.743834377492,27834.721170170298,18719.643133610603
-0.000833301817092334,-833.301817092334,27834.721170170298,18718.429717954314
0.003329049000232423,3329.049000232423,27834.721170170298,18717.178773978758
0.004597016272188443,4597.016272188443,27834.721170170298,18715.889141014264
0.003827253180249722,3827.253180249722,27834.721170170298,18714.559622494173
0.010357381811706727,10357.381811706728,27834.721170170298,18713.18898484459
-0.022717174394102434,-22717.174394102436,27834.721170170298,18711.775956339865
-0.0010622155778720888,-1062.2155778720887,25281.41523384883,24432.33124774559
-0.009994361276679561,-9994.361276679561,25281.41523384883,24328.92724906722
-0.010598831223635051,-10598.83122363505,25281.41523384883,24222.325188574057
-0.0006589019831028159,-658.9019831028158,25281.41523384883,24112.426157137805
-0.00419613639241602,-4196.1363924160205,25281.41523384883,23999.128186584967
0.007602239700897932,7602.239700897932,25281.41523384883,23882.326155087198
-0.014008011156110722,-14008.011156110722,25281.41523384883,23761.91168962558
0.0007833921278040774,783.3921278040774,25281.41523384883,23637.77306543834
0.012606189818738749,12606.189818738749,25281.41523384883,23509.79510235872
-0.01794539848240352,-17945.39848240352,25281.41523384883,23377.859057946735
0.0022019511885320044,2201.9511885320044,25281.41523384883,23241.842517315825
-0.0019657957971876976,-1965.7957971876976,25281.41523384883,23101.619279551996
0.005103053272320615,5103.053272320614,25281.41523384883,22957.05924062022
0.013610943159052834,13610.943159052833,25281.41523384883,22808.02827264931
-0.0060437190006478875,-6043.719000647888,25281.41523384883,22689.932657174213
-0.0028719213734147986,-2871.9213734147984,25281.41523384883,22621.20951712062
-0.011689162576675608,-11689.162576675608,25281.41523384883,22550.360919127223
0.008871500775183309,8871.500775183309,21520.023217502967,22473.717770349434
0.012968537413292212,12968.537413292212,21520.023217502967,22398.419015972355
0.00852768967640897,8527.68967640897,21520.023217502967,22320.791434140312
0.009516992917045317,9516.992917045316,21520.023217502967,22240.76299926192
0.014667982712427108,14667.982712427109,21520.023217502967,22158.259458150173
-0.0008217234242676464,-821.7234242676465,21520.023217502967,22073.204261127754
0.0011950109719970198,1195.0109719970199,21520.023217502967,21985.51849100155
0.010322001569018842,10322.001569018841,21520.023217502967,21895.120789840512
-0.0071174677688639896,-7117.4677688639895,21520.023217502967,21801.92728348893
-0.018245804060311108,-18245.804060311108,21520.023217502967,21705.85150374503
-0.004328517978227891,-4328.517978227891,21520.023217502967,21606.804308132763
0.0033429601106513317,3342.960110651332,21520.023217502967,21504.69379719228
-0.00692623692149958,-6926.236921499581,19515.430160498454,21394.231892462463
0.005787846482466687,5787.846482466687,19515.430160498454,21285.70759557599
-0.008234892132698825,-8234.892132698824,19515.430160498454,21173.826877136325
0.016101206048680913,16101.206048680913,19515.430160498454,21058.485930291314
-0.0006029090543621596,-602.9090543621596,19515.430160498454,20939.577737667587
0.013775766251709277,13775.766251709278,19515.430160498454,20816.991972076117
0.0006689709247141184,668.9709247141184,19515.430160498454,20690.61489414677
-0.005588479951888871,-5588.479951888871,19515.430160498454,20560.329246796922
-0.0037430796809159645,-3743.0796809159647,19515.430160498454,20426.014146436257
-0.020688041285036488,-20688.04128503649,19515.430160498454,20287.544970806706
-0.0029138890336146786,-2913.8890336146787,20485.165331879336,22157.008046821662
-0.006858050381562924,-6858.050381562924,20485.165331879336,22124.96075507883
-0.00426175531711562,-4261.7553171156205,20485.165331879336,22091.922309983132
-0.02587944798782072,-25879.44798782072,20485.165331879336,22057.862057307153
0.0054041298174331825,5404.129817433182,21722.89917066012,26503.675099212556
-0.04797413832822718,-47974.13832822718,21722.89917066012,26465.2484679357
-0.0014978782862162037,-1497.8782862162038,24329.933926898753,47974.13832822718
-0.06734057781115321,-67340.57781115321,24329.933926898753,47974.13832822718
0.045450496816366155,45450.496816366154,24329.933926898753,67340.57781115321
-0.04518329574597204,-45183.29574597204,24329.933926898753,67340.57781115321
0.04390566685108499,43905.66685108499,35724.41034447786,67340.57781115321
0.0067105794401894365,6710.579440189436,35724.41034447786,67340.57781115321
0.020944051147118867,20944.051147118866,35724.41034447786,67340.57781115321
-0.00857588204212464,-8575.88204212464,35724.41034447786,67340.57781115321
0.0006687286047087514,668.7286047087514,35724.41034447786,67340.57781115321
-0.04407579916017689,-44075.79916017689,35724.41034447786,67340.57781115321
-0.01646526301551582,-16465.26301551582,44640.62241893241,67340.57781115321
0.0007986866467075993,798.6866467075993,44640.62241893241,67340.57781115321
0.03238053982098242,32380.53982098242,44640.62241893241,67340.57781115321
0.01398624197473987,13986.24197473987,44640.62241893241,67340.57781115321
-0.015361285161487206,-15361.285161487207,44640.62241893241,67340.57781115321
0.014429279163075926,14429.279163075926,44640.62241893241,67340.57781115321
0.028330980186525613,28330.980186525612,44640.62241893241,67134.21596102156
0.0026333129107607525,2633.3129107607524,44640.62241893241,66819.23347817117
0.004428051515732004,4428.051515732003,44640.62241893241,66494.50926904705
-0.010528144621702576,-10528.144621702577,44640.62241893241,66159.7420431459
-0.025881925462926756,-25881.925462926756,44640.62241893241,65814.62119170142
-0.007324168322630014,-7324.168322630014,44640.62241893241,65458.8264994906
0.027817032946471264,27817.032946471263,44640.62241893241,65092.02784772688
-0.010445922921199542,-10445.922921199543,44640.62241893241,64713.88490776428
-0.02655927307235483,-26559.273072354827,44640.62241893241,64324.04682532861
0.006449138823338715,6449.138823338715,44640.62241893241,63922.151894982555
0.009129366764349686,9129.366764349686,44640.62241893241,63507.82722452271
0.013749109506831846,13749.109506831846,44640.62241893241,63080.68838899709
0.017110051958780684,17110.051958780685,44640.62241893241,62640.33907402224
0.0007491222860217099,749.1222860217099,44640.62241893241,62186.370708068775
-0.010015342306316295,-10015.342306316295,44640.62241893241,61718.36208337448
-0.0011643381222247774,-1164.3381222247774,44640.62241893241,61235.878965132935
-0.02990087622024992,-29900.87622024992,44640.62241893241,60738.47368859527
-0.03285841816196444,-32858.418161964444,44640.62241893241,60225.68474371108
0.0060070852015863185,6007.085201586318,44640.62241893241,59697.03634692324
0.02350182151944729,23501.82151944729,44640.62241893241,59152.037999719294
0.011121681922477124,11121.681922477124,44640.62241893241,58590.18403352966
-0.020586497484524992,-20586.497484524993,44640.62241893241,58010.95314055064
0.00782892902046659,7828.92902046659,44640.62241893241,57413.80789005682
-0.025306760640899557,-25306.760640899556,44640.62241893241,56798.19422975391
-0.028870572488773966,-28870.572488773967,44640.62241893241,56163.54097170968
0.021686187513514154,21686.187513514153,44640.62241893241,55509.25926238572
0.01834590173609608,18345.901736096082,44640.62241893241,54834.74203627855
0.017929543571302824,17929.543571302824,44640.62241893241,54139.36345266291
-0.006718371523439557,-6718.371523439557,44640.62241893241,53422.47831491482
0.03289854256451224,32898.54256451224,44640.62241893241,52683.42147187556
0.0010030091111691661,1003.0091111691661,44640.62241893241,51921.50720070106
0.008733679968754631,8733.679968754632,44640.62241893241,51136.02857062427
-0.001989555493381542,-1989.5554933815417,44640.62241893241,50326.256787039936
0.016949558313773205,16949.558313773206,44640.62241893241,49491.44051530351
-0.019275720366255925,-19275.720366255926,44640.62241893241,48630.80518361648
0.01935730307076786,19357.30307076786,44640.62241893241,47941.95088866467
-0.011899529028874872,-11899.529028874871,44640.62241893241,47814.2690648095
0.004365919863848411,4365.919863848411,44640.62241893241,47682.638318567064
0.018809331957496293,18809.33195749629,44640.62241893241,47546.93651831712
0.012186473272161207,12186.473272161207,44640.62241893241,47407.037755172845
-0.019643424095906803,-19643.424095906805,44640.62241893241,47262.81222615813
0.010115348490355442,10115.348490355442,44640.62241893241,47114.12611377183
0.034242067573958646,34242.067573958644,44640.62241893241,46960.84146182719
-0.00023325428710504212,-233.25428710504212,44640.62241893241,46802.81604745127
-0.024401053231680438,-24401.05323168044,44640.62241893241,46639.903249125586
-0.02826832053033016,-28268.320530330162,44640.62241893241,46471.95191064549
0.01616347915024208,16163.479150242081,44640.62241893241,46298.806200872204
0.01806315096371861,18063.15096371861,44640.62241893241,46120.30546914716
-0.006109715467233833,-6109.715467233833,44640.62241893241,45936.28409623475
0.006188920251244104,6188.920251244104,44640.62241893241,45746.57134065494
0.012749051252161117,12749.051252161118,44640.62241893241,45550.99118026339
-0.03759988164897966,-37599.881648979666,44640.62241893241,45349.36214893188
0.009366444076676313,9366.444076676313,44640.62241893241,45169.08483413347
0.01864744446894703,18647.44446894703,44640.62241893241,45096.22804370662
-0.00951934841968707,-9519.34841968707,44640.62241893241,45021.117950483065
0.004953437574132809,4953.437574132809,44640.62241893241,44943.68486468559
-0.01601390137444669,-16013.90137444669,44640.62241893241,44863.856941183025
-0.01604518854910439,-16045.188549104389,44640.62241893241,44781.56011282987
-0.0010324315497296534,-1032.4315497296534,44640.62241893241,44696.71802174416
-0.019186153830950518,-19186.153830950516,44640.62241893241,44609.2519484599
-0.003943886443881554,-3943.8864438815535,44640.62241893241,44519.08073888851
-0.022312696607667847,-22312.696607667847,44640.62241893241,44426.120729021095
-0.0018892234043339606,-1889.2234043339606,44640.62241893241,44330.28566730211
0.028555212780662927,28555.212780662925,44640.62241893241,44231.48663460213
0.0028361714039837156,2836.1714039837157,44640.62241893241,44129.631961715546
0.04032541143486819,40325.41143486819,44640.62241893241,43995.74473423085
-0.00016002560443813832,-160.02560443813832,44640.62241893241,43826.39274139216
-0.0008805988640942152,-880.5988640942153,44640.62241893241,43651.80305805331
0.010833306522495407,10833.306522495408,44640.62241893241,43471.81369378645
0.0003168567833860853,316.8567833860853,44640.62241893241,43286.25764815051
0.003715566154493154,3715.566154493154,44640.62241893241,43094.96275574232
-0.022180580612773258,-22180.580612773258,44640.62241893241,42897.75152645553
0.016800395152729273,16800.395152729274,44640.62241893241,42694.44098079905
-0.01470497207782652,-14704.97207782652,44640.62241893241,42484.842480122265
-0.009382904719037426,-9382.904719037426,44640.62241893241,42268.761551589494
-0.010703153771286488,-10703.153771286488,44640.62241893241,42045.99770774128
0.00364866654653433,3648.66654653433,44640.62241893241,41816.344260475074
-0.004881560303985739,-4881.56030398574,44640.62241893241,41579.58812927281
-0.010749235302345573,-10749.235302345573,44640.62241893241,41335.50964349727
0.029811396070801535,29811.396070801537,44640.62241893241,41083.88233857404
0.0019347043519678192,1934.7043519678193,44640.62241893241,40824.47274586967
0.008819813427349867,8819.813427349867,44640.62241893241,40557.04017607136
0.008900956802934273,8900.956802934274,44640.62241893241,40281.33649586691
0.0007908890004155433,790.8890004155433,44640.62241893241,39997.105897718
-0.013210441996490846,-13210.441996490847,44640.62241893241,39704.084662512934
0.010281023013900409,10281.023013900409,44640.62241893241,39402.000914878845
-0.004928076105021501,-4928.0761050215015,44640.62241893241,39090.57437092617
0.01577138957141259,15771.389571412592,44640.62241893241,38769.51607819146
0.0016066148952424062,1606.6148952424062,44640.62241893241,38438.52814753712
0.0026589520631685993,2658.952063168599,44640.62241893241,38097.30347675945
-0.0025806465934916254,-2580.6465934916255,44640.62241893241,37745.525465648454
0.002424433205686867,2424.433205686867,44640.62241893241,37462.57892859432
0.008633147144702875,8633.147144702876,44640.62241893241,37226.03230288879
0.0005419424899412345,541.9424899412345,44640.62241893241,36982.169802161436
0.0023965068869944064,2396.506886994406,44640.62241893241,36730.76516223633
-0.0051867737724977095,-5186.77377249771,44640.62241893241,36471.585121076416
0.0038732715554486976,3873.2715554486977,44640.62241893241,36204.38920235487
0.010995458899964158,10995.458899964158,44640.62241893241,35928.929492332645
0.005262567917019155,5262.567917019155,44640.62241893241,35644.95040983552
0.0006083650377746115,608.3650377746114,44640.62241893241,35352.18846911682
0.0005320159730275038,532.0159730275038,44640.62241893241,35050.372035386215
-0.0011403810108022165,-1140.3810108022165,44640.62241893241,34739.221072777334
0.008332750282877274,8332.750282877274,44640.62241893241,34418.44688452076
-0.005142954914777241,-5142.95491477724,44640.62241893241,34087.751845080995
-0.00045506257895649543,-455.06257895649543,44640.62241893241,33746.82912400907
-0.003419586143157119,-3419.586143157119,44640.62241893241,33395.362401254504
-0.00038067684802482954,-380.67684802482955,44640.62241893241,33033.02557367248
0.008719112062778272,8719.112062778271,44640.62241893241,32617.999523593982
0.0015840093826814611,1584.0093826814611,44640.62241893241,32152.601649618846
0.013921338518608014,13921.338518608014,44640.62241893241,31672.81002696406
-0.0006691698825860362,-669.1698825860362,44640.62241893241,31178.1794881447
0.002525629035304559,2525.629035304559,44640.62241893241,30668.25109760927
0.0029631846261357624,2963.1846261357623,44640.62241893241,30142.55172592327
0.0012566994815992338,1256.6994815992339,44640.62241893241,29807.529182981576
-0.0074076884502408385,-7407.688450240838,44640.62241893241,29633.84336966739
0.007407688450240931,7407.688450240931,44640.62241893241,29454.78583016823
-0.001256699481599282,-1256.6994815992819,44640.62241893241,29270.19042862271
-0.004671000151676085,-4671.000151676085,44640.62241893241,29079.88589094691
0.011004918738721616,11004.918738721615,44640.62241893241,28883.695645920317
0.0026499415416693785,2649.9415416693782,44640.62241893241,28802.4724175173
0.00043975374499352724,439.7537449935272,44640.62241893241,28727.394883418703
-0.003214658073642739,-3214.658073642739,44640.62241893241,28649.995363729424
0.004393709184047479,4393.709184047479,44640.62241893241,28570.20204446213
0.0021859849837151633,2185.9849837151633,44640.62241893241,28487.94089057832
0.0016782812505772937,1678.2812505772938,44640.62241893241,28403.13557729604
0.002904788387819337,2904.788387819337,44640.62241893241,28315.707419273072
-0.003926015407785765,-3926.015407785765,44640.62241893241,28128.37821986942
0.005168346354487114,5168.346354487114,44640.62241893241,27824.17121237126
-0.003039538120125959,-3039.5381201259593,44640.62241893241,27510.555740723674
-0.004101267507023661,-4101.267507023661,44640.62241893241,27187.240821499356
-0.014733231512984004,-14733.231512984004,44640.62241893241,26853.92647178357
0.006951662368754825,6951.662368754825,44640.62241893241,26517.20606170063
0.009899981858003056,9899.981858003057,44640.62241893241,26212.889723602362
0.0038600244570397967,3860.0244570397967,44640.62241893241,25899.1615399959
7.268762496394753e-05,72.68762496394753,44640.62241893241,25880.331540486666
0.017879615622010642,17879.615622010642,44640.62241893241,25750.175959366945
-0.0010858229746843534,-1085.8229746843533,44640.62241893241,25478.726986238707
0.00577274168410818,5772.74168410818,44640.62241893241,25231.452014474013
-0.0029891133208873296,-2989.11332088733,44640.62241893241,25030.053274813952
0.003912507213966187,3912.5072139661866,44640.62241893241,24822.425708154096
-0.002915143022150081,-2915.143022150081,44640.62241893241,24608.376670360434
-0.001639052567191282,-1639.052567191282,44640.62241893241,24364.597262513973
-0.007229550832721101,-7229.550832721101,44640.62241893241,23743.158987768467
0.0032275444908665646,3227.5444908665645,44640.62241893241,23102.50097256692
0.013937507843781678,13937.507843781677,44640.62241893241,22677.17938807868
-0.003111962338859348,-3111.9623388593477,44640.62241893241,22578.204279614
-0.004970895053289697,-4970.895053289697,44640.62241893241,22476.16808532052
-0.0017100111042591428,-1710.0111042591427,44640.62241893241,22370.976132440646
0.004127532190661036,4127.532190661036,44640.62241893241,22305.57774867742
0.007288197836732242,7288.197836732243,44640.62241893241,22289.71268549872
-0.004097497785176374,-4097.497785176374,44640.62241893241,22273.356950262947
-0.009960241705055311,-9960.24170505531,44640.62241893241,22256.495367545653
-0.0005006257926837675,-500.6257926837675,44640.62241893241,22239.11229257937
-0.011294677819788882,-11294.677819788882,44640.62241893241,22221.191596737845
-0.01692729750615019,-16927.29750615019,44640.62241893241,22202.716652571322
0.008061604671026783,8061.604671026783,44640.62241893241,22183.67031837903
0.01298107353962336,12981.073539623361,44640.62241893241,21873.360190173284
-0.01195969751153009,-11959.697511530088,44640.62241893241,21497.494124063487
-0.0006564791074233978,-656.4791074233979,44640.62241893241,21110.003334259567
0.014717864500298564,14717.864500298563,44640.62241893241,20710.52829322459
-0.0033994530238316877,-3399.453023831688,44640.62241893241,20585.56821936173
-0.00644159575493881,-6441.5957549388095,44640.62241893241,20118.4164183206
0.0016686621929720934,1668.6621929720934,44640.62241893241,19641.230648533397
-0.008444397561942098,-8444.397561942098,44640.62241893241,19476.41197468483
0.003794240232307613,3794.240232307613,44640.62241893241,19306.495816078055
0.013598762905648728,13598.762905648728,44640.62241893241,19251.08275479124
0.0069447209487721005,6944.7209487721,44640.62241893241,19220.26967489536
0.0016396367957784107,1639.6367957784107,44640.62241893241,19188.50361314703
-0.0037108441926471014,-3710.8441926471014,44640.62241893241,18743.24866999772
0.006200796747190381,6200.796747190381,44640.62241893241,18251.350580569888
-0.002953055710139951,-2953.0557101399513,44640.62241893241,17918.797341368292
-0.007690282020869479,-7690.282020869479,44640.62241893241,17885.726773499926
-0.016289952979268458,-16289.952979268457,44640.62241893241,17851.633404563465
0.0007296607401436462,729.6607401436462,44640.62241893241,17816.485601536187
-0.004019738648554594,-4019.738648554594,44640.62241893241,17780.25075305446
-0.005949556644101715,-5949.5566441017145,44640.62241893241,17742.89523915577
0.002060642471880351,2060.642471880351,44640.62241893241,17704.384400084957
-0.0030188146476387207,-3018.8146476387205,44640.62241893241,17664.682504135664
-0.01112276037700513,-11122.760377005128,44640.62241893241,17623.752714497215
-0.005758101532934844,-5758.101532934844,44640.62241893241,17581.557055076137
-0.003839670493625329,-3839.670493625329,44640.62241893241,17538.056375260592
-0.014934537254695809,-14934.53725469581,44640.62241893241,17493.210313595082
-0.008595601656683343,-8595.601656683342,44640.62241893241,17446.977260331667
0.017042176243828568,17042.176243828566,44640.62241893241,17399.314318822995
0.0017413033888477097,1741.3033888477098,44640.62241893241,17350.17726572127
0.0005293606203702669,529.3606203702668,44640.62241893241,17299.520509946295
0.00196374685463138,1963.74685463138,44640.62241893241,17247.297050384466
-0.003249823364307828,-3249.823364307828,44640.62241893241,17193.458432279487
0.012039272579617764,12039.272579617764,44640.62241893241,17137.954702274357
-0.014616398238512608,-14616.398238512607,44640.62241893241,17077.911444440204
-0.0022033971608719253,-2203.3971608719253,44640.62241893241,17018.921402985074
-0.02549920538846382,-25499.20538846382,44640.62241893241,16958.106927258134
-0.0004682744173605029,-468.2744173605029,44640.62241893241,25670.411019072988
0.007543683944407843,7543.683944407843,44640.62241893241,25662.587876436533
0.02221973118164172,22219.731181641717,44640.62241893241,25654.52278093503
0.0006060147144031587,606.0147144031587,44640.62241893241,25646.20824949018
0.007920086657924617,7920.086657924618,44640.62241893241,25637.636567588273
-0.012740470614629094,-12740.470614629094,44640.62241893241,25628.79978212239
0.011387188699956646,11387.188699956647,44640.62241893241,25619.689694013236
-0.006415358430680512,-6415.358430680512,44640.62241893241,25610.29785060173
0.01054464843034719,10544.64843034719,44640.62241893241,25600.61553780637
0.005007297185531069,5007.297185531069,44640.62241893241,25590.633772037956
0.0019363974174580985,1936.3974174580985,44640.62241893241,25580.34329186433
0.00962613875177409,9626.13875177409,44640.62241893241,25569.734549417295
-0.0016225388912524433,-1622.5388912524434,44640.62241893241,25558.797701533753
-0.02269431527052543,-22694.315270525432,44640.62241893241,25547.522600622888
0.007672094796415132,7672.094796415132,44640.62241893241,25535.898785250858
-0.01616471484206867,-16164.714842068668,44640.62241893241,25523.915470434335
0.005013303321883589,5013.303321883589,44640.62241893241,25511.561537633796
0.008998638901341059,8998.638901341059,44640.62241893241,25499.0139619727
-0.0028801018543805164,-2880.101854380516,44640.62241893241,25492.397350440977
0.024657713673244545,24657.713673244543,44640.62241893241,25485.576101439194
0.0029712253394056417,2971.2253394056415,44640.62241893241,25478.543885973442
0.006585840204316371,6585.8402043163715,44640.62241893241,25471.29417930772
-0.004536809117849803,-4536.8091178498025,44640.62241893241,25463.820254910064
-0.009549066243013016,-9549.066243013016,44640.62241893241,25456.11517821145
-0.0012554929458320908,-1255.4929458320908,44640.62241893241,25448.171800171644
-0.008758313240916644,-8758.313240916645,44640.62241893241,25439.982750646068
0.00014908684336221577,149.08684336221577,44640.62241893241,25431.54043154754
-0.004856736112949822,-4856.736112949822,44640.62241893241,25422.837009796476
0.016638577412041323,16638.577412041323,44640.62241893241,25413.864410053113
-0.002360057146764816,-2360.057146764816,44640.62241893241,25404.614307224903
0.006843545602422488,6843.545602422488,44640.62241893241,25395.078118742214
0.007379568067411256,7379.5680674112555,44640.62241893241,25385.246996595113
0.0026172315921265477,2617.2315921265476,44640.62241893241,25375.11181912387
-0.009190436679217878,-9190.436679217877,44640.62241893241,25364.66318255558
-0.010163587268432393,-10163.587268432393,44640.62241893241,25353.891392278998
-0.008661281214565894,-8661.281214565894,44640.62241893241,25342.786453849527
0.000261306158979839,261.306158979839,44640.62241893241,25331.33806371605
0.016362857210479843,16362.857210479844,44640.62241893241,25319.53559966092
0.018228960804814415,18228.960804814415,44640.62241893241,25307.368110944295
3.60548755243903e-05,36.054875524390305,44640.62241893241,24351.236461334633
-0.007019096077788144,-7019.096077788144,44640.62241893241,24272.78122529495
-0.0008717762993094354,-871.7762993094354,44640.62241893241,24195.702169406006
-0.006928518399465564,-6928.518399465564,40902.599579690235,24112.3189873041
0.019631847686850053,19631.847686850055,40902.599579690235,24030.398426257292
0.0019428688151458767,1942.8688151458766,35276.564540342195,23941.777762954174
0.00500108208161751,5001.08208161751,35276.564540342195,23854.711591153973
0.0012107832396872594,1210.7832396872593,31409.22261052432,23760.524468927255
0.0008537887391644135,853.7887391644134,31409.22261052432,23667.98947923632
0.0016343936841272915,1634.3936841272916,31409.22261052432,23572.592582647725
-0.0004971414469777571,-497.1414469777571,31409.22261052432,23474.24526657701
0.00014206563456177894,142.06563456177895,31409.22261052432,23372.8562809371
0.0011357990856856338,1135.7990856856338,31409.22261052432,23268.331553473272
0.0073514150261448944,7351.415026144894,29396.0273918267,23155.257978768026
0.0013372279150706398,1337.2279150706397,29396.0273918267,23044.167823104483
7.03309069458914e-05,70.3309069458914,29396.0273918267,22929.641889430728
-0.0030287045515123576,-3028.7045515123577,29396.0273918267,22811.57391657119
0.0004231610190797342,423.16101907973416,29396.0273918267,22693.322787926
-0.008177470919372895,-8177.470919372895,29396.0273918267,22665.40456778584
0.0059892090078023244,5989.209007802325,29396.0273918267,22636.62289753825
0.0002119766833585917,211.97668335859169,29396.0273918267,22606.951072540738
-0.000989609185166167,-989.6091851661669,29396.0273918267,22576.361562234022
0.0007776325018074249,777.6325018074249,29396.0273918267,22544.825984598236
-0.007234074100719813,-7234.074100719813,29396.0273918267,22512.31507981907
0.004757686943509046,4757.686943509046,29396.0273918267,22477.14517974395
-0.0009213651029204654,-921.3651029204653,29396.0273918267,22442.592193476372
-0.0008512449971354914,-851.2449971354914,29396.0273918267,22406.970558148972
0.020093411727487725,20093.411727487724,29396.0273918267,22370.2472227599
0.003887543944970978,3887.543944970978,29396.0273918267,22330.52036665325
-0.005697625196631713,-5697.625196631713,29396.0273918267,20000.49514415449
0.002783384999241883,2783.384999241883,29396.0273918267,18440.899878735945
0.0033298678010452933,3329.867801045293,29396.0273918267,17327.318450850813
0.015121602318812074,15121.602318812074,29396.0273918267,16845.715871564233
0.0044243342088807905,4424.33420888079,29396.0273918267,16716.63299046097
-0.0034015952249721823,-3401.595224972182,29396.0273918267,16583.55785530297
-0.0008181074904077525,-818.1074904077525,29396.0273918267,16446.36699431534
0.0005454793534954674,545.4793534954673,28575.4690291365,16297.955594973206
6.816400261664909e-05,68.16400261664909,26911.454110815648,16278.436597799762
-0.005742035053430798,-5742.035053430798,26911.454110815648,16266.497774287462
-0.0015436601525075108,-1543.660152507511,26911.454110815648,16254.189708810862
-0.010664650940137946,-10664.650940137946,26911.454110815648,16241.500981515399
-0.005602060615395124,-5602.060615395124,26911.454110815648,16227.774471161621
0.0093424542537849,9342.4542537849,26911.454110815648,16214.288736975775
-0.004642952105602464,-4642.952105602464,26911.454110815648,16199.700034293473
0.0026013229382100605,2601.3229382100603,24961.11083163996,16184.660134620997
0.001073240076013059,1073.240076013059,24961.11083163996,16169.88404922585
0.0040747319751069195,4074.7319751069194,24961.11083163996,16151.934963949812
0.007108180264638581,7108.180264638581,24961.11083163996,16131.99255613904
0.00010264657083917017,102.64657083917017,24961.11083163996,16111.433372828966
-0.0034135106590548548,-3413.510659054855,24961.11083163996,16090.238338488683
-0.009950330853168092,-9950.330853168092,24961.11083163996,16068.387787622412
-0.006400467098392271,-6400.467098392271,24961.11083163996,16045.861446523164
0.000558191474164017,558.191474164017,24961.11083163996,15617.166124078007
-0.0032838457457417696,-3283.8457457417694,24961.11083163996,15145.398073093029
0.00829359738682203,8293.59738682203,24961.11083163996,14887.409136775746
0.010082262051239525,10082.262051239524,24961.11083163996,14808.508632371933
0.004524584396737778,4524.584396737778,24961.11083163996,14729.08643133409
-0.0026025629373938063,-2602.5629373938064,24961.11083163996,14685.251631763003
-0.016807583250038657,-16807.583250038657,24961.11083163996,14650.159005759013
0.00014225961287537067,142.25961287537066,24961.11083163996,16882.194062319944
-0.01397347456502629,-13973.474565026288,24961.11083163996,16879.64694046029
-0.002832461885200021,-2832.4618852000212,24961.11083163996,16877.144497563087
0.0029031707415140082,2903.170741514008,24961.11083163996,16874.56465952473
-0.0005658108928091686,-565.8108928091686,24961.11083163996,16871.905032681065
0.0,0.0,24124.809230674004,16869.027880815738
0.010416027734937761,10416.027734937761,22507.322125725215,16866.061744872102
-0.008931456397274525,-8931.456397274525,22507.322125725215,16863.147637800164
0.002036636148350313,2036.636148350313,22507.322125725215,16860.143403705384
0.007804579225559731,7804.579225559732,22507.322125725215,16857.046255154066
-0.022924450912541392,-22924.450912541393,22507.322125725215,16853.85331850322
-0.01209692170882857,-12096.921708828571,22811.684447953572,23935.76596298408
0.0008689356086204647,868.9356086204647,22507.322125725215,23882.029300774626
0.0007596997742605955,759.6997742605955,22507.322125725215,23829.23523120312
-0.0034413466068720206,-3441.3466068720204,22507.322125725215,23774.808355356214
-0.013591475331698476,-13591.475331698477,22507.322125725215,23718.698174070738
-0.0016927448332897603,-1692.7448332897602,22507.322125725215,23660.852626353753
0.004925213028919282,4925.213028919282,22507.322125725215,23601.21804107851
0.020036967984042815,20036.967984042814,22507.322125725215,23539.739087186514
0.0004311583855238409,431.1583855238409,22507.322125725215,23476.358722349396
0.0018662078341886482,1866.2078341886481,22507.322125725215,23411.018140043092
0.013532970066101449,13532.970066101449,22507.322125725215,23343.65671498505
-0.002124646691593967,-2124.646691593967,22442.585288226866,23274.21194688397
-0.005117645684960953,-5117.645684960953,22442.585288226866,23202.61940244987
0.008020199844799443,8020.199844799443,22442.585288226866,23128.812655610593
0.0046547795449825196,4654.77954498252,22442.585288226866,23052.723225879374
0.00024624043744159635,246.24043744159636,22442.585288226866,22974.280514816266
-0.00497171384269178,-4971.71384269178,22442.585288226866,22921.727118026593
-0.0014149277210257986,-1414.9277210257985,22442.585288226866,22914.411124043832
0.0017683470567419492,1768.3470567419492,22442.585288226866,22906.868862205938
0.0033864855279474647,3386.4855279474646,22442.585288226866,22899.093334538004
0.0030591278977266955,3059.1278977266957,22442.585288226866,22891.077326632916
0.00040717756312212873,407.17756312212873,19868.476565981553,22882.81340095757
0.006764321224788809,6764.32122478881,19868.476565981553,22874.29388995206
0.00048788988596297695,487.88988596297696,19868.476565981553,22865.510888915447
-0.006150854647509584,-6150.854647509584,19868.476565981553,22856.45624867152
-0.0036869398581582447,-3686.9398581582445,19868.476565981553,22847.12156800768
0.01164787575732855,11647.875757328551,19868.476565981553,22837.498185880002
0.011067416003732388,11067.416003732387,19868.476565981553,22827.577173377245
-0.007457053129069283,-7457.053129069283,19868.476565981553,22817.349325436262
0.005735823057662169,5735.823057662168,19868.476565981553,22806.805152301225
-0.016185966924622666,-16185.966924622666,19868.476565981553,22795.934870718713
-0.0030862057181572887,-3086.2057181572886,19868.476565981553,22784.728394860453
-0.0042238711161850595,-4223.87111618506,19868.476565981553,22773.175326965338
-0.0013299845666120442,-1329.984566612044,19868.476565981553,22761.264947692027
-0.010878272673563668,-10878.272673563668,19868.476565981553,22748.986206173147
0.016853535863650636,16853.535863650635,19868.476565981553,22736.32770976193
0.025307274960627343,25307.274960627343,19868.476565981553,22723.277713461706
-0.0022337678212988182,-2233.767821298818,19868.476565981553,22709.82410902849
0.004353934125190672,4353.934125190673,19868.476565981553,22695.954413736512
-0.002739966720610922,-2739.966720610922,19868.476565981553,17703.808508315207
-0.0028807737838846604,-2880.7737838846606,19868.476565981553,16917.653582592837
0.0025416043346613015,2541.6043346613014,19868.476565981553,16906.17792813271
0.007918130107050224,7918.130107050223,19868.476565981553,16894.34735652433
-6.799252084901014e-05,-67.99252084901015,19868.476565981553,16882.15089094868
-0.0006801795936292163,-680.1795936292162,19868.476565981553,16869.577215097495
0.0006801795936292177,680.1795936292176,19868.476565981553,16856.614662673594
-0.00013599891221818483,-135.99891221818484,19868.476565981553,16843.251206566478
0.006439608764111036,6439.608764111036,19868.476565981553,16829.474447693163
0.0022272475714060045,2227.247571406004,19868.476565981553,16815.271603493868
0.005378887439169891,5378.887439169891,19868.476565981553,16777.865676079975
0.0016080405475102934,1608.0405475102934,19868.476565981553,16713.35584777687
0.0002677555407923054,267.7555407923054,19868.476565981553,16646.850870144808
0.005606368552323526,5606.368552323526,19868.476565981553,16578.28903753443
-0.0011987215074187986,-1198.7215074187986,19868.476565981553,16507.606735874248
0.003923790489650521,3923.7904896505206,19868.476565981553,16434.738383647255
-0.003923790489650399,-3923.790489650399,19868.476565981553,16359.61637104211
-0.0024685604823156135,-2468.5604823156136,19868.476565981553,16289.509184631152
0.010234687597149569,10234.687597149568,19868.476565981553,16284.955996745759
-0.011337499879955196,-11337.499879955196,19868.476565981553,16280.261988616488
0.010080428689904167,10080.428689904167,19868.476565981553,16275.422804978063
0.0007279706486070273,727.9706486070273,19868.476565981553,16270.433955866287
-0.0013239774209933255,-1323.9774209933255,19868.476565981553,16265.290812452084
0.005548963901234732,5548.9639012347325,19868.476565981553,16259.988602746718
-0.00019764798957513355,-197.64798957513355,19868.476565981553,16254.522407174178
0.0016458741659399556,1645.8741659399557,19868.476565981553,16248.88715400661
0.0008613576448739931,861.3576448739931,19868.476565981553,16243.077614658603
0.0009131490808309979,913.1490808309978,19868.476565981553,16237.088398835915
-0.0011826545399478148,-1182.6545399478148,19868.476565981553,16230.913949534173
0.007466631492669099,7466.631492669098,19868.476565981553,16224.548537882894
-0.012541613549945237,-12541.613549945238,19868.476565981553,16217.98625783003
-0.006097579868118557,-6097.579868118557,19868.476565981553,16211.221020662128
0.009725193251670466,9725.193251670466,19868.476565981553,16204.246549355012
-0.01921026870446825,-19210.26870446825,19868.476565981553,16197.05637274974
0.006822312596031262,6822.312596031262,20987.132453157406,21184.094276065094
0.012519621678081036,12519.621678081035,20987.132453157406,21112.72143104645
-0.0019768061260808586,-1976.8061260808586,20987.132453157406,21039.14117844991
0.0032925092301611942,3292.5092301611944,20987.132453157406,20963.285247938016
0.005310965504560374,5310.965504560374,20987.132453157406,20885.08325771957
0.00891903962672259,8919.039626722591,20987.132453157406,20804.46264924694
0.0013601478828657032,1360.1478828657032,20987.132453157406,20721.348619893713
0.0017848140383859646,1784.8140383859645,20987.132453157406,20635.664053550183
0.00428089469299866,4280.89469299866,20987.132453157406,20547.329449072316
0.0037884913839061904,3788.4913839061905,20987.132453157406,20456.262846517817
-0.002245678015395788,-2245.678015395788,20987.132453157406,20362.379751100805
0.0014442289526689785,1444.2289526689785,20987.132453157406,20265.593054794605
0.0052777322756126215,5277.732275612621,20987.132453157406,20165.812955509864
-0.00575891020845347,-5758.91020845347,20987.132453157406,20062.94687377302
-0.005534119658279589,-5534.119658279589,20987.132453157406,19956.899366827816
-0.002325732684740314,-2325.732684740314,20987.132453157406,19847.572040080187
0.006961033587079799,6961.033587079799,20987.132453157406,19734.863455804283
-0.008585792415419818,-8585.792415419819,20987.132453157406,19618.669039024993
0.008007553458127807,8007.553458127807,20987.132453157406,19498.88098048965
-0.0041861275105340105,-4186.12751053401,20987.132453157406,19375.388136638776
0.007970730635873854,7970.730635873854,20987.132453157406,19248.075926483238
0.0,0.0,20987.132453157406,19148.7502187136
0.0030684675357645456,3068.4675357645456,20987.132453157406,19059.668646442926
-0.0039652136886071,-3965.2136886071,20987.132453157406,18967.831973998927
0.004922182085987333,4922.182085987333,20987.132453157406,18873.1549920979
-0.010190762764423881,-10190.76276442388,20987.132453157406,18775.549856117457
0.00405028037706295,4050.2803770629503,20987.132453157406,18674.92600459123
-0.004514215846806822,-4514.215846806822,20987.132453157406,18571.19007518275
0.006757303274309402,6757.303274309402,20987.132453157406,18464.2458180606
0.003450923670112519,3450.923670112519,20987.132453157406,18353.99400659447
0.012174394232968035,12174.394232968036,20987.132453157406,18240.33234528918
0.00327188362104642,3271.88362104642,20987.132453157406,18147.01122191944
-0.002452908554009105,-2452.908554009105,20987.132453157406,18028.86110443813
-0.023459431205697847,-23459.43120569785,20987.132453157406,17907.056859612036
0.014667748759392536,14667.748759392536,22811.684447953572,24144.740987245706
-0.014719323730070491,-14719.323730070491,22811.684447953572,24102.76283256818
-0.006273262286812445,-6273.262286812445,22811.684447953572,24059.486384447013
0.008655825634175315,8655.825634175315,22811.684447953572,24014.87148947674
0.004428051515732004,4428.051515732003,22811.684447953572,23968.876752393982
0.010256500167189282,10256.500167189282,22811.684447953572,23921.459497669493
0.0006335931277026924,633.5931277026924,22811.684447953572,23872.575729912285
0.004045517527587887,4045.517527587887,22811.684447953572,23822.180093049188
-0.0017679004478322537,-1767.9004478322536,22811.684447953572,23770.225828241866
0.006676349041600946,6676.349041600945,22811.684447953572,23716.66473050236
0.0023825956471510727,2382.5956471510726,22811.684447953572,23661.44710396679
-0.008806196045930298,-8806.196045930299,22811.684447953572,23604.52171578579
0.00924447674042055,9244.476740420549,22811.684447953572,23545.83574858888
0.010077377741387318,10077.377741387318,22811.684447953572,23485.334751478666
0.0025499165907750185,2549.9165907750184,22811.684447953572,23450.207529123374
0.005055194517564383,5055.194517564382,22811.684447953572,23433.944409903943
0.004541335822758661,4541.335822758661,22811.684447953572,23417.17830761587
-0.0028140450976237817,-2814.0450976237817,22811.684447953572,23399.893666081778
0.0032425072311869727,3242.5072311869726,22811.684447953572,23382.07444800539
0.0007952286701383172,795.2286701383172,22811.684447953572,23363.704120091592
0.010280833929068292,10280.833929068292,22811.684447953572,23344.76563770623
0.005341876922863717,5341.876922863717,22811.684447953572,23325.241429061527
-0.004676359761233475,-4676.359761233475,22811.684447953572,23305.11337891235
0.009630506598060994,9630.506598060994,22811.684447953572,23284.362811748248
-5.9903555293844813e-05,-59.90355529384481,22811.684447953572,23262.97047446567
0.0014366958472427096,1436.6958472427095,22811.684447953572,23240.91651850425
-0.007445246039842922,-7445.246039842922,22811.684447953572,23218.18048143062
-0.0028969783070752573,-2896.9783070752574,22811.684447953572,23194.741267952653
-0.0008586338575281171,-858.6338575281171,22811.684447953572,23170.5771303465
0.005982985688789139,5982.985688789139,22811.684447953572,23145.6656482783
-0.006515467064522843,-6515.467064522843,22811.684447953572,23119.983708001808
0.0036852480916482627,3685.2480916482627,22811.684447953572,23093.507480912638
-0.014486624918299612,-14486.624918299613,22811.684447953572,23066.21240143927
0.005521757802520449,5521.757802520449,22811.684447953572,23038.07314425023
-0.004818404613786829,-4818.404613786829,20987.132453157406,23007.632439192985
-0.014087515018319108,-14087.515018319109,20987.132453157406,22977.725693323027
0.009000005194400569,9000.005194400568,20987.132453157406,22946.89399654988
0.012640231802848581,12640.23180284858,20987.132453157406,22821.5343717607
0.0,0.0,20987.132453157406,22292.493860620554
-0.010381370339283004,-10381.370339283003,20987.132453157406,21652.80595238434
-0.00829931375507841,-8299.31375507841,20987.132453157406,20993.33388203773
0.015094163122736112,15094.163122736112,20987.132453157406,20313.465768278333
-0.006322851982464853,-6322.851982464854,20987.132453157406,19612.570805639785
0.007722517508396418,7722.517508396418,20987.132453157406,19004.043755205654
0.007844365203570361,7844.365203570361,20987.132453157406,18524.38278500246
-0.0138829940630285,-13882.9940630285,20987.132453157406,18029.88693943216
-0.025090366814104873,-25090.366814104873,20987.132453157406,17520.097407916383
-0.0020724094458456225,-2072.4094458456225,22811.684447953572,25090.366814104873
-0.012716458963540456,-12716.458963540455,21104.501630585546,25090.366814104873
0.009599769573232102,9599.769573232103,21104.501630585546,25090.366814104873
0.009820765124526934,9820.765124526934,21104.501630585546,25090.366814104873
0.005852703338765711,5852.703338765711,21104.501630585546,25090.366814104873
-0.00410576004447504,-4105.76004447504,21104.501630585546,25090.366814104873
0.005842517707178009,5842.517707178009,21104.501630585546,25090.366814104873
-0.0009300307580492127,-930.0307580492126,21104.501630585546,25090.366814104873
0.00043412199509660965,434.1219950966096,21104.501630585546,25090.366814104873
0.010730907783307568,10730.907783307568,21104.501630585546,25090.366814104873
0.005658113056524546,5658.113056524546,21104.501630585546,25090.366814104873
0.007202036752061076,7202.036752061076,21104.501630585546,25090.366814104873
0.00037539128927597577,375.3912892759758,21104.501630585546,25090.366814104873
0.013516644373571399,13516.644373571398,21104.501630585546,25090.366814104873
0.0004179728378509955,417.9728378509955,21104.501630585546,25063.14151399195
0.00384312212393401,3843.12212393401,21104.501630585546,25021.585903686835
-0.003753579240294742,-3753.579240294742,21104.501630585546,24978.74506832073
0.002534317614192119,2534.317614192119,21104.501630585546,24934.57925866496
0.005462276670618236,5462.276670618236,21104.501630585546,24889.04749613323
0.0017749383431553759,1774.9383431553758,21104.501630585546,24842.107534760315
0.0019488003333046169,1948.800333304617,21104.501630585546,24793.715822004735
-0.0021261524664288965,-2126.1524664288963,21104.501630585546,24743.827458339187
-0.0036723372432602634,-3672.337243260263,21104.501630585546,24692.396155591196
0.002429990823821013,2429.9908238210132,21104.501630585546,24639.374193995332
0.0010649628269565903,1064.9628269565903,21104.501630585546,24584.712377917123
-0.003079658933883548,-3079.658933883548,21104.501630585546,24528.359990207628
-1.1863170195160853e-05,-11.863170195160853,21104.501630585546,24470.26474514629
0.000723395960368816,723.395960368816,21104.501630585546,24410.37273992842
0.011492008490555199,11492.0084905552,21104.501630585546,24348.628404652263
0.0016978429768714869,1697.8429768714868,21104.501630585546,24284.97445075932
-0.0014634862849153437,-1463.4862849153437,21104.501630585546,24219.351817879997
-0.005698690626954905,-5698.6906269549045,21104.501630585546,24151.69961903533
-0.003245702297571485,-3245.702297571485,21104.501630585546,24081.955084143927
0.0036580370013785703,3658.0370013785705,21104.501630585546,24010.05350178165
-0.0028899197371065437,-2889.919737106544,21104.501630585546,23935.92815914013
-0.001176050085167934,-1176.050085167934,21104.501630585546,23859.510280128256
0.0029463798287752345,2946.3798287752343,21104.501630585546,23780.72896155931
-0.005142615146267022,-5142.615146267021,21104.501630585546,23699.51110736452
-0.014084739881739085,-14084.739881739086,21104.501630585546,23615.781360771954
-0.0033111616297341736,-3311.1616297341734,21104.501630585546,23529.462034387867
-0.006412605156667366,-6412.605156667366,21104.501630585546,23428.37852996971
0.0049038996413196725,4903.899641319673,21104.501630585546,23278.1102745971
-0.00617921636595812,-6179.21636595812,21104.501630585546,23123.194547408842
0.00907392348918281,9073.92348918281,21104.501630585546,22963.487612163215
0.0033666017128786063,3366.601712878606,21104.501630585546,20622.721479414173
-0.00372798219021999,-3727.9821902199897,21104.501630585546,18080.48510285447
-0.016215094291495258,-16215.094291495257,21104.501630585546,16172.376893911769
0.0035448026362207338,3544.802636220734,21104.501630585546,16791.13049690124
0.001584979605158154,1584.979605158154,21104.501630585546,16778.939380724558
-0.0031724753592372056,-3172.475359237206,21104.501630585546,16766.371219717665
0.004511652574229365,4511.652574229365,21104.501630585546,16753.414352700252
0.008238975544552862,8238.975544552863,21104.501630585546,16740.05675783694
0.0012661663986953916,1266.1663986953915,21104.501630585546,16726.28604148301
0.00048192772017065065,481.9277201706507,21104.501630585546,16712.089426685143
0.009554308250847512,9554.308250847513,21104.501630585546,16697.453741326517
0.0073461567083595225,7346.156708359523,21104.501630585546,16682.365405905253
0.003133594073909071,3133.594073909071,21104.501630585546,16666.810420934882
-0.0026599690576551605,-2659.9690576551607,21104.501630585546,16650.774353955112
0.002246660516950464,2246.6605169504637,21104.501630585546,16634.24232614092
0.005770832173495214,5770.832173495214,21104.501630585546,16617.19899849742
0.00445252361345594,4452.52361345594,21104.501630585546,16599.628557627835
0.011513519277139254,11513.519277139254,21104.501630585546,16581.514701061253
-0.0016830006488394308,-1683.0006488394308,21104.501630585546,16562.84062212663
-0.011878560539057125,-11878.560539057125,21104.501630585546,16543.58899435898
-0.004638200007429024,-4638.200007429024,21104.501630585546,16523.74195542326
-0.0023566852361525063,-2356.685236152506,21104.501630585546,16503.28109054107
-0.0028945290020604016,-2894.5290020604016,21104.501630585546,16482.18741540479
0.003837869676933464,3837.869676933464,21104.501630585546,16460.44135856327
-0.004613134622598693,-4613.134622598693,21104.501630585546,16438.022743262733
-0.005336606920824948,-5336.606920824948,21104.501630585546,16414.910768726095
0.007885026772820073,7885.026772820073,21104.501630585546,16391.08399085327
-0.0009452913382626537,-945.2913382626537,21104.501630585546,16366.520302324589
-0.009263724205108377,-9263.724205108378,21104.501630585546,16341.196912088832
0.00754810275906967,7548.10275906967,21104.501630585546,16315.090324216919
-0.008682261961377896,-8682.261961377895,21104.501630585546,16288.176316101544
-0.011715011875241238,-11715.011875241238,21104.501630585546,16260.429915982602
0.0007249003579485184,724.9003579485184,21104.501630585546,16231.825379777507
0.021328884536041013,21328.884536041012,21104.501630585546,16214.469627352566
0.006422553968710526,6422.553968710526,21104.501630585546,16212.981119294942
0.003985937281960911,3985.937281960911,21104.501630585546,16211.446574905638
-0.007280445497691307,-7280.4454976913075,21104.501630585546,16209.864570380585
0.013869198524885773,13869.198524885773,21104.501630585546,16208.233637880528
0.0066610921378324394,6661.092137832439,21104.501630585546,16206.55226416913
0.006720238865197416,6720.238865197416,21104.501630585546,16204.818889208926
6.880970678320279e-05,68.80970678320278,21104.501630585546,16203.031904713871
0.005774579380809453,5774.579380809453,21104.501630585546,16201.098766692834
-0.004800283519000575,-4800.283519000575,21104.501630585546,16199.19953776834
0.003316942306807691,3316.9423068076912,21104.501630585546,16197.241569804944
0.00455711412409824,4557.11412409824,21104.501630585546,16195.223046131341
0.0015900963086839385,1590.0963086839386,21104.501630585546,16193.142093890514
0.005319763536067967,5319.763536067967,21104.501630585546,16190.99678230203
-0.0049793573146939,-4979.3573146939,21104.501630585546,16188.785120870605
-0.002840265485852392,-2840.265485852392,21104.501630585546,16186.50505753924
0.0023863647688396866,2386.3647688396863,21104.501630585546,14801.968537227218
0.00351235348624674,3512.35348624674,21104.501630585546,14633.476849425819
-0.003171908635023814,-3171.908635023814,21104.501630585546,14540.83741091648
0.0050928131804837615,5092.813180483761,17742.63324211148,14434.329843814945
-0.012723829710171617,-12723.829710171616,17742.63324211148,14322.406605928332
0.013400916008114695,13400.916008114695,17742.63324211148,14207.021824601927
0.00016919996656366646,169.19996656366646,17742.63324211148,14088.0684417912
-0.002032291542882737,-2032.2915428827368,17742.63324211148,14087.22435554263
0.007992387904091174,7992.387904091173,17742.63324211148,14086.923344774254
0.004976943028685958,4976.943028685958,17742.63324211148,14086.613024394483
0.004341540828137013,4341.540828137013,17742.63324211148,14086.293106477195
-0.0035051639637469507,-3505.1639637469507,17742.63324211148,14085.96329419133
-0.00217603656795572,-2176.03656795572,17742.63324211148,14085.62328152549
-0.0031328696952576483,-3132.8696952576483,17742.63324211148,14085.272753004005
0.008036205980604165,8036.205980604165,17742.63324211148,14084.911383394227
0.00499003031453444,4990.03031453444,17742.63324211148,14071.000283299689
-0.000996016018596328,-996.016018596328,17742.63324211148,14044.752637333679
0.00027677064193741834,276.77064193741836,17742.63324211148,14017.69320850274
0.0024322842284146256,2432.2842284146254,17742.63324211148,13989.79689012033
-0.000662763748992371,-662.763748992371,17742.63324211148,13961.037799004442
-0.002600062317259022,-2600.062317259022,17742.63324211148,13931.38925146229
-0.00432997234741064,-4329.9723474106395,17742.63324211148,13900.823738532237
-0.00011127183721285172,-111.27183721285172,17742.63324211148,13866.898014147548
-0.004405170644493312,-4405.170644493312,17742.63324211148,13828.678558388703
0.011114930478145588,11114.930478145588,17742.63324211148,13789.277057606389
0.002539053083440648,2539.053083440648,17742.63324211148,13748.656953707095
-0.003589676642162136,-3589.676642162136,17742.63324211148,13706.78055793463
-0.011294525717983516,-11294.525717983515,17742.63324211148,13663.609015901158
-0.003306714516496976,-3306.714516496976,17742.63324211148,13619.102271536756
-0.00011228385369975776,-112.28385369975776,17742.63324211148,13573.219029923968
0.006190445318689865,6190.4453186898645,17742.63324211148,13525.916718982951
-0.003163197799964825,-3163.1977999648248,17742.63324211148,13477.151449971594
0.016928390932706545,16928.390932706545,17742.63324211148,13426.877976764008
-0.0011564196338161494,-1156.4196338161494,17742.63324211148,13375.04965386959
0.00038562181995557766,385.6218199555777,17742.63324211148,13318.982406598578
0.005328365486428008,5328.365486428008,17742.63324211148,13263.898632664666
0.0021890229285139776,2189.0229285139776,17742.63324211148,13207.111236856508
0.005043837458031223,5043.837458031223,17742.63324211148,13148.56752983779
-5.4392167541268514e-05,-54.39216754126851,17742.63324211148,13088.21319270509
-0.0001359933637334995,-135.9933637334995,17742.63324211148,13025.992226588905
0.004721725957856577,4721.725957856576,17742.63324211148,12961.846900695931
-0.009629845097965665,-9629.845097965665,17742.63324211148,12895.71769874441
-0.00019135878463551523,-191.35878463551524,17742.63324211148,12827.543263742846
-0.0028747846599780523,-2874.7846599780523,17742.63324211148,12757.260341060817
0.006122914383730444,6122.914383730445,17742.63324211148,12723.582661345268
0.00021798365208949676,217.98365208949676,17742.63324211148,12723.109798483894
0.0006536659999607138,653.6659999607139,17742.63324211148,12722.622310997942
0.002719018478678529,2719.018478678529,17742.63324211148,12722.119746579436
-0.013421919525194118,-13421.919525194118,17742.63324211148,12721.60163893149
0.010866250805937876,10866.250805937876,17742.63324211148,13710.915109353336
0.005375627204038203,5375.627204038203,17742.63324211148,13701.533507939597
-0.0013005312334867418,-1300.531233486742,17742.63324211148,13691.861753904815
-0.004265673284260481,-4265.673284260481,17742.63324211148,13681.890873456587
0.0029634484664862815,2963.4484664862816,17742.63324211148,13671.611615262536
0.0006513243825566668,651.3243825566668,17742.63324211148,13661.014441866608
-0.008226911747264963,-8226.911747264963,17742.63324211148,13650.089520839878
-0.021566861125388515,-21566.861125388514,17742.63324211148,13638.82671565768
-0.004931363313782632,-4931.363313782632,20412.13083913758,22245.28739103518
0.005937062359326643,5937.062359326643,20412.13083913758,22206.38096390508
-0.009651609629037302,-9651.609629037303,20412.13083913758,22166.271245214255
0.010544716023875194,10544.716023875195,20412.13083913758,22124.921019759797
-0.005875621951008131,-5875.621951008131,20412.13083913758,22082.29192135314
-0.022762441548804257,-22762.441548804258,20412.13083913758,22038.34439722256
0.006951723723307703,6951.723723307703,22176.60714133054,23009.40829690378
-0.0012266265034453323,-1226.6265034453322,22176.60714133054,22995.074045071426
0.013100995547152891,13100.995547152892,22176.60714133054,22980.29646586281
0.012319564479424387,12319.564479424387,22176.60714133054,22965.061848121975
0.0018349139124801152,1834.9139124801152,22176.60714133054,22949.356056636574
0.010884386025931536,10884.386025931535,22176.60714133054,22933.16451902276
0.0004944375873288499,494.4375873288499,22176.60714133054,22916.472212204393
0.005149567641317542,5149.567641317542,22176.60714133054,22899.26364847412
0.005503651197024429,5503.651197024429,22176.60714133054,22881.52286112332
0.0011948081582146427,1194.8081582146426,22176.60714133054,22863.233389627654
-0.006643819025197625,-6643.819025197625,22176.60714133054,22844.37826437439
0.005883651751799898,5883.651751799897,22176.60714133054,22824.939990917414
-0.0011413354862703903,-1141.3354862703902,22176.60714133054,22804.900533745273
0.005531467466133029,5531.467466133029,22176.60714133054,22784.241299547193
-0.00037863421682916387,-378.63421682916385,22176.60714133054,22762.943119961543
5.4099380575291663e-05,54.09938057529166,22176.60714133054,22742.321599267318
0.0052337778305255765,5233.777830525576,22176.60714133054,22721.094482548742
0.002526136088450874,2526.136088450874,22176.60714133054,22699.21085706568
-0.007056888175503199,-7056.888175503199,22176.60714133054,22676.650418423345
0.013957709954678658,13957.709954678658,22176.60714133054,22653.39223425599
0.0009058695634517268,905.8695634517268,22176.60714133054,22629.41472480511
0.0022876609343754502,2287.6609343754503,22176.60714133054,22604.695642896982
0.0004250345404544072,425.0345404544072,22176.60714133054,22579.212053300977
-0.0005313214088120805,-531.3214088120804,22176.60714133054,22552.940311449423
-0.004954857096200774,-4954.857096200774,22176.60714133054,22525.85604149937
0.00026701556859407845,267.01556859407845,22176.60714133054,22497.934113715808
-0.011276498162754296,-11276.498162754295,22176.60714133054,22469.148621155437
-0.0028120286754192386,-2812.0286754192384,22176.60714133054,22439.47285562928
0.00900299889483965,9002.99889483965,22176.60714133054,22408.879282921902
0.007112519622582308,7112.519622582308,22176.60714133054,22377.339517244192
-0.005343034724302957,-5343.034724302957,22176.60714133054,22344.82429489604
0.005806531683909667,5806.531683909667,22176.60714133054,22311.30344711444
-0.008273946978543573,-8273.946978543574,22176.60714133054,22276.745872081858
-0.004143912503674939,-4143.912503674939,22176.60714133054,22241.11950606889
0.004734500692970815,4734.500692970815,22176.60714133054,22204.391293684388
-0.007218303265804821,-7218.303265804821,22176.60714133054,22166.527157205517
-0.0021106759290268826,-2110.6759290268824,22176.60714133054,22127.49196495926
0.004917998401156374,4917.998401156375,22176.60714133054,22087.249498726003
0.008161119122041373,8161.119122041373,22176.60714133054,22045.76242013502
0.006608775319374447,6608.775319374447,22176.60714133054,22002.992236020604
0.003341026097254455,3341.0260972544547,22176.60714133054,21958.89926270677
-0.0013244684196242766,-1324.4684196242765,22176.60714133054,21913.442589187358
-0.0118925221061424,-11892.5221061424,22176.60714133054,21866.580039167344
-0.011113023685972652,-11113.023685972652,22176.60714133054,21818.268131930214
0.0041143410139335024,4114.341013933503,22176.60714133054,21768.46204199503
0.01069356491787554,10693.564917875541,22176.60714133054,21717.11555752577
-0.021256995617842837,-21256.995617842837,22176.60714133054,21664.181037454364
-0.009022040273598151,-9022.040273598152,21415.027026691132,21606.917119575683
0.007848028249492251,7848.028249492251,21415.027026691132,21565.32720703349
0.00686334696582785,6863.34696582785,21415.027026691132,21559.836626440436
0.010396367182966756,10396.367182966756,21415.027026691132,21554.176234076465
0.0014227617395391355,1422.7617395391355,21415.027026691132,21548.34077803113
0.0034812449800462075,3481.2449800462073,21415.027026691132,21542.32484396378
0.004534187481672784,4534.187481672784,21415.027026691132,21536.122850079908
-0.0023445420235101203,-2344.54202351012,21415.027026691132,21529.72904195221
0.002025155243407942,2025.1552434079422,21415.027026691132,21523.137487181386
-0.00823269912371165,-8232.699123711649,21415.027026691132,21516.342069891874
0.003135344843333704,3135.344843333704,21415.027026691132,21509.336485057327
0.004671346499293293,4671.346499293293,21415.027026691132,21502.11423265058
0.0029782503533059283,2978.2503533059285,21415.027026691132,21494.668611612695
7.9652714208216e-05,79.652714208216,21415.027026691132,21486.992713635493
-0.0014081328628275153,-1408.1328628275153,21415.027026691132,21479.079416751778
0.0019124527715907388,1912.4527715907388,21415.027026691132,21470.921378727333
-0.008742059938949812,-8742.059938949811,21415.027026691132,21462.511030248523
0.005872007477222589,5872.007477222589,21415.027026691132,21453.840567899235
-0.0010917176997282398,-1091.71769972824,21415.027026691132,21444.901946920585
0.001517430775548998,1517.430775548998,21415.027026691132,21435.68687374672
0.009662678259650812,9662.678259650813,21415.027026691132,21426.186798309747
0.0009216711866553219,921.6711866553219,21415.027026691132,21416.39290610668
-0.004749098683682937,-4749.098683682937,21415.027026691132,21406.296110021045
-0.008819055192916377,-8819.055192916376,21415.027026691132,21395.887041891525
0.00346251511202351,3462.51511202351,21415.027026691132,21385.156043819854
0.0036625216768414962,3662.521676841496,21415.027026691132,21374.093159209886
-0.006324930065290638,-6324.930065290638,21415.027026691132,21362.688123529504
0.008389132772466541,8389.13277246654,21415.027026691132,21350.930354786844
0.0024292365135840277,2429.2365135840278,21415.027026691132,21338.808943711934
0.0040006370145593525,4000.6370145593523,21415.027026691132,21326.31264363471
0.006127758981156778,6127.758981156778,21415.027026691132,21313.429860049942
-0.0007312614585463425,-731.2614585463425,21415.027026691132,21300.148639859457
0.005159620566973193,5159.6205669731935,21415.027026691132,21286.45666028164
0.00161018084392995,1610.18084392995,21415.027026691132,21272.341217417914
0.0011152176478410793,1115.2176478410793,21415.027026691132,21257.789214465614
-0.0004926172334157635,-492.6172334157635,21415.027026691132,20982.167903696045
0.0020207784280173936,2020.7784280173937,21415.027026691132,20683.015449998664
0.006500899997293593,6500.8999972935935,21415.027026691132,20374.610858558062
0.0047457281398843995,4745.7281398844,21415.027026691132,20056.66798078425
0.001048714142488438,1048.714142488438,21415.027026691132,19728.89181813083
0.0001022547165877927,102.2547165877927,21415.027026691132,19390.978248385036
-0.0034825396254115444,-3482.5396254115444,21415.027026691132,19042.61374349247
-0.007105008522508948,-7105.008522508948,21415.027026691132,18683.475078654774
0.003043828284487939,3043.828284487939,21415.027026691132,18313.22903243034
0.000823850517737195,823.850517737195,21415.027026691132,17931.532077559787
0.0027754952027743483,2775.4952027743484,21415.027026691132,17538.030062229325
0.007287450587177038,7287.450587177038,21415.027026691132,17132.357881476273
0.0011458109138045983,1145.8109138045984,18786.463967932512,16693.506666560694
-0.002752155042281415,-2752.155042281415,18786.463967932512,16262.353323215964
-0.0003062630823795554,-306.2630823795554,18786.463967932512,13823.855149384563
-0.006042314455962698,-6042.314455962698,18786.463967932512,13450.520463999861
0.004509590505975285,4509.590505975285,18786.463967932512,13111.627826323009
-0.0007160759346440843,-716.0759346440843,18786.463967932512,12766.059948290613
0.0019424429764403138,1942.4429764403137,18786.463967932512,12644.358881677541
-0.0005108035050024334,-510.80350500243344,18786.463967932512,12551.412392402497
0.00667093498695373,6670.93498695373,18786.463967932512,12455.591269438535
0.0010145590075356522,1014.5590075356522,18786.463967932512,12356.80660658909
0.004906061480475553,4906.061480475553,18786.463967932512,12254.966747981416
-0.0034874059251212455,-3487.4059251212457,18786.463967932512,12149.97720302505
-0.006450816020532398,-6450.8160205323975,18786.463967932512,12041.740558740135
0.004474280394921107,4474.280394921107,18786.463967932512,11930.156389374244
-0.003964830080779668,-3964.8300807796677,18786.463967932512,11891.18412924561
0.0013742208550240995,1374.2208550240996,18786.463967932512,11889.134093284612
0.005022714194367834,5022.714194367833,18786.463967932512,11887.020654149565
-0.0018742248983554498,-1874.2248983554498,18786.463967932512,11884.841850917555
0.0036944296682732765,3694.4296682732765,18786.463967932512,11882.595662018577
-0.011431018366807582,-11431.018366807582,18786.463967932512,11880.280003359836
0.010166833078472902,10166.833078472902,18786.463967932512,11714.730409598918
-0.0018726753663300731,-1872.675366330073,18786.463967932512,11708.893605672709
0.0043484924668669754,4348.4924668669755,18786.463967932512,11702.876282037441
0.002217519304023569,2217.519304023569,18786.463967932512,11696.672855609331
5.034106069684138e-05,50.341060696841375,18786.463967932512,11690.277570631897
-0.004692593821849486,-4692.593821849486,18786.463967932512,11683.684493335573
0.0004045307498532172,404.5307498532172,18786.463967932512,11676.887506432147
-0.004306529771696921,-4306.529771696921,18786.463967932512,11669.880303438926
0.00015231132464136666,152.31132464136667,18786.463967932512,11662.656382827356
-0.019945799287108854,-19945.799287108854,18786.463967932512,11655.209041990685
-0.003060247726608404,-3060.247726608404,20614.50941578318,20674.751130673
0.007194834215074883,7194.834215074883,20614.50941578318,20650.092133302605
-0.00974353393808858,-9743.53393808858,20614.50941578318,20624.670486529
0.00031243491193549787,312.4349119354979,20614.50941578318,20598.46260325725
-0.005429405141200167,-5429.405141200167,20614.50941578318,20571.444166894613
0.01150245591064546,11502.45591064546,20614.50941578318,20543.590108788805
0.0028679596440378315,2867.9596440378314,20614.50941578318,20514.874584968384
-0.0013683601179836904,-1368.3601179836903,20614.50941578318,20485.270952163824
0.00674616972608199,6746.16972608199,20614.50941578318,20454.751743086963
0.004710710196074249,4710.710196074248,20614.50941578318,20423.288640945866
-0.00020435271349340627,-204.35271349340627,20614.50941578318,20390.852453171537
0.008344405800178624,8344.405800178623,20614.50941578318,20357.413084332027
0.005205318133579349,5205.31813357935,20614.50941578318,20322.93950820882
0.0026679434918570194,2667.9434918570196,20614.50941578318,20287.399739009634
0.0029115024833804484,2911.502483380448,20614.50941578318,20250.76080169089
-0.0015550932427356031,-1555.093242735603,20614.50941578318,20212.988701362287
0.00505772379393774,5057.72379393774,20614.50941578318,20174.048391745167
0.0006491399124410467,649.1399124410467,20614.50941578318,20133.903742655355
-0.0003994208450925906,-399.4208450925906,20614.50941578318,20092.51750648029
-0.0005494642861586775,-549.4642861586775,20614.50941578318,20049.8512836194
0.0028439585090917216,2843.9585090917217,20614.50941578318,20005.865486855597
-0.0004983554374047756,-498.3554374047756,20614.50941578318,19960.519304624868
-0.0005484779873730655,-548.4779873730655,20614.50941578318,19773.743092032328
-0.0014469315875898661,-1446.9315875898662,20614.50941578318,19514.84473500549
0.00448470688747748,4484.70688747748,20614.50941578318,19247.939212297406
-0.002588998209905384,-2588.998209905384,20614.50941578318,18972.778879608664
-0.00635145042340239,-6351.45042340239,20614.50941578318,18689.1084335378
0.0037557318991207123,3755.7318991207126,20614.50941578318,18396.664674701853
0.0011489373594480482,1148.9373594480483,20614.50941578318,18095.176263530775
-0.00585836490118889,-5858.364901188889,20614.50941578318,17784.363468509044
-0.0007485349912819467,-748.5349912819468,20614.50941578318,17463.93790663097
0.0075051483684561845,7505.1483684561845,20614.50941578318,17133.60227582883
0.0013458616791130061,1345.8616791130062,20614.50941578318,16793.050079125598
0.0053158582095115415,5315.858209511542,20614.50941578318,16441.965340256284
-0.005564955234090334,-5564.955234090334,20614.50941578318,16080.022310494107
-0.007752946174639185,-7752.946174639185,20614.50941578318,15706.885166409385
-0.005740775157950132,-5740.775157950132,20614.50941578318,15322.207698280808
0.007797408523133457,7797.4085231334575,20614.50941578318,14925.632988869904
-0.016267092728461326,-16267.092728461326,20614.50941578318,14516.79308226072
0.007914002344144697,7914.0023441446965,20614.50941578318,19163.526143412375
-0.0018207571285388513,-1820.7571285388512,20614.50941578318,19105.426168701742
-0.0026358490524480776,-2635.8490524480776,20614.50941578318,19045.52928755676
-0.01364458912930099,-13644.58912930099,20614.50941578318,18983.779925551626
0.00015434877709245376,154.34877709245376,20614.50941578318,18920.12078946386
0.01094920122512303,10949.20122512303,20614.50941578318,18854.492814115645
-0.0011710497506905585,-1171.0497506905585,20614.50941578318,18786.835107571096
-0.01555672497859463,-15556.72497859463,20614.50941578318,18717.084894638567
0.017338213246562137,17338.213246562136,20614.50941578318,18645.177458625654
-0.020032515394583218,-20032.515394583217,20614.50941578318,18571.046081292752
-0.011479984144508104,-11479.984144508104,20657.000308445622,20506.71552531735
-0.016563949694643768,-16563.94969464377,20657.000308445622,20482.013042351264
0.0015467470084735194,1546.7470084735194,20657.000308445622,20456.54656506664
-0.006789110085092837,-6789.110085092838,20657.000308445622,20430.292464773214
-0.0008585994624589842,-858.5994624589842,20657.000308445622,20403.226381996486
0.011741608983625126,11741.608983625127,20657.000308445622,20375.323203876145
0.00966293127356757,9662.931273567568,20657.000308445622,20346.557040865486
0.01961714442189982,19617.14442189982,20657.000308445622,20316.901202710167
-0.007136238786192961,-7136.238786192961,20657.000308445622,20286.328173684065
0.01155783982024281,11557.839820242809,20657.000308445622,20254.809587059222
0.007665613988131325,7665.613988131325,20657.000308445622,20222.316198786182
-0.001375480998338403,-1375.480998338403,20657.000308445622,20188.81786036037
0.011404944058532441,11404.944058532441,20657.000308445622,20154.283490849222
-0.001513164820143591,-1513.164820143591,20657.000308445622,20118.681048054226
0.006390119608322652,6390.119608322652,20657.000308445622,20081.977498781034
0.011370559370511494,11370.559370511493,20657.000308445622,20044.138788190117
0.0005453238615174021,545.3238615174022,20657.000308445622,20030.89784849087
-0.0034753286890308764,-3475.3286890308764,20657.000308445622,20028.5224992019
0.006296344640188643,6296.344640188643,20657.000308445622,20026.073685501928
0.003995171655991515,3995.171655991515,20657.000308445622,20023.549135295772
0.0009348324132791062,934.8324132791062,20657.000308445622,20020.946506217264
0.0031424949753570577,3142.4949753570577,20657.000308445622,20018.263383455913
0.0009555194219674065,955.5194219674065,20657.000308445622,20015.497277516377
-0.001053573057384363,-1053.573057384363,20657.000308445622,20012.645621908607
0.001127036747988232,1127.036747988232,20657.000308445622,20009.705770766577
0.0002448399982850747,244.83999828507473,20657.000308445622,20006.67499639335
0.0006363035872163452,636.3035872163451,20657.000308445622,20003.55048673023
0.005757236823442771,5757.236823442771,20657.000308445622,20000.32934274763
-0.0016067389098244375,-1606.7389098244375,20657.000308445622,19997.008575755262
0.001752678150712899,1752.678150712899,20657.000308445622,19993.585104629106
0.005336450834207995,5336.450834207994,20657.000308445622,19990.05575295266
0.002802340337087522,2802.340337087522,20657.000308445622,19986.417246069723
-0.000723990668011701,-723.9906680117009,20657.000308445622,19982.666208046077
0.0025557578709686805,2555.7578709686804,20657.000308445622,19978.799158537164
-0.002121300573700288,-2121.3005737002877,20657.000308445622,19974.812509558902
-0.006974069336073436,-6974.069336073436,20657.000308445622,19970.702562158633
0.006418895950825363,6418.895950825363,20657.000308445622,19966.4655029831
0.003879756658942851,3879.756658942851,20657.000308445622,19962.09740074028
-0.0011069667837148131,-1106.9667837148131,20657.000308445622,19957.594202551805
0.001635952826010096,1635.952826010096,20657.000308445622,19952.951730192555
-0.006705121476601349,-6705.121476601349,20657.000308445622,19948.165676213946
-0.0006778348279286321,-677.8348279286321,20657.000308445622,19850.54667707007
-0.016160785240986353,-16160.785240986354,20657.000308445622,19661.847981076335
0.005056594779141651,5056.594779141651,20657.000308445622,19467.313242938464
-0.016293438360885495,-16293.438360885495,20657.000308445622,19266.761966507667
-0.006893134187088103,-6893.134187088103,20657.000308445622,19060.008073280045
-0.008051978484080544,-8051.978484080544,20657.000308445622,18846.859729746415
0.019415170774903446,19415.170774903447,20657.000308445622,18627.11916940246
0.02442787348075443,24427.873480754428,20657.000308445622,18400.582509254058
-0.001258166147098618,-1258.166147098618,20657.000308445622,18167.039560647456
0.004589490893599793,4589.490893599793,20657.000308445622,17926.2736342489
0.0013486828305094161,1348.6828305094161,20657.000308445622,17678.061338992655
9.626492113707655e-05,96.26492113707656,20657.000308445622,17422.172374810958
0.003219531384319203,3219.531384319203,20657.000308445622,17158.369318953544
0.0013424107874591776,1342.4107874591775,20657.000308445622,16886.40740569847
-0.0053804895367394485,-5380.489536739448,20657.000308445622,16606.034299249943
-0.009972489094806532,-9972.489094806531,20657.000308445622,16558.863321033128
-0.0005353188925071528,-535.3188925071528,20657.000308445622,16552.726056881846
-0.018224746095895195,-18224.746095895196,20657.000308445622,16546.398980437225
-0.009463635903652042,-9463.635903652043,20657.000308445622,19469.2070639489
0.012384213184449983,12384.213184449984,20657.000308445622,19435.013295322275
0.017589439544421364,17589.439544421362,20657.000308445622,19399.761987459773
-0.008045880293631558,-8045.880293631559,20657.000308445622,19363.42043296235
-0.007864380665794698,-7864.380665794698,20657.000308445622,19325.954912861915
-0.0028166944721365324,-2816.6944721365326,20657.000308445622,19287.330665335692
-0.006055510636987981,-6055.51063698798,20657.000308445622,19247.511853452987
-0.00920332824036727,-9203.32824036727,20657.000308445622,19206.461531924426
0.013029514925158376,13029.514925158375,20657.000308445622,19164.141612822816
0.0021056029182261564,2105.6029182261564,20657.000308445622,19120.51283024384
0.005060052510983405,5060.052510983404,20657.000308445622,19075.53470387376
0.014761497817219693,14761.497817219693,20657.000308445622,19029.165501430376
-0.005497860930376561,-5497.860930376561,19990.02450192078,18979.003864048263
0.0023390683633820043,2339.0683633820045,19990.02450192078,18929.7221099369
-0.01327832537516512,-13278.32537516512,19990.02450192078,18878.916177863328
-0.012907248291943625,-12907.248291943624,19990.02450192078,18826.538928302947
0.00920205971052607,9202.059710526071,19990.02450192078,18772.54176380771
-0.012655603021420493,-12655.603021420493,19990.02450192078,18716.87458391571
0.012308001001432653,12308.001001432653,19102.483223414158,18656.65450798844
0.014357607241501251,14357.607241501251,19102.483223414158,18597.490749999284
-0.003815118347190494,-3815.1183471904938,19102.483223414158,18536.497185062006
0.010044455212864494,10044.455212864494,19102.483223414158,18473.617221209144
-0.0027692101161360177,-2769.210116136018,19102.483223414158,18408.79251620619
-0.0044858430091498066,-4485.843009149807,19102.483223414158,18341.962923419644
0.010597027029847352,10597.027029847352,19102.483223414158,18273.06643601083
0.0005800744591525652,580.0744591525653,19102.483223414158,18205.422231403132
0.009570831744360403,9570.831744360403,19102.483223414158,18143.10782299656
0.004107958965359822,4107.958965359821,19102.483223414158,18078.86616484545
0.0015718405674999048,1571.8405674999049,19102.483223414158,18012.63765128761
9.518370462165777e-05,95.18370462165777,19102.483223414158,17944.36083318674
-0.0007140987187841957,-714.0987187841957,19102.483223414158,17873.9723609178
0.005977905788828972,5977.905788828972,19102.483223414158,17801.406925589003
-0.00014202931508939054,-142.02931508939054,19102.483223414158,17726.597198445907
0.002841481845372084,2841.4818453720836,19102.483223414158,17649.47376840148
-0.0008501795335446653,-850.1795335446653,19102.483223414158,17569.965077634028
-0.0011820052911609815,-1182.0052911609814,19102.483223414158,17487.997355193358
-0.0034120021728053984,-3412.0021728053985,19102.483223414158,17403.49454855349
0.0062936443397652985,6293.644339765298,19102.483223414158,17316.378253048475
-0.004112411553092548,-4112.411553092548,19102.483223414158,17226.567639125777
-0.004224047048642638,-4224.047048642638,19102.483223414158,17133.9793773498
0.0010929661662401181,1092.9661662401181,19102.483223414158,17038.527561085906
-0.014164271641913202,-14164.271641913203,19102.483223414158,16940.12362679323
0.004136013206237779,4136.013206237779,19102.483223414158,16838.67627185233
-0.016354939473574075,-16354.939473574075,19102.483223414158,16734.0913698514
-0.0023444379205604165,-2344.4379205604164,19102.483223414158,16626.271883252502
0.01263379291868212,12633.79291868212,19102.483223414158,16562.140830700715
-0.006164786582322531,-6164.786582322531,19102.483223414158,16557.896043912075
0.013285678873850912,13285.678873850913,19102.483223414158,16553.51997505781
-0.002976907177551756,-2976.907177551756,19102.483223414158,16549.008563867847
0.01194985779715118,11949.85779715118,19102.483223414158,16544.357624496748
-0.0045718719504737,-4571.8719504737,19102.483223414158,16539.562841639945
0.004334268889028479,4334.268889028479,19102.483223414158,16534.619766529842
-0.0019504775337521926,-1950.4775337521926,19102.483223414158,16529.523812808082
-0.005634893855504414,-5634.893855504414,19102.483223414158,16524.270252270187
-0.014762195812709758,-14762.195812709757,19102.483223414158,16518.854210478545
-0.0023842553201669585,-2384.2553201669584,19102.483223414158,16513.270662239738
0.0022870499737964204,2287.0499737964205,19102.483223414158,16507.514426941998
0.012126045344068106,12126.045344068107,19102.483223414158,16501.58016374845
-0.008777909164453904,-8777.909164453904,19102.483223414158,16495.4623666417
-0.003542575223586735,-3542.5752235867353,19102.483223414158,16489.155359315155
0.003566796215922037,3566.796215922037,19102.483223414158,16482.653289906346
0.006734844956148429,6734.8449561484285,19102.483223414158,16475.950125567364
-0.0026499015771273096,-2649.9015771273093,19102.483223414158,16469.039646867386
0.003347343916096821,3347.343916096821,19102.483223414158,16461.915442022048
0.0044377883925688305,4437.78839256883,19102.483223414158,16454.570900944378
0.005442320207138272,5442.320207138272,17410.955859281992,16446.62566602847
-0.004533207486326757,-4533.207486326756,17410.955859281992,16438.81979815976
0.0019112242427219274,1911.2242427219273,17410.955859281992,16430.772511697174
0.004477050724478443,4477.050724478443,17410.955859281992,16422.476340086258
-0.00028517110459417606,-285.1711045941761,17410.955859281992,16413.923585848202
-0.011570218957017238,-11570.218957017238,17410.955859281992,16405.106313437835
0.009095323590679324,9095.323590679323,17410.955859281992,16396.016341880753
-0.0011920373327127364,-1192.0373327127365,17410.955859281992,16386.645237182733
0.004902087250379979,4902.087250379979,17410.955859281992,16376.984304504364
0.0025131002581482847,2513.100258148285,17410.955859281992,16367.02458009367
0.00231735453325782,2317.35453325782,17410.955859281992,16356.756822969246
-0.004166002939717421,-4166.002939717421,17410.955859281992,16352.634447594211
0.0031737787470780426,3173.7787470780427,17410.955859281992,16349.765589772518
-0.004123130885594,-4123.130885594,17410.955859281992,16346.808004389331
-0.01007096309926355,-10070.963099263548,17410.955859281992,16343.758947293261
0.010783061683794589,10783.061683794589,17410.955859281992,16340.61558946226
0.002843334301144251,2843.3343011442507,17410.955859281992,16337.375014378755
-0.011517903733594894,-11517.903733594894,17410.955859281992,16334.034215323596
-0.004125299657648395,-4125.299657648395,17410.955859281992,16330.590092586317
0.003981679962353961,3981.6799623539614,17410.955859281992,16327.039450589122
0.013080164608789807,13080.164608789806,17410.955859281992,16323.378994921912
-0.004807872367561669,-4807.872367561669,17410.955859281992,16319.605329285612
-0.0029720530216588285,-2972.0530216588286,17410.955859281992,16315.714952340973
0.00019047619105220533,190.47619105220534,17410.955859281992,16311.704254459903
0.010373586145111111,10373.58614511111,17410.955859281992,16307.569514376324
0.0010832451312399508,1083.2451312399508,17410.955859281992,16303.30689573346
0.0031019435503731358,3101.9435503731356,17410.955859281992,16298.912443524323
-0.00032853824245951255,-328.53824245951256,17410.955859281992,16294.382080422118
-0.0007043741926782579,-704.3741926782579,17410.955859281992,16284.225959266769
0.002908205999245633,2908.205999245633,17410.955859281992,16272.323650113676
-0.0023916164181701865,-2391.6164181701865,17410.955859281992,16237.199543836226
-0.010809895440365768,-10809.895440365768,17410.955859281992,16183.481756001409
0.009447401396048218,9447.401396048217,17410.955859281992,15983.209023442227
-0.0011289868543240722,-1128.9868543240723,17410.955859281992,15673.008719093887
-0.006232314790318724,-6232.314790318724,17410.955859281992,15519.211984987467
0.0020344924336773186,2034.4924336773186,17410.955859281992,15458.44133346348
-0.0009930722212108194,-993.0722212108194,17410.955859281992,15395.79117725318
0.0026460041897990415,2646.0041897990413,17410.955859281992,15331.203387345657
-0.00848626533247392,-8486.26533247392,17410.955859281992,15264.618036925529
-0.0017108872206419426,-1710.8872206419426,17410.955859281992,15195.973345770759
-0.006168579034163337,-6168.5790341633365,17410.955859281992,15125.20562293079
-0.00014390904972909384,-143.90904972909385,17410.955859281992,15052.24920763185
0.011921934243541868,11921.934243541868,17410.955859281992,14977.036408354596
0.003218328302014639,3218.3283020146387,17410.955859281992,14899.497440027528
-0.007684318241025476,-7684.318241025477,17410.955859281992,14819.560359277973
-0.004294719332628384,-4294.719332628384,17410.955859281992,14750.601237989322
0.005436869554349101,5436.869554349101,17410.955859281992,14711.269620153063
0.001615816338629618,1615.816338629618,17410.955859281992,14670.721560528056
0.010345652896533053,10345.652896533053,17410.955859281992,14628.919437203305
-0.009301514216003974,-9301.514216003974,17410.955859281992,14585.824464703564
0.005110018216724426,5110.018216724426,17410.955859281992,14541.396658002799
0.0007076640306647853,707.6640306647853,17410.955859281992,14495.59479542469
-0.007289282997169244,-7289.2829971692445,17410.955859281992,14448.376380395712
-0.003045011392671061,-3045.011392671061,17410.955859281992,14399.697602015323
-0.00019062142642559913,-190.62142642559914,17410.955859281992,14349.513294406674
-0.021193356565681262,-21193.35656568126,17410.955859281992,14297.776894810127
0.002091084478255358,2091.084478255358,19102.483223414158,21193.35656568126
0.007983591454839309,7983.591454839308,19102.483223414158,21193.35656568126
-0.0009160821257319311,-916.0821257319311,19102.483223414158,21193.35656568126
-0.002850036950784069,-2850.0369507840687,19102.483223414158,21193.35656568126
0.006269008330750137,6269.008330750137,19102.483223414158,21193.35656568126
-0.016919564934912146,-16919.564934912145,19102.483223414158,21193.35656568126
0.0018073912547791825,1807.3912547791826,19102.483223414158,21193.35656568126
0.012512894238345323,12512.894238345323,19102.483223414158,21193.35656568126
0.010976742927498945,10976.742927498944,19102.483223414158,21193.35656568126
0.004328702204490346,4328.702204490346,19102.483223414158,21193.35656568126
-0.00033231266179679735,-332.31266179679733,19102.483223414158,21193.35656568126
0.007992286755818511,7992.286755818512,19102.483223414158,21193.35656568126
0.0008474975788584565,847.4975788584566,19102.483223414158,21193.35656568126
0.000517561824901687,517.561824901687,19102.483223414158,21193.35656568126
-0.003959094580806972,-3959.094580806972,19102.483223414158,21169.448005367856
-0.0017961812354184209,-1796.1812354184208,19102.483223414158,21132.95493417233
-0.005645845859294891,-5645.845859294891,19102.483223414158,21095.333211290344
-0.01042622673613249,-10426.22673613249,19102.483223414158,21056.547929968714
-0.005834294135647846,-5834.294135647846,19102.483223414158,21016.563103863937
0.012208168540758629,12208.168540758628,19102.483223414158,20975.341633652824
0.00685553744252705,6855.53744252705,19102.483223414158,20932.845272610444
0.0002371972780873876,237.1972780873876,17585.207327013497,20889.03459112345
-0.001519035704606968,-1519.035704606968,17585.207327013497,20843.868940105935
-0.003378622738551035,-3378.622738551035,17585.207327013497,20797.306413283753
-0.0019562474926762777,-1956.2474926762777,17585.207327013497,20749.30380831243
0.003290025616380189,3290.0256163801887,17585.207327013497,20699.816586692512
-0.008221450639126607,-8221.450639126608,17585.207327013497,20648.798832445173
-0.0019216916795418099,-1921.69167954181,17585.207327013497,20596.20320950977
0.012520473221519153,12520.473221519153,17585.207327013497,20541.98091782379
-0.009064082665146491,-9064.08266514649,17585.207327013497,20486.081648044426
0.00119734682280463,1197.34682280463,17585.207327013497,20428.453534869826
-0.0012452705282746414,-1245.2705282746415,17585.207327013497,20369.04310891663
0.003635671819492633,3635.671819492633,17585.207327013497,20307.79524710921
0.005571310332371134,5571.310332371135,17585.207327013497,20244.653121534553
-0.002900827104891874,-2900.827104891874,17585.207327013497,20179.558146715317
-0.007936929066590808,-7936.929066590808,17585.207327013497,20112.44992525219
-0.021102434813726423,-21102.434813726424,17585.207327013497,20043.266191785046
-0.03056484816647728,-30564.848166477277,19146.708438226084,21169.84811933019
-0.04301905151751966,-43019.05151751966,20578.17429834625,30564.848166477277
-0.011837598750063941,-11837.59875006394,21148.80490722339,43019.05151751966
0.037675060609094035,37675.060609094035,21148.80490722339,43019.05151751966
0.024434202662981876,24434.202662981876,21148.80490722339,43019.05151751966
5.0181909432230856e-05,50.18190943223085,21148.80490722339,43019.05151751966
-0.008111897360086778,-8111.897360086778,21148.80490722339,43019.05151751966
-0.030302236308413874,-30302.236308413874,21148.80490722339,43019.05151751966
0.018803178086427848,18803.178086427848,25838.885234474874,43019.05151751966
0.0007161858296710057,716.1858296710056,25838.885234474874,43019.05151751966
-0.015252524265402427,-15252.524265402428,25838.885234474874,43019.05151751966
0.024820514200016606,24820.514200016605,25838.885234474874,43019.05151751966
-0.013462035947632444,-13462.035947632443,25838.885234474874,43019.05151751966
0.0054270049233353405,5427.00492333534,25838.885234474874,43019.05151751966
0.004533999972771696,4533.999972771696,25838.885234474874,43019.05151751966
-0.0037173817474281863,-3717.3817474281864,25838.885234474874,43019.05151751966
0.012421890148911862,12421.890148911862,25838.885234474874,42888.304281644225
0.008629393304777404,8629.393304777404,25838.885234474874,42688.73692481158
-0.002250507313792451,-2250.507313792451,25838.885234474874,42482.997381685134
-0.02166186223811661,-21661.86223811661,25838.885234474874,42270.8947599053
0.005154256007759802,5154.256007759802,26068.453013968196,42052.23226322505
-0.013064714352197014,-13064.714352197014,26068.453013968196,41826.80700891552
-0.0015999590520499472,-1599.9590520499473,26068.453013968196,41594.409839524254
-0.0036222549307931375,-3622.2549307931376,26068.453013968196,41354.82512881161
-0.00025923525744668536,-259.23525744668535,26068.453013968196,41107.830581685164
-0.025417531749542997,-25417.531749543,26068.453013968196,40853.19702794656
0.0005849041721535606,584.9041721535606,27908.731074567135,40590.68820965935
0.018486372403556637,18486.372403556637,27908.731074567135,40320.06056194057
0.0026057967632062227,2605.7967632062227,27908.731074567135,40041.06298697275
0.014827332320136753,14827.332320136753,27908.731074567135,39753.43662102655
0.017638396640420346,17638.396640420346,27908.731074567135,39456.914594277885
-0.0034320934108492507,-3432.0934108492506,27908.731074567135,39151.221783196794
0.008157144928282133,8157.144928282133,27908.731074567135,38836.074555278145
0.008986132058155466,8986.132058155466,27908.731074567135,38511.18050587747
0.0005962140585021875,596.2140585021875,27908.731074567135,38176.23818690771
0.0009432792060970104,943.2792060970104,27908.731074567135,37830.93682714506
-0.006322046095886248,-6322.046095886248,27908.731074567135,37474.956043884595
-0.004805535603209147,-4805.535603209148,27908.731074567135,37107.965545677944
0.015237820976615026,15237.820976615027,27908.731074567135,36729.62482587726
0.004536273248996013,4536.2732489960135,27908.731074567135,36339.582846701305
0.0004918355401133416,491.83554011334155,27908.731074567135,35937.477713530214
-0.0013777495659656129,-1377.7495659656129,27908.731074567135,35522.93633912702
-0.006124383246068595,-6124.383246068595,27908.731074567135,35095.57409747426
0.016752620918618406,16752.620918618406,27908.731074567135,34654.99446690439
0.010902063063034753,10902.063063034753,27908.731074567135,34200.78866219319
-0.002460738015233961,-2460.738015233961,27908.731074567135,33732.53525527442
-0.0019342365798309768,-1934.2365798309768,27908.731074567135,33249.79978422415
0.011310432208386149,11310.43220838615,27908.731074567135,32752.134350151704
-0.0005744650452394763,-574.4650452394762,27908.731074567135,32239.07720162341
-0.004319039250681772,-4319.0392506817725,27908.731074567135,31710.152306233416
0.011761466618925695,11761.466618925695,27908.731074567135,31164.868908924145
0.002895182259137862,2895.182259137862,27908.731074567135,30602.72107664654
-0.003037784754923042,-3037.784754923042,27908.731074567135,30554.481760250692
-0.00099878727001777,-998.78727001777,27908.731074567135,30543.047507758176
-0.0005235726814672145,-523.5726814672145,27908.731074567135,30531.259618590637
-0.009375367629262301,-9375.3676292623,27908.731074567135,30519.107155531314
0.002304148484850074,2304.148484850074,27908.731074567135,30506.578843099025
-0.003939471825580963,-3939.471825580963,27908.731074567135,30493.663057086353
-0.014058111205315773,-14058.111205315772,27908.731074567135,30480.347813774322
-0.011291788690210662,-11291.788690210662,27908.731074567135,30466.620758813468
0.015092407210433532,15092.407210433532,27908.731074567135,30452.469155761035
-0.0007297672366489186,-729.7672366489187,27908.731074567135,30437.879874263686
0.015741512879891367,15741.512879891367,27908.731074567135,30422.839377874665
-0.0008627301148606437,-862.7301148606437,27908.731074567135,30407.333711494233
0.003641408051075552,3641.4080510755516,27908.731074567135,30391.34848842162
-0.0011511045754928897,-1151.1045754928896,27908.731074567135,30374.868877006556
0.0013383683466151207,1338.3683466151206,27908.731074567135,30357.87958688793
-0.00014331096114528536,-143.31096114528535,27908.731074567135,30340.364854806878
0.0011459130360119407,1145.9130360119407,27908.731074567135,30322.308429981047
-0.004160197273279784,-4160.197273279784,27908.731074567135,30303.693559026586
0.00949049734844943,9490.49734844943,27908.731074567135,30083.809269805915
-0.010262274319256177,-10262.274319256177,27908.731074567135,29840.122210465997
-0.01409694976542225,-14096.94976542225,27908.731074567135,29588.89843795062
0.019315197211521137,19315.197211521136,27908.731074567135,29329.90485803786
-0.0060770098735688696,-6077.00987356887,27908.731074567135,29062.901167406144
-0.006746971770440234,-6746.971770440235,27908.731074567135,28787.63963067242
-0.007805244227203542,-7805.244227203541,27908.731074567135,28503.86485053456
0.0025777597503982177,2577.759750398218,27908.731074567135,28211.313530804808
-0.019571440149155354,-19571.440149155354,27908.731074567135,27909.71423211434
0.005043728180914248,5043.728180914248,27908.731074567135,27598.787120062316
0.010443022102386526,10443.022102386527,27908.731074567135,27278.24370557569
0.0145220883149289,14522.0883149289,27908.731074567135,26947.78657723896
-0.015355481061902721,-15355.481061902721,27908.731074567135,26607.109125345425
-0.023905457867977,-23905.457867977002,27908.731074567135,26255.89525741395
0.008211337011338629,8211.337011338628,27908.731074567135,25893.819104907267
0.009033306730899237,9033.306730899236,27908.731074567135,25520.544720879763
0.012307246572897772,12307.246572897771,27908.731074567135,25397.44005440195
-0.001651688497913356,-1651.688497913356,27908.731074567135,25369.15538596931
-0.0022877179049610834,-2287.717904961083,27908.731074567135,25339.995933976898
0.010615450742753971,10615.450742753972,27908.731074567135,25309.934643263066
-0.007112990578170291,-7112.990578170291,27908.731074567135,25278.943621908606
-0.010053769408209151,-10053.769408209151,27908.731074567135,25246.994115357615
-0.014082109923884905,-14082.109923884906,27908.731074567135,25214.056479738032
0.0016939249418977545,1693.9249418977545,27908.731074567135,25180.100154357024
-0.012694458043061413,-12694.458043061413,27908.731074567135,25145.093633345674
-0.024284034969083698,-24284.0349690837,27908.731074567135,25109.004436426756
-0.011021607892516602,-11021.607892516602,27908.731074567135,25229.295649561853
0.0009738747179525538,973.8747179525537,27908.731074567135,25208.41248818497
0.008040050485652777,8040.050485652777,27908.731074567135,25186.88345583767
-0.025261035732517586,-25261.035732517586,27908.731074567135,25164.688577129113
0.01628358282430015,16283.58282430015,27908.731074567135,25383.415695175347
-0.021699908724940667,-21699.908724940666,27908.731074567135,25380.496972970148
0.0013302473560847835,1330.2473560847834,27908.731074567135,25377.487981006023
-0.012897880225841747,-12897.880225841747,27908.731074567135,25374.38592743476
0.005586306626147013,5586.306626147013,27908.731074567135,25371.187934062324
0.020307688683423433,20307.688683423432,27908.731074567135,25367.89103367837
-0.015231942472402452,-15231.942472402452,27908.731074567135,25364.492167303157
0.013550916651032594,13550.916651032594,27908.731074567135,25360.98818134933
-0.010942936888250758,-10942.936888250759,27908.731074567135,25357.375824695904
0.005195643116142431,5195.643116142432,27908.731074567135,25353.651745671752
0.024089090859010717,24089.090859010717,27908.731074567135,25349.81248894582
-0.0003655412374311844,-365.5412374311844,27908.731074567135,25345.85449232115
-0.018186582908822743,-18186.582908822744,27908.731074567135,25341.774083429736
0.005977053394268684,5977.053394268684,27908.731074567135,25337.567476325185
0.0015669890905528052,1566.9890905528052,27908.731074567135,25333.230767969977
-0.01923389552657324,-19233.89552657324,27908.731074567135,25328.759934614096
-0.01355244783135065,-13552.44783135065,27908.731074567135,25324.15082806164
5.3930160455319665e-05,53.930160455319665,27908.731074567135,25319.399171821995
-0.0008632317773703252,-863.2317773703252,27908.731074567135,25314.500557141946
-0.01309338782564084,-13093.38782564084,27908.731074567135,25309.450438915093
0.020407214458757535,20407.214458757535,27908.731074567135,25304.24413146473
0.016737459350574413,16737.459350574412,27908.731074567135,25298.876804196316
0.016202727327303032,16202.727327303031,27908.731074567135,25293.34347711547
-0.0041042216740950505,-4104.221674095051,27908.731074567135,25287.639016207388
-0.00046864017103894693,-468.64017103894696,27908.731074567135,25281.758128673282
0.014375344505271571,14375.34450527157,27908.731074567135,25275.695358019562
-0.012710065186210416,-12710.065186210417,27908.731074567135,25269.44507899511
0.00456527043157486,4565.27043157486,27908.731074567135,25263.001492371965
0.012039040299107625,12039.040299107624,27908.731074567135,25243.92198002768
-0.0023080722082476843,-2308.072208247684,27908.731074567135,25218.863680794166
-0.00786934794415965,-7869.34794415965,27908.731074567135,25193.030382615285
0.0232348900611175,23234.8900611175,27908.731074567135,25166.39811645149
0.004482392738257137,4482.392738257136,27908.731074567135,25138.94217195273
0.0038869085360341143,3886.908536034114,27908.731074567135,25110.637074531332
0.0032733253449691085,3273.3253449691083,27908.731074567135,25081.456561725765
0.0007979652311106146,797.9652311106146,27908.731074567135,25051.373558833428
-0.010977828985833805,-10977.828985833805,27908.731074567135,25020.36015378978
0.004927356743785443,4927.356743785443,27908.731074567135,24988.38757127056
0.0008021658908030941,802.1658908030942,27908.731074567135,24955.42614599301
0.016008296118787478,16008.296118787479,27908.731074567135,24921.445295191414
-0.0012831270575546895,-1283.1270575546896,27908.731074567135,24886.413490241313
-0.0016309589203585286,-1630.9589203585285,27908.731074567135,24850.298227406158
0.005770527220779686,5770.527220779686,27908.731074567135,24813.065997679194
0.0063240154877225885,6324.015487722589,27908.731074567135,24774.68225569263
-0.001222464150674602,-1222.464150674602,27908.731074567135,24735.11138766525
0.0014179198072949448,1417.9198072949448,27908.731074567135,24694.31667835867
-0.0005375950084266635,-537.5950084266635,27908.731074567135,24652.26027701168
-0.006625340712961731,-6625.340712961731,27908.731074567135,24608.90316222097
-0.00043905287354646595,-439.05287354646595,27908.731074567135,24564.205105735702
0.0005906093291082656,590.6093291082656,27908.731074567135,24518.12463513233
0.009211527155174698,9211.5271551747,27908.731074567135,24470.618995335044
0.004374177574841495,4374.177574841495,27908.731074567135,24421.644108946086
-0.0024298986539191972,-2429.8986539191974,27908.731074567135,24371.154535349222
0.006788892333686128,6788.892333686128,27908.731074567135,24319.103428548333
-0.0032432199205238797,-3243.21992052388,27908.731074567135,24274.977319025635
-0.010042010207106744,-10042.010207106743,27908.731074567135,24248.02694339219
0.010865913130103667,10865.913130103667,27908.731074567135,24220.24305098658
-0.012038062374219833,-12038.062374219833,27908.731074567135,24191.599862939554
0.002689197731197093,2689.1977311970927,27908.731074567135,24162.070803097264
-0.0023455450924870476,-2345.5450924870474,27908.731074567135,24131.628473362944
0.009269225445538976,9269.225445538976,27908.731074567135,24100.244628276014
0.010054181999951265,10054.181999951265,27908.731074567135,24067.890148804952
4.422962096896447e-05,44.22962096896447,27908.731074567135,24034.53501532963
-0.0011063278263510406,-1106.3278263510406,27908.731074567135,24000.148279788064
0.0069982674919815266,6998.267491981526,27908.731074567135,23964.698036961705
0.0031531316922200608,3153.131692220061,27908.731074567135,23928.151394872675
0.000952381024367374,952.3810243673739,27908.731074567135,23827.406005836026
-0.00539290685894807,-5392.90685894807,27908.731074567135,23625.068580536707
0.0,0.0,27908.731074567135,23416.47329672298
-0.0017242209358116997,-1724.2209358116997,27908.731074567135,23201.426612378924
0.0014810942876463448,1481.0942876463448,27908.731074567135,22979.728999653096
0.0020599181213109877,2059.9181213109878,27908.731074567135,22751.174759729565
-0.009129196855540296,-9129.196855540296,27908.731074567135,22515.551831973346
-0.005397589536027492,-5397.589536027492,27908.731074567135,22272.64159717312
0.007913132456244969,7913.132456244969,27908.731074567135,22022.21867469866
-0.008745152674428748,-8745.152674428748,27908.731074567135,21764.050713384782
-0.005589927418917128,-5589.927418917128,27908.731074567135,21694.827987635992
-0.00019513147044688295,-195.13147044688296,27908.731074567135,21687.926994928417
0.003652393940678596,3652.393940678596,27908.731074567135,21680.81256945669
0.0008221391044241757,822.1391044241757,27908.731074567135,21673.47811020749
0.012361044315666349,12361.04431566635,27908.731074567135,21665.916812012438
-0.009398791925718391,-9398.791925718391,27908.731074567135,21178.574983802737
0.00029051469724485497,290.514697244855,27908.731074567135,20595.943854479923
-0.008752365508949944,-8752.365508949944,27908.731074567135,19929.07145712112
0.009816864569164512,9816.864569164512,27908.731074567135,19552.038198813138
-0.009373516876734203,-9373.516876734202,27908.731074567135,19510.350579321883
0.00028894906692821827,288.94906692821826,27908.731074567135,19467.373652011313
-0.0034709526181759733,-3470.9526181759734,27908.731074567135,19423.067541381857
0.006297465221213687,6297.465221213686,27908.731074567135,19377.391138671082
-0.0013635258991058995,-1363.5258991058995,27908.731074567135,19330.302063711515
0.012879039254726644,12879.039254726644,27908.731074567135,19281.756625608872
0.006760183961434369,6760.183961434369,27908.731074567135,19229.200976136894
0.00028665615790391557,286.6561579039156,27908.731074567135,19118.385709109694
0.004290010869507913,4290.010869507913,27908.731074567135,19004.14316578268
-0.0019043997376275278,-1904.3997376275279,27908.731074567135,18886.367347919782
0.002047083621724823,2047.083621724823,27908.731074567135,18764.94897898896
0.003039083017179962,3039.083017179962,27908.731074567135,18639.775402771615
-0.0029915262462758964,-2991.5262462758965,27908.731074567135,18510.730478836213
0.005075551061551587,5075.551061551587,27908.731074567135,18377.69447477909
0.001560173353846708,1560.173353846708,27908.731074567135,18240.543955132576
0.003254336087561941,3254.336087561941,27908.731074567135,17967.642706751067
-0.001366474473437407,-1366.474473437407,27908.731074567135,17602.625904790584
-0.009522753473181147,-9522.753473181147,27908.731074567135,17226.319923388026
-0.007745442038951263,-7745.442038951263,27908.731074567135,16674.139229653858
-0.001964997563765997,-1964.997563765997,27908.731074567135,15465.160153383447
-0.0013949351693140566,-1394.9351693140566,27908.731074567135,15286.078408943571
0.002979911846551266,2979.911846551266,27908.731074567135,15247.965997289943
-0.008918085570660468,-8918.085570660467,27908.731074567135,15239.754868324422
0.00641940568719798,6419.40568719798,27908.731074567135,15203.953017310512
0.002834564342367504,2834.564342367504,27908.731074567135,14829.713285515349
-0.0016324966414251005,-1632.4966414251005,27908.731074567135,14443.899129025487
0.012938520472627321,12938.52047262732,27908.731074567135,14096.056821414228
-0.037111085706552416,-37111.08570655242,27908.731074567135,14088.848747463917
-0.01753080428830011,-17530.80428830011,30436.16835602621,39098.24751159558
0.01787387544792068,17873.87544792068,30436.16835602621,38976.690464424486
0.016885691460924536,16885.691460924536,30436.16835602621,38851.37392094913
0.013529469713141272,13529.469713141272,30436.16835602621,38722.181608087936
0.0021259162247221387,2125.916224722139,30436.16835602621,38588.99365668465
-0.007223023351173086,-7223.023351173086,30436.16835602621,38451.6864902895
0.005979877651527266,5979.877651527266,30436.16835602621,38310.1327105007
-0.0006393343506908162,-639.3343506908162,30436.16835602621,38164.200978759654
0.014799785025906878,14799.785025906878,30436.16835602621,38013.75589449055
0.003520717168010382,3520.717168010382,30436.16835602621,37858.657869470844
0.00723710407463737,7237.10407463737,30436.16835602621,37698.76299831651
-0.0001395770816698866,-139.57708166988658,30436.16835602621,37533.922924961524
0.005567943115244447,5567.943115244448,30436.16835602621,37363.98470500793
-0.0013427482049859461,-1342.7482049859461,30436.16835602621,37188.79066381866
0.0026799991609749293,2679.9991609749295,30436.16835602621,36997.05503801158
-0.0010134092654809888,-1013.4092654809888,30436.16835602621,36790.7305913102
0.004131331246808081,4131.331246808081,30436.16835602621,36578.024976154134
-0.003784474344924901,-3784.474344924901,30436.16835602621,36358.74083681798
0.004498225598388428,4498.225598388428,30436.16835602621,36132.67471379102
-0.002719584980726129,-2719.584980726129,30436.16835602621,35899.616855000335
0.0004614674747328057,461.4674747328057,30436.16835602621,35659.351021195514
-0.0010616937318740902,-1061.6937318740902,30436.16835602621,35411.65428531425
0.0011539616780551413,1153.9616780551414,30436.16835602621,35156.29682564284
0.0016133124797267973,1613.3124797267974,30436.16835602621,34893.041712579536
-0.0008293784744875423,-829.3784744875423,30436.16835602621,34621.64468880293
-0.006431627861676934,-6431.627861676934,30436.16835602621,34341.853942641486
0.0029222042376623536,2922.2042376623535,30436.16835602621,34053.40987443381
0.0010619763789467647,1061.9763789467647,30436.16835602621,33756.04485566301
0.008147039802607137,8147.039802607137,30436.16835602621,33449.482980641566
-0.0005960158808352581,-596.0158808352581,30436.16835602621,33133.439810516364
0.0005960158808352197,596.0158808352197,30436.16835602621,32807.62210935636
-0.0024780885518862475,-2478.0885518862474,30436.16835602621,32471.72757207801
0.004629956241204998,4629.956241204998,30436.16835602621,32125.444543956
-0.0008693464435325227,-869.3464435325227,30436.16835602621,31768.451731459078
0.0028796728847310877,2879.672884731088,30436.16835602621,31400.417904142665
-0.005171044585230435,-5171.044585230435,30436.16835602621,31021.001587321625
0.0018793120833786251,1879.3120833786252,30436.16835602621,30629.85074523808
0.0022413841920207235,2241.3841920207233,30436.16835602621,25138.37826930185
-0.001463191847697724,-1463.1918476977241,27908.731074567135,24173.7508252757
-4.575926053830515e-05,-45.75926053830515,25340.848701200546,22475.618392932294
0.0020114292495896436,2011.4292495896436,25340.848701200546,20396.816261303695
-0.005127981568199472,-5127.981568199472,25340.848701200546,19268.45928944387
-0.0006887843229493647,-688.7843229493648,25340.848701200546,18553.073669996164
-0.0018851013651573882,-1885.1013651573883,25340.848701200546,18162.749833519512
0.004915873706167087,4915.873706167087,25340.848701200546,18116.319211133337
-0.001653677792422319,-1653.677792422319,24782.30535843498,18066.091130406592
-0.0028480886540481927,-2848.088654048193,24782.30535843498,18016.744098430638
4.600133404667563e-05,46.00133404667563,24782.30535843498,17965.87086958945
0.004497896329188617,4497.896329188617,24782.30535843498,17913.42424191812
0.0030214873988560487,3021.4873988560485,24782.30535843498,17859.35555359716
-9.496832265693969e-05,-94.96832265693969,24782.30535843498,17803.614637802362
-0.002285610795700025,-2285.610795700025,24782.30535843498,17746.149776158236
-0.024225923648376866,-24225.923648376865,24782.30535843498,17686.90765075192
0.014245387771745053,14245.387771745054,24782.30535843498,24269.67078080556
-0.014479848864001011,-14479.848864001011,24782.30535843498,24268.479915239564
-0.0003752521269231025,-375.25212692310254,24782.30535843498,24267.252218779773
0.009943363207431033,9943.363207431034,24782.30535843498,24265.986552326383
-0.00891175850185805,-8911.75850185805,24782.30535843498,24264.681741549688
0.00018745020908723925,187.45020908723924,24782.30535843498,24263.33657580052
4.6857062539249186e-05,46.857062539249185,24782.30535843498,24261.949806986944
0.011182671747168858,11182.671747168857,24782.30535843498,24260.520148416246
0.0062817758531669285,6281.775853166929,24782.30535843498,24259.046273601096
-0.00549439247259224,-5494.392472592241,24782.30535843498,24257.526815028777
-0.008135228373299773,-8135.228373299773,24255.56042193735,24255.883083286462
0.006188800842479914,6188.8008424799145,24255.56042193735,24254.26818417676
0.004951306938567872,4951.306938567872,24255.56042193735,24252.603339733767
-0.009088442415281953,-9088.442415281954,24255.56042193735,24250.887005256453
0.007517785650385065,7517.785650385065,24255.56042193735,24249.11758826953
-0.0024069628358190957,-2406.9628358190957,24255.56042193735,24247.2934470459
-0.005110822814565937,-5110.822814565938,24255.56042193735,24245.412889083396
0.004415428613946307,4415.4286139463065,24255.56042193735,24243.474169534424
0.0006953942006196763,695.3942006196762,24255.56042193735,24241.475489587025
-0.0034353127884093307,-3435.3127884093306,24255.56042193735,24239.414994795894
0.00519481687710393,5194.81687710393,24255.56042193735,24237.29077336174
-0.012709964156411941,-12709.964156411941,24255.56042193735,24235.100854357457
0.0013110457466231735,1311.0457466231735,24255.56042193735,24232.843205899433
-0.0032808428379069014,-3280.8428379069014,24255.56042193735,24230.515733262295
0.0005162743878314503,516.2743878314503,24255.56042193735,24228.11627693535
-0.0034782643763248086,-3478.2643763248084,24255.56042193735,24224.37114773562
0.006242832826400412,6242.832826400412,24255.56042193735,24210.283564429697
0.0026636152106597104,2663.6152106597106,24255.56042193735,24195.760282671014
-0.0018684609322288483,-1868.4609322288484,24255.56042193735,24180.78782724969
0.0004674426299296098,467.44262992960984,24255.56042193735,24165.35230619678
0.00424371658400894,4243.71658400894,24255.56042193735,24149.43939789481
-0.0033561771119907276,-3356.1771119907276,24255.56042193735,24133.034337789686
-0.002009769085728071,-2009.769085728071,24255.56042193735,24116.12190469162
-0.00267035365164759,-2670.35365164759,24255.56042193735,24098.686406652374
-0.00295976350055407,-2959.7635005540697,24255.56042193735,24080.711666405732
4.7048860250076896e-05,47.0488602500769,24255.56042193735,24062.18100635765
-0.007271729086833915,-7271.729086833915,24255.56042193735,24043.0772331122
-0.0060368573117061675,-6036.857311706168,24255.56042193735,24023.382621518955
-0.004587602426106734,-4587.602426106734,24255.56042193735,24003.078898226948
-0.0011022453371980344,-1102.2453371980343,24255.56042193735,23982.147224730033
0.02181732256826509,21817.322568265092,24255.56042193735,23960.568179887858
0.004493758439866432,4493.758439866432,24255.56042193735,23938.321741906228
0.010542522402135357,10542.522402135357,24255.56042193735,23915.38726976022
0.002496197919638741,2496.197919638741,24255.56042193735,18789.188782079804
-0.0023076578293573045,-2307.6578293573043,24255.56042193735,17988.15534468378
0.00078520130590225,785.2013059022499,24255.56042193735,17747.646609228763
0.007772476868626488,7772.476868626488,24255.56042193735,17424.825573113056
-0.0018800876797886665,-1880.0876797886665,24255.56042193735,16553.90566516042
0.005127512035256199,5127.512035256199,24255.56042193735,15656.050089951512
-0.002240052137853906,-2240.052137853906,24255.56042193735,15197.967349825887
0.007523117666118114,7523.117666118114,24255.56042193735,15133.574889855789
0.0019513086762380921,1951.3086762380922,24255.56042193735,15067.19091050517
0.0005438723846897742,543.8723846897742,24255.56042193735,14998.753818391131
0.0037085656000157203,3708.5656000157205,24255.56042193735,14928.200115180782
-0.004705891037412728,-4705.891037412728,24255.56042193735,14855.464338675267
0.0019483909287997916,1948.3909287997915,24255.56042193735,14780.479002071645
-0.0024020496944625485,-2402.0496944625484,24255.56042193735,14703.17453134626
-0.0036822407783854956,-3682.2407783854956,24255.56042193735,14623.479200701531
0.000500853738415479,500.85373841547903,24255.56042193735,14541.319066016247
0.005990759498091926,5990.759498091927,24255.56042193735,14467.531861540705
0.003162415104512954,3162.415104512954,24255.56042193735,14421.234589709802
0.012995925682077013,12995.925682077013,24255.56042193735,14373.505443492377
0.002445804443237862,2445.804443237862,24255.56042193735,14324.300138113587
0.006022247311295921,6022.247311295921,24255.56042193735,14271.070439183557
-0.0011485114788409637,-1148.5114788409637,24255.56042193735,14218.774440268913
0.006651860389746598,6651.860389746597,24255.56042193735,14164.86103932598
-0.008288558165146181,-8288.558165146182,24255.56042193735,14109.280213611617
0.004108777787708519,4108.777787708519,24255.56042193735,12710.064691020072
-0.007834498410743147,-7834.498410743146,24255.56042193735,12710.056150783787
0.002175023606415704,2175.023606415704,24255.56042193735,12710.047760351445
0.003850158541010747,3850.158541010747,24255.56042193735,12710.039110421194
-0.0027865643791465653,-2786.5643791465654,24255.56042193735,12710.030192967328
-0.0017289154256780739,-1728.915425678074,24255.56042193735,12710.02099971592
0.001463122919461883,1463.122919461883,24255.56042193735,12710.011522137149
0.0024779870195711295,2477.9870195711296,24255.56042193735,12710.001751437385
-0.008298802814695066,-8298.802814695066,24255.56042193735,12709.991678551029
-0.00022284122654891842,-222.84122654891843,24255.56042193735,12709.981294132107
-0.003661699188246509,-3661.699188246509,24255.56042193735,12709.970060394433
0.007620867152672057,7620.867152672057,24255.56042193735,12709.172757514363
0.005931583058924825,5931.583058924825,24255.56042193735,12601.414479437723
-0.0007947371163146563,-794.7371163146563,22988.176335893124,12520.491611367985
0.0035713536338840422,3571.353633884042,22988.176335893124,12440.988208083518
-0.0033063710770185072,-3306.371077018507,22988.176335893124,12359.025936656231
0.0,0.0,22988.176335893124,12274.528749617792
0.002822120225619358,2822.120225619358,20491.56225774062,12183.120723758258
-0.002513062628068888,-2513.062628068888,20491.56225774062,12093.316082416522
0.002292871060516388,2292.871060516388,18720.712343875493,10129.486677089784
-0.0035296749639246987,-3529.6749639246987,18720.712343875493,9469.183607382063
0.00220750641521052,2207.50641521052,18720.712343875493,9350.293435237889
-0.0037113991261150973,-3711.3991261150973,18720.712343875493,9124.88460091675
0.003667296720321672,3667.296720321672,18720.712343875493,9116.941954970458
-0.0026054906656004804,-2605.4906656004805,18720.712343875493,9108.349697506059
0.006391206328323565,6391.206328323566,18720.712343875493,9099.90815648545
0.008618291635304087,8618.291635304087,18720.712343875493,9090.77620041743
-0.0010459796115992724,-1045.9796115992724,18720.712343875493,9062.52114706848
-0.0015710236702748022,-1571.0236702748023,18720.712343875493,9026.402927176223
-0.0062209961429547924,-6220.996142954792,18720.712343875493,8989.167648936782
-8.789663361558825e-05,-87.89663361558824,18399.380819819402,8948.886979301598
0.00039547402470840117,395.47402470840115,18399.380819819402,8917.670143238003
0.0006587760180277813,658.7760180277813,18399.380819819402,8915.738169074744
0.006869270738386823,6869.270738386824,16035.836130393545,8913.648182999887
-0.001789338640506822,-1789.338640506822,16035.836130393545,8904.609509592003
4.3680520678640586e-05,43.68052067864058,16035.836130393545,8847.490932721807
0.0013095291932064806,1309.5291932064806,16035.836130393545,8788.60580192779
0.005915118151421842,5915.1181514218415,16035.836130393545,8742.171916640675
0.003938461302662696,3938.461302662696,16035.836130393545,8720.72556514536
0.005427772436346363,5427.772436346363,16035.836130393545,8698.61592442854
0.00398739997084455,3987.39997084455,16035.836130393545,8675.822480390581
0.005206789109506354,5206.789109506354,16035.836130393545,8652.32408447516
-0.00085171625964713,-851.7162596471301,16035.836130393545,8628.098934046891
0.0015751051552590893,1575.1051552590893,16035.836130393545,8603.124552162077
0.00593750418999588,5937.50418999588,16035.836130393545,8576.107570589491
-0.0008883813008920766,-888.3813008920766,16035.836130393545,8549.564492807778
0.0006769335171343375,676.9335171343375,16035.836130393545,8522.200495094672
0.0012680165695788967,1268.0165695788967,16035.836130393545,8493.990188173944
0.0015616759531383111,1561.6759531383111,16035.836130393545,8464.90739753402
-0.002702818487318398,-2702.8184873183977,16035.836130393545,8434.925139142342
0.013900486287939873,13900.486287939873,16035.836130393545,8404.015594408656
-0.006317351832950018,-6317.3518329500175,16035.836130393545,8372.150084373929
0.0006293398432978528,629.3398432978528,16035.836130393545,8339.299043101013
-0.002982380972690312,-2982.3809726903123,16035.836130393545,8305.431990242336
-0.002991302182033946,-2991.302182033946,16035.836130393545,8298.40904389912
-0.001858265590909403,-1858.265590909403,16035.836130393545,8297.936716168972
0.0012673737491271883,1267.3737491271881,16035.836130393545,8297.449780364695
0.0034980543519110654,3498.0543519110656,16035.836130393545,8296.947784690183
0.0005047318719139861,504.73187191398614,16035.836130393545,8296.430263376253
-0.003833924352434422,-3833.9243524344224,16035.836130393545,8295.896736248491
0.008616213859427393,8616.213859427393,16035.836130393545,8295.346708281724
-0.0019688756543512465,-1968.8756543512466,16035.836130393545,8294.77966914073
-0.006098733967064319,-6098.733967064319,16035.836130393545,8294.195092706714
-0.00109750960784329,-1097.50960784329,16035.836130393545,8293.592436589171
-0.012922602784031815,-12922.602784031815,16035.836130393545,8292.971141622633
0.00235037821070522,2350.3782107052198,16035.836130393545,13567.751038614419
-0.0010676689532501105,-1067.6689532501105,16035.836130393545,13536.259218610121
-0.0007266665561589367,-726.6665561589367,16035.836130393545,13503.793424791258
-0.001026781984622368,-1026.781984622368,16035.836130393545,13470.323534256348
0.007250426268705109,7250.42626870511,16035.836130393545,13435.81849246778
0.0009344604171472844,934.4604171472844,16035.836130393545,13400.246284438328
0.003179113798074133,3179.1137980741332,16035.836130393545,13363.573905026524
-0.002330361413053145,-2330.361413053145,16035.836130393545,13325.767328313323
-0.001740718379554715,-1740.718379554715,16035.836130393545,13286.79147603167
0.0006371997411919684,637.1997411919684,16035.836130393545,13246.610185019661
-0.0029770787096845036,-2977.078709684504,16035.836130393545,13205.18617366707
0.002807198474841145,2807.198474841145,16035.836130393545,13162.481007324195
-0.0010198879007455228,-1019.8879007455228,16035.836130393545,13118.45506264082
0.0005950610113109969,595.0610113109968,16035.836130393545,13073.067490802287
-0.0011904763310748134,-1190.4763310748133,16035.836130393545,13026.276179628541
-0.004391488436376591,-4391.488436376591,16035.836130393545,12978.03771450097
-0.006516077413168235,-6516.077413168236,16035.836130393545,12928.307338080793
0.008820815949368985,8820.815949368985,16035.836130393545,12916.477292891324
-0.0029886453805538305,-2988.6453805538304,16035.836130393545,12909.371729146294
-0.0018403206495029494,-1840.3206495029494,16035.836130393545,12902.04640569781
0.0081061922613073,8106.1922613073,16035.836130393545,12894.494525854014
-0.0031919674708612393,-3191.9674708612392,16035.836130393545,12886.70908271608
0.010937874011881487,10937.874011881488,16035.836130393545,12878.68285267697
0.005801748385312943,5801.748385312942,16035.836130393545,12870.408388719125
-0.000628996770921363,-628.996770921363,16035.836130393545,12861.878013504853
0.0008385744726209456,838.5744726209456,16035.836130393545,12853.083812253026
-0.002181758019088651,-2181.758019088651,16035.836130393545,12844.017625395472
0.0025169910091540253,2516.9910091540255,16035.836130393545,12834.671041006242
0.00037700283198652506,377.00283198652505,16035.836130393545,12825.035386996726
-0.0012152961160517704,-1215.2961160517705,16035.836130393545,12815.101723069389
0.0011734139306332214,1173.4139306332215,16035.836130393545,12804.860832422652
0.003929278139889557,3929.2781398895568,16035.836130393545,12794.30321319921
-0.0001668891859680787,-166.8891859680787,16035.836130393545,12783.419069669888
-0.0009183887099270053,-918.3887099270054,16035.836130393545,12772.198303144814
0.0017942463764952258,1794.2463764952258,16035.836130393545,12760.630502603502
-0.002044862475714295,-2044.862475714295,16035.836130393545,12748.704935035139
-0.0016723810236165203,-1672.3810236165202,16035.836130393545,12736.410535480125
0.005508276320815425,5508.276320815425,16035.836130393545,12723.735896763616
-0.0009159416103115262,-915.9416103115262,16035.836130393545,12710.669258911543
-0.01790339898358449,-17903.398983584488,16035.836130393545,9170.29884317131
0.004020403646381009,4020.403646381009,17720.82758289514,20081.870028342775
0.006483141340364401,6483.141340364401,17720.82758289514,19952.260637592444
0.00506457353604561,5064.57353604561,17720.82758289514,19818.642708983854
0.002210314305631174,2210.314305631174,17720.82758289514,19680.89226711933
0.0023301304596888223,2330.130459688822,17720.82758289514,19538.88150231054
0.004768133087791062,4768.133087791061,17720.82758289514,19392.4786519922
-0.00020683806721511866,-206.83806721511866,17720.82758289514,19241.54787846814
-0.0008691873645869623,-869.1873645869623,17720.82758289514,19085.949142876325
-0.0002484780730886376,-248.4780730886376,17720.82758289514,18925.538075255896
0.007920833491444058,7920.8334914440575,17720.82758289514,18760.165840595662
0.0033228754960769546,3322.8754960769547,17720.82758289514,18589.679000739747
-0.0007374631602661532,-737.4631602661532,17720.82758289514,18413.919372022312
-0.0032019731790680884,-3201.9731790680885,17720.82758289514,18232.723878499182
0.0018485432585358728,1848.5432585358728,17720.82758289514,18045.924400640284
0.0004923683014290295,492.3683014290295,17720.82758289514,17900.43696580892
-0.0015189148838673466,-1518.9148838673466,17720.82758289514,17888.687883929313
-0.00020543583284033875,-205.43583284033875,17720.82758289514,17876.57542838333
0.004877958474383556,4877.958474383556,17720.82758289514,17864.088360810147
-0.0012684385587437485,-1268.4385587437484,17720.82758289514,17851.215095270785
-0.001926190632636884,-1926.190632636884,17720.82758289514,17837.94368749825
-0.004646294413659972,-4646.294413659973,17720.82758289514,17824.26182381522
0.00829062823844475,8290.62823844475,17720.82758289514,17810.156809709006
-0.006766896861578544,-6766.896861578544,17720.82758289514,17795.615558053112
-0.0002469339052798427,-246.9339052798427,17720.82758289514,17780.624576964565
-0.00045287058967865857,-452.8705896786586,17720.82758289514,17765.16995728565
0.0011934894517085734,1193.4894517085734,16035.836130393545,17748.451338302308
0.0006578677100881272,657.8677100881272,13716.798284816101,16335.879741961693
-0.00808885595650803,-8088.8559565080295,13716.798284816101,16180.99323299795
0.00891058245001197,8910.58245001197,13716.798284816101,16021.316419633262
-0.008827711811031988,-8827.711811031988,13716.798284816101,15856.701148123278
0.0018627760741904253,1862.7760741904253,13716.798284816101,15686.994682649067
0.0016941802775428106,1694.1802775428105,13716.798284816101,15512.03956360349
0.002309374608780522,2309.374608780522,13716.798284816101,15331.673461494645
-0.009186524921552858,-9186.524921552858,13716.798284816101,15145.729026330888
0.00646420019127824,6464.20019127824,13716.798284816101,14954.033732347634
0.0010733158229859325,1073.3158229859325,13716.798284816101,14756.409717931909
-0.0007429420846931526,-742.9420846931525,13716.798284816101,14552.673620596108
0.007486665984920395,7486.665984920395,13716.798284816101,14271.570935616017
0.0016788489499003478,1678.8489499003479,13716.798284816101,13942.890221405238
0.004653259549441186,4653.259549441186,13716.798284816101,13604.044124280728
-0.00012217719781430325,-122.17719781430324,13716.798284816101,13254.718250956485
0.0005293267494670699,529.3267494670699,13716.798284816101,12918.836613095475
0.005399383867496051,5399.383867496052,13716.798284816101,12868.924317243915
0.0004452630161199331,445.26301611993307,13716.798284816101,12817.468342139215
-0.0008907243797136571,-890.7243797136571,13716.798284816101,12764.420945124059
-0.00024306258981327436,-243.06258981327437,13716.798284816101,12709.549311242474
0.0024279714096480842,2427.9714096480843,13716.798284816101,12608.408614094033
4.041628776957999e-05,40.41628776957999,13716.798284816101,12504.139854147188
-0.0009299881389194173,-929.9881389194173,13716.798284816101,12396.64628719168
-0.0011738278249723661,-1173.8278249723662,13716.798284816101,12285.828176928266
-0.0005671690315707555,-567.1690315707556,13716.798284816101,12171.582702429901
0.0022263159633755386,2226.3159633755386,13716.798284816101,12053.803862740866
0.00048508368644629095,485.0836864462909,13716.798284816101,11932.382378525366
-0.0019417481829102992,-1941.7481829102992,13716.798284816101,11807.205590674337
0.0018204993194699305,1820.4993194699305,13716.798284816101,11678.157355776366
0.001857535665751926,1857.535665751926,13716.798284816101,11545.11793835578
-0.0024640006003447917,-2464.0006003447916,13716.798284816101,11407.963899777853
-4.044407595942755e-05,-40.44407595942755,13716.798284816101,11266.567983718136
-0.014215835825367937,-14215.835825367936,13716.798284816101,11120.798998089562
0.001475772998840641,1475.772998840641,14350.482475070803,14392.256285279385
0.00986434444707915,9864.344447079151,14350.482475070803,14386.820483173527
-0.0001216915121671888,-121.6915121671888,14350.482475070803,14381.216563476764
0.0017428315283914092,1742.8315283914092,14350.482475070803,14375.43932667598
-0.015713646998853976,-15713.646998853976,14350.482475070803,14369.483412448366
-0.0015644301255756182,-1564.4301255756181,15109.08591277602,16901.901508833067
0.0007825209929587808,782.5209929587809,15109.08591277602,16862.398004442108
0.01040268217076442,10402.68217076442,15109.08591277602,16821.67274218339
-0.003591840596312248,-3591.840596312248,15109.08591277602,16779.687935731097
-0.002333436735785495,-2333.436735785495,15109.08591277602,16736.40463011018
0.0023334367357855,2333.4367357855003,15109.08591277602,16691.782665552535
4.0888925240368614e-05,40.888925240368614,15109.08591277602,16645.780640235374
0.0011442116405069457,1144.2116405069457,15109.08591277602,16598.355871867167
0.004726407364335153,4726.407364335153,15109.08591277602,16549.46435808551
0.00599799163941423,5997.99163941423,15109.08591277602,16499.060735630195
0.0014131995164826663,1413.1995164826662,15109.08591277602,16447.09823825358
-0.007207968036535608,-7207.968036535608,15109.08591277602,16393.528653329235
0.003407987719110904,3407.987719110904,15109.08591277602,16338.302277118568
-0.00012151406540260427,-121.51406540260427,15109.08591277602,16281.367868653964
-0.0011753978453245748,-1175.3978453245747,14350.482475070803,16219.776920320239
0.010609430078683221,10609.430078683221,14350.482475070803,16159.266336342554
0.0033649833458228337,3364.9833458228336,13582.151635113234,16096.884291004735
0.00047978890209087946,479.78890209087945,13582.151635113234,16032.57290405853
-0.00031983368920934324,-319.8336892093432,13582.151635113234,15966.272505144916
-0.0036051953805773074,-3605.1953805773073,13582.151635113234,15897.92157842985
0.002124632496326425,2124.6324963264246,13582.151635113234,15827.456705527722
0.0010006204681270471,1000.6204681270472,13582.151635113234,15754.812506659548
0.0003599784051832795,359.9784051832795,13582.151635113234,15699.469304685084
-0.0026829528557471834,-2682.9528557471835,13582.151635113234,15667.01250301502
0.00020046909835996605,200.46909835996604,13582.151635113234,15633.551882736603
-0.0020466728656497817,-2046.6728656497817,13582.151635113234,15599.056397913493
0.000602397560434795,602.397560434795,13582.151635113234,15563.494042425751
0.003886767860661413,3886.767860661413,13582.151635113234,15526.831820273439
0.0011990409110409451,1199.040911040945,13582.151635113234,15489.035714961778
0.0035089154388754074,3508.9154388754073,13582.151635113234,15450.070657939446
0.0043292689998991295,4329.268999899129,13582.151635113234,15409.900496060754
0.0021378526690235596,2137.8526690235594,13582.151635113234,15368.487958041485
0.0011857240233528752,1185.724023352875,13582.151635113234,15325.79461987729
0.005907622238184857,5907.6222381848565,13582.151635113234,15281.780869192551
-0.0011394221612681386,-1139.4221612681386,13582.151635113234,15236.405868486636
-0.0016525027367673784,-1652.5027367673783,13582.151635113234,15189.627517243423
0.0026348403862453467,2634.840386245347,13582.151635113234,15141.402412868978
0.0015697358218965212,1569.7358218965212,13582.151635113234,15091.685810421095
-0.0014911904815585863,-1491.1904815585863,13582.151635113234,15040.431581093382
0.0012166645273272553,1216.6645273272554,13582.151635113234,14987.592169415328
0.00133270637473736,1332.70637473736,13582.151635113234,14933.118549128674
0.0007048320442158882,704.8320442158882,13582.151635113234,14876.960177699133
0.0009781099784082414,978.1099784082413,13582.151635113234,14819.064949421256
0.0002736994406247558,273.69944062475577,13582.151635113234,14759.379147072928
0.0051472135477384235,5147.213547738424,13582.151635113234,14697.847392074653
-0.0038969691965645243,-3896.9691965645243,13582.151635113234,14634.41259310736
0.0017555156945747437,1755.5156945747437,13582.151635113234,14569.015893141077
-0.0049624015089973755,-4962.4015089973755,13582.151635113234,14501.596614825323
0.0012918128276663058,1291.8128276663058,13582.151635113234,14432.092204190523
0.008142955013660464,8142.955013660464,13582.151635113234,14360.438172608256
-0.003732072908561119,-3732.072908561119,13582.151635113234,14286.568036956436
0.0015567234122574004,1556.7234122574005,13582.151635113234,14206.175357271793
0.0013213121773132282,1321.3121773132282,13582.151635113234,14066.307269605884
0.0003882892026729766,388.2892026729766,13582.151635113234,13922.11336479567
0.0033330780411370818,3333.078041137082,13582.151635113234,13773.459854682047
0.0015464917058622505,1546.4917058622505,13582.151635113234,13620.208813327798
-0.0006956253178947113,-695.6253178947113,13582.151635113234,13462.218049045065
0.0016995639302882309,1699.563930288231,13582.151635113234,13299.340972464926
-0.003634399299001164,-3634.399299001164,13582.151635113234,13131.426460526642
-0.0003099213599363494,-309.9213599363494,13582.151635113234,12958.318716260368
0.0009294760748171385,929.4760748171385,13582.151635113234,12084.226099984406
-0.0023253120581085444,-2325.3120581085445,13582.151635113234,11003.665052008837
-0.005017806199018403,-5017.806199018403,13582.151635113234,9889.68459017834
0.008465083748649122,8465.083748649122,13582.151635113234,9161.460637846896
-0.002943000885014023,-2943.000885014023,13582.151635113234,9094.816452455767
0.0017048981191032009,1704.8981191032008,13582.151635113234,9026.111106691715
0.006521468635607386,6521.468635607386,13582.151635113234,8955.280853326713
-0.0008850409428118286,-885.0409428118286,13582.151635113234,8882.25997356898
0.00230716090959622,2307.16090959622,13582.151635113234,8764.007101417972
-0.0004994333456355346,-499.4333456355346,13582.151635113234,8525.526591152799
0.010093758036441356,10093.758036441357,13582.151635113234,8288.818159319122
-0.0006088511927497172,-608.8511927497173,13582.151635113234,8186.634433303823
0.008716798921056788,8716.798921056788,13582.151635113234,8079.30788106594
-0.00207754999462279,-2077.54999462279,13582.151635113234,7941.211688666352
-0.0012107455130184615,-1210.7455130184615,13582.151635113234,7813.856492196859
-0.0036030608072560935,-3603.0608072560935,13582.151635113234,7728.88350630562
0.00018995877951629627,189.95877951629626,13582.151635113234,7641.282489922897
0.003148055927098771,3148.055927098771,13582.151635113234,7550.972163755145
0.005438285241103645,5438.285241103645,13582.151635113234,7457.868734716222
0.0030085389922169282,3008.5389922169284,13582.151635113234,7361.885818181251
0.0017633049645602989,1763.304964560299,13582.151635113234,7262.934357835921
-0.00011245853103509646,-112.45853103509646,13582.151635113234,7177.259955205767
-0.004094594477505425,-4094.594477505425,13582.151635113234,7115.247949065877
0.003194470649712336,3194.470649712336,13582.151635113234,7048.164117526515
0.006321204493508356,6321.204493508356,13582.151635113234,6982.257000787338
-0.003847810937549183,-3847.810937549183,13582.151635113234,6914.31151961293
-0.000524148271079116,-524.148271079116,13582.151635113234,6844.2646318042625
0.0020575754065234684,2057.5754065234682,13582.151635113234,6772.051345403572
-0.00026163823057549356,-261.63823057549354,13582.151635113234,6576.424182079535
-0.0011969330024460194,-1196.9330024460194,13582.151635113234,6095.7748086356705
0.0004864268304176863,486.4268304176863,13582.151635113234,6044.468345418046
0.0020553455543653332,2055.345554365333,13582.151635113234,5994.0618468152625
-0.0037776118829600733,-3777.611882960073,13582.151635113234,5942.096384338166
0.007131818963322059,7131.818963322059,13582.151635113234,5888.5237426092
0.006305191128315091,6305.191128315091,13582.151635113234,5833.294215053565
0.0042060274520841065,4206.027452084107,13582.151635113234,5776.356557779715
0.006641860645850516,6641.8606458505155,13582.151635113234,5717.657942033477
0.0018270184495311787,1827.0184495311787,13582.151635113234,5657.143905181687
0.0022608768701362194,2260.876870136219,13582.151635113234,5594.75830017984
-0.0015310031058906885,-1531.0031058906886,13582.151635113234,5530.443243476905
0.007269587117651988,7269.587117651988,13582.151635113234,5464.1390613089325
0.00649774865751995,6497.74865751995,13582.151635113234,5395.784234331639
-0.0034241054197740955,-3424.1054197740955,13582.151635113234,5325.3153405406165
0.009486578026181629,9486.578026181629,13582.151635113234,5252.666996426159
-0.0016823270187041963,-1682.3270187041965,13582.151635113234,5177.771796308163
0.004539369782103657,4539.369782103657,13582.151635113234,5100.560249794764
0.00809807302417276,8098.07302417276,13582.151635113234,5020.960717306723
0.002120217056313002,2120.217056313002,13582.151635113234,5015.315455636058
-0.00038837008626278123,-388.37008626278123,13582.151635113234,5012.645025027099
0.000423668979646044,423.668979646044,13582.151635113234,5009.89200378075
0.011511322451985918,11511.322451985918,13582.151635113234,5007.053837547401
-0.006651986857386308,-6651.986857386308,13582.151635113234,5003.983543948945
-0.010310097683174386,-10310.097683174386,13582.151635113234,6726.484747615986
0.0004967533721708424,496.7533721708424,13582.151635113234,11521.825532340381
-0.0011357990856855214,-1135.7990856855215,13582.151635113234,11468.058449793341
-0.022010475115655712,-22010.475115655714,13582.151635113234,11412.628467786086
-0.042722207446438856,-42722.20744643886,14979.719523845813,22010.475115655714
0.0195106177670152,19510.6177670152,16830.42051106653,42722.20744643886
-0.005439655738066951,-5439.655738066951,16830.42051106653,42722.20744643886
-0.03823043142460312,-38230.43142460312,16830.42051106653,42722.20744643886
0.01490983642834576,14909.836428345761,19998.007810940806,42722.20744643886
0.014577738983793007,14577.738983793008,19998.007810940806,42722.20744643886
0.002484286292928528,2484.286292928528,19998.007810940806,42722.20744643886
0.013405977580397332,13405.977580397332,19998.007810940806,42722.20744643886
0.012679392895277416,12679.392895277415,19998.007810940806,42722.20744643886
0.0002929651758606069,292.9651758606069,19998.007810940806,42722.20744643886
-0.006280897032465759,-6280.897032465759,19998.007810940806,42722.20744643886
-0.0049866203618684594,-4986.620361868459,19998.007810940806,42722.20744643886
0.0012952171299087255,1295.2171299087254,19998.007810940806,42722.20744643886
0.015813651618941407,15813.651618941407,19998.007810940806,42722.20744643886
0.011545340960707548,11545.340960707548,19998.007810940806,42722.20744643886
-0.012565117426691932,-12565.117426691932,19998.007810940806,42677.87973012149
-0.010181746324234008,-10181.746324234007,19998.007810940806,42610.21967504918
-0.014647522471225168,-14647.522471225167,19998.007810940806,42540.46704095401
0.00514178263109828,5141.78263109828,19998.007810940806,42468.55710889714
0.011491618692242175,11491.618692242175,19998.007810940806,42394.42315832304
0.0025317862607429687,2531.786260742969,19998.007810940806,42317.99640515388
-0.00036652861166125753,-366.5286116612575,19998.007810940806,42239.205937969164
0.004827393810011111,4827.393810011111,19998.007810940806,42157.97865221173
0.017252720103486788,17252.720103486787,19998.007810940806,42074.2391823587
-0.0012558533378810082,-1255.8533378810082,19998.007810940806,41987.90983199476
-0.006483705445432507,-6483.705445432507,19998.007810940806,41898.910501722654
-0.005144752480351733,-5144.752480351733,19998.007810940806,41807.158614844186
-0.001090314481990429,-1090.314481990429,19998.007810940806,41712.56904074268
-0.0029133305383573405,-2913.3305383573406,19998.007810940806,41615.05401589577
-0.013622638101742164,-13622.638101742165,19998.007810940806,41514.52306244534
0.0016991729856514735,1699.1729856514735,19998.007810940806,41410.882904249025
-0.0019210172518870138,-1921.0172518870138,19998.007810940806,41304.0373803353
-0.025314963515572546,-25314.963515572545,19998.007810940806,41193.887355681974
-0.021544956649927352,-21544.956649927353,23695.76419961329,41080.33062923524
0.02699146960328649,26991.469603286492,23695.76419961329,40963.26183908398
-0.01715816950727796,-17158.16950727796,23695.76419961329,40842.57236470123
-0.0029590936796818237,-2959.0936796818237,23695.76419961329,40718.15022616231
0.012696640788724843,12696.640788724842,23695.76419961329,40589.879980245896
-0.021821003337583605,-21821.003337583606,23695.76419961329,40457.64261332176
0.012735584298911312,12735.584298911312,23695.76419961329,40321.31543092575
0.010642253284503479,10642.253284503478,23695.76419961329,40180.77194391955
0.007860962626893672,7860.962626893672,23695.76419961329,40035.88175112965
-0.022537881032226762,-22537.881032226764,23695.76419961329,39886.51041835656
0.00491627968240736,4916.279682407359,23954.193098733107,39732.519353642034
0.01577529626044548,15775.296260445479,23954.193098733107,39573.76567867861
-0.005256104819663378,-5256.104819663378,23954.193098733107,39410.10209624208
0.00819351749137192,8193.51749137192,23954.193098733107,39241.37675352402
-0.0029374126717086595,-2937.4126717086597,23954.193098733107,39067.43310123735
0.008188146709599213,8188.146709599213,23954.193098733107,38888.1097483645
0.010641564925985465,10641.564925985465,23954.193098733107,38703.2403124131
0.0007399460177043275,739.9460177043275,23954.193098733107,38512.653265040535
-0.0055629871990481375,-5562.987199048138,23954.193098733107,38316.171772903865
-0.00851545761888641,-8515.45761888641,23954.193098733107,38042.519441886645
-0.00015004313768359994,-150.04313768359995,23954.193098733107,37706.60916365289
-0.013558889622037164,-13558.889622037164,23954.193098733107,37360.30990774181
0.002468621295062827,2468.621295062827,23954.193098733107,37003.30036556543
0.010114438794501765,10114.438794501764,23954.193098733107,36635.2492911568
0.0009383152301402221,938.3152301402221,23954.193098733107,36255.81519382831
-0.00772030121143249,-7720.30121143249,23954.193098733107,35864.64602132472
0.0017752936729318026,1775.2936729318026,23954.193098733107,35461.37883317668
-0.0067401519888150236,-6740.151988815023,23954.193098733107,35045.6394639519
-0.0022060790203031156,-2206.0790203031156,23954.193098733107,34617.0421760913
0.012863373494291088,12863.373494291089,23954.193098733107,34175.189302008206
0.0033774941102556895,3377.4941102556895,23954.193098733107,33719.67087511842
0.0,0.0,23954.193098733107,33250.064249458854
0.009619402313645895,9619.402313645895,23954.193098733107,32765.933707541764
0.009307202655555359,9307.202655555358,23954.193098733107,32266.830056080853
0.003046600627633693,3046.600627633693,23954.193098733107,31752.29020921393
0.0004763387958084064,476.3387958084064,23954.193098733107,31221.836758835667
-0.0069107759234295916,-6910.775923429592,23954.193098733107,30674.977531641576
0.004196273688030314,4196.273688030314,23954.193098733107,30111.205132472405
-0.0008451998665759414,-845.1998665759413,23954.193098733107,29529.996473535124
-0.0025030380793902105,-2503.0380793902104,23954.193098733107,28930.8122890637
0.007490396688152575,7490.396688152575,23954.193098733107,28313.096634969443
-0.0027839865594712397,-2783.9865594712396,23954.193098733107,27676.276373016604
0.00274740543167104,2747.4054316710403,23954.193098733107,27019.7606390446
-0.0020506818377293216,-2050.6818377293216,23954.193098733107,26342.94029474357
-0.0023855410890981665,-2385.5410890981666,23954.193098733107,25645.18736247447
-0.01156765859977358,-11567.65859977358,23954.193098733107,25264.772099806818
0.013256476094929873,13256.476094929872,23954.193098733107,25169.115202446104
-0.006144808222775041,-6144.808222775041,23954.193098733107,25070.499844342274
0.00976979159580525,9769.79159580525,23954.193098733107,24968.83452670946
0.004740209422804545,4740.209422804545,23954.193098733107,24864.024920902433
0.0007272727593289565,727.2727593289566,23954.193098733107,24755.97378089519
0.008325839950202252,8325.839950202251,23954.193098733107,24644.580853052674
-0.00010815292834582421,-108.15292834582421,23954.193098733107,24529.74278311193
0.00295197852785902,2951.9785278590202,23954.193098733107,24411.353020286428
0.0013291425396345868,1329.1425396345867,23954.193098733107,24289.301718404462
0.0012915263329310977,1291.5263329310976,23954.193098733107,24163.475633990063
-0.0031959808153694904,-3195.9808153694903,23954.193098733107,24033.75802119172
0.002514549783890237,2514.549783890237,23954.193098733107,23900.028523461464
-0.0057568611479783295,-5756.861147978329,23954.193098733107,23762.163061883883
-0.0020589145599834223,-2058.9145599834224,23954.193098733107,23620.033720051324
-0.00384016702039987,-3840.16702039987,23954.193098733107,23473.50862537858
0.0017045355642064507,1704.5355642064508,23954.193098733107,23322.451826746892
-0.006288528747760697,-6288.528747760697,23954.193098733107,23166.723168363704
0.001821560487644092,1821.560487644092,23954.193098733107,23006.178159721243
-0.013706375017358198,-13706.375017358198,23954.193098733107,22840.66784153314
0.0022115748048403537,2211.574804840354,23954.193098733107,22670.038647524783
-0.008318746557998271,-8318.74655799827,23954.193098733107,22526.51360231728
0.005701185292766131,5701.185292766131,23954.193098733107,22479.39349121325
0.0014386633980740672,1438.6633980740671,23954.193098733107,22430.816057085383
0.0021357300897188163,2135.7300897188165,23954.193098733107,22380.736228087582
-0.0035374788160524914,-3537.4788160524913,23954.193098733107,22329.107538399126
0.008124895342185145,8124.895342185145,23954.193098733107,22275.88208511206
0.008422560865745474,8422.560865745474,23954.193098733107,22221.010483785187
0.008964131449478,8964.131449478,23954.193098733107,22164.441822623463
0.0035919578849851574,3591.9578849851573,23954.193098733107,22106.12361524024
-0.0073413313738541685,-7341.331373854168,23954.193098733107,22046.00175195857
0.009025104856366952,9025.104856366952,23954.193098733107,22000.02749851432
0.0007871762249898833,787.1762249898833,23954.193098733107,21974.792462503377
-0.0008945664633205184,-894.5664633205184,23954.193098733107,21948.776961461168
0.004037089493708996,4037.089493708996,23954.193098733107,21921.95685729394
0.0021014023012648373,2101.402301264837,23954.193098733107,21894.307265368963
-0.00377856650334938,-3778.56650334938,23954.193098733107,21865.802531425692
-0.0011435107020789379,-1143.5107020789378,23954.193098733107,21836.416207772832
0.0018575414357359069,1857.5414357359068,23954.193098733107,21805.781946828156
0.005019501114103672,5019.501114103672,23954.193098733107,21773.83820322323
0.008486313791899224,8486.313791899223,23954.193098733107,21740.90650878516
-0.0023618588577046786,-2361.8588577046785,23954.193098733107,21706.956308333538
-0.0067993745910950735,-6799.374591095074,23954.193098733107,21671.956101682386
-0.005237199565207398,-5237.199565207398,23954.193098733107,21635.873414413156
0.004917341721520705,4917.341721520705,23954.193098733107,21598.674767743843
-0.001672032976388761,-1672.032976388761,23954.193098733107,21560.325647466205
0.005432769687204193,5432.769687204193,23954.193098733107,21141.988354698493
0.004275700430734017,4275.700430734018,23954.193098733107,20462.354749095262
0.0036604292595524414,3660.429259552441,23954.193098733107,19761.701547442444
0.0032969760846241975,3296.9760846241975,23954.193098733107,19039.378659140573
-0.00042028580052676527,-420.2858005267653,23954.193098733107,18294.71588769534
-0.0013671500560731309,-1367.1500560731308,23954.193098733107,17527.02230888583
-0.006722655239560553,-6722.655239560553,23954.193098733107,16890.698270753808
-0.003750490898037952,-3750.4908980379523,23954.193098733107,16374.271673794641
0.0063604454709747715,6360.4454709747715,23954.193098733107,15841.87312022848
-0.007495438853794883,-7495.438853794883,23954.193098733107,15180.253561053561
0.008058858827851555,8058.858827851555,23954.193098733107,14631.628333009414
0.0035142009739028584,3514.2009739028585,23954.193098733107,14578.231967933696
0.0021376140461427558,2137.614046142756,23954.193098733107,14523.184168886562
0.002342617459153779,2342.6174591537792,23954.193098733107,14466.43386059055
-0.0005938761069549799,-593.87610695498,23954.193098733107,14407.928388120434
-0.0013287644447553136,-1328.7644447553137,23954.193098733107,14347.613468048148
0.006000366860728745,6000.366860728745,23954.193098733107,14285.433138076722
0.007864372151376328,7864.372151376328,23954.193098733107,14221.329705116486
0.0004830084620384037,483.0084620384037,23954.193098733107,14155.243691755419
0.005366369947467,5366.369947467,23954.193098733107,14087.113781073906
-0.004056521771497213,-4056.5217714972127,23954.193098733107,14016.876759752759
3.444653037653147e-05,34.44653037653147,23954.193098733107,13944.46745942168
-0.0017237817134706842,-1723.7817134706843,23954.193098733107,13869.818696193763
-0.002695046894178132,-2695.0468941781323,23954.193098733107,13792.861208329932
-0.003014607525666089,-3014.6075256660893,23954.193098733107,13713.523591975467
-0.001945255580754323,-1945.255580754323,23954.193098733107,13699.961381432973
0.0017370162435911092,1737.016243591109,23954.193098733107,13692.716151665414
0.003292041438002312,3292.0414380023117,23954.193098733107,13685.246842626693
0.00024214331543330434,242.14331543330434,23954.193098733107,13677.546524030075
0.005897077180821065,5897.077180821066,23954.193098733107,13669.608051250056
0.00017190696437455495,171.90696437455495,23954.193098733107,13661.424058693334
-0.005308343787669979,-5308.343787669979,23954.193098733107,13652.986952964755
0.005411473783120646,5411.473783120647,23954.193098733107,13644.288905821892
0.001065054298193885,1065.054298193885,23954.193098733107,13635.321846911722
0.008071179246328709,8071.179246328708,23954.193098733107,13626.077456282681
-0.0054306194225752025,-5430.619422575202,23954.193098733107,13609.450046280805
-0.0033275617743794474,-3327.5617743794473,23954.193098733107,13588.176940405465
-0.0009282019333587167,-928.2019333587167,23954.193098733107,13566.245903420577
-0.002996747157693149,-2996.747157693149,23954.193098733107,13291.568889518456
0.0027903630072632344,2790.3630072632345,23954.193098733107,12883.068879283644
0.00010319739951718985,103.19739951718985,23954.193098733107,12508.385780885568
0.003468112326688649,3468.112326688649,23954.193098733107,12269.677431838507
-0.0005829004605375495,-582.9004605375495,23954.193098733107,12023.58635034669
0.0005486216020201682,548.6216020201682,23954.193098733107,11769.884204478838
-0.007846416469047433,-7846.416469047433,23954.193098733107,11488.409843786923
-0.005612736904957436,-5612.736904957436,23954.193098733107,11128.2046045185
0.0,0.0,23954.193098733107,10756.858997025281
-0.00146031109710302,-1460.31109710302,23954.193098733107,10374.028473836397
-0.032175305113079346,-32175.305113079346,23954.193098733107,10040.948261555135
-0.02227279746700563,-22272.79746700563,28813.737730301,34317.86899482533
0.01379281882067069,13792.81882067069,28813.737730301,34193.8038206346
-0.0056327940337802035,-5632.794033780204,28813.737730301,34065.90157920086
0.021630259308704936,21630.259308704935,28813.737730301,33934.04359834132
0.00017830079391099746,178.30079391099747,28813.737730301,33798.107535599534
-0.014546364060831162,-14546.364060831162,28813.737730301,33657.96726473172
-0.0005428390615522205,-542.8390615522205,28813.737730301,33513.49275868242
-0.004498792190168632,-4498.792190168632,28813.737730301,33364.54996894087
-0.005103725853720405,-5103.725853720405,28813.737730301,33211.00070116608
-0.030767090130718308,-30767.09013071831,28813.737730301,33052.70248696527
0.017781566750237086,17781.566750237085,31485.279771722435,32889.5084517067
-0.01774387712430213,-17743.87712430213,31485.279771722435,32721.267178244252
-0.005555674827659452,-5555.674827659453,31485.279771722435,32547.822566427298
0.014709743627864166,14709.743627864165,31485.279771722435,32369.01368826549
0.01062417125316217,10624.17125316217,31485.279771722435,32184.674638614142
0.010585609928263988,10585.609928263988,31485.279771722435,32157.367591855636
-0.005940611530121059,-5940.611530121059,31485.279771722435,32137.916297778756
0.005501774441345164,5501.774441345164,31485.279771722435,32117.863417287124
0.006308018947865616,6308.018947865617,31485.279771722435,32097.19034461534
0.021182889765138137,21182.889765138138,31485.279771722435,32075.877898561957
-0.001816530926397894,-1816.530926397894,31485.279771722435,32053.90630469249
-0.009816293490765656,-9816.293490765656,31485.279771722435,32031.255176992006
-0.018861969622948154,-18861.969622948152,31485.279771722435,32007.903498950272
-0.0018728316437531818,-1872.8316437531819,31485.279771722435,31983.829604061884
-0.006860204679185552,-6860.204679185553,31485.279771722435,31959.01115572334
0.010382627048733268,10382.627048733268,31485.279771722435,31933.425126508348
0.0025971665261834286,2597.1665261834287,31485.279771722435,31907.04777680217
-0.017059161368154756,-17059.161368154757,31485.279771722435,31879.854632775183
-0.0186795124064896,-18679.5124064896,31485.279771722435,31851.820463675194
0.0034017495101193456,3401.7495101193454,31485.279771722435,31822.919258417474
-0.006701143822405133,-6701.1438224051335,31485.279771722435,31793.124201450755
0.016015415321976274,16015.415321976274,31485.279771722435,31762.407647876815
0.003358838761465308,3358.8387614653084,31485.279771722435,31730.74109780059
0.022764252371932123,22764.25237193212,31485.279771722435,31698.095169886954
-0.002187546446215248,-2187.546446215248,31485.279771722435,31664.439574099702
0.006076834012449042,6076.834012449042,31485.279771722435,31629.743083597383
0.013154527915438701,13154.5279154387,31485.279771722435,31593.973505759936
-0.03293901643181346,-32939.01643181346,31485.279771722435,31557.09765231927
-0.0015182657659228976,-1518.2657659228976,32564.797885633743,34738.25569647134
-0.023510203402969602,-23510.203402969604,32564.797885633743,34629.407025411994
0.0018952321645922196,1895.2321645922195,32564.797885633743,34517.191900608545
0.00022718667269244468,227.1866726924447,32564.797885633743,34401.506204934885
0.005022764010346429,5022.764010346429,32564.797885633743,34282.24260114761
-0.0003390916144993498,-339.0916144993498,32564.797885633743,34159.29043229475
-0.018637387169712236,-18637.387169712234,32564.797885633743,34032.53561904437
-0.019813377152400526,-19813.377152400528,32564.797885633743,33901.8605538378
-0.0010970928143730994,-1097.0928143730994,32564.797885633743,33767.143991769175
-0.015088961870799139,-15088.96187079914,32564.797885633743,33628.26093809017
-0.01641190058066348,-16411.900580663478,32564.797885633743,33485.08253223554
-0.026525014206582063,-26525.014206582062,32564.797885633743,33337.47592826168
-0.02677829254901674,-26778.29254901674,32564.797885633743,33185.3041715876
0.049289923442140234,49289.923442140236,32564.797885633743,33028.426071923604
0.007647988720035318,7647.988720035319,32564.797885633743,32931.059957914295
-0.0012907911920876588,-1290.7911920876588,32564.797885633743,32912.71659674205
0.008720693441223674,8720.693441223673,32564.797885633743,32893.80591512117
0.0010397921352743255,1039.7921352743256,32564.797885633743,32874.31036705842
-0.02415214790747097,-24152.147907470968,32564.797885633743,32854.211863900935
0.03294699935170742,32946.99935170742,32564.797885633743,32833.49175755301
0.007853701792506532,7853.701792506532,32564.797885633743,32812.13082317372
0.00935153053828952,9351.53053828952,32564.797885633743,32790.10924133939
0.004662556529286923,4662.556529286923,32564.797885633743,32767.406579654515
0.0035213347792119416,3521.3347792119416,32564.797885633743,32744.00177379382
0.00038620477056734107,386.2047705673411,32564.797885633743,32719.873107958054
-0.006119543478667905,-6119.543478667904,32564.797885633743,32694.9981947253
0.011395584446881915,11395.584446881916,32564.797885633743,32669.353954279166
0.0024168964251926432,2416.896425192643,32564.797885633743,32642.916592994494
0.007558153321862968,7558.153321862968,32564.797885633743,32615.661581360808
0.013222209176101955,13222.209176101955,32564.797885633743,32587.563631222987
-0.013602567478203717,-13602.567478203717,32564.797885633743,32558.596672318017
0.002090182606797119,2090.1826067971188,32564.797885633743,32528.73382808609
0.0005313496405565997,531.3496405565998,32564.797885633743,32497.94739073359
0.008425795602145581,8425.795602145581,32564.797885633743,32466.208795524824
-0.007629300139885975,-7629.300139885974,32564.797885633743,32433.488594278675
-0.0013278451028162824,-1327.8451028162824,32564.797885633743,32399.75642804553
0.01570683338481388,15706.83338481388,32564.797885633743,32364.980998939198
0.008744079080150784,8744.079080150783,32564.797885633743,32329.130041097615
0.00048149040727252755,481.49040727252753,32564.797885633743,32292.17029074547
0.007010840125362425,7010.840125362425,32564.797885633743,32254.06745533089
0.004183031821400519,4183.031821400519,31485.279771722435,32212.84827293002
-0.0013190680499714715,-1319.0680499714715,31485.279771722435,32165.640629674694
-0.009578617297069884,-9578.617297069884,31485.279771722435,32029.007031061188
0.0012208432732935864,1220.8432732935864,28812.579315684532,31881.19847135538
0.0005544364295864127,554.4364295864127,28812.579315684532,31735.98261567092
0.012777380473242105,12777.380473242105,28812.579315684532,31586.27554795499
0.00324173006029446,3241.73006029446,28812.579315684532,31431.938364742688
-0.002220726471015784,-2220.7264710157838,28812.579315684532,31272.827866585674
0.010838348054366481,10838.348054366481,28812.579315684532,31108.796425186694
0.00172904477354513,1729.04477354513,28812.579315684532,30939.691846424856
0.002013447629473089,2013.447629473089,28812.579315684532,30765.18918802632
-0.0035622440202592084,-3562.2440202592084,28812.579315684532,30568.03453711599
0.0061808447453540775,6180.8447453540775,28812.579315684532,30364.782319682654
0.0013603983052481337,1360.3983052481337,28812.579315684532,30155.243951194687
-0.0007157684079118732,-715.7684079118732,28812.579315684532,29939.22501460915
-0.00042970708961711477,-429.7070896171148,28812.579315684532,29716.525079984884
-0.001864200726299147,-1864.200726299147,28812.579315684532,29486.937518516574
0.006224309131067444,6224.3091310674445,28812.579315684532,29250.24931081728
-0.0036440324701241425,-3644.0324701241425,28812.579315684532,29006.240849271613
-0.001360982982899493,-1360.982982899493,28812.579315684532,28754.68573427609
-0.006075330989863868,-6075.330989863868,28812.579315684532,28495.350564177603
-0.008400672208304172,-8400.672208304171,28812.579315684532,28227.99471871525
-0.002001929800306788,-2001.929800306788,28812.579315684532,27952.37013576437
0.014397065458978639,14397.065458978639,28812.579315684532,27668.221081175834
0.00376391747932087,3763.9174793208704,28812.579315684532,27375.28391149693
0.006597388549763132,6597.388549763132,28812.579315684532,27073.286829353732
-0.0006400000218451302,-640.0000218451303,28812.579315684532,26777.61468233468
0.0005333617919388972,533.3617919388971,28812.579315684532,26764.301742425745
0.0036193354391626216,3619.3354391626217,28812.579315684532,26750.57706210726
0.00024790608028092285,247.90608028092285,28812.579315684532,26736.427907139747
-0.0030144539184593323,-3014.4539184593323,28812.579315684532,26721.84114944128
0.011231311109882977,11231.311109882976,28812.579315684532,26706.803254906776
-0.019433924861200446,-19433.924861200445,28812.579315684532,26691.30027085059
-0.0007522972286952581,-752.2972286952581,28812.579315684532,26675.317813060705
0.00742648371817214,7426.4837181721405,28812.579315684532,26658.841052452575
-0.005242803171190133,-5242.803171190133,28812.579315684532,26641.854701310178
0.003783286688334231,3783.2866883342313,28812.579315684532,26624.34299910152
0.006285643664199864,6285.643664199864,28812.579315684532,26606.289697855475
0.01178947687627458,11789.47687627458,28812.579315684532,26587.67804708636
0.000489681716675647,489.68171667564707,28812.579315684532,26568.490778252224
0.0015723548374752395,1572.3548374752395,28812.579315684532,26548.710088732492
0.0026499318156743517,2649.9318156743516,28812.579315684532,26528.31762531009
0.004828493966402954,4828.493966402953,28812.579315684532,26374.341402446556
0.0007620895477611666,762.0895477611666,28812.579315684532,26190.050556804388
-0.005138008178757305,-5138.008178757305,28812.579315684532,26000.05999428669
0.0034051457502650585,3405.1457502650583,28812.579315684532,25804.193434990095
-0.00027753686214590246,-277.53686214590243,28812.579315684532,25602.26914705546
0.006743113884890322,6743.113884890322,28812.579315684532,25394.09977805068
-0.0006550256211311563,-655.0256211311563,28812.579315684532,25179.49218113854
0.0006550256211311423,655.0256211311423,28812.579315684532,24958.24723586829
-0.0024499244496334195,-2449.9244496334195,28812.579315684532,24730.159663424733
0.001967315594735424,1967.315594735424,28812.579315684532,24495.017836163333
0.0008616381997520934,861.6381997520934,28812.579315684532,24252.603581254672
0.008951444492479458,8951.444492479457,28812.579315684532,24106.339401993388
-0.002221805361006683,-2221.805361006683,28812.579315684532,24027.372034589083
-0.0006161429646556433,-616.1429646556434,28812.579315684532,23945.96237747125
0.0046459278046626735,4645.927804662673,28812.579315684532,23862.034895906465
0.0015665443879318986,1566.5443879318987,28812.579315684532,23775.51171903556
0.0005102995569071246,510.29955690712455,28812.579315684532,23686.31256762225
-0.007544886686361459,-7544.8866863614585,28812.579315684532,23594.354679567296
-0.0021612729042788225,-2161.2729042788224,28812.579315684532,23468.063412179825
0.009740170304018322,9740.170304018322,28812.579315684532,23081.373329773487
-0.004123717183862041,-4123.717183862041,28812.579315684532,22682.72376028241
-0.0168406907277344,-16840.6907277344,28812.579315684532,22270.983957838314
-0.0013901924179654515,-1390.1924179654516,28812.579315684532,21541.046038362783
-0.0030303581245666403,-3030.3581245666405,28812.579315684532,20788.53271931584
0.005010797595413184,5010.797595413184,28812.579315684532,20012.745792463327
-0.025451317550448584,-25451.317550448584,28812.579315684532,19799.283103906993
0.009003002716545673,9003.002716545672,28812.579315684532,26145.81495847506
0.005840357170304924,5840.357170304924,28812.579315684532,26124.81574830398
0.009218586130617143,9218.586130617143,28812.579315684532,26103.16707802452
-0.006486056842347886,-6486.056842347886,28812.579315684532,26080.848861241568
-0.006634047391712766,-6634.0473917127665,28812.579315684532,26057.84039033131
0.008975273236183393,8975.273236183393,28812.579315684532,26034.12031722795
-0.0030761725939151916,-3076.1725939151916,28812.579315684532,26009.666633616238
-0.012293865319353498,-12293.865319353497,28812.579315684532,25984.45665051138
0.0022658085173382207,2265.8085173382206,28812.579315684532,25958.466977207405
-0.009344036152400936,-9344.036152400935,28812.579315684532,25931.67349957444
-0.0067333086309982896,-6733.308630998289,28812.579315684532,25904.051357684784
0.0027274375421899866,2727.4375421899867,28812.579315684532,25875.574922746997
-0.01356686874231894,-13566.86874231894,28812.579315684532,25846.217773326596
-0.0025461966324087106,-2546.1966324087107,28812.579315684532,25815.95267083134
0.021474433567707445,21474.433567707445,28812.579315684532,25784.751534238287
0.008624873781760158,8624.873781760158,28812.579315684532,25752.58541403927
0.006481634640595636,6481.634640595636,28812.579315684532,25719.424465380485
0.009957283771481626,9957.283771481625,28812.579315684532,25685.23792037143
0.004578413186516815,4578.413186516815,28812.579315684532,25649.994059537352
-0.00024226902362969375,-242.26902362969375,28812.579315684532,25613.66018238882
-0.0017668767263550364,-1766.8767263550365,28812.579315684532,25576.20257708105
0.00411786660744103,4117.86660744103,28812.579315684532,25537.5864891349
-0.0011056597076897325,-1105.6597076897324,28812.579315684532,25497.776089190414
0.00038020842792509455,380.20842792509455,28812.579315684532,25456.73443976311
0.010416581802112461,10416.581802112461,28812.579315684532,25407.21015035961
0.0022546383342556984,2254.6383342556983,28812.579315684532,25355.062349284777
0.009509003254210823,9509.003254210822,28812.579315684532,25301.30172962
-0.0063066021254082226,-6306.6021254082225,28812.579315684532,25245.878410377965
-0.001225240096101021,-1225.240096101021,28812.579315684532,25188.7409678604
-0.009856342626145966,-9856.342626145966,28812.579315684532,25129.83638794539
-0.0009978838809575207,-997.8838809575207,28812.579315684532,25069.110016898983
0.0035397050550698777,3539.7050550698777,28812.579315684532,25006.505510665575
0.005132603226520216,5132.603226520216,28812.579315684532,24941.964782589897
0.009037536455876646,9037.536455876647,28812.579315684532,24875.42794952219
0.002600957402037226,2600.957402037226,28812.579315684532,24806.833276256508
0.007963350383681156,7963.350383681155,28812.579315684532,24736.11711825065
-0.0011385327553404111,-1138.532755340411,28812.579315684532,24663.213862574514
-0.005510026035649662,-5510.026035649662,28812.579315684532,24588.0558670321
0.0012457704343415206,1245.7704343415207,28812.579315684532,24510.57339740075
0.004766709260529881,4766.70926052988,28812.579315684532,24430.69456272925
0.002341451430981789,2341.451430981789,28812.579315684532,24348.345248634923
0.004466971892052209,4466.971892052209,28812.579315684532,24263.449048537677
0.0003325573692106717,332.55736921067165,28812.579315684532,24175.92719276732
-0.0034640143887934385,-3464.0143887934387,28812.579315684532,23822.078482752924
-0.006594718017083698,-6594.718017083697,28812.579315684532,22916.035659236408
0.003654227376272804,3654.227376272804,28812.579315684532,20134.06126959488
-0.005570484203093241,-5570.4842030932405,28812.579315684532,19742.329622557976
0.002453494097145761,2453.4940971457613,28812.579315684532,19661.324199429047
0.007124609937297794,7124.609937297793,28812.579315684532,19577.813453935305
0.004688521731463983,4688.521731463983,28812.579315684532,19491.7199018799
-0.004788516731797121,-4788.516731797121,28812.579315684532,19384.218664998585
0.006677654753240497,6677.654753240497,28812.579315684532,19237.319298447834
-0.0018227920270584552,-1822.7920270584552,28812.579315684532,19085.876652519222
-0.0024577381264604754,-2457.7381264604755,28812.579315684532,18929.750213417563
-0.011000696073889073,-11000.696073889072,28812.579315684532,18674.9814110634
-0.008746066860945584,-8746.066860945584,28812.579315684532,18065.885502705794
-0.007557997371071723,-7557.997371071723,28812.579315684532,17048.874069027937
-0.030534604543624784,-30534.604543624784,28812.579315684532,17021.718689043606
0.013925560046876,13925.560046876,30653.172193042483,30617.106898678896
0.0005905135902878792,590.5135902878792,30653.172193042483,30612.328716265434
0.019430106267758873,19430.106267758874,30653.172193042483,30607.402755014446
-0.006834829423175046,-6834.829423175046,30653.172193042483,30602.324444446414
-0.012248078729853994,-12248.078729853994,30653.172193042483,30597.089072726794
0.015432086075959927,15432.086075959927,30653.172193042483,30591.691782294198
-0.030013528755319773,-30013.528755319774,30653.172193042483,30586.127565353378
0.0026382919181654222,2638.2919181654224,30653.172193042483,30580.391259228818
0.01464716683018384,14647.16683018384,30653.172193042483,30574.477541574634
0.011975778903237711,11975.778903237711,30653.172193042483,30568.3809254363
-0.007692081469401305,-7692.081469401305,30653.172193042483,30562.095754159665
0.008102492227923658,8102.492227923658,30653.172193042483,30555.616196142517
-0.0003077922768437453,-307.7922768437453,30653.172193042483,30548.93623942381
-0.02602319368578636,-26023.19368578636,30653.172193042483,30542.04968610555
0.010997754209541284,10997.754209541285,30653.172193042483,30534.950146602194
-0.003931328666926223,-3931.328666926223,30653.172193042483,30527.600618662873
0.007016841350783979,7016.84135078398,30653.172193042483,30520.02223176498
0.01269214073013629,12692.140730136289,30653.172193042483,30512.209461767146
-0.0004444216609051921,-444.4216609051921,30653.172193042483,30504.15505970753
-0.00586431489085587,-5864.31489085587,30653.172193042483,30495.85155242957
0.011286415507708042,11286.415507708041,30653.172193042483,30487.29123564817
0.012773464656172117,12773.464656172117,30653.172193042483,30478.466166801365
0.0007719805038764873,771.9805038764873,30653.172193042483,30469.36815768095
0.0005031446647023292,503.1446647023292,30653.172193042483,30459.98876683516
-0.00023476934020254418,-234.76934020254419,30653.172193042483,30450.319291736407
0.007085827969657585,7085.8279696575855,30653.172193042483,30440.350760706766
0.00345779511326445,3457.79511326445,30653.172193042483,30430.073924593733
-0.0006640326948074076,-664.0326948074077,30653.172193042483,30419.47924818854
-0.0030935575606900506,-3093.5575606900507,30653.172193042483,30408.55690137907
0.002528782874160881,2528.782874160881,30653.172193042483,30397.296750029098
0.0005979867956674185,597.9867956674185,30653.172193042483,30385.68834657552
-6.642532135699637e-05,-66.42532135699636,30653.172193042483,30373.720920334716
-0.00934336749073724,-9343.36749073724,30653.172193042483,30361.383367509145
-0.0002347063666493626,-234.7063666493626,30653.172193042483,30348.664240884846
-0.007877767645892712,-7877.767645892712,30653.172193042483,30335.55173921031
0.005897336338852228,5897.3363388522275,30653.172193042483,30322.033696246872
-0.0020853661992046215,-2085.3661992046214,30653.172193042483,30308.09756948044
-0.0054017687054203015,-5401.768705420302,30653.172193042483,30293.730428484116
0.00462705792008793,4627.05792008793,30653.172193042483,30278.9189429209
-0.011966041661981413,-11966.041661981413,30653.172193042483,30263.649370175313
-0.01782259458448191,-17822.59458448191,30653.172193042483,30247.907542602545
0.008159359331687528,8159.359331687528,30653.172193042483,30231.678854383197
0.013441384371679039,13441.38437167904,30653.172193042483,30214.948247971497
-0.004323926182507427,-4323.926182507427,30653.172193042483,30197.70020012438
-0.015646542614610275,-15646.542614610275,30653.172193042483,30179.91870749849
0.009451605373010367,9451.605373010367,30653.172193042483,30161.587271801698
0.006740714305222779,6740.714305222779,30279.277407355326,30141.756548354624
0.01031356678970247,10313.56678970247,30279.277407355326,30122.273674832682
-0.001114432008354302,-1114.4320083543018,30279.277407355326,30102.188238212126
0.009851633903743719,9851.63390374372,30279.277407355326,30081.48160252083
-0.0016072867108720265,-1607.2867108720266,30279.277407355326,30060.1345554164
0.002944721710284852,2944.721710284852,30279.277407355326,30038.127290360288
-0.004386779743105105,-4386.779743105105,30279.277407355326,30015.439388240586
0.006756330470514366,6756.3304705143655,30279.277407355326,29774.249924049207
-0.0032721231198253905,-3272.1231198253904,30279.277407355326,29505.627685657946
0.0029053769873867335,2905.3769873867336,30279.277407355326,29228.697542986545
0.0016326534238853118,1632.653423885312,28428.26301423128,28929.117893890347
0.004086588075054438,4086.588075054438,28428.26301423128,28634.79315941123
0.005620778560734365,5620.778560734365,28428.26301423128,28331.36559809255
-0.000296779939854669,-296.779939854669,28428.26301423128,28018.553679207318
0.003062486957632148,3062.486957632148,28428.26301423128,27696.067164892644
-0.0026667999408955855,-2666.7999408955857,28428.26301423128,27363.606840856894
0.009221191892143692,9221.191892143692,28428.26301423128,27020.864238758186
0.0040097199653783494,4009.7199653783496,28428.26301423128,26517.18031236883
-0.0011067709463109282,-1106.7709463109281,28428.26301423128,26471.45228200373
0.0002279647641482884,227.9647641482884,28428.26301423128,26424.30998265827
0.0035106004069305257,3510.600406930526,28428.26301423128,26375.709674054702
0.0024630554323975926,2463.0554323975925,28428.26301423128,26325.60626312319
-0.0019115818486030943,-1911.5818486030944,28428.26301423128,26273.953262162868
0.002105775460243472,2105.775460243472,28428.26301423128,26220.702745708928
0.0003235722403253256,323.5722403253256,28428.26301423128,26165.80530606569
0.0014547808271704742,1454.7808271704741,28428.26301423128,26109.210007464415
0.007210254303198988,7210.254303198988,28428.26301423128,26050.864338803305
0.0007374040506632811,737.404050663281,28428.26301423128,25989.69562976353
-0.0002884846562197711,-288.4846562197711,28428.26301423128,25925.74053548063
-0.0037257149247632484,-3725.7149247632483,28428.26301423128,25859.807448591037
-0.001610202589306115,-1610.202589306115,28428.26301423128,25791.835194065687
0.002221400395153598,2221.400395153598,28428.26301423128,25721.760704864293
0.007720314482112469,7720.314482112469,28428.26301423128,25649.51896341956
0.0022631295020707097,2263.12950207071,28428.26301423128,25575.042941311585
0.004447558001639297,4447.558001639297,28428.26301423128,25498.263537076564
-0.0037155284968069797,-3715.5284968069795,28428.26301423128,24767.80016580963
-0.008531084570325871,-8531.084570325871,28428.26301423128,18758.648387140394
-0.006729045497416169,-6729.045497416169,28428.26301423128,18581.348726645883
0.006151289101951404,6151.289101951404,26654.186161223748,18518.164137710562
0.001796369251910598,1796.369251910598,26654.186161223748,18456.087867117203
0.009092566910403822,9092.566910403822,26654.186161223748,18388.934515076264
-0.0031491079702347996,-3149.1079702347997,26654.186161223748,18322.959097291845
-0.001115697984750473,-1115.6979847504729,26654.186161223748,18254.943202668732
0.002834622488845881,2834.622488845881,26654.186161223748,18184.823723675832
0.008582112685313432,8582.112685313432,26654.186161223748,18112.53560100274
0.000598943985120766,598.943985120766,26654.186161223748,18235.311454329898
0.0068465453837873004,6846.5453837873,26654.186161223748,18078.171958080988
0.00021906833454850974,219.06833454850974,26654.186161223748,17923.788839437333
6.258213907777411e-05,62.58213907777411,26654.186161223748,17788.1707435497
0.004090623824595278,4090.623824595278,26654.186161223748,17690.72557260628
-0.0005299004222928144,-529.9004222928144,26408.294106033853,17585.31057575638
0.0015265989412329344,1526.5989412329343,25742.97437947085,17476.635321271944
3.1130827304256394e-05,31.130827304256393,25742.97437947085,17369.866335070514
0.005309169991419418,5309.169991419418,25742.97437947085,17259.795215275222
-0.0002477547240916832,-247.7547240916832,25742.97437947085,17146.319834042963
-0.005528479466007254,-5528.479466007254,25742.97437947085,17029.334904937543
0.0024263551269726896,2426.3551269726895,25742.97437947085,16908.73188524123
0.009308433918048918,9308.433918048917,25742.97437947085,16773.157613103238
-0.007601074787226067,-7601.074787226066,25742.97437947085,16634.492263697768
0.003807759418467199,3807.759418467199,25742.97437947085,16491.538295238526
-0.0028157266000295596,-2815.7266000295594,25742.97437947085,16344.163070022805
0.005315380727568013,5315.380727568014,25742.97437947085,16192.229848150932
0.0067578202195817845,6757.820219581785,25742.97437947085,16035.597660654155
-0.0028818463748889263,-2881.846374888926,25742.97437947085,15874.121178698715
0.006853742827874079,6853.742827874079,25742.97437947085,15707.650578744653
-0.0015257860756819445,-1525.7860756819446,25742.97437947085,15450.930701476289
0.002257337301650086,2257.337301650086,25742.97437947085,15137.758620240524
0.008283945356269584,8283.945356269583,25742.97437947085,14814.900804533543
0.0031077008431860645,3107.7008431860645,25742.97437947085,14482.057695557276
-0.001960045859318137,-1960.0458593181372,25742.97437947085,14199.5213445461
0.0001207292045410948,120.7292045410948,25742.97437947085,13859.991067063034
0.0011462010726118045,1146.2010726118044,25742.97437947085,13257.497103156538
-0.008932821439592634,-8932.821439592633,25742.97437947085,12281.60977528995
-0.016159304202455257,-16159.304202455256,25742.97437947085,12256.77670097505
0.010424608926697842,10424.608926697842,25742.97437947085,16653.838400622033
-0.0008263072190558795,-826.3072190558795,25742.97437947085,16639.85084801777
0.003240106762491162,3240.106762491162,25742.97437947085,16625.43069069379
-0.018324837929029017,-18324.837929029018,25742.97437947085,16610.564549122675
0.007401133110465286,7401.133110465286,25742.97437947085,18897.20482982917
0.01512628736597954,15126.28736597954,25742.97437947085,18874.379087359106
0.01148187620007645,11481.876200076451,25742.97437947085,18850.847394090997
0.0033591297857059428,3359.1297857059426,25742.97437947085,18826.58791649501
-0.005343913765091937,-5343.913765091937,25742.97437947085,18801.578145777494
0.007437654248203423,7437.654248203423,25742.97437947085,18775.794876996555
0.0017314987757339484,1731.4987757339484,25742.97437947085,18749.214187531667
0.006422094974697104,6422.094974697104,25742.97437947085,18721.81141488745
-0.0010674891299548971,-1067.4891299548972,25742.97437947085,18693.56113381094
0.001600806673928127,1600.806673928127,25742.97437947085,18664.437132701136
-0.0025803404348503393,-2580.3404348503395,25742.97437947085,18634.412389288966
0.004769884760193816,4769.884760193816,25742.97437947085,18603.45904556508
-0.004116755654919657,-4116.755654919657,25742.97437947085,18571.548381932207
-0.01035165784981329,-10351.65784981329,25742.97437947085,18538.650790558113
-0.03372785009456022,-33727.85009456022,25742.97437947085,18504.735747904408
-0.030770689434545594,-30770.689434545595,28058.264571248394,33727.85009456022
-0.0036850157857990506,-3685.0157857990507,30279.277407355326,33727.85009456022
-0.045951500361364486,-45951.50036136449,30279.277407355326,33727.85009456022
-0.004210390712237337,-4210.3907122373375,30655.0078379944,45951.50036136449
0.042395049471180134,42395.04947118014,30655.0078379944,45951.50036136449
-0.029050341798320847,-29050.341798320846,30655.0078379944,45951.50036136449
0.04117365130685882,41173.651306858825,30655.0078379944,45951.50036136449
-0.03380676881102991,-33806.76881102991,30655.0078379944,45951.50036136449
-0.01666927515814261,-16669.27515814261,32278.84137115305,45951.50036136449
-0.08131259183061472,-81312.59183061472,32278.84137115305,45951.50036136449
0.05045058080008719,50450.58080008719,33768.09863995976,81312.59183061472
-0.04997663850280371,-49976.63850280371,33768.09863995976,81312.59183061472
-0.10056891641755006,-100568.91641755006,40000.58190170052,81312.59183061472
0.08202806746350941,82028.0674635094,48004.32081349848,100568.91641755006
-0.11588653572900726,-115886.53572900726,48004.32081349848,100568.91641755006
0.05258493432462959,52584.93432462959,65957.97469998726,115886.53572900726
-0.051959738930711104,-51959.7389307111,65957.97469998726,115886.53572900726
0.0021227453809785743,2122.7453809785743,66929.69390966189,115886.53572900726
-0.049913409217327044,-49913.40921732705,66929.69390966189,115886.53572900726
-0.02590072843215724,-25900.728432157237,66929.69390966189,115886.53572900726
0.08673100577630923,86731.00577630922,66929.69390966189,115886.53572900726
0.014859235721962022,14859.23572196202,66929.69390966189,115886.53572900726
0.0567486248305192,56748.6248305192,66929.69390966189,115886.53572900726
-0.030238206031513816,-30238.206031513815,66929.69390966189,115886.53572900726
0.03195954144745464,31959.541447454638,66929.69390966189,115886.53572900726
-0.015017609921147439,-15017.60992114744,66929.69390966189,115886.53572900726
-0.046049016692859705,-46049.0166928597,66929.69390966189,115886.53572900726
0.022813150485502275,22813.150485502276,66929.69390966189,115886.53572900726
-0.014559674819510617,-14559.674819510617,66929.69390966189,115886.53572900726
0.06500680262861715,65006.802628617144,66929.69390966189,115723.31665802049
0.0010188872369589197,1018.8872369589197,66929.69390966189,115474.18558948651
0.03301731770989906,33017.31770989906,66929.69390966189,115217.34943635871
0.01510269004366605,15102.69004366605,66929.69390966189,114952.56989705168
-0.009172057223049644,-9172.057223049644,66929.69390966189,114679.60129982795
0.029066305757096515,29066.305757096514,66929.69390966189,114398.19037485504
-0.02147709655140405,-21477.096551404047,66929.69390966189,114108.07601921285
0.004812709070291222,4812.709070291222,66929.69390966189,113808.98905463328
0.026656932454421675,26656.932454421676,66929.69390966189,113500.65197774713
-0.017774960706990806,-17774.960706990805,66929.69390966189,113182.77870260675
-0.030833807691255787,-30833.807691255788,66929.69390966189,112855.07429524555
0.021951835943824834,21951.835943824834,66929.69390966189,112517.23470002781
-7.166147124082855e-05,-71.66147124082855,66929.69390966189,112168.9464575353
0.013842405885917959,13842.405885917959,66929.69390966189,111809.8864137286
0.014315531656692278,14315.531656692277,66929.69390966189,111439.72142011343
-0.004609107639321234,-4609.107639321234,66929.69390966189,111058.10802463387
0.025841766868566745,25841.766868566745,66929.69390966189,110664.69215300547
-0.009354348736810944,-9354.348736810944,66929.69390966189,110259.10878019268
-0.026830154387791197,-26830.154387791197,66929.69390966189,109840.98159172588
0.002754433551623337,2754.433551623337,66929.69390966189,109409.92263454362
0.009196919641022802,9196.919641022801,66929.69390966189,108965.53195703613
-0.006801793280289775,-6801.793280289775,66929.69390966189,108507.39723795626
0.01199461865261002,11994.618652610021,66929.69390966189,108035.09340385329
0.016410766141859788,16410.76614185979,66929.69390966189,107548.18223467497
0.0002051492467961305,205.1492467961305,66929.69390966189,107046.21195717154
-0.020132938253094212,-20132.938253094213,66929.69390966189,106528.71682572471
-0.017844104134929498,-17844.104134929497,66929.69390966189,105995.21669021252
0.01189628728631343,11896.287286313429,66929.69390966189,105445.21655050923
0.004586441300195863,4586.441300195863,66929.69390966189,104878.20609720686
0.03000500346942315,30005.003469423147,66929.69390966189,104293.65923813226
-0.010324299075652603,-10324.299075652603,66929.69390966189,103691.0336102203
0.01684536352353356,16845.36352353356,66929.69390966189,103069.77007629044
-0.006927926866187714,-6927.926866187714,66929.69390966189,102429.29220625966
0.0018972766227946618,1897.2766227946618,66929.69390966189,101769.0057423104
0.012245325587407025,12245.325587407026,66929.69390966189,101088.29804751735
0.014769356270295764,14769.356270295764,66929.69390966189,100321.64402274584
-0.0018466616954351228,-1846.6616954351227,66929.69390966189,99340.75859704019
0.004445988650450142,4445.988650450142,66929.69390966189,98329.53650868384
0.00403365198389909,4033.65198389909,66929.69390966189,97287.03951037834
0.008246058165728905,8246.058165728906,66929.69390966189,96212.3003368675
0.013220455023613697,13220.455023613697,66929.69390966189,95104.32180747489
-0.0026301455326268857,-2630.1455326268856,66929.69390966189,93962.07590088456
0.025306566913914936,25306.566913914936,66929.69390966189,92784.50280130692
0.012014960735385185,12014.960735385184,66929.69390966189,91570.50991514439
-0.007484623210265266,-7484.623210265267,66929.69390966189,90318.97085724489
-0.005595600651830415,-5595.600651830415,66929.69390966189,89028.72440580209
-0.0593773592195642,-59377.3592195642,66929.69390966189,87698.57342493322
0.011904508829399474,11904.508829399474,70564.32785119992,86327.2837539344
0.009292348380728439,9292.34838072844,70564.32785119992,84913.58306218304
0.019064786071044084,19064.786071044084,70564.32785119992,83456.15966862492
-0.004162536828983974,-4162.536828983974,70564.32785119992,81953.66132475059
0.0003849608670662845,384.9608670662845,70564.32785119992,81056.57241621333
-0.01012226172711593,-10122.26172711593,70564.32785119992,80606.26776194274
0.006394750984446144,6394.750984446144,70564.32785119992,80142.03615960194
0.0045931312381870554,4593.131238187056,70564.32785119992,79663.44687883822
-0.02583972115718428,-25839.721157184278,70564.32785119992,79170.0558677416
0.010663453130150734,10663.453130150734,70564.32785119992,78661.40534083787
-0.02403803591749662,-24038.035917496618,70564.32785119992,78137.02335433917
0.014590588195586026,14590.588195586026,70564.32785119992,77596.42336825804
0.012728215959953638,12728.215959953639,70564.32785119992,77039.10379497852
0.0069803799464181315,6980.379946418131,70564.32785119992,76464.54753386563
0.005491784175846512,5491.784175846512,70564.32785119992,75872.22149148119
0.015319394432714597,15319.394432714596,70564.32785119992,75261.57608696117
-0.010367386741231301,-10367.386741231301,70564.32785119992,74632.04474209515
0.007619568263232232,7619.568263232232,70564.32785119992,73983.04335563534
-0.005709226367949769,-5709.226367949769,70564.32785119992,73313.96976134689
0.010158797431093925,10158.797431093924,70564.32785119992,72624.20316929692
-0.00869666945693643,-8696.66945693643,70564.32785119992,71913.10358986397
0.012875714360045367,12875.714360045367,70564.32785119992,71180.0112399331
0.00914531086433023,9145.31086433023,70564.32785119992,70424.24593072601
-0.003298895061949936,-3298.895061949936,70564.32785119992,69645.10643669809
0.0028948985991932696,2894.8985991932695,70564.32785119992,68841.86984491671
0.008049080667821524,8049.080667821524,70564.32785119992,68013.79088431736
0.0021252683834538403,2125.26838345384,70564.32785119992,67160.10123421495
0.005675993577768405,5675.993577768405,70564.32785119992,66280.00881142895
-0.01200346812022664,-12003.468120226638,70564.32785119992,65372.69703536091
-0.006461255082887951,-6461.255082887951,70564.32785119992,64437.32407034231
0.0072659844587000385,7265.984458700039,70564.32785119992,63473.022044549936
-0.0063626279608531705,-6362.62796085317,70564.32785119992,62478.89624476399
0.012223766990418128,12223.766990418128,70564.32785119992,61454.024286221786
-0.0035742935692733274,-3574.293569273327,70564.32785119992,60397.45525679682
0.007871151202366014,7871.151202366014,70564.32785119992,59354.613836343575
0.006928046511061834,6928.046511061833,70564.32785119992,58985.251112166814
0.0038552070212046034,3855.2070212046033,70564.32785119992,58604.46479858252
0.006191783226164972,6191.783226164973,70564.32785119992,58211.9015887018
0.00666228981280653,6662.28981280653,70564.32785119992,57807.19724861859
0.0007175960840151317,717.5960840151317,70564.32785119992,57389.97627946064
0.0029844532254355203,2984.4532254355204,70564.32785119992,56959.851568988524
-0.008288869516790387,-8288.869516790388,70564.32785119992,56516.42403241934
0.013846007783410998,13846.007783410998,70564.32785119992,56059.282242141824
-0.001809364694909132,-1809.364694909132,70564.32785119992,55588.00204597944
2.9688126236080855e-05,29.688126236080855,70564.32785119992,55102.14617364708
0.0031715476751447034,3171.5476751447036,70564.32785119992,54601.2638310364
0.0021580083757321636,2158.0083757321636,70564.32785119992,54084.89028195323
-0.004172406070852801,-4172.406070852801,70564.32785119992,53552.54641691903
0.003108764772205996,3108.764772205996,70564.32785119992,53003.73830863635
0.003541080187454701,3541.080187454701,70564.32785119992,52437.95675370575
0.010082148709079156,10082.148709079156,70564.32785119992,51853.47316646074
0.0034932499425921457,3493.2499425921455,70564.32785119992,51245.264670038145
0.00997564981453951,9975.64981453951,70564.32785119992,50618.24560156123
0.002184222739337475,2184.222739337475,70564.32785119992,49976.490329083266
0.00643861948737626,6438.61948737626,70564.32785119992,49955.93723273251
-0.0036291457054639636,-3629.1457054639636,70564.32785119992,49934.748473608015
0.009374489874833395,9374.489874833394,70564.32785119992,49888.89941134915
0.014360376301202174,14360.376301202174,70564.32785119992,48795.54534445117
-0.035020432911289257,-35020.43291128926,70564.32785119992,47668.37620331924
-0.00819819697201637,-8198.19697201637,70564.32785119992,46506.34616091519
-0.027703094534528027,-27703.094534528027,70564.32785119992,46026.51277889371
0.019554857881722672,19554.857881722673,70564.32785119992,45988.987408335495
-0.017516182314287875,-17516.182314287875,70564.32785119992,45944.211316638
0.000509020147228373,509.02014722837305,70564.32785119992,45701.735500149414
0.013085299418138052,13085.299418138053,70564.32785119992,45451.760431604474
0.005039575671918428,5039.575671918428,70564.32785119992,45194.05417537258
-0.003976499739057882,-3976.4997390578824,70564.32785119992,44928.37762255619
-0.00883413684047753,-8834.136840477531,70564.32785119992,44654.48426913723
-0.015574441951651464,-15574.441951651464,70564.32785119992,44372.11998726202
-0.011191990551341234,-11191.990551341234,70564.32785119992,44081.022789452516
0.010132908827414041,10132.908827414041,70564.32785119992,43780.92258552521
-0.02346418183163135,-23464.18183163135,70564.32785119992,43471.54093199188
0.0026619633758426194,2661.9633758426194,70564.32785119992,43152.590773710115
0.016037631198502954,16037.631198502953,70564.32785119992,42823.77617754335
0.01647294837188306,16472.94837188306,70564.32785119992,42484.79205778378
-0.005460887310649944,-5460.887310649944,70564.32785119992,42135.32389308321
0.00755331349405914,7553.31349405914,70564.32785119992,41775.047434629
0.006399497976010724,6399.497976010724,70564.32785119992,41403.628405294774
-0.009539781387464022,-9539.781387464021,70564.32785119992,41020.72218948629
0.017577649721718613,17577.64972171861,70564.32785119992,40625.97351339507
-0.014317931238014234,-14317.931238014235,70564.32785119992,40219.01611536288
0.017256862407638216,17256.862407638215,70564.32785119992,39799.47240605135
0.008823500725371058,8823.500725371057,70564.32785119992,39366.953118101315
0.008890491931299566,8890.491931299566,70564.32785119992,38921.056944956945
0.01595961114080065,15959.61114080065,70564.32785119992,38461.370168519454
-0.006547506879738885,-6547.506879738885,70564.32785119992,37987.46627528493
-0.0063032039764439165,-6303.203976443917,70564.32785119992,37498.90556061016
-0.001236645111081164,-1236.645111081164,70564.32785119992,36995.23472073927
-0.0006044992196053851,-604.4992196053851,70564.32785119992,36475.98643221257
-0.015320189384028064,-15320.189384028065,70564.32785119992,35940.67891826752
0.0039977292478524445,3997.7292478524446,70564.32785119992,35388.815501829326
-0.0018947404773594968,-1894.7404773594967,70564.32785119992,34998.2305836421
0.005470377653716022,5470.377653716022,70564.32785119992,34933.29740716932
0.0033893918512072647,3389.3918512072646,70564.32785119992,34866.35598812521
-0.01865284607014478,-18652.84607014478,70564.32785119992,34797.34421591478
-0.0034533172849463755,-3453.3172849463754,70564.32785119992,34726.19805899682
-0.03477669669654547,-34776.69669654547,70564.32785119992,34652.85150547315
0.010112171938305043,10112.171938305042,70564.32785119992,34998.704197364415
-0.010479593865279996,-10479.593865279996,70564.32785119992,34994.88234389656
0.01114607878800913,11146.07878800913,70564.32785119992,34990.94228877507
0.017501910205730064,17501.910205730062,70564.32785119992,34986.88037627868
0.022103111517121656,22103.111517121655,70564.32785119992,34982.692837622606
0.019315080565673343,19315.080565673343,70564.32785119992,34978.37578746171
-0.00022844089191289735,-228.44089191289734,70564.32785119992,34973.92522028552
0.01248739123622436,12487.39123622436,70564.32785119992,34969.337006701826
-0.0014676830181880153,-1467.6830181880152,70564.32785119992,34964.60688960524
0.007401083437886783,7401.083437886783,70564.32785119992,34959.73048022731
-0.009748203638770065,-9748.203638770065,70564.32785119992,34954.703254064494
0.013749496104594085,13749.496104594085,70564.32785119992,34949.52054668015
0.012405282096547239,12405.282096547238,70564.32785119992,34944.1775493767
-0.0053927867527120135,-5392.786752712013,70564.32785119992,34938.669304733965
-0.012107833784553585,-12107.833784553586,70564.32785119992,34932.990702009505
0.004201333799400852,4201.333799400852,70564.32785119992,34927.136472396654
-0.006871337212429325,-6871.337212429325,70564.32785119992,34921.10118413598
0.005976532611592405,5976.5326115924045,70564.32785119992,34914.8792374755
0.015985243528120103,15985.243528120103,70564.32785119992,34908.464859474996
-0.0015429550644729753,-1542.9550644729752,70564.32785119992,34901.85209864974
0.0027811067999163786,2781.1067999163783,70564.32785119992,34895.03481944845
-0.004436919077998222,-4436.919077998222,70564.32785119992,34888.00669656051
0.010878032769338408,10878.032769338408,70564.32785119992,34880.761209047174
0.0021015004800139527,2101.5004800139527,70564.32785119992,34873.29163429116
-0.0002726727398691255,-272.6727398691255,70564.32785119992,34865.59104175919
0.008580713576595629,8580.71357659563,70564.32785119992,34857.65228657159
-0.002057001293689531,-2057.0012936895314,70564.32785119992,34849.46800287303
0.0029218428383649938,2921.842838364994,70564.32785119992,34841.03059699822
-0.009009314418548763,-9009.314418548762,70564.32785119992,34832.332240426265
-0.00032716268456164227,-327.16268456164227,70564.32785119992,34823.364862517024
-0.001173212690672941,-1173.212690672941,70564.32785119992,34814.12014302296
-0.004487257173710145,-4487.257173710145,70564.32785119992,34804.589504369294
0.013428870513386542,13428.870513386542,70564.32785119992,34794.76410369541
0.0015680764541070966,1568.0764541070967,70564.32785119992,34784.63482465016
0.005576447957841016,5576.4479578410155,70564.32785119992,34763.683755300444
-0.008254477555939183,-8254.477555939184,70564.32785119992,34707.74638413332
-0.0035818989778023023,-3581.8989778023024,70564.32785119992,34650.07899117752
-0.001686845727152299,-1686.845727152299,70564.32785119992,34590.628070604536
0.0008981914295819009,898.1914295819008,70564.32785119992,34529.338461766405
0.003882867335445986,3882.867335445986,70564.32785119992,34466.15329801576
0.00855409509214667,8554.09509214667,70564.32785119992,34401.01395394292
-0.001909552373478187,-1909.552373478187,70564.32785119992,34333.85999098123
0.001425785432200793,1425.785432200793,70564.32785119992,34264.629101330014
0.005067918122986148,5067.918122986149,70564.32785119992,34193.257050143184
-0.013707513967023294,-13707.513967023295,70564.32785119992,34119.67761592996
0.0068637787707874496,6863.7787707874495,70564.32785119992,34043.82252911221
0.005960709303663396,5960.709303663396,70564.32785119992,33965.62140868153
0.014748158100478918,14748.158100478917,70564.32785119992,33885.00169689732
0.005681534563541378,5681.534563541378,70564.32785119992,33772.645289133565
-0.006763628652950582,-6763.628652950582,70564.32785119992,29033.916279221266
0.00021123227707725133,211.23227707725133,70564.32785119992,28670.89316610732
0.0026893076744144537,2689.3076744144537,70564.32785119992,28296.642534031078
-0.0035080814084672996,-3508.0814084672998,70564.32785119992,27910.817140138053
-0.007319434395981075,-7319.434395981075,70564.32785119992,27585.502109038225
0.00782134297990838,7821.342979908381,70564.32785119992,27331.76039100696
0.01374375765753633,13743.75765753633,70564.32785119992,27070.170990974726
0.0009113041392009087,911.3041392009087,70564.32785119992,26474.901864674037
-0.0035457331965057324,-3545.7331965057324,70564.32785119992,25637.192109723615
0.003936038029531221,3936.0380295312216,70564.32785119992,24146.589699321517
-0.0015621341925411841,-1562.1341925411841,70564.32785119992,23918.905132546122
-0.02474407434859666,-24744.07434859666,70564.32785119992,23786.754693402283
0.008563426619514418,8563.426619514417,70564.32785119992,25754.17528541413
-0.02022270333452971,-20222.70333452971,70564.32785119992,25731.83459682786
0.016508481570626607,16508.481570626605,70564.32785119992,25708.80295911005
0.014041245231574047,14041.245231574047,70564.32785119992,25685.05900269994
0.0007859575987509399,785.9575987509398,70564.32785119992,25660.580697122507
0.01130161500525949,11301.61500525949,70564.32785119992,25635.345330547832
0.003928161143618354,3928.1611436183534,70564.32785119992,25609.32948871827
0.007195939663207556,7195.939663207556,70564.32785119992,25582.50903322388
-0.0006660177509372693,-666.0177509372693,70564.32785119992,25554.85907910595
-0.0004357131026347282,-435.7131026347282,70564.32785119992,25526.353971767876
0.0016137505263130205,1613.7505263130204,70564.32785119992,25496.967263171926
0.00492756470332675,4927.56470332675,70564.32785119992,25466.67168729981
-0.0008663083070397093,-866.3083070397092,70564.32785119992,25435.439134854332
0.0002293899511771246,229.3899511771246,70564.32785119992,25403.24062717858
-0.00426505224434416,-4265.05224434416,70564.32785119992,25370.04628936853
-0.0017675316801529283,-1767.5316801529282,70564.32785119992,25335.825322554043
-0.007721449837032122,-7721.449837032122,70564.32785119992,25298.805498236175
0.0012136393882467825,1213.6393882467826,70564.32785119992,25260.64073089817
0.010959084107023828,10959.084107023828,70564.32785119992,25223.14541021432
-0.02439082287298519,-24390.82287298519,70564.32785119992,25182.583429835955
-0.005165937356196809,-5165.937356196809,70564.32785119992,25142.732945529606
0.023951063077206795,23951.063077206796,70564.32785119992,25101.6499720179
-0.00783388019112867,-7833.88019112867,70564.32785119992,25057.20691258877
-0.013334225380949319,-13334.22538094932,70564.32785119992,25013.543427083714
-0.012452015478377114,-12452.015478377114,70564.32785119992,24966.308801268926
0.018229431718389397,18229.431718389398,70564.32785119992,24919.9027161323
-0.004991190867331691,-4991.190867331691,55742.72527802616,24869.701179502703
0.014176517512846978,14176.517512846978,55742.72527802616,24820.38022601495
0.006205362686550293,6205.362686550293,55742.72527802616,24767.025420371843
0.010088068084801373,10088.068084801373,50957.03737115291,24740.395114941548
0.0013458781345700166,1345.8781345700165,50957.03737115291,24734.19224050698
0.005945847213205367,5945.847213205368,48019.85688033804,24727.48204663437
-0.0012621164841791108,-1262.1164841791108,48019.85688033804,24720.88955600352
0.0034040654679617643,3404.065467961764,40645.01063989016,24713.757880084067
-0.014656549607190868,-14656.54960719087,40645.01063989016,24706.75130060607
-0.005121912447063258,-5121.912447063258,34901.002166064805,24699.171668424697
0.007953294189883874,7953.2941898838735,34901.002166064805,24691.35761462947
-0.007901944989636514,-7901.944989636514,34901.002166064805,24683.680626838664
-0.005096404946075616,-5096.404946075616,34901.002166064805,24675.76620643577
0.005609751979936211,5609.751979936211,34901.002166064805,24667.607010144126
0.015986492583889036,15986.492583889036,34901.002166064805,24658.780491158584
-0.0005052036077950325,-505.2036077950325,34901.002166064805,24650.108797788787
-0.0026565144463534212,-2656.514446353421,34901.002166064805,24641.16890771683
0.004045210683968171,4045.2106839681705,32844.68108395352,24631.497843726178
0.010741187917951974,10741.187917951975,32844.68108395352,24621.99641948135
0.014251080747019931,14251.08074701993,32844.68108395352,24612.201136754727
-0.0005907837903223113,-590.7837903223112,32844.68108395352,24602.102907139648
0.0011566242630121652,1156.624263012165,32844.68108395352,24591.692361144724
0.00473556601386389,4735.5660138638905,32844.68108395352,24580.959839500472
0.007243845775370538,7243.845775370538,32844.68108395352,24569.895384197116
0.0003644624826222133,364.4624826222133,32844.68108395352,24558.488729245208
0.002959371474552633,2959.371474552633,32844.68108395352,24546.729291150456
-0.0034210463907216274,-3421.0463907216276,32844.68108395352,24534.606159094008
0.010685205371241405,10685.205371241405,32844.68108395352,24522.10808480901
0.003336817278764506,3336.817278764506,32844.68108395352,24509.223472144065
-0.00492511236166273,-4925.11236166273,32844.68108395352,24495.940366303916
-0.007348530736098715,-7348.530736098714,31310.63163715691,24481.570864493413
0.00941762973238686,9417.62973238686,31310.63163715691,24467.45341753821
-0.009175040822362123,-9175.040822362123,31310.63163715691,24452.89934851223
0.010784051628062957,10784.051628062956,31310.63163715691,24437.895153640085
0.002085456499818627,2085.456499818627,31310.63163715691,24422.42691150385
-0.00021553530671502723,-215.53530671502722,31310.63163715691,24406.480270126292
-0.0002874526920574004,-287.45269205740044,31310.63163715691,24389.623943503117
0.006352563574061006,6352.563574061006,31310.63163715691,24363.654136274632
-0.0065921706196542685,-6592.170619654268,31310.63163715691,24335.56031571196
0.002154399397026225,2154.399397026225,31310.63163715691,24307.959287729722
-0.00618840573196446,-6188.40573196446,31310.63163715691,24279.504619706797
0.00031273681046842987,312.7368104684299,31310.63163715691,24250.169910404817
0.007953852334532231,7953.852334532231,31310.63163715691,24219.927942052254
0.0072516633953202065,7251.663395320206,31310.63163715691,24188.75065509085
-0.009951752250937454,-9951.752250937454,31310.63163715691,24156.60912214095
-0.008964789955781326,-8964.789955781327,31310.63163715691,24123.473521161675
-0.02147419088693625,-21474.190886936252,31310.63163715691,24089.313107780978
0.011940952729975805,11940.952729975805,31310.63163715691,24054.096186769948
0.015238666554026831,15238.666554026831,31310.63163715691,23459.484256681702
-0.0025477720787986644,-2547.7720787986646,31310.63163715691,23417.53606987518
-0.008653040238106712,-8653.040238106712,31310.63163715691,23374.290516466393
-0.0026251838119664504,-2625.1838119664503,31310.63163715691,23329.707471715068
0.0107004676546085,10700.4676546085,31310.63163715691,23283.745569909577
-0.0008190600539800562,-819.0600539800563,31310.63163715691,23236.362165986393
0.01014263409545412,10142.63409545412,31310.63163715691,23187.51329596249
-0.0022211351245904954,-2221.1351245904953,31310.63163715691,23137.153636144034
0.0019825399717120456,1982.5399717120456,31310.63163715691,23085.236461073462
0.0005248342121522201,524.8342121522201,31310.63163715691,23031.71360017596
0.0017871402180712071,1787.140218071207,31310.63163715691,22976.53539306514
-0.0008812566813437641,-881.2566813437642,31310.63163715691,22919.650643466353
0.00157142889480084,1571.42889480084,31310.63163715691,22861.006571715025
-0.003718273858473231,-3718.273858473231,31310.63163715691,22800.54876578582
0.009104261989179973,9104.261989179973,31310.63163715691,22738.221130807262
-0.0009706555053703371,-970.6555053703371,31310.63163715691,22673.965837014934
0.00021315144490800648,213.15144490800648,31310.63163715691,22607.723266095007
-0.0014930151008434797,-1493.0151008434798,31310.63163715691,22539.431955868276
0.004637634604537581,4637.634604537581,26790.041579629586,22465.55524979111
0.0016510995353906704,1651.0995353906703,26790.041579629586,22392.974412054125
0.002236426417976686,2236.426417976686,26790.041579629586,22318.148806139707
-0.001835856189125848,-1835.856189125848,26790.041579629586,22241.009006227934
-0.00559894681313816,-5598.94681313816,26790.041579629586,22161.483439308584
-0.00033172211469007103,-331.722114690071,26790.041579629586,22079.49831877317
-0.01684849089797399,-16848.490897973992,26790.041579629586,21994.977575953155
0.01421450624684998,14214.50624684998,26790.041579629586,21907.84278954077
0.005331955710690998,5331.955710690998,26790.041579629586,21818.01311282697
-0.0012060873392119639,-1206.0873392119638,26253.17464342165,21720.836464706448
0.005898330182788227,5898.330182788227,26253.17464342165,21625.364388275586
0.0035458115604477046,3545.811560447705,26253.17464342165,21522.08386099264
0.0020138635506151423,2013.8635506151422,26253.17464342165,21443.735048878603
0.0005379047570557724,537.9047570557724,26253.17464342165,21384.269951547136
0.0008413574395543356,841.3574395543355,26253.17464342165,21322.965727494073
0.005521336348274516,5521.336348274516,26253.17464342165,21259.765496511536
0.007614455583289667,7614.455583289667,26253.17464342165,21194.610619209954
-0.0018231124878851778,-1823.1124878851779,26253.17464342165,21127.44064261038
0.003527828512688284,3527.828512688284,26253.17464342165,21058.19324405412
-0.008181422602792495,-8181.422602792495,26253.17464342165,20986.804173377568
0.010618261437109413,10618.261437109413,26253.17464342165,20913.207193298644
0.0035755252394434013,3575.5252394434015,26253.17464342165,20837.334017959547
-0.00341481074839022,-3414.81074839022,26253.17464342165,20759.114249568727
0.0014911166636517453,1491.1166636517453,26253.17464342165,20678.475313083345
-0.0034213973834137574,-3421.3973834137573,26253.17464342165,20595.34238887161
-0.007874511010557299,-7874.5110105572985,26253.17464342165,20509.638343292503
-0.014878064026179113,-14878.064026179112,26253.17464342165,20421.28365712847
0.014228713354011657,14228.713354011657,26253.17464342165,20330.196351804734
0.008063721331801417,8063.721331801417,26253.17464342165,20236.291913326648
0.0020919307407038026,2091.9307407038027,26253.17464342165,19333.549573478398
0.010235410353404478,10235.410353404477,26253.17464342165,17513.08162754941
0.0024518719148446753,2451.8719148446753,26253.17464342165,17485.431789212722
-0.0045680340334088325,-4568.034033408832,26253.17464342165,17456.926801236757
-0.0004100975178226575,-410.0975178226575,26253.17464342165,17427.540215694527
0.0041388152044790774,4138.815204479078,26253.17464342165,17397.244766681917
-0.004868292976358439,-4868.292976358439,26253.17464342165,17366.01234501943
-0.0021002176422100205,-2100.2176422100206,26253.17464342165,17333.81397217151
0.008102554741012647,8102.554741012646,26253.17464342165,17300.619773359216
-0.004931099717303744,-4931.099717303744,26253.17464342165,17266.39894984139
0.006312894231034348,6312.894231034348,26253.17464342165,17231.11975033848
0.001651117140725153,1651.117140725153,26253.17464342165,17194.74944157259
-0.0008139088419286315,-813.9088419286315,26253.17464342165,17157.254277896413
0.0012432049159437405,1243.2049159437404,26253.17464342165,17118.59946998283
0.0024817827416857606,2481.782741685761,26253.17464342165,17078.749152546145
0.002992498492541449,2992.498492541449,26253.17464342165,17037.66635106503
0.0018181211028260626,1818.1211028260625,26253.17464342165,16995.31294747625
0.0023519145337195283,2351.914533719528,26253.17464342165,16951.649644807403
-0.006576829802911143,-6576.829802911143,26253.17464342165,16906.63593071581
-0.011005296646600982,-11005.296646600982,26253.17464342165,16860.230039899732
0.0015471426457048332,1547.1426457048333,26253.17464342165,16779.640624407133
0.007925586651118114,7925.586651118115,26253.17464342165,16685.580778555628
0.008757999883902853,8757.999883902852,26253.17464342165,16588.611865306655
0.0015861848884918582,1586.1848884918581,26253.17464342165,16488.64391350359
0.002096156329021839,2096.1563290218387,26253.17464342165,16385.58416937672
-0.00592068040972779,-5920.68040972779,26253.17464342165,16279.337010483041
0.008901242249708202,8901.242249708203,26253.17464342165,16169.803856984401
0.004387915913653523,4387.915913653523,26253.17464342165,16056.88308018168
-0.0014826455763727044,-1482.6455763727045,26253.17464342165,15940.469908220111
0.0005313496405568216,531.3496405568217,26253.17464342165,15820.456328878288
0.003071859563178311,3071.859563178311,24570.981125547038,15690.627103214458
-0.00024275326456844163,-242.75326456844164,24570.981125547038,15333.299809129081
-0.0035819349770811436,-3581.9349770811436,23936.768762721807,15294.26968663442
-0.0012190123078291487,-1219.0123078291488,23936.768762721807,15268.690082557834
-0.0042894197272803575,-4289.419727280358,23936.768762721807,15241.018379003424
-0.007915785614322024,-7915.785614322023,23936.768762721807,15213.832063691929
0.0025559978938741105,2555.9978938741106,23936.768762721807,15185.80493450482
-0.00541118356571289,-5411.1835657128895,23936.768762721807,15156.910986889245
0.008317967357834782,8317.967357834781,23936.768762721807,15127.123412027828
-0.0015865038800562123,-1586.5038800562124,23936.768762721807,15096.41457196451
-0.012987341689304007,-12987.341689304007,23936.768762721807,15063.19412350926
-0.016814798070629022,-16814.798070629022,23936.768762721807,15030.556393608827
-0.000945059828081171,-945.059828081171,23936.768762721807,16838.601407585713
0.009707588655264391,9707.588655264391,22961.673199821205,16837.96359664539
0.012076783481868766,12076.783481868766,22961.673199821205,16837.336973521204
0.0016458311214935907,1645.8311214935907,22961.673199821205,16836.690970300395
-0.002865040592698327,-2865.040592698327,22961.673199821205,16836.02498759853
-0.020357633985873,-20357.633985873003,22961.673199821205,16835.338407493513
0.0016816986812337234,1681.6986812337234,22961.673199821205,20861.927576244863
-0.012297657268279926,-12297.657268279927,22961.673199821205,20840.090111352467
0.011814170629569253,11814.170629569253,22961.673199821205,20817.57726094794
-0.012979970850205805,-12979.970850205806,22961.673199821205,20794.368136819558
0.010351242424282498,10351.242424282498,22961.673199821205,20770.441204728442
0.0041474713830116205,4147.471383011621,22961.673199821205,20745.774264428324
0.008608505929686946,8608.505929686946,22961.673199821205,20720.344429067376
-0.0018254009540894956,-1825.4009540894956,22961.673199821205,20694.128103953
-0.007266091219878854,-7266.091219878855,22961.673199821205,20667.100964659825
-0.0024645588363665784,-2464.5588363665784,22961.673199821205,20639.237934460678
0.003591164080431317,3591.164080431317,22961.673199821205,20610.513161059494
0.01668072584460814,16680.72584460814,22961.673199821205,20580.899992604667
0.007586965262952675,7586.9652629526745,22961.673199821205,20550.370952960515
0.002956130520363021,2956.130520363021,22961.673199821205,20518.897716213967
0.007685234355158772,7685.234355158772,22961.673199821205,20486.45108039278
0.003920053743659004,3920.053743659004,22961.673199821205,20453.00094037094
0.002604857985032252,2604.8579850322517,22961.673199821205,20418.516259936056
-0.0010367152498493223,-1036.7152498493224,22961.673199821205,20382.965042992873
0.005348489094567122,5348.489094567122,22961.673199821205,20356.201429668108
0.0008996062087102942,899.6062087102943,22961.673199821205,20351.419662270342
-0.004440055651254183,-4440.0556512541825,20927.078005415256,20346.246804649058
0.009602599382998725,9602.599382998724,20927.078005415256,20341.16468391597
0.0020270939949127023,2027.0939949127023,20927.078005415256,20335.925384191138
0.001718718129145665,1718.718129145665,20927.078005415256,20330.52404426863
0.004034975212179082,4034.975212179082,20927.078005415256,20324.955652595938
0.00608665624771752,6086.65624771752,20927.078005415256,20319.215042624095
0.004701445925752468,4701.445925752468,20927.078005415256,20313.296888013945
0.0034636141698959014,3463.6141698959013,20927.078005415256,20307.195697694206
0.0008533697955639009,853.3697955639009,20927.078005415256,20300.90581076664
-0.003310872287829083,-3310.872287829083,20927.078005415256,20294.42139125368
-0.008077380114112818,-8077.380114112819,20927.078005415256,20287.73642268362
0.0003234885028047634,323.4885028047634,20927.078005415256,20280.844702508304
0.0075185093815795054,7518.509381579505,20927.078005415256,20273.73983634818
0.0003423558394410532,342.3558394410532,20927.078005415256,20266.415232059397
0.003950000331767804,3950.000331767804,20927.078005415256,20258.86409361735
-0.00243220874738256,-2432.20874738256,20927.078005415256,20251.079414811116
0.0033906650672278155,3390.6650672278156,20927.078005415256,20243.053972742833
-0.0017898621897092797,-1789.8621897092796,20927.078005415256,20234.780321126047
-0.0028191292190243014,-2819.129219024301,20927.078005415256,20226.250783376785
0.001325126294615269,1325.126294615269,20927.078005415256,19164.72571014667
0.0026662985197490018,2666.2985197490016,20927.078005415256,17336.459597227386
-0.022555646507219543,-22555.646507219542,20927.078005415256,16846.662132979727
0.01219197188891154,12191.97188891154,22025.733253280727,23182.96317090262
-0.019649388930158496,-19649.388930158497,22025.733253280727,23145.255299919045
-0.011169354357757736,-11169.354357757737,22025.733253280727,23106.38120612154
0.015200204540288028,15200.204540288029,22025.733253280727,23066.304820763293
-0.00873943332799713,-8739.43332799713,22025.733253280727,23024.98895956922
0.011773740767458187,11773.740767458186,22025.733253280727,22982.395288235122
0.020473818583329997,20473.818583329998,22025.733253280727,22938.48428685977
0.0026444886386074984,2644.4886386074986,22025.733253280727,22893.215213276926
-0.006774471077206455,-6774.471077206455,22025.733253280727,22846.54606525338
0.00936949944093743,9369.49944093743,22025.733253280727,22798.433541517763
-0.008897861992757229,-8897.861992757229,22025.733253280727,22748.833001584142
-0.006903772863755699,-6903.772863755698,22025.733253280727,22697.698424332983
0.015504186535965254,15504.186535965255,22025.733253280727,22644.982365311167
-0.008857642886292138,-8857.642886292138,22025.733253280727,22590.63591271136
-0.01420699256084431,-14206.99256084431,22025.733253280727,22543.39527256494
-0.010690378905226562,-10690.378905226562,22025.733253280727,22509.759150308833
0.017603173382153097,17603.173382153098,22025.733253280727,22475.082735611813
0.009949047952923937,9949.047952923936,22025.733253280727,22439.33385448087
0.006202793017285818,6202.793017285818,22025.733253280727,22402.479337851026
0.014052939471808117,14052.939471808117,22025.733253280727,22364.484990809953
-0.0008174987092322511,-817.4987092322511,22025.733253280727,22325.3155608707
0.0012783571709995747,1278.3571709995747,22025.733253280727,22284.934705263222
-0.002768342022165232,-2768.342022165232,22025.733253280727,22243.304957214277
-0.0025233422422525262,-2523.3422422525264,22025.733253280727,22200.387691184438
0.005773263854750584,5773.263854750584,22025.733253280727,22156.143087029963
-0.00033498733642396797,-334.987336423968,22025.733253280727,22110.53009305628
-0.019388934217042623,-19388.934217042624,22025.733253280727,22063.50638792877
-0.0009398496932422736,-939.8496932422736,22025.733253280727,22015.028341405563
-0.003961334045391534,-3961.334045391534,22025.733253280727,21965.050973855865
-0.0012451697615678227,-1245.1697615678227,22025.733253280727,21913.527914526283
0.009067059530072372,9067.059530072373,22025.733253280727,21860.4113585164
0.0026999176663325985,2699.9176663325984,22025.733253280727,21805.65202242374
-0.013874414215684552,-13874.414215684552,22025.733253280727,21749.199098616875
0.0004089319400545041,408.9319400545041,22025.733253280727,21691.00020809433
-0.017868279694227964,-17868.279694227964,22025.733253280727,21631.001351885523
-0.010437864517711328,-10437.864517711329,22025.733253280727,21569.146860948607
-0.011129775432800469,-11129.775432800468,22025.733253280727,21505.3793445188
-0.01982590680609334,-19825.90680609334,22025.733253280727,21350.697715623846
0.0042377771834913825,4237.777183491383,22025.733253280727,21108.46365313772
-0.012284126974367588,-12284.126974367588,20927.078005415256,20846.417800206316
-0.0025119561517574704,-2511.9561517574703,20927.078005415256,20588.9684830779
-0.004950161619893236,-4950.161619893236,20927.078005415256,20356.258914130536
0.024531973836039653,24531.97383603965,20927.078005415256,20345.217870829074
0.017850809254741543,17850.809254741544,20927.078005415256,20333.835351961585
0.0067341813535983465,6734.1813535983465,20927.078005415256,20322.100796428087
0.00966721798707684,9667.21798707684,20927.078005415256,20310.00331649665
-0.02378562269631603,-23785.62269631603,20927.078005415256,20297.531687701354
0.004691173575880018,4691.173575880018,22025.733253280727,23988.271224213004
-0.0032144319833665373,-3214.431983366537,22025.733253280727,23975.80788053276
0.008194211959794933,8194.211959794933,22025.733253280727,23962.959072614984
0.014530019629271236,14530.019629271235,22025.733253280727,23949.712878885315
-0.01812898381426887,-18128.983814268868,22025.733253280727,23936.057009060914
-0.019915693422623563,-19915.693422623564,22025.733253280727,23921.9787927471
-0.0032746652267514284,-3274.6652267514282,22025.733253280727,23907.465167681312
0.015998172010225478,15998.172010225479,22025.733253280727,23892.50266761349
0.0011201972718384212,1120.197271838421,22025.733253280727,23877.077409811613
-0.021592853964051223,-21592.853964051224,22025.733253280727,23861.17508218081
-0.006496137800534824,-6496.137800534824,22083.878161067063,23844.780929984103
-0.010789639287446902,-10789.639287446902,22083.878161067063,23827.87974215245
-0.017897884750049015,-17897.884750049016,21534.70905626489,23785.62269631603
0.0149370610173498,14937.0610173498,21534.70905626489,23785.62269631603
0.02182408654463582,21824.08654463582,21534.70905626489,23765.090634407956
-0.002561816630155462,-2561.816630155462,21534.70905626489,23733.751315470286
-0.015347458557803808,-15347.458557803808,21534.70905626489,23701.442739245886
0.018229041304612108,18229.041304612107,21534.70905626489,23668.134928705265
-0.0049908528504182354,-4990.852850418235,21534.70905626489,23633.796979694318
-0.00815785507767207,-8157.85507767207,21534.70905626489,23598.39703226035
-0.029922382686680685,-29922.382686680685,21534.70905626489,23561.902241091313
-0.007610605373189322,-7610.605373189322,22083.878161067063,29922.382686680685
0.026457698602596395,26457.698602596396,22083.878161067063,29922.382686680685
-0.004525796513785702,-4525.796513785702,22083.878161067063,29922.382686680685
-0.012796579326729342,-12796.579326729343,22083.878161067063,29922.382686680685
-0.007335142257933291,-7335.142257933291,22083.878161067063,29922.382686680685
0.021752105899755896,21752.105899755894,22083.878161067063,29922.382686680685
0.021931975988524546,21931.975988524548,22083.878161067063,29922.382686680685
0.012433289322195635,12433.289322195635,22083.878161067063,29922.382686680685
0.007791455308168362,7791.455308168362,22083.878161067063,29922.382686680685
-0.00029249305537527344,-292.49305537527346,22083.878161067063,29922.382686680685
0.011633501077171562,11633.501077171562,22083.878161067063,29922.382686680685
-0.012962045840748348,-12962.045840748347,22083.878161067063,29922.382686680685
0.014961868745260972,14961.868745260972,22083.878161067063,29922.382686680685
0.004871685270060129,4871.685270060129,22083.878161067063,29922.382686680685
0.007087857099808876,7087.857099808876,22083.878161067063,29839.293166732434
0.012294968822537068,12294.968822537068,22083.878161067063,29712.46864332634
-0.006193988833034221,-6193.988833034221,22083.878161067063,29581.72171197985
-0.015510999290804899,-15510.999290804899,22083.878161067063,29446.931061107185
0.002830107133517396,2830.107133517396,22083.878161067063,29307.971627217834
0.008530148895961725,8530.148895961724,22083.878161067063,29164.7144788783
-0.012711802204395911,-12711.802204395912,22083.878161067063,29017.026697084966
-0.010049663990873134,-10049.663990873134,22083.878161067063,28864.771251937196
0.005026314907947837,5026.314907947837,22083.878161067063,28707.806875496197
-0.00267755699161269,-2677.55699161269,22083.878161067063,28545.987930711664
-0.017240057863307297,-17240.0578633073,22083.878161067063,28379.164276294618
-0.0037121004582976176,-3712.1004582976175,22083.878161067063,28207.181127411066
0.011388507842390453,11388.507842390454,22083.878161067063,28029.878912067197
-0.012529956235888151,-12529.95623588815,22083.878161067063,27847.093123052902
0.0004110715322341491,411.0715322341491,22083.878161067063,27658.6541653062
0.016013750887039567,16013.750887039567,22083.878161067063,27464.38719855703
-0.0007417814332827163,-741.7814332827163,22083.878161067063,27264.11197510427
-0.015066497037705757,-15066.497037705756,22083.878161067063,27057.642672575657
-0.027822648721084326,-27822.648721084326,22083.878161067063,26844.787721515233
0.00578083641343121,5780.8364134312105,23182.934363658747,29460.6991812034
-0.029388458999500523,-29388.458999500523,23182.934363658747,29429.020919309314
0.0028078782982528193,2807.878298252819,25844.50596894785,29794.505707783035
0.024945677497025965,24945.677497025965,25844.50596894785,29786.320905790213
-0.0376558224346479,-37655.8224346479,25844.50596894785,29777.882965591427
0.006001373157006514,6001.373157006514,28621.211963076585,37655.8224346479
0.004573582341094686,4573.582341094686,28621.211963076585,37655.8224346479
0.029998464440732057,29998.464440732056,28621.211963076585,37655.8224346479
-0.03618983800502072,-36189.83800502072,28621.211963076585,37655.8224346479
-0.005986808162025351,-5986.8081620253515,29660.760079962405,37655.8224346479
-0.03254107335495974,-32541.07335495974,29660.760079962405,37655.8224346479
0.002307905597570267,2307.905597570267,31257.914927502996,37655.8224346479
-0.016013678228193426,-16013.678228193427,31257.914927502996,37655.8224346479
-0.0010444663344910737,-1044.4663344910737,31257.914927502996,37655.8224346479
0.023626517723898843,23626.517723898844,31257.914927502996,37655.8224346479
-0.004065806725860172,-4065.8067258601723,31257.914927502996,37655.8224346479
0.02036165891709229,20361.65891709229,31257.914927502996,37655.8224346479
-0.041146547573749526,-41146.54757374953,31257.914927502996,37655.8224346479
-0.006143468869188648,-6143.468869188649,34401.94332649083,41146.54757374953
0.00043640658382996524,436.40658382996526,34401.94332649083,41146.54757374953
0.018537178188778623,18537.178188778624,34401.94332649083,41146.54757374953
-0.007663066545539893,-7663.066545539893,34401.94332649083,41146.54757374953
0.008796154078168554,8796.154078168554,34401.94332649083,41146.54757374953
0.019784369832886017,19784.369832886016,34401.94332649083,41146.54757374953
0.02425262367027174,24252.62367027174,34401.94332649083,41146.54757374953
-0.0056267430115297945,-5626.743011529795,34401.94332649083,41146.54757374953
-0.008121427705527323,-8121.427705527323,34401.94332649083,41146.54757374953
0.01886437715712511,18864.37715712511,34401.94332649083,41146.54757374953
-0.016547670232862254,-16547.670232862256,34401.94332649083,41146.54757374953
0.0030401443769727484,3040.1443769727484,34401.94332649083,41146.54757374953
0.009546554201339374,9546.554201339375,34401.94332649083,41146.54757374953
-0.010931713776889373,-10931.713776889374,34401.94332649083,41146.54757374953
-0.024070268472343417,-24070.268472343418,34401.94332649083,41103.396116145545
-0.029424295544651723,-29424.295544651723,34401.94332649083,41037.531455375916
-0.03870776110304963,-38707.761103049634,34401.94332649083,40969.62974324227
-0.0030178825634185466,-3017.8825634185464,36937.49006413058,41038.78930937821
0.014155626973874524,14155.626973874523,36937.49006413058,41007.29498564785
-0.03365605584105827,-33656.05584105827,36937.49006413058,40974.826610668104
-0.002156967976656268,-2156.967976656268,36937.49006413058,40941.354059142584
0.024861928653870734,24861.928653870735,36937.49006413058,40906.84627406473
-0.0018146403719978671,-1814.640371997867,36937.49006413058,40871.271237901994
0.009754878336994106,9754.878336994107,36937.49006413058,40834.59594288887
0.03129893311088748,31298.93311088748,36937.49006413058,40796.78636040111
-0.003827043082632408,-3827.0430826324077,36937.49006413058,40757.807409382796
-0.02064448545805269,-20644.48545805269,36937.49006413058,40717.62292379691
-0.00081472822809159,-814.72822809159,36937.49006413058,40676.19561906919
-0.008157491876171727,-8157.491876171726,36937.49006413058,40633.487057494225
0.010521000421466828,10521.000421466828,36937.49006413058,40589.457612571576
0.0018867930125766356,1886.7930125766356,36937.49006413058,40544.06643223895
0.0033716266699216862,3371.6266699216862,36937.49006413058,40497.2714009682
0.01486611859521974,14866.11859521974,36937.49006413058,40449.029100689084
-0.0008229818122606204,-822.9818122606204,36937.49006413058,40399.29477050442
-0.011489322917771367,-11489.322917771367,36937.49006413058,40348.02226515941
-0.008888250290396327,-8888.250290396327,36937.49006413058,40295.16401222641
-0.005265525685064341,-5265.525685064341,36937.49006413058,40240.670967965576
-0.0024314836093292133,-2431.4836093292133,36937.49006413058,40184.492571820396
0.01892486759802777,18924.86759802777,36937.49006413058,40126.57669950578
-0.00829122964298048,-8291.229642980481,36937.49006413058,40066.869614645344
0.026660668216310957,26660.668216310958,36937.49006413058,40005.31591891294
0.006352938626479151,6352.938626479151,36937.49006413058,39941.8585006321
0.01013164571745879,10131.64571745879,36937.49006413058,39876.43848178589
-0.009321375498666339,-9321.375498666339,36937.49006413058,39808.99516338772
0.0012141756481139922,1214.1756481139923,36937.49006413058,39739.46596916281
-0.0119015722156597,-11901.572215659698,36937.49006413058,39667.78638748765
0.02563498247384251,25634.982473842512,36937.49006413058,39593.88991153387
0.012464385578038207,12464.385578038207,36937.49006413058,39517.7079775609
0.014473518677013943,14473.518677013943,36937.49006413058,39439.16990130011
-0.002965630060173885,-2965.630060173885,36937.49006413058,39358.20281237146
-0.006619224734524029,-6619.224734524029,36937.49006413058,39274.73158667182
0.015538117621932792,15538.117621932792,36937.49006413058,39188.67877667219
-0.0006758224775099325,-675.8224775099325,36937.49006413058,39099.96453955917
-0.0016915571188269617,-1691.5571188269616,36937.49006413058,39008.506563154
-0.0011615808483673073,-1161.5808483673075,36937.49006413058,38914.21998954042
-0.0039789459778915934,-3978.9459778915934,36937.49006413058,38817.01733633054
0.020786467855213823,20786.46785521382,36937.49006413058,38716.808415495616
0.0,0.0,36937.49006413058,38661.4491355427
0.016787276377267506,16787.276377267506,36937.49006413058,38609.12226269109
0.00411234749366391,4112.3474936639095,36937.49006413058,38555.17703294716
0.0019567654398648256,1956.7654398648256,36937.49006413058,38499.5633940359
-0.007123285798355576,-7123.285798355576,36937.49006413058,38442.22974567377
0.002902148220846789,2902.148220846789,36937.49006413058,38383.1228916922
-0.013529140630968878,-13529.140630968877,36937.49006413058,38322.18799068026
-0.02104232087378698,-21042.32087378698,36937.49006413058,38259.368505100945
-0.002422188419320248,-2422.1884193202477,36937.49006413058,38194.60614883361
0.003196051242395129,3196.0512423951286,36937.49006413058,38127.840833094095
0.014018809003647593,14018.809003647593,36937.49006413058,38059.01061068222
-0.034435157113851915,-34435.157113851914,36937.49006413058,37988.05161850503
-0.006634180333731106,-6634.180333731106,36937.49006413058,37914.89801832236
-0.011038521754516226,-11038.521754516227,36937.49006413058,37839.48193565981
-0.007638147017636621,-7638.147017636621,36937.49006413058,37761.733396832446
0.0031328979641779635,3132.8979641779633,36937.49006413058,37681.580264020726
-0.010600357926871508,-10600.357926871508,36937.49006413058,37525.79015709236
-0.0037803365582360863,-3780.336558236086,36937.49006413058,37331.02449335059
0.017805527850358546,17805.527850358547,36937.49006413058,37130.235149286906
0.00651500750846982,6515.00750846982,36937.49006413058,36923.23582550992
0.015415805050676233,15415.805050676234,36937.49006413058,36709.83446079137
0.010690317937161619,10690.317937161619,36937.49006413058,36489.83305386503
-0.04445618670359325,-44456.186703593245,36937.49006413058,36263.02747971417
0.003808561160700413,3808.561160700413,38192.31115553278,44456.186703593245
-0.011418209484700738,-11418.209484700737,38192.31115553278,44456.186703593245
-0.011757561188046916,-11757.561188046917,38192.31115553278,44456.186703593245
0.0077250387394838076,7725.038739483807,38192.31115553278,44456.186703593245
-0.011544961529054014,-11544.961529054013,38192.31115553278,44456.186703593245
-0.017597764628122084,-17597.764628122084,38192.31115553278,44456.186703593245
-0.008435275731988906,-8435.275731988906,38192.31115553278,44456.186703593245
-0.01689680039347839,-16896.80039347839,38192.31115553278,44456.186703593245
-0.009941905830906185,-9941.905830906186,38192.31115553278,44456.186703593245
-0.0025560348674072506,-2556.0348674072507,38192.31115553278,44456.186703593245
0.019485294443738185,19485.294443738185,38192.31115553278,44456.186703593245
-0.02111025865273874,-21110.258652738743,38192.31115553278,44456.186703593245
-0.015584298071940119,-15584.298071940118,38192.31115553278,44456.186703593245
0.02605875632707373,26058.75632707373,38192.31115553278,44456.186703593245
0.030516214670220646,30516.214670220645,38192.31115553278,44393.24248747891
-0.0023309416428924767,-2330.9416428924765,38192.31115553278,44297.166950939005
-0.01036941677456693,-10369.416774566931,38192.31115553278,44198.12000605251
-0.028290314507894862,-28290.314507894862,38192.31115553278,44096.0097535922
-0.007664569002735405,-7664.569002735405,38192.31115553278,43990.74145208673
-0.006353119897458728,-6353.119897458728,38192.31115553278,43882.21742991615
-0.003303936926799401,-3303.936926799401,38192.31115553278,43770.33699468874
0.026048834190455606,26048.834190455607,38192.31115553278,43654.99633981512
-0.023052430430736105,-23052.430430736105,38192.31115553278,43536.08844819283
0.025372332124866594,25372.332124866592,38192.31115553278,43413.50299291212
0.011681141019963441,11681.141019963441,38192.31115553278,43287.12623489078
-0.007111693913458658,-7111.693913458658,38192.31115553278,43156.840917343
-0.008420700791215187,-8420.700791215188,38192.31115553278,43022.52615698446
0.024010887177777527,24010.887177777528,38192.31115553278,42884.057331872566
0.012162240310234919,12162.240310234918,38192.31115553278,42741.30596577783
0.01584238216201173,15842.382162011729,38192.31115553278,42594.13960897912
-0.007562557231211199,-7562.557231211199,38192.31115553278,42442.42171537222
-0.005354343500594947,-5354.343500594947,38192.31115553278,42286.01151577748
0.023512136422152028,23512.136422152027,38192.31115553278,42124.76388732928
-0.0072494931998346905,-7249.49319983469,38192.31115553278,41958.52921882599
-0.004385459781095949,-4385.4597810959485,38192.31115553278,41787.15327191538
-0.025416503996650883,-25416.503996650885,38192.31115553278,41610.477037986915
-0.010350282778889134,-10350.282778889134,38192.31115553278,41428.336590637984
0.014290545058465668,14290.545058465668,38192.31115553278,41240.562933577225
0.009520103635252866,9520.103635252866,38192.31115553278,40805.89959823954
0.005380943490781318,5380.943490781318,38192.31115553278,40123.109638334936
-0.02081727800580973,-20817.27800580973,38192.31115553278,39419.20246317554
0.05349731604908333,53497.31604908333,38192.31115553278,38700.76664425408
0.009631945368455177,9631.945368455177,38192.31115553278,38333.201950941235
-0.008543075785934372,-8543.075785934372,38192.31115553278,37954.26927742284
0.008492887580152254,8492.887580152254,38192.31115553278,37445.01219166076
-0.007658046847095477,-7658.0468470954775,38192.31115553278,36524.236283317696
-0.003064496060325931,-3064.496060325931,38192.31115553278,36071.85483619695
0.004530105055677471,4530.105055677471,38192.31115553278,35884.07123642414
-0.003642714811980984,-3642.714811980984,38192.31115553278,35690.47989645217
0.013367264703975644,13367.264703975643,38192.31115553278,35490.90119545014
0.006281803486928179,6281.803486928179,38192.31115553278,35285.149957303714
-0.00022367194874245962,-223.67194874245962,38192.31115553278,35073.03527880225
-0.016085734694110627,-16085.734694110628,38192.31115553278,34854.36035251207
-0.0017190387730498372,-1719.0387730498373,38192.31115553278,34628.92228417169
0.031014679019945916,31014.679019945917,38192.31115553278,34419.84558632778
-0.0007361421577494752,-736.1421577494752,38192.31115553278,34324.91489570678
-0.0011543800174218385,-1154.3800174218384,38192.31115553278,34227.04820434494
-0.01815300933233039,-18153.00933233039,38192.31115553278,34126.15470809561
-0.014519677330389306,-14519.677330389306,38192.31115553278,34022.14079443651
-0.0017026904074242595,-1702.6904074242595,38192.31115553278,33914.9099556127
0.0078034345815536,7803.4345815536,38192.31115553278,33804.3626990933
-0.007498261902312391,-7498.261902312391,38192.31115553278,33690.396455258866
0.014314269376619941,14314.26937661994,38192.31115553278,33205.63603698295
0.007541363214336442,7541.363214336442,38192.31115553278,32549.511746883665
-0.0064140379869115855,-6414.037986911586,38192.31115553278,29769.0610016893
-0.02476585012445258,-24765.85012445258,38192.31115553278,29418.187545966244
-0.016457869209277255,-16457.869209277254,38192.31115553278,29390.911240563033
-0.00851581873359917,-8515.818733599172,38192.31115553278,29302.0108715918
0.001367413697868956,1367.413697868956,38192.31115553278,29204.37455951637
0.014841750323798428,14841.750323798427,38192.31115553278,29103.718567686028
-0.014368850123197928,-14368.850123197928,38192.31115553278,28999.949503943408
0.005735777808863058,5735.777808863058,38192.31115553278,28892.971087713904
-0.003951281455399467,-3951.281455399467,38192.31115553278,28782.684060673175
-0.012505769399717388,-12505.769399717388,38192.31115553278,28668.98609465181
0.017840231084774682,17840.23108477468,38192.31115553278,28551.771696691638
-0.0026375248684724715,-2637.5248684724716,38192.31115553278,28430.932111165686
-0.004218807436469645,-4218.807436469645,38192.31115553278,28306.35521887089
0.0076905346473747,7690.5346473746995,38192.31115553278,28242.3661535844
-0.011479015895231615,-11479.015895231614,38192.31115553278,28185.879787854003
0.0226731626383842,22673.1626383842,38192.31115553278,28127.646421121633
-0.0005670541688662555,-567.0541688662555,38192.31115553278,28067.612022428468
0.0069883640865416,6988.3640865416,38192.31115553278,28005.720889755103
0.012568540974635067,12568.540974635067,38192.31115553278,27941.915598339263
0.0036341651142196693,3634.1651142196692,38192.31115553278,27876.136947395098
0.003871978286778857,3871.978286778857,38192.31115553278,27779.53656468283
-0.001833549435532696,-1833.549435532696,38192.31115553278,27569.133437350956
-0.015913976474265158,-15913.976474265159,38192.31115553278,27352.222996802633
-0.007306507066609511,-7306.507066609511,38192.31115553278,27128.603985928075
0.018457669774628,18457.669774628,38192.31115553278,26898.0689231708
0.011927173067783311,11927.173067783311,38192.31115553278,26660.403910018966
-0.0010738859466406948,-1073.8859466406948,38192.31115553278,26415.388432542848
0.0003747423690099632,374.7423690099632,38192.31115553278,26162.795156794276
0.01093042803910157,10930.428039101569,38192.31115553278,25902.38971787822
0.0022950789290190616,2295.0789290190614,38192.31115553278,25633.930502500847
-0.012626211122781377,-12626.211122781377,38192.31115553278,25411.83390422473
0.01459626692149429,14596.26692149429,38192.31115553278,25389.377242787647
0.01057175076892661,10571.75076892661,38192.31115553278,25366.226045429827
0.014452026588540324,14452.026588540324,38192.31115553278,25342.35883165888
-0.010686001363579114,-10686.001363579113,38192.31115553278,25317.753456637285
-0.006130063711859043,-6130.063711859043,38192.31115553278,25292.38709063564
0.012993807215710453,12993.807215710453,38192.31115553278,25266.236197850438
-0.010994976597014684,-10994.976597014684,38192.31115553278,25239.27651456673
-0.008706978968159723,-8706.978968159723,38192.31115553278,25211.483026645376
0.002330917596276734,2330.917596276734,38192.31115553278,25182.829946314083
0.011670677130981681,11670.677130981681,38192.31115553278,25153.290688240588
-0.000460343812265346,-460.343812265346,38192.31115553278,25122.837844865848
0.0032421213466098373,3242.1213466098375,38192.31115553278,25091.443160974366
-0.013864449944346924,-13864.449944346925,38192.31115553278,25059.077507477992
-0.0025014114129287036,-2501.4114129287036,38192.31115553278,25025.710854388948
-0.020264846758444924,-20264.846758444924,38192.31115553278,24991.31224295694
-0.0013790857594857767,-1379.0857594857766,38192.31115553278,24955.849756944564
0.0053053177490683745,5305.317749068375,38192.31115553278,24919.29049301428
-0.010739840257304857,-10739.840257304857,38192.31115553278,24881.60053019955
0.0034000360164898186,3400.0360164898184,38192.31115553278,24842.744898431793
-0.003702821646578554,-3702.821646578554,38192.31115553278,24802.687546093894
-0.0038432411401512784,-3843.2411401512786,38192.31115553278,24759.293225661182
0.007747184038381961,7747.184038381961,38192.31115553278,24696.68700063436
0.015910560071522653,15910.560071522654,38192.31115553278,24632.144500606704
0.0006925036756851097,692.5036756851097,38192.31115553278,24565.60584078438
-0.015447400871124195,-15447.400871124195,38192.31115553278,24493.625130527947
0.0016307282932402868,1630.7282932402868,38192.31115553278,24422.907031025
-0.01862213514043767,-18622.13514043767,38192.31115553278,24350.001773805463
-0.014534578736324003,-14534.578736324003,38192.31115553278,24274.841714816255
-0.0014262193349402262,-1426.2193349402262,38192.31115553278,24197.35711792016
0.016394864643464138,16394.864643464138,38192.31115553278,24117.476090192227
-0.006273947930216966,-6273.947930216967,38192.31115553278,23888.6468450671
0.017393071423942103,17393.071423942103,38192.31115553278,23449.896897818115
-0.01557085268984003,-15570.85268984003,38192.31115553278,22987.22884004649
0.009569695222626741,9569.695222626742,38192.31115553278,22432.94669223792
0.01304503454478312,13045.03454478312,38192.31115553278,21861.521797589907
-0.017193414865615837,-17193.414865615836,38192.31115553278,21272.42396805588
0.0026996756412876735,2699.6756412876734,38192.31115553278,21084.31631993611
0.0065406104487253924,6540.610448725392,38192.31115553278,21047.8287771136
0.0018681213147759624,1868.1213147759624,38192.31115553278,20988.761259304076
-0.0022472203273405217,-2247.2203273405216,38192.31115553278,20924.07326118763
0.014430264829028837,14430.264829028836,38192.31115553278,20857.384603335624
0.005838163281309164,5838.163281309164,38192.31115553278,20792.692595465254
0.013996219080722017,13996.219080722016,38192.31115553278,20731.8590306833
0.003803305654891863,3803.305654891863,38192.31115553278,20669.144015444173
-0.005563568192875277,-5563.568192875277,38192.31115553278,20633.208203417762
-0.002621683053063882,-2621.6830530638817,38192.31115553278,20614.41443669149
0.003893294502626768,3893.294502626768,38192.31115553278,20595.039419447912
0.001025891638582921,1025.8916385829211,38192.31115553278,20575.065174866904
0.00026851207855412625,268.5120785541263,38192.31115553278,20554.473170144214
-0.004084283653082067,-4084.283653082067,38192.31115553278,20533.244299296082
0.013195244525946406,13195.244525946406,38192.31115553278,20511.358865432027
-0.002445729065297396,-2445.729065297396,38192.31115553278,20488.796562479394
0.0035818044101713262,3581.8044101713263,38192.31115553278,20465.536456342656
0.0006520558100983468,652.0558100983468,38192.31115553278,20441.556965480042
-0.00016901068429200423,-169.0106842920042,38192.31115553278,20416.83584087941
-0.005472036123328575,-5472.036123328575,38192.31115553278,20391.35014541484
0.0007766236678086255,776.6236678086256,38192.31115553278,20365.076232564767
0.0010426391837209052,1042.639183720905,38192.31115553278,20336.653434251515
-0.016001123114056864,-16001.123114056863,38192.31115553278,20308.72919910424
-0.00424461424016596,-4244.61424016596,38192.31115553278,20278.521102267965
0.0197124298655815,19712.4298655815,38192.31115553278,20236.282417615923
0.008498976720200236,8498.976720200237,38192.31115553278,20181.67329905253
-0.0010102954770624826,-1010.2954770624826,37473.97878501546,20122.597820959534
-0.011302837096972707,-11302.837096972708,37473.97878501546,20064.558583459915
-0.006887651487020474,-6887.651487020474,37473.97878501546,20004.724317996388
-0.007108189555238636,-7108.189555238636,37473.97878501546,19943.039508240174
0.018343304384735255,18343.304384735256,36614.185148342745,19876.309633756053
0.00026654712589809285,266.5471258980929,36614.185148342745,19810.750265325598
-0.004394971076914709,-4394.971076914709,36614.185148342745,19739.828940547068
0.004661447174374589,4661.44717437459,36614.185148342745,19670.151643883815
-0.0017454973037059438,-1745.4973037059438,36614.185148342745,19598.319379282526
-0.0013111253274346358,-1311.125327434636,36614.185148342745,19524.265498250268
0.0034440975106645386,3444.0975106645387,36614.185148342745,19447.921291000515
-0.006705075772761216,-6705.075772761215,36614.185148342745,19369.215922701806
0.012065853606519992,12065.853606519991,36614.185148342745,19288.07636775468
0.009587111754964073,9587.111754964073,34053.39749018302,19200.300587319955
-0.001456108152484133,-1456.108152484133,34053.39749018302,19114.064478331617
0.00040601378616302573,406.0137861630257,34053.39749018302,19025.161273189005
-0.011286259461766542,-11286.259461766542,34053.39749018302,18933.508484382186
-0.007271172877377287,-7271.1728773772875,34053.39749018302,18839.021073241132
0.00862262227099355,8622.62227099355,34053.39749018302,18741.611371033865
0.012867538294069412,12867.538294069413,34053.39749018302,18641.188997624307
0.0003808617041992201,380.8617041992201,34053.39749018302,18586.364843280706
-0.005560674448036189,-5560.674448036189,34053.39749018302,18541.1704421213
0.009456166310023306,9456.166310023305,34053.39749018302,18494.57827597758
0.01435757946552626,14357.57946552626,34053.39749018302,18446.545115004676
-0.0019180843755738138,-1918.0843755738138,34053.39749018302,18397.026392352196
0.002175108735888259,2175.108735888259,34053.39749018302,18345.97616281356
-0.0034636932286051863,-3463.6932286051865,34053.39749018302,18293.347060196407
0.006030309971934486,6030.309971934486,34053.39749018302,18239.090253374598
0.0017927201755973496,1792.7201755973497,34053.39749018302,18180.395901824562
0.009030974890538312,9030.974890538311,34053.39749018302,17891.981403334055
0.006571261842196479,6571.261842196479,31026.842587808187,17579.42351294102
0.0011901493668857574,1190.1493668857574,31026.842587808187,17534.54424300468
0.012321418015093063,12321.418015093062,31026.842587808187,17488.27695441051
-0.007119727147828585,-7119.727147828585,26882.147357385307,17438.225566186877
-0.005201690867264468,-5201.690867264468,26882.147357385307,17389.05212735792
-0.005136919061014928,-5136.919061014928,26882.147357385307,17338.357860523945
0.003603193983842244,3603.193983842244,26882.147357385307,17286.09572976727
-0.007588685638426101,-7588.685638426101,26882.147357385307,17232.217244451105
-0.004094147857286013,-4094.1478572860133,26882.147357385307,17181.150022375812
0.010903624582472378,10903.624582472377,26882.147357385307,17139.201674153323
0.0005042633278210447,504.26332782104475,26882.147357385307,17093.82246292181
0.003933681458931787,3933.6814589317873,26882.147357385307,17049.239246615623
0.011731604160897278,11731.604160897277,26882.147357385307,17003.277167949454
0.00114985301315995,1149.85301315995,26882.147357385307,16955.89358169567
-0.0014882968516360822,-1488.2968516360822,26882.147357385307,16907.04452370208
-0.007861479788647057,-7861.479788647057,26882.147357385307,16530.66505672561
-0.002527870534580391,-2527.870534580391,26882.147357385307,16218.045578434949
0.002527870534580404,2527.870534580404,26882.147357385307,16081.678556246161
0.00634836394986942,6348.36394986942,26882.147357385307,16074.034864183775
0.008013729182131306,8013.729182131306,26882.147357385307,16066.154769274099
0.007905532586094523,7905.532586094523,26882.147357385307,16058.030960088865
-0.0006230252526748096,-623.0252526748096,26882.147357385307,16049.65589907316
0.003466207976486329,3466.2079764863292,26882.147357385307,16041.021815551814
0.007403103322491585,7403.103322491585,26882.147357385307,16032.1206985195
0.002221270115751745,2221.270115751745,26882.147357385307,16022.944289207835
-0.006656552163950952,-6656.5521639509525,26882.147357385307,16013.484073422615
0.0,0.0,26882.147357385307,16003.731273644034
0.004457299023287818,4457.299023287818,26882.147357385307,15994.022553965471
0.002726354971368363,2726.3549713683633,26882.147357385307,15984.138400443067
0.000153685713019891,153.68571301989098,26882.147357385307,15973.948551450896
-0.006652006907575774,-6652.006907575775,26882.147357385307,15963.443552489896
0.009742657417475726,9742.657417475726,26882.147357385307,15952.613656653813
0.0019022428143197323,1902.2428143197324,26882.147357385307,15941.448815585687
-0.0028656762148763105,-2865.6762148763105,26882.147357385307,15929.93867015463
-0.014008457532295803,-14008.457532295803,26882.147357385307,15918.07254084426
-0.0028699531362286835,-2869.9531362286834,26882.147357385307,15671.707632282121
-0.004533028473386248,-4533.028473386248,26882.147357385307,15580.683107078416
0.008690668835189467,8690.668835189466,26882.147357385307,15575.825552172717
-0.00435817735598018,-4358.1773559801795,26882.147357385307,15570.66749519848
-0.006707683059238894,-6707.683059238894,26882.147357385307,15543.292695006417
0.0003588811917485563,358.8811917485563,26882.147357385307,15515.071251509446
-0.0005832473582721206,-583.2473582721206,26882.147357385307,15485.976979863082
0.005504847413584413,5504.847413584413,26882.147357385307,15455.982885382296
-0.011717305776204584,-11717.305776204585,26882.147357385307,15268.010300235033
-0.007365222013406618,-7365.222013406618,26882.147357385307,15012.025648021698
-0.007649050342971099,-7649.050342971099,26882.147357385307,14748.12394470898
0.00048121542192835354,481.2154219283535,26882.147357385307,14532.979285417308
0.006485225506382827,6485.225506382827,26882.147357385307,14525.313137905128
-0.002712283284180018,-2712.2832841800177,26882.147357385307,14431.267751542957
0.011076170340667732,11076.170340667732,26882.147357385307,14360.440351941063
-0.013956040679928571,-13956.040679928572,26882.147357385307,14349.176962029202
0.007025095607040572,7025.095607040572,26882.147357385307,14337.565219852026
0.006321319747784041,6321.319747784041,25097.683599273714,14325.003778857277
0.014351309186914706,14351.309186914705,25097.683599273714,14312.662677595534
0.004110340501526294,4110.340501526294,25097.683599273714,14299.93989278961
-0.0014644539761124395,-1464.4539761124395,25097.683599273714,14286.823619793813
0.0018634785879243847,1863.4785879243848,25097.683599273714,14273.301688870311
-0.0043312707228408305,-4331.270722840831,25097.683599273714,14259.36155389763
-0.006745162151571515,-6745.162151571515,25097.683599273714,14244.990280729917
-0.0030749572524875293,-3074.9572524875293,25097.683599273714,14230.17453519619
0.001504992590636672,1504.992590636672,25097.683599273714,14214.900570728434
0.006555053282598962,6555.053282598962,25097.683599273714,14199.154215607034
-0.0055006623199777786,-5500.662319977779,25097.683599273714,14182.920859811777
0.0011652662382967427,1165.2662382967426,23926.274474531503,14165.359813600322
0.008585466452598693,8585.466452598694,23926.274474531503,14148.106804996583
-0.015642627040338787,-15642.627040338788,23926.274474531503,14130.320198188605
0.0005862457890562757,586.2457890562757,23926.274474531503,15802.231830584165
-0.0020759535401795267,-2075.9535401795265,23926.274474531503,15796.675149187995
-0.009235897047674732,-9235.897047674733,23926.274474531503,15790.946611666168
-0.016666477752474377,-16666.477752474377,23926.274474531503,15784.749549677654
-0.0022510771738795798,-2251.0771738795797,23926.274474531503,16770.7929101352
0.00419637780353996,4196.37780353996,23926.274474531503,16889.064052395734
-0.014800237526573553,-14800.237526573554,23926.274474531503,16878.10492723606
0.00039909382755964483,399.0938275596448,23926.274474531503,16866.806860061144
0.00578070112039234,5780.70112039234,23926.274474531503,16855.15936812824
-0.0024299077376612977,-2429.9077376612977,23926.274474531503,16842.55925348398
-0.00039775851903122946,-397.75851903122947,23926.274474531503,16830.180156945666
-0.013476467356901502,-13476.467356901501,23926.274474531503,16817.41820175152
0.007255570972884423,7255.570972884422,23926.274474531503,16804.2615469122
-0.0003768430022458004,-376.8430022458004,23926.274474531503,16790.697985222174
0.011802862884746777,11802.862884746777,23926.274474531503,16776.71493193349
0.0063817906856858475,6381.790685685847,21957.205742522176,16761.588235514286
0.005191340985260642,5191.340985260642,21957.205742522176,16746.726875870663
0.004087918790183203,4087.918790183203,21957.205742522176,16731.40588654734
-0.006115102161206689,-6115.10216120669,21957.205742522176,16715.611052193402
-0.004993306412589051,-4993.3064125890505,21957.205742522176,16699.327717807897
0.010466471736675266,10466.471736675267,20546.586694600974,16681.71260536738
-4.5868403558294294e-05,-45.8684035582943,20546.586694600974,16665.64265666303
-0.01341465229080621,-13414.65229080621,20546.586694600974,16658.449376404347
-0.008825234716263508,-8825.234716263509,20546.586694600974,16651.033623560343
-0.012364188561956037,-12364.188561956038,20546.586694600974,16643.388517535597
-0.0017346882505940376,-1734.6882505940375,20546.586694600974,16635.506964932767
0.007511082712290534,7511.082712290535,20546.586694600974,16627.381652971086
-0.014456135150031866,-14456.135150031865,20546.586694600974,16619.005042701312
-0.012046887048886217,-12046.887048886218,20546.586694600974,16610.369362010824
-0.004543088119588232,-4543.088119588232,20546.586694600974,16601.466598412382
0.011884874907133232,11884.874907133231,20546.586694600974,16592.288491609863
0.006260589656635804,6260.589656635804,20546.586694600974,16582.826525834073
0.010608286339472917,10608.286339472916,20546.586694600974,16573.071921941504
0.01898301712667409,18983.01712667409,19459.918065621365,16562.519510481277
0.009082042898631277,9082.042898631278,19459.918065621365,16552.152198447515
0.0022978479285109352,2297.847928510935,19459.918065621365,16541.464247897242
0.0028420179107287785,2842.0179107287786,19459.918065621365,16530.445742175314
0.0007321147001603099,732.1147001603099,19459.918065621365,16519.086457925903
-0.007829311365906304,-7829.311365906304,18392.263494465104,16506.798122836786
0.015484327901075597,15484.327901075598,18392.263494465104,16494.72533694093
-0.0009536785463956244,-953.6785463956244,18392.263494465104,16482.27916591427
0.01921491867668443,19214.918676684432,18392.263494465104,16469.44806176308
0.0021148481296500133,2114.848129650013,18392.263494465104,16080.402573520925
0.0012223446088626049,1222.344608862605,18392.263494465104,15960.194158281784
0.0012430358307394418,1243.0358307394417,18392.263494465104,15901.308712699572
0.007668122209848631,7668.1222098486305,18392.263494465104,15880.083151163515
-0.002181746923410964,-2181.746923410964,18392.263494465104,15858.201128961395
0.0038533996090087063,3853.399609008706,18392.263494465104,15835.642343186013
0.0006151683118686702,615.1683118686702,18392.263494465104,15812.385863005205
-0.0018026340918649685,-1802.6340918649685,18392.263494465104,15788.410110241486
0.000989652712699425,989.652712699425,18392.263494465104,15762.47343346631
-0.000703652424749553,-703.652424749553,18392.263494465104,15736.991710898854
0.0039297094510993445,3929.7094510993443,18392.263494465104,15710.721893819004
0.005898433267255992,5898.433267255992,18392.263494465104,15683.639608169673
-0.0052632275159039685,-5263.227515903968,18392.263494465104,15655.719726056963
-0.00019708964357722928,-197.08964357722928,17922.062205774968,15638.171223667405
-0.004037926834789402,-4037.926834789402,17922.062205774968,15630.443891227153
0.00760143420750511,7601.43420750511,17922.062205774968,15622.4775691238
0.0042899361328545904,4289.93613285459,17922.062205774968,15614.264865924466
0.003882068224571401,3882.068224571401,17922.062205774968,15605.798161595256
0.00455680042129323,4556.80042129323,17922.062205774968,15597.069600431121
0.013695912778304148,13695.912778304148,17922.062205774968,15588.071083767067
0.003204212776369498,3204.212776369498,17922.062205774968,15578.794262463916
-0.005694026049874386,-5694.026049874386,16935.21568017652,15477.904735735014
0.005609278491612816,5609.278491612816,16935.21568017652,15376.469166223673
0.0060624809417910335,6062.480941791034,16935.21568017652,15301.823488200629
-0.013954207975986498,-13954.207975986497,16935.21568017652,15224.869180960377
0.009437240589843948,9437.240589843948,16935.21568017652,15145.534843599293
0.0020077145223528553,2007.7145223528553,16935.21568017652,15063.746866938383
0.004213637330922501,4213.637330922501,16935.21568017652,14979.429365226102
0.001806419580446897,1806.419580446897,16935.21568017652,14892.504105728907
0.00037767520381774963,377.6752038177496,16935.21568017652,14802.89043614417
-0.0028991616945184652,-2899.161694518465,16935.21568017652,14763.451463378247
-0.005612065870819059,-5612.065870819059,16935.21568017652,14724.406481583552
-0.008200249894121091,-8200.24989412109,16935.21568017652,14684.15392303232
-0.003226257245218288,-3226.257245218288,16935.21568017652,14642.656439989812
0.0013686914027165624,1368.6914027165624,16935.21568017652,14599.87552963671
0.01417500286689283,14175.00286689283,16935.21568017652,14555.771498344855
-0.0015182189151048907,-1518.2189151048908,16935.21568017652,14530.770450805187
0.00563950823387367,5639.50823387367,16935.21568017652,14523.416859158206
-0.00044075516764358595,-440.75516764358593,16935.21568017652,14515.83583684173
0.0006925280698169097,692.5280698169097,16935.21568017652,14508.02034991753
-0.0036779814688094967,-3677.9814688094966,16935.21568017652,14499.963146902888
-0.005574221059148539,-5574.221059148539,16935.21568017652,14491.656752042434
0.008853532820525922,8853.532820525923,16935.21568017652,14482.670995441347
0.012389096018869524,12389.096018869524,16935.21568017652,14473.842857636635
0.0021120643955134947,2112.0643955134947,16935.21568017652,14464.741684642086
0.0029122925438548578,2912.2925438548577,16935.21568017652,14452.304836495812
0.0010925020411555063,1092.5020411555063,16935.21568017652,14404.567246304772
0.005424187858880814,5424.187858880814,16935.21568017652,14355.353235798546
-0.0012712213636788723,-1271.2213636788722,16935.21568017652,14304.617142493156
0.007888216813165512,7888.216813165513,16935.21568017652,14252.31189166286
-0.0007738047140204976,-773.8047140204976,16935.21568017652,14198.388952662552
-0.016451894529429734,-16451.894529429734,16935.21568017652,14142.798293899348
0.013003228233533132,13003.228233533133,16935.21568017652,16546.43476089192
0.010472364530124796,10472.364530124796,16935.21568017652,16542.28043621373
-0.003647790041453811,-3647.790041453811,16935.21568017652,16537.99762726714
0.0028990522367016284,2899.0522367016283,16935.21568017652,16533.5823603119
0.008305829540848039,8305.829540848039,16935.21568017652,16529.030538708554
0.0004415808666524262,441.5808666524262,16935.21568017652,16524.337939117475
0.005762782076023155,5762.782076023155,16935.21568017652,16519.50020758028
-0.0004390428935598388,-439.04289355983883,16935.21568017652,16514.512855480083
-0.013868732731996753,-13868.732731996754,16935.21568017652,16509.371255376784
0.009046553411184943,9046.553411184943,16935.21568017652,16504.07063671359
0.00687603900450576,6876.03900450576,16935.21568017652,16498.60608139071
-0.004992421903817029,-4992.4219038170295,16935.21568017652,16492.972519202172
-0.005520605828398444,-5520.605828398444,16935.21568017652,16487.164723131515
0.0009054599852001101,905.4599852001102,16561.3319731825,16480.88192021203
0.0204842388509106,20484.238850910602,16561.3319731825,16474.70932368673
0.0006894174695677843,689.4174695677843,16561.3319731825,16468.345822114254
-0.0036692221391820532,-3669.222139182053,16561.3319731825,16461.78551121479
0.0018560207515768623,1856.0207515768623,16561.3319731825,16455.02230410195
-0.0013225556858260906,-1322.5556858260907,16561.3319731825,16443.321430168675
0.0035885441826403403,3588.5441826403403,16561.3319731825,16427.29283424703
0.00934448925870076,9344.48925870076,16561.3319731825,16410.76850855461
-0.0010730138082634994,-1073.0138082634994,16561.3319731825,16393.733121242836
-0.010044420776265255,-10044.420776265255,16561.3319731825,16376.170866282248
0.005054439285673223,5054.439285673223,16561.3319731825,16358.065448797102
0.009877491098168725,9877.491098168724,16561.3319731825,16339.400069946438
-0.006020300103898986,-6020.300103898986,16231.016535897026,16319.208090870456
-0.0008602151068079921,-860.2151068079921,16231.016535897026,16299.370298490114
0.01069986668711092,10699.866687110922,16231.016535897026,16278.918966139245
-0.0015686277726263758,-1568.6277726263759,16231.016535897026,16257.835118354844
-0.001978815684699962,-1978.8156846999623,16231.016535897026,16236.099192803915
-0.009992471754677103,-9992.471754677103,16231.016535897026,16213.691022132854
0.005925566624999984,5925.566624999984,16231.016535897026,16190.589815255473
0.005541688545641708,5541.6885456417085,16231.016535897026,16166.774138062296
0.009206870737265695,9206.870737265695,16231.016535897026,16142.221893533248
0.003299193539987298,3299.193539987298,15825.460037935005,16115.661575000988
-0.001897624705687753,-1897.6247056877528,15825.460037935005,16089.567149951516
-0.002766625523076243,-2766.625523076243,15825.460037935005,16062.665680828348
-0.0018486785291629195,-1848.6785291629194,15825.460037935005,16034.932207505495
0.008368731542376877,8368.731542376876,15825.460037935005,16006.340997894305
-0.00019116072852205465,-191.16072852205465,15825.460037935005,15678.079395849703
-0.001741243993994561,-1741.2439939945612,15825.460037935005,15235.897431497355
-0.006378503854489534,-6378.503854489533,15825.460037935005,14794.13940450711
0.0010980015550518345,1098.0015550518344,15825.460037935005,14673.307815712318
-0.012281263923799508,-12281.263923799508,15825.460037935005,14548.739167470267
0.010392725630285291,10392.725630285291,15825.460037935005,14395.07902546745
0.0005592248133013563,559.2248133013562,15825.460037935005,14169.394363572721
0.0011560249447415537,1156.0249447415538,15825.460037935005,13985.98494106568
-0.01006356225012168,-10063.56225012168,15825.460037935005,13955.846715267908
0.007518541017551879,7518.541017551879,15825.460037935005,13955.514293601806
-0.013899237222050371,-13899.237222050371,15825.460037935005,13955.171590853246
-0.012607278183044454,-12607.278183044455,15825.460037935005,13954.818289050607
-0.0018254335511998902,-1825.4335511998902,15825.460037935005,13954.454060388094
-0.0059357994376956205,-5935.79943769562,15825.460037935005,13953.84066834584
-0.0020598565384254944,-2059.8565384254944,15825.460037935005,13952.74192587017
-0.008766694663457628,-8766.694663457627,15825.460037935005,13951.60920166845
0.009166998900018871,9166.99890001887,15825.460037935005,13950.44144475946
0.011796788784550795,11796.788784550796,15825.460037935005,13949.23757165741
-0.0004747492819569324,-474.7492819569324,15229.856178593822,13947.935236425896
-0.003806130078024901,-3806.1300780249007,15229.856178593822,13946.655745404478
0.009429276683316947,9429.276683316946,15229.856178593822,13945.336682495801
0.0035352381858079476,3535.2381858079475,15229.856178593822,13943.97682382706
-0.015968087596702794,-15968.087596702793,15229.856178593822,13942.574907673721
-0.0032524247241546,-3252.4247241546,15808.611924084431,16243.663730997372
0.009309979915025782,9309.979915025782,15808.611924084431,16235.003559117951
0.012319110453764142,12319.110453764142,15808.611924084431,16226.075546871127
0.010273863060949281,10273.863060949281,15808.611924084431,16216.871410534193
0.0011028239211585457,1102.8239211585458,15808.611924084431,16207.382610186838
9.668094329465807e-05,96.68094329465808,15808.611924084431,16197.600341787504
0.005745369394033598,5745.369394033598,15808.611924084431,16187.515529004686
0.0012872116358365086,1287.2116358365085,15808.611924084431,16177.118814795595
0.0001343892490622963,134.3892490622963,15808.611924084431,16166.400552724366
0.004577631268572258,4577.631268572258,15808.611924084431,16155.35079801176
0.01230691265287922,12306.912652879219,15808.611924084431,16143.959298308042
-0.002059577286653515,-2059.577286653515,15808.611924084431,16132.215484180497
0.0014364831320756027,1436.4831320756027,15808.611924084431,16120.108459306739
0.0011514758093828892,1151.475809382889,15808.611924084431,16107.626990364723
0.002449549942589936,2449.5499425899357,15808.611924084431,16094.759496610064
-0.0028835572520469624,-2883.5572520469623,15808.611924084431,16081.494039131036
-0.007331036157671222,-7331.036157671222,15808.611924084431,16067.818309771214
0.006594679954583983,6594.679954583983,15808.611924084431,16053.71961970954
0.000698607533723294,698.6075337232941,15808.611924084431,16039.184887687197
-0.0070271429702637575,-7027.142970263758,15808.611924084431,16024.200627870348
-0.006655820739561021,-6655.820739561021,15808.611924084431,16008.752937337515
0.009066901482708827,9066.901482708827,15808.611924084431,15992.827483179954
0.0008150345893141825,815.0345893141825,15808.611924084431,15976.409489203086
0.0011172233430903386,1117.2233430903386,15808.611924084431,15961.481044912603
0.01181508674056735,11815.086740567349,15808.611924084431,15948.082507258636
-1.870330019780303e-05,-18.70330019780303,15808.611924084431,15934.269581842174
-0.001216465476068699,-1216.465476068699,15808.611924084431,15920.029452546854
0.003085066064625991,3085.066064625991,15808.611924084431,15905.348906881574
0.002405348862984784,2405.3488629847843,15808.611924084431,15890.214323721491
0.00817951161974446,8179.5116197444595,15808.611924084431,15874.611660669862
0.0020114233444897055,2011.4233444897054,15808.611924084431,15858.526441029006
0.0006081660296365605,608.1660296365606,15808.611924084431,15841.943740368328
0.007927519771683995,7927.519771683996,15808.611924084431,15824.848172676908
0.002537446938742902,2537.446938742902,15808.611924084431,15807.223876087817
-0.002720245586542019,-2720.245586542019,15808.611924084431,15789.054498160916
-0.004562494744698358,-4562.494744698358,15808.611924084431,15770.323180710506
-0.003255923777701586,-3255.923777701586,15808.611924084431,15751.01254416369
0.003843435498935823,3843.435498935823,15808.611924084431,15731.104671435014
0.001247317512265877,1247.317512265877,15808.611924084431,15710.581091302358
0.001575265006846784,1575.265006846784,15808.611924084431,15689.422761268692
-0.003942825049378484,-3942.8250493784835,15808.611924084431,15667.610049893778
0.0020558764904829397,2055.8764904829395,15808.611924084431,15645.122718579434
0.006707202921154286,6707.202921154287,15808.611924084431,14194.13995987835
0.004452650318184895,4452.650318184895,15808.611924084431,13954.628516158644
0.005749948036161822,5749.9480361618225,15808.611924084431,13949.88091620937
0.001153236397093276,1153.236397093276,15808.611924084431,13944.189474875331
0.0009720097966270446,972.0097966270446,15808.611924084431,13938.322009582509
0.00984665205497975,9846.652054979751,15808.611924084431,13932.273076290938
-0.00865992171701677,-8659.92171701677,15808.611924084431,13926.03706258829
0.006287695260978772,6287.695260978772,15808.611924084431,13919.608182482465
0.002746274641366987,2746.274641366987,15808.611924084431,13912.980471033161
0.005912711763135104,5912.711763135104,15808.611924084431,13906.147778817385
-0.014120398634509987,-14120.398634509987,15808.611924084431,13899.174158107113
-0.0077145299686901024,-7714.529968690103,15808.611924084431,14391.779768991006
-0.006662757820810198,-6662.757820810198,15808.611924084431,14384.888575780076
0.010257057777279522,10257.057777279522,15808.611924084431,14377.784252882213
-0.0015697882205588987,-1569.7882205588987,15808.611924084431,14370.46020865761
-0.022923168831288386,-22923.168831288385,15808.611924084431,14362.90964760132
-0.005223975423526694,-5223.975423526695,16214.829132393532,22923.168831288385
0.011137391754578117,11137.391754578117,16214.829132393532,22923.168831288385
0.0005875872368837046,587.5872368837046,16214.829132393532,22923.168831288385
-0.005079329261110337,-5079.329261110337,16214.829132393532,22923.168831288385
0.016123920660358285,16123.920660358286,16214.829132393532,22923.168831288385
-0.014262186129383783,-14262.186129383783,16214.829132393532,22923.168831288385
-0.01879394666788421,-18793.946667884207,16214.829132393532,22923.168831288385
-0.029556175110448443,-29556.175110448443,16561.3319731825,22923.168831288385
0.009177288733269463,9177.288733269463,17751.486899333388,29556.175110448443
-0.006706340408373959,-6706.340408373959,17751.486899333388,29556.175110448443
0.022854107690647777,22854.107690647776,17751.486899333388,29556.175110448443
0.004399992055931015,4399.992055931015,17751.486899333388,29556.175110448443
0.0005252002446609306,525.2002446609306,17751.486899333388,29556.175110448443
0.016311936946089543,16311.936946089543,17751.486899333388,29556.175110448443
0.003149782948380894,3149.782948380894,17751.486899333388,29556.175110448443
0.01699499338706148,16994.99338706148,17751.486899333388,29556.175110448443
0.002239521245215976,2239.521245215976,17751.486899333388,29556.175110448443
0.00951601550356654,9516.01550356654,17751.486899333388,29556.175110448443
-0.0016274560736346034,-1627.4560736346034,17751.486899333388,29556.175110448443
0.003430657690571998,3430.657690571998,17751.486899333388,29556.175110448443
-0.00787941471390894,-7879.41471390894,17751.486899333388,29556.175110448443
0.010569240428314612,10569.240428314612,17751.486899333388,29556.175110448443
-0.0023866359777309667,-2386.6359777309667,17751.486899333388,29479.269003258167
0.00137212121140038,1372.1212114003802,17751.486899333388,29361.882594027506
-0.005822172787435674,-5822.172787435675,17751.486899333388,29240.865677294863
8.955357548638842e-05,89.55357548638841,17751.486899333388,29116.105969323067
0.009500708701126247,9500.708701126247,17751.486899333388,28987.48771368204
-0.020793751280581006,-20793.751280581004,17751.486899333388,28854.89157384593
-0.002048902378560329,-2048.902378560329,19813.847020359568,28718.194522468497
-0.0024351251402282216,-2435.1251402282214,19813.847020359568,28577.26972723403
-0.016973351692077254,-16973.351692077253,19813.847020359568,28431.986433177877
0.011134025598169043,11134.025598169042,19813.847020359568,28282.209841367414
0.004346244971666878,4346.244971666878,19813.847020359568,28127.80098383085
0.010206667589763558,10206.667589763558,19813.847020359568,27968.6165946179
0.008387939723531017,8387.939723531017,19813.847020359568,27804.50897687259
0.005209181345082117,5209.181345082116,19813.847020359568,27635.32586579495
0.0014757525903619296,1475.7525903619296,19813.847020359568,27460.910287364393
0.0004085584162131873,408.5584162131873,19813.847020359568,27281.100412693715
-0.002970290408486168,-2970.290408486168,19813.847020359568,27095.72940787859
0.016920518845091718,16920.51884509172,19813.847020359568,26904.625279203196
-0.004792720040221275,-4792.720040221276,19813.847020359568,26707.61071355846
0.0024957830727825358,2495.783072782536,19813.847020359568,26504.502913924716
0.0028572199249817408,2857.219924981741,19813.847020359568,26295.113429766214
-0.0022079319254054044,-2207.9319254054044,19813.847020359568,26079.247982180128
0.003956795610045245,3956.795610045245,19813.847020359568,25856.706283637774
-0.0014513409963401271,-1451.340996340127,19813.847020359568,25627.28185215081
0.0039992019980517,3999.2019980517002,19813.847020359568,25390.761819690022
-0.008998817706609517,-8998.817706609516,19813.847020359568,25146.926734678902
0.00042198544776417637,421.98544776417634,19813.847020359568,24895.550358378776
-0.0018298910690843348,-1829.8910690843347,19813.847020359568,24636.399454976585
0.009046345002780202,9046.345002780203,19813.847020359568,24369.233575180515
-0.009081568052748004,-9081.568052748004,19813.847020359568,24093.804833122707
0.009413112792512116,9413.112792512116,19813.847020359568,23809.85767636208
0.0069025145611961705,6902.514561196171,19813.847020359568,23517.128648773807
-0.0017515417174031708,-1751.5417174031709,19813.847020359568,23215.346146105483
0.0059703736197406964,5970.373619740696,19813.847020359568,22919.033713179884
0.008145074671632304,8145.074671632304,19813.847020359568,22849.00291267729
-0.0078000567272769284,-7800.0567272769285,19813.847020359568,22776.806211128223
0.004337057603802122,4337.057603802122,19813.847020359568,22702.376621902382
8.586270558673028e-05,85.86270558673027,19813.847020359568,22625.64508661801
0.003839105268871988,3839.105268871988,19813.847020359568,22546.540411067108
-0.0016435264181308073,-1643.5264181308073,19813.847020359568,22464.989199158965
-0.0005312995540377734,-531.2995540377734,19813.847020359568,22380.915784820674
-0.009179353360714041,-9179.353360714042,19813.847020359568,22294.242161791506
0.0021603319757513505,2160.3319757513505,19813.847020359568,22204.887911245973
-0.00034533964496960936,-345.33964496960937,19813.847020359568,22112.77012717841
0.0030865552537514716,3086.555253751472,19813.847020359568,22017.803339479895
0.001617065551064632,1617.065551064632,19813.847020359568,21919.899434636063
-0.0030298358491037914,-3029.8358491037916,19813.847020359568,21818.96757397232
-0.01979779980485798,-19797.79980485798,19813.847020359568,21714.914109370522
0.00421171477556377,4211.714775563771,20305.73505747672,21607.64249637898
-0.002156287814492032,-2156.2878144920323,20305.73505747672,21497.053204635118
0.0120192286940089,12019.2286940089,20305.73505747672,21383.043625517737
0.024561496389508077,24561.496389508076,20305.73505747672,21265.507976943118
0.00770239344983837,7702.39344983837,20305.73505747672,21144.337205216707
0.004322338778288734,4322.338778288734,20305.73505747672,21019.418883849274
0.0009524208080329197,952.4208080329197,20305.73505747672,20890.63710924367
-0.0031112548724308913,-3111.2548724308913,20305.73505747672,20788.541766826052
0.00048572554112622993,485.7255411262299,20305.73505747672,20768.668504812867
-0.006450876604582226,-6450.876604582226,20305.73505747672,20748.180605830203
-0.012891366723243088,-12891.366723243089,20305.73505747672,20727.059060487245
0.004088940018545213,4088.940018545213,20305.73505747672,20705.28427147389
0.0036488648401933068,3648.864840193307,20305.73505747672,20682.836035377648
0.00033875339077332414,338.75339077332416,20305.73505747672,20659.693523938222
0.005353973791504906,5353.973791504905,20305.73505747672,20635.83526472232
0.0030945718366895045,3094.5718366895044,20305.73505747672,20611.23912120077
0.0033863104846350504,3386.31048463505,20305.73505747672,20585.88227220948
0.00520791041713731,5207.91041713731,20305.73505747672,20559.741190775167
-0.0030346506764830764,-3034.6506764830765,20305.73505747672,20532.79162228618
0.006192897982499703,6192.897982499703,20305.73505747672,20505.008561988252
0.0017907779744643418,1790.7779744643417,20305.73505747672,20476.366231784206
0.00046375276184341897,463.75276184341897,20305.73505747672,20446.83805631612
0.006190334813620189,6190.334813620189,20305.73505747672,20416.39663830778
-0.001647012691966246,-1647.012691966246,20305.73505747672,20385.013733144544
0.0018938307965044219,1893.8307965044219,20305.73505747672,20352.660222666982
-0.005162940647360091,-5162.940647360091,20305.73505747672,20319.30608815403
-0.0031139257281666607,-3113.9257281666605,20305.73505747672,20284.920382470576
0.007700862673177611,7700.862673177611,20305.73505747672,20249.471201353612
-0.005165923073789681,-5165.923073789681,20305.73505747672,20212.925653810347
-0.00019858672513011795,-198.58672513011794,20305.73505747672,20175.2498316008
0.004260947817455216,4260.947817455216,20305.73505747672,20136.408777776523
-0.004128552285611204,-4128.552285611204,20305.73505747672,20096.36645424634
-0.030256723999342438,-30256.723999342437,20305.73505747672,20055.08570833894
-0.0003070676767162298,-307.0676767162298,21879.754231441766,30256.723999342437
0.008579368826738666,8579.368826738666,21879.754231441766,30256.723999342437
0.005970469061106944,5970.4690611069445,21879.754231441766,30256.723999342437
0.011053716675293576,11053.716675293575,21879.754231441766,30256.723999342437
6.652032198299545e-05,66.52032198299545,21879.754231441766,30256.723999342437
-0.01058228624041855,-10582.286240418549,21879.754231441766,30256.723999342437
-0.011477184545126546,-11477.184545126545,21879.754231441766,30256.723999342437
-0.003644728551456477,-3644.728551456477,21879.754231441766,30256.723999342437
-0.002460025840862423,-2460.0258408624227,21879.754231441766,30256.723999342437
0.012425898668003484,12425.898668003483,21879.754231441766,30256.723999342437
0.005744092740666969,5744.092740666969,21879.754231441766,30256.723999342437
-0.011368461698192505,-11368.461698192505,21879.754231441766,30256.723999342437
0.0014599534050094873,1459.9534050094874,21879.754231441766,30256.723999342437
-0.015385181844416077,-15385.181844416076,21879.754231441766,30256.723999342437
0.0015492136537416299,1549.21365374163,21879.754231441766,30242.995774520878
0.0013750668214543903,1375.0668214543903,21879.754231441766,30222.04156066466
0.018026480285188926,18026.480285188925,21879.754231441766,30200.43927833866
-0.0019249934179293732,-1924.9934179293732,21879.754231441766,30178.168884188148
0.00998982425325709,9989.82425325709,21879.754231441766,30155.209714960816
0.009111945972825356,9111.945972825357,21879.754231441766,30131.5404683347
0.005605683184129089,5605.683184129089,21879.754231441766,30107.139183153136
0.0054432418826487715,5443.241882648772,21879.754231441766,30081.983219048434
-0.0029234984524875406,-2923.4984524875404,21879.754231441766,30056.049235435334
-0.01424643506357488,-14246.43506357488,21879.754231441766,30029.31316985482
0.008555651121952734,8555.651121952733,21879.754231441766,30001.75021564811
-0.004492973827814843,-4492.9738278148425,21879.754231441766,29973.334798940155
0.005352790673669038,5352.7906736690375,21879.754231441766,29944.04055491134
-0.005336174271617979,-5336.174271617979,21879.754231441766,29913.840303335237
-0.006752332693607451,-6752.332693607451,21879.754231441766,29882.70602335988
0.0066858654287108065,6685.865428710807,21879.754231441766,29850.60882750899
0.004046440015445117,4046.440015445117,21879.754231441766,29817.51893487921
0.0034695294770691197,3469.52947706912,21879.754231441766,29783.4056435083
-0.009195733722667531,-9195.733722667532,21879.754231441766,29748.237301888807
0.0067683276247509526,6768.327624750953,21879.754231441766,29711.98127960067
0.0007602300888389014,760.2300888389013,21879.754231441766,29674.60393703558
-0.0032266899846492007,-3226.6899846492006,21879.754231441766,29636.07059418497
0.010502202720036824,10502.202720036825,21879.754231441766,29596.345498462695
-4.920331631344751e-05,-49.20331631344751,21879.754231441766,29476.930395962205
0.0029315688499782803,2931.5688499782805,21879.754231441766,25205.69826763039
0.002352135156081447,2352.135156081447,21879.754231441766,22460.107237980756
-0.0041690228861182435,-4169.022886118243,21879.754231441766,21468.93709910685
-0.01725206381789887,-17252.06381789887,21879.754231441766,20743.420260957773
-0.004560839881861268,-4560.839881861268,21879.754231441766,20590.46551305333
-0.004985532169610801,-4985.532169610801,21879.754231441766,20432.78020593534
0.0005047191345218317,504.7191345218317,21879.754231441766,20270.218033648754
-0.016090683633896055,-16090.683633896055,21879.754231441766,20102.628165312068
0.015484990096299429,15484.990096299429,21879.754231441766,19929.85510517116
-0.01767523412309218,-17675.23412309218,21879.754231441766,19746.050477734578
-0.01190746688596688,-11907.46688596688,21879.754231441766,19539.749406542625
0.010690494254774401,10690.494254774401,21879.754231441766,19327.0678898499
-0.017910616610670373,-17910.61661067037,21879.754231441766,19107.808594290385
0.005589281764736165,5589.281764736164,21879.754231441766,18881.768083404288
-0.02699680012812802,-26996.80012812802,21879.754231441766,18782.730548012936
-0.008347563026847447,-8347.563026847447,25000.72079267659,28904.896533525833
0.005292488963655007,5292.488963655007,25000.72079267659,28852.72689232141
-0.013420118728424427,-13420.118728424426,25000.72079267659,28798.943757059118
0.02044532414242739,20445.32414242739,25000.72079267659,28743.49722586088
0.007681725621321671,7681.725621321671,25000.72079267659,28686.33585349156
-0.010867263493937702,-10867.263493937702,25000.72079267659,28627.406603626285
0.010831998832651152,10831.998832651152,25000.72079267659,28566.654799641467
-0.002895942409903512,-2895.9424099035123,25000.72079267659,28504.02407388392
-0.0026738220574662338,-2673.8220574662337,25000.72079267659,28439.456315370982
0.01774996955398149,17749.96955398149,25000.72079267659,28372.89161587311
0.002400961537538268,2400.9615375382677,25000.72079267659,28304.268214328917
-0.012010108961596242,-12010.108961596243,25000.72079267659,28233.522439541084
-0.002659224756887704,-2659.2247568877037,25000.72079267659,28160.58865110002
-0.020343790839198347,-20343.790839198347,25000.72079267659,28085.399178480366
0.00669030790181233,6690.30790181233,25000.72079267659,28007.88425825392
0.002820523844933686,2820.523844933686,25000.72079267659,27927.971969360675
0.00630838438882758,6308.38438882758,25000.72079267659,27845.58816637795
-0.05053653336302296,-50536.53336302296,25000.72079267659,27760.656410725656
-0.060326548115506085,-60326.548115506084,28302.08136911143,50536.53336302296
-0.0017827788332160732,-1782.7788332160733,29913.45504378438,60326.548115506084
-0.015786751533991002,-15786.751533991002,29913.45504378438,60326.548115506084
0.09986283357347388,99862.83357347388,29913.45504378438,60326.548115506084
-0.04480809185268924,-44808.09185268924,29913.45504378438,60326.548115506084
0.017685530675971325,17685.530675971324,37677.92160454928,60326.548115506084
0.009654707541135678,9654.707541135678,37677.92160454928,60326.548115506084
-0.002804790411545598,-2804.790411545598,37677.92160454928,60326.548115506084
-0.02247877432008865,-22478.77432008865,37677.92160454928,60326.548115506084
0.0014257608848264034,1425.7608848264035,37677.92160454928,60326.548115506084
-0.02409060162774479,-24090.60162774479,37677.92160454928,60326.548115506084
0.025685044195475088,25685.04419547509,37677.92160454928,60326.548115506084
0.015376666278090485,15376.666278090484,37677.92160454928,60326.548115506084
0.02083042852909907,20830.42852909907,37677.92160454928,60326.548115506084
0.007199323924035108,7199.323924035108,37677.92160454928,60326.548115506084
0.0003813016959653287,381.3016959653287,37677.92160454928,60223.77017524066
0.0062795975330518445,6279.597533051844,37677.92160454928,60066.894033713535
0.00039680392995782374,396.80392995782375,37677.92160454928,59905.16605275774
0.007061960508589742,7061.960508589742,37677.92160454928,59738.43617548372
0.014735031938352542,14735.031938352542,37677.92160454928,59566.549704067205
-0.005750854144731125,-5750.854144731125,37677.92160454928,59389.34715621513
-0.008393452168488195,-8393.452168488195,37677.92160454928,59206.66411719237
0.004196622079458141,4196.622079458141,37677.92160454928,59018.331087272
0.0069436707361845195,6943.670736184519,37677.92160454928,58824.1733244675
-0.0012750134541162756,-1275.0134541162756,37677.92160454928,58624.010682401
0.03251312680038858,32513.126800388578,37677.92160454928,58417.65744315718
0.006582176726721667,6582.1767267216665,37677.92160454928,58204.922144967684
0.0012772155036144656,1277.2155036144657,37677.92160454928,57985.60740456614
0.004872468363891485,4872.468363891485,37677.92160454928,57759.50973404908
0.0063140688895582265,6314.068889558226,37677.92160454928,57526.419352072735
0.0010933098940278192,1093.3098940278192,37677.92160454928,57286.119989210514
-0.0033678570184555085,-3367.8570184555088,37677.92160454928,57038.38868729071
-0.016994395612415697,-16994.395612415698,37677.92160454928,56782.99559252802
0.0003945280723588758,394.52807235887576,37677.92160454928,56519.7037422572
-0.0068491061066177856,-6849.106106617785,37677.92160454928,56248.2688450708
0.020577350051717586,20577.350051717585,37677.92160454928,55968.43905415698
-0.005802133541071826,-5802.133541071827,37677.92160454928,55679.954733627266
0.003939620303707172,3939.620303707172,37677.92160454928,55382.54821761725
-0.0011191753186094886,-1119.1753186094886,37677.92160454928,55075.94356193683
0.005617136840275297,5617.136840275297,37677.92160454928,54759.85628803949
0.00568642178297005,5686.421782970049,37677.92160454928,54433.99311907315
-0.0002684518732252705,-268.4518732252705,37677.92160454928,54098.051707767656
-0.004844498027883502,-4844.498027883502,37677.92160454928,53751.72035590631
0.010216581202681749,10216.58120268175,37677.92160454928,53394.67772512142
0.0009008859320361195,900.8859320361196,37677.92160454928,53026.59253874525
0.005653678300715158,5653.678300715158,37677.92160454928,52647.12327443992
-0.00285610104150431,-2856.10104150431,37677.92160454928,52255.91784732102
0.0039664480975689425,3966.4480975689426,37677.92160454928,51852.613283280916
-0.011243091574180354,-11243.091574180355,37677.92160454928,51436.83538220864
0.009469262540485506,9469.262540485506,37677.92160454928,51008.198370793936
-0.008581884182840926,-8581.884182840926,37677.92160454928,50566.30454459319
-0.00015063139688876312,-150.63139688876313,37677.92160454928,50302.76595484779
-0.005303271584205799,-5303.2715842058,37677.92160454928,50044.91810370521
0.009829035202201478,9829.035202201478,37677.92160454928,49779.09557675411
0.010986663170780219,10986.663170780219,37677.92160454928,49505.05173453647
0.0005601779535233621,560.177953523362,37677.92160454928,49222.53230956983
0.007793376552052447,7793.376552052447,37677.92160454928,48931.27517042898
0.004956073986436595,4956.073986436595,37677.92160454928,48631.01007853118
0.004769793916052953,4769.793916052953,37677.92160454928,48321.45843739943
-0.00032375556737677426,-323.75556737677425,37677.92160454928,48002.33303417082
0.004523067237805917,4523.067237805917,37677.92160454928,47673.337773110405
0.007850480601414028,7850.480601414028,37677.92160454928,47334.16740088317
-0.007479850606759583,-7479.850606759584,37677.92160454928,46984.50722332932
-0.0005479363886263763,-547.9363886263762,37677.92160454928,46624.032813479986
0.005978802766439778,5978.802766439778,37677.92160454928,46252.40971054253
0.0028162722233661245,2816.2722233661243,37677.92160454928,45869.29310957608
-0.003521581306208044,-3521.5813062080438,37677.92160454928,45474.32754156944
0.0019063950087797872,1906.3950087797873,37677.92160454928,45067.14654362443
-0.004282455720792721,-4282.455720792721,37677.92160454928,44117.46405995
0.003337722537631157,3337.722537631157,37677.92160454928,42257.864556235574
0.006100988371448054,6100.988371448054,37677.92160454928,40340.751665808326
-0.00073270578770567,-732.70578770567,37677.92160454928,38364.34662413075
0.0018943771335627375,1894.3771335627375,37677.92160454928,36326.815653329126
0.00014312635696291893,143.12635696291892,37677.92160454928,34226.26826075013
0.00847147346635673,8471.473466356729,37677.92160454928,32060.755484895508
0.0003310657984092403,331.0657984092403,37677.92160454928,30039.308096609137
0.004215433447535568,4215.433447535568,37677.92160454928,29036.440699622457
-0.0002511695093421143,-251.1695093421143,37677.92160454928,28122.590883359517
-0.0026410957028047332,-2641.0957028047333,37677.92160454928,27180.477670717297
-0.0012601205082383743,-1260.1205082383744,37677.92160454928,26732.343325931895
-0.0037582749875794386,-3758.2749875794384,37677.92160454928,26396.123403766527
-0.01652613779978061,-16526.13779978061,37677.92160454928,26049.50492730739
0.01508540927034103,15085.40927034103,37677.92160454928,25692.166291782505
-0.005082845258532892,-5082.845258532892,37677.92160454928,25323.77594588056
0.007630415764893208,7630.415764893208,37677.92160454928,24925.255764974558
-0.0008379248413242609,-837.9248413242609,37677.92160454928,24533.72601058839
0.007767304673703826,7767.304673703827,37677.92160454928,24130.087088540797
-0.0019794209589211113,-1979.4209589211114,37677.92160454928,23938.483427994015
0.010589723632381049,10589.723632381048,37677.92160454928,23765.219720275665
0.0034172667188266254,3417.2667188266255,37677.92160454928,23586.59734118458
9.303479508046076e-05,93.03479508046075,37677.92160454928,23402.450558616456
-0.0023440118153315328,-2344.011815331533,37677.92160454928,23212.608514731786
-0.00021760417885903445,-217.60417885903445,37677.92160454928,23016.89506742801
-0.005439921139343534,-5439.9211393435335,37677.92160454928,22815.12862690865
-0.0026605750012675547,-2660.575001267555,37677.92160454928,22607.121987197967
-0.004019916535665689,-4019.916535665689,37677.92160454928,22294.756226427253
0.015240055749260446,15240.055749260446,37677.92160454928,21822.224890303878
-0.004410698417700851,-4410.698417700851,37677.92160454928,21335.079182960195
0.004178224976744538,4178.224976744538,37677.92160454928,20832.86711353371
0.002275912701790221,2275.912701790221,37677.92160454928,20604.657903322463
0.003535181791426007,3535.181791426007,37677.92160454928,20393.78470825142
-0.005981609371052626,-5981.609371052626,37677.92160454928,20147.318113827216
-0.0074378707816654625,-7437.870781665462,37677.92160454928,19884.278189416214
0.005404955487229947,5404.955487229947,37677.92160454928,18787.30774842667
0.00832268158142734,8322.681581427341,37677.92160454928,17859.448765670346
-0.002900430926529775,-2900.430926529775,37677.92160454928,17748.663391029153
0.0024535724114473703,2453.5724114473705,37677.92160454928,17591.407082975293
0.0023091854221836696,2309.1854221836697,37677.92160454928,17349.387955437476
0.00288666959246001,2886.66959246001,37677.92160454928,17225.26677446193
0.008275867181647363,8275.867181647363,37677.92160454928,17179.97334688094
-0.00033459058591749514,-334.59058591749516,37677.92160454928,17133.279091642806
0.005309800690638552,5309.800690638553,37677.92160454928,17085.140684180813
-0.0013778382235956578,-1377.8382235956578,37677.92160454928,17035.51345999319
-0.0012431966912957713,-1243.1966912957712,37677.92160454928,16990.5383671456
0.004661589746749318,4661.589746749318,37677.92160454928,16970.28315838196
0.002172012075954637,2172.012075954637,37677.92160454928,16949.401499862746
0.00471989692795084,4719.89692795084,37677.92160454928,16927.87401685325
-0.0054584549647028885,-5458.454964702889,37677.92160454928,16905.680735400158
-0.003186567775594909,-3186.567775594909,37677.92160454928,16882.80106379903
-0.004624198059199872,-4624.198059199872,37677.92160454928,16859.21377348859
0.005712699361002146,5712.699361002145,37677.92160454928,16834.89697935412
0.002806489959773006,2806.489959773006,37677.92160454928,16809.828119421672
0.003759798693121445,3759.798693121445,37677.92160454928,16783.983933924304
0.003401695134902471,3401.6951349024707,37677.92160454928,16757.340443720834
0.0011512556685068594,1151.2556685068594,37677.92160454928,16729.872928047153
-1.4942880838291834e-05,-14.942880838291835,37677.92160454928,16701.55590157944
0.003579902691099707,3579.9026910997068,37677.92160454928,16672.36309078798
-0.003714398667631104,-3714.3986676311038,37677.92160454928,16642.267409559678
0.00594534729952674,5945.34729952674,37677.92160454928,16611.240934066576
-0.0029012049182987006,-2901.2049182987007,37677.92160454928,16579.254876857198
-0.027399801942726544,-27399.801942726543,37677.92160454928,16546.279560146493
0.015227563512238449,15227.563512238448,37677.92160454928,28700.157420279378
-0.001222392570361296,-1222.392570361296,37677.92160454928,28641.405857048405
0.004429719462844643,4429.719462844643,37677.92160454928,28580.83723516081
-0.0068335849457119065,-6833.584945711907,37677.92160454928,28518.395356926172
0.005660264314098174,5660.264314098174,37677.92160454928,28454.022286581185
0.010346804492827629,10346.804492827629,37677.92160454928,28387.658296534806
-1.4896580490177991e-05,-14.89658049017799,37677.92160454928,28319.241811950913
-0.005212506854661459,-5212.506854661459,37677.92160454928,28248.709353617
0.005912406365753746,5912.406365753746,37677.92160454928,28175.995479045956
0.008139347089896706,8139.347089896706,37677.92160454928,28101.03272175622
0.01172866089705333,11728.660897053329,37677.92160454928,28023.75152867402
0.0026524827910452933,2652.482791045293,37677.92160454928,27944.080195599585
0.0004801920860577721,480.1920860577721,37677.92160454928,27861.944800677487
-0.011059049824417662,-11059.049824417662,37677.92160454928,27777.269135809343
0.003274863598399585,3274.863598399585,37677.92160454928,27689.97463594528
0.0018749090009720192,1874.9090009720192,37677.92160454928,27599.980306188514
-0.011924356281126827,-11924.356281126828,37677.92160454928,27507.202646645455
0.003459443730445934,3459.4437304459343,37677.92160454928,27411.55557495158
-0.010787335017882127,-10787.335017882127,37677.92160454928,27387.65431827677
0.000984134637463724,984.134637463724,37677.92160454928,27373.43621182007
0.01548377959168782,15483.77959168782,37677.92160454928,27358.778370112126
0.002286653395886616,2286.653395886616,37677.92160454928,27343.667193093628
0.0005562142446419322,556.2142446419322,37677.92160454928,27328.088660084868
-0.016733211254230287,-16733.211254230286,37677.92160454928,27312.02831677687
-0.00016369413044279956,-163.69413044279955,37677.92160454928,27295.471261820167
-0.009360116184323966,-9360.116184323966,37677.92160454928,27278.402132998828
-0.008433012450347006,-8433.012450347007,37677.92160454928,27260.805092976825
0.003855725229498871,3855.7252294988707,37677.92160454928,27242.663814603628
-0.0153596498741545,-15359.6498741545,37677.92160454928,27223.961465765282
0.009911941835396358,9911.94183539636,37677.92160454928,27204.680693766983
0.014611334234121861,14611.334234121861,37677.92160454928,27184.80360923266
0.009361928842259892,9361.928842259893,37677.92160454928,27164.31176950655
0.006879779110253937,6879.779110253937,37677.92160454928,27143.186161541485
0.005443607681908437,5443.607681908437,37677.92160454928,27121.407184257918
-0.004575928668685979,-4575.928668685979,37677.92160454928,27098.95463035733
0.0018504925239445134,1850.4925239445136,37677.92160454928,27075.807667573223
0.003456815265752739,3456.815265752739,37677.92160454928,27051.94481934218
0.0007308445965087893,730.8445965087893,37677.92160454928,27027.34394487719
0.0018976999739243122,1897.6999739243122,37677.92160454928,27001.982218624624
-0.003008794955265222,-3008.794955265222,37677.92160454928,23575.904336140542
-0.0008634125819003481,-863.4125819003482,37677.92160454928,20725.007011568207
0.006610219529773459,6610.219529773459,37677.92160454928,17253.98987649497
0.0023243324379854545,2324.3324379854544,37677.92160454928,16992.728231611512
-0.010810285225808881,-10810.28522580888,37677.92160454928,16983.6362219409
-0.0015119379903136695,-1511.9379903136694,37677.92160454928,16974.2630160949
-0.0027361005595293282,-2736.100559529328,37677.92160454928,16964.5999172846
-0.011064566655824327,-11064.566655824327,37677.92160454928,16954.6379597482
0.00752301618359532,7523.0161835953195,37677.92160454928,16944.367900432328
0.0060719683113198775,6071.968311319877,36278.02979680749,16933.257875585026
0.006210563238336997,6210.5632383369975,36278.02979680749,16922.34273123826
0.004560064429104888,4560.0644291048875,36278.02979680749,16911.090005107573
0.0035114739275361262,3511.473927536126,36278.02979680749,16899.489256519235
-0.00010139857616117882,-101.39857616117882,36278.02979680749,16887.529721892086
-0.0035699811526619394,-3569.981152661939,36278.02979680749,16875.20030475069
-0.001221942749836467,-1221.9427498364669,36278.02979680749,16862.489565429667
-0.0074364992469158325,-7436.499246915832,36278.02979680749,16849.38571045954
0.0018313815929654762,1831.381592965476,36278.02979680749,16835.876581624354
0.006638047848428544,6638.047848428544,36278.02979680749,16821.949644680866
0.005929573091759232,5929.573091759232,36278.02979680749,16807.591977728818
-0.0032286348346833873,-3228.6348346833875,36278.02979680749,16792.79025922155
-0.00010151621730295682,-101.51621730295682,36278.02979680749,16777.53075560581
0.006591619582212326,6591.619582212326,36278.02979680749,16761.799308579273
0.0015692149229013152,1569.2149229013153,36278.02979680749,16745.58132195398
-0.0020015414226026377,-2001.5414226026378,36278.02979680749,16730.023913409834
-0.00492729281072797,-4927.2928107279695,36278.02979680749,16717.392788548223
0.002719515635281093,2719.515635281093,36278.02979680749,16704.371010340376
-0.0008382109024625031,-838.2109024625031,36278.02979680749,16690.94649672404
-0.020566878432386925,-20566.878432386926,36278.02979680749,16677.10679196493
0.01147498247687448,11474.98247687448,36278.02979680749,21740.94508006119
0.005209633575644586,5209.633575644586,36278.02979680749,21701.66443486086
0.00036278941923500416,362.7894192350042,36278.02979680749,21661.16892434506
0.005065280447057316,5065.2804470573155,36278.02979680749,21619.420975359695
0.003976320232466472,3976.3202324664717,36278.02979680749,21576.381852694372
-0.00010065352906969757,-100.65352906969757,36278.02979680749,21532.011623142494
-0.001986383852371168,-1986.383852371168,36278.02979680749,21486.269118449836
-0.0029869936567086114,-2986.9936567086115,36278.02979680749,21439.111897117196
0.004958997606431472,4958.9976064314715,36278.02979680749,21390.496205021696
-0.00849139360665812,-8491.39360665812,36278.02979680749,21340.376934820146
-0.004855648769157645,-4855.648769157645,36278.02979680749,21288.7075840969
-0.012567898466513294,-12567.898466513294,36278.02979680749,21235.440212217265
0.019003086020040857,19003.086020040857,36278.02979680749,21180.525395846504
0.004810166940943426,4810.166940943426,36278.02979680749,21123.912183093147
-0.0026405608134012124,-2640.5608134012123,36278.02979680749,21065.548046234013
-0.0002312005096709931,-231.2005096709931,36278.02979680749,21005.378832977174
-0.015569447134089434,-15569.447134089434,36278.02979680749,20943.348716217548
0.0007043183810107444,704.3183810107445,36278.02979680749,20879.400142238548
0.0016121943987357,1612.1943987357,36278.02979680749,20813.47377731175
0.005025062796631903,5025.062796631903,36278.02979680749,20745.508452644943
-0.0026408530270246467,-2640.8530270246465,36278.02979680749,20675.44110762762
0.007205743342883489,7205.743342883488,36278.02979680749,20603.206731321097
-0.010263827328610054,-10263.827328610054,36278.02979680749,20562.42363789476
0.007242282009114867,7242.282009114867,36278.02979680749,20553.456662852477
0.008402802066956044,8402.802066956045,36278.02979680749,20544.212358685178
-0.005569836092779004,-5569.836092779004,36278.02979680749,20534.68214820343
-0.004813539531445302,-4813.539531445303,36278.02979680749,20524.85718894389
0.000568359859948312,568.3598599483121,36278.02979680749,20514.728364964983
-0.00885343564941631,-8853.435649416311,36278.02979680749,20504.28627838879
0.007030626707290436,7030.626707290437,36278.02979680749,20493.521240681377
-0.00559118578426759,-5591.18578426759,36278.02979680749,20482.423263663426
-0.013193758601503453,-13193.758601503452,36278.02979680749,20470.982050242856
0.008721781864122403,8721.781864122404,36278.02979680749,20459.186984860826
-0.0016083223061841322,-1608.3223061841322,36278.02979680749,20446.427227060074
-0.001255993840815324,-1255.993840815324,36278.02979680749,20433.891287659466
-0.015301366036724433,-15301.366036724432,36278.02979680749,20420.967638792863
-0.005676230093446902,-5676.230093446902,36278.02979680749,20407.64428944585
0.010125375692972446,10125.375692972446,36278.02979680749,20393.908877747897
0.0026272200927514693,2627.220092751469,36278.02979680749,20379.748659502584
-0.014051964415039928,-14051.964415039927,36278.02979680749,20365.150496363087
-0.0024673990553668104,-2467.3990553668104,36278.02979680749,20350.100843641954
-0.017166819459998206,-17166.819459998205,36278.02979680749,16962.337866809325
0.01044528074902386,10445.28074902386,36278.02979680749,20243.791234318283
-0.003362477949522577,-3362.477949522577,36278.02979680749,20178.356543604907
0.005557266210536793,5557.266210536793,36278.02979680749,20110.898099570495
-0.018020166399113934,-18020.166399113932,36278.02979680749,20041.353311906158
-0.01719894174699523,-17198.941746995228,36278.02979680749,20101.523766785973
-0.0033489755326428124,-3348.975532642812,36278.02979680749,19807.245110313866
0.02865337838994454,28653.378389944537,36278.02979680749,19763.831832179305
0.00750627768071692,7506.27768071692,36278.02979680749,19719.07587533955
0.0009000282819796315,900.0282819796315,36278.02979680749,19672.935713649083
0.004715698294388972,4715.6982943889725,25778.293788385476,19623.0218497586
0.0004400106280452577,440.0106280452577,23300.806246993277,19571.564258118928
0.025150550892113863,25150.550892113864,23300.806246993277,19521.009282031686
0.005752567636593883,5752.5676365938825,23300.806246993277,19468.890749982987
-0.0006620714249065728,-662.0714249065728,23300.806246993277,19415.160304571957
0.009725024652199299,9725.0246521993,21541.9453351148,19357.03536437316
0.012111175446506492,12111.175446506491,21541.9453351148,19299.92999142064
0.007860051940659503,7860.051940659503,21541.9453351148,19241.05847291288
0.002454339131575915,2454.339131575915,21541.9453351148,19180.36618579148
0.012013177480333547,12013.177480333547,19318.989536083154,19114.710010182425
-0.002001607592143685,-2001.607592143685,19318.989536083154,19050.205506918104
-0.006568540038220643,-6568.5400382206435,17617.766319575767,18980.42532240428
0.010075758777694515,10075.758777694515,17617.766319575767,18911.869149310092
-0.003888259833014884,-3888.259833014884,17617.766319575767,18841.192682202683
0.0077194401848812875,7719.440184881288,17617.766319575767,18768.33034497855
0.0017213514756912861,1721.3514756912862,17617.766319575767,18693.214533407277
-0.004877853328425485,-4877.853328425485,17617.766319575767,18615.775552405965
-0.00015457362302163192,-154.57362302163193,17617.766319575767,18535.941551373686
0.009900517160542386,9900.517160542386,17617.766319575767,18453.638457525976
0.0027652156492080156,2765.2156492080157,17617.766319575767,18368.78990716751
-0.0036700860012736734,-3670.0860012736734,17617.766319575767,18281.317174839194
0.00799016582902717,7990.165829027171,17617.766319575767,18191.139100273922
0.013803731803033653,13803.731803033654,17617.766319575767,18098.17201309323
-0.0030708153596703297,-3070.8153596703296,17617.766319575767,18016.636739649148
0.008222208042013545,8222.208042013546,17617.766319575767,17997.084208555953
0.00227500572081225,2275.00572081225,17617.766319575767,17976.92696000627
-0.0015160952629217944,-1516.0952629217945,17617.766319575767,17956.14629139835
0.005579248374820033,5579.248374820033,17617.766319575767,17934.722921699464
0.007863279204263378,7863.279204263378,17617.766319575767,17912.63697355628
-0.012102289790895842,-12102.289790895842,17617.766319575767,17889.86795485197
-0.0007037393207031406,-703.7393207031406,17617.766319575767,17866.39473969288
-0.006683082237000588,-6683.082237000588,17617.766319575767,17842.195548807227
0.010196836781318679,10196.83678131868,17617.766319575767,17817.24792933748
0.001981172774136944,1981.172774136944,17617.766319575767,17791.528734007843
0.0039237869149726,3923.7869149726,17617.766319575767,17765.014099647393
0.006616653935934987,6616.653935934986,17617.766319575767,17737.679425048995
-0.00017321208530693047,-173.21208530693048,17617.766319575767,17709.499348143425
0.00550145567853739,5501.45567853739,17617.766319575767,17680.44772246758
0.002488287807413806,2488.287807413806,17617.766319575767,17650.497592904856
0.0027194377229783663,2719.4377229783663,17617.766319575767,17619.62117067524
0.0013569506268272388,1356.9506268272387,17617.766319575767,17587.789807551926
-0.007041863939663294,-7041.863939663294,17617.766319575767,17554.97396928047
0.0037715169794552807,3771.5169794552808,17617.766319575767,17521.143208175876
-0.026148254201163564,-26148.254201163563,17617.766319575767,17486.266134872167
0.0022616937124581528,2261.6937124581527,19318.989536083154,26580.302030291517
-0.0029398437452291875,-2939.8437452291873,19318.989536083154,26554.6884039618
-0.015891150006672024,-15891.150006672024,19318.989536083154,26528.28260362189
0.016853985971780342,16853.98597178034,19318.989536083154,26501.060129044665
0.005393690712535733,5393.690712535733,19318.989536083154,26472.99572226402
0.017480299161608426,17480.299161608425,19318.989536083154,26444.06334413964
-0.0059794485737980725,-5979.448573798072,19318.989536083154,26414.236150196983
-0.012566467026299604,-12566.467026299604,19318.989536083154,26383.486465720012
0.007770422911541088,7770.422911541088,19318.989536083154,26351.785760073657
-0.0031519746039485146,-3151.9746039485144,19318.989536083154,26319.10462023205
-0.014628433282938856,-14628.433282938857,19318.989536083154,26285.412723488127
-0.00046358790593153265,-463.58790593153265,19318.989536083154,26250.67880931913
0.0014445946064006426,1444.5946064006425,19318.989536083154,26214.870650382025
-0.0072576499641161165,-7257.649964116116,19318.989536083154,26177.95502261181
0.0163406108026382,16340.6108026382,19318.989536083154,26112.69653854272
0.007756614166623682,7756.614166623682,19318.989536083154,25945.751242754017
-0.0013534068382799096,-1353.4068382799096,19318.989536083154,25773.64269039453
-0.001314959868519424,-1314.959868519424,19318.989536083154,25596.211193116702
0.00868954574044671,8689.54574044671,19318.989536083154,25413.292123758125
-0.004763216231923491,-4763.21623192349,19318.989536083154,25224.71576359464
-0.0030942152192766624,-3094.2152192766625,19318.989536083154,25030.307144869395
0.008429624229238526,8429.624229238525,19318.989536083154,24829.885888451616
0.004300910616082226,4300.910616082226,19318.989536083154,24623.266036474528
-0.007685594834502518,-7685.594834502518,19318.989536083154,24410.255879797114
0.0035443075077972786,3544.3075077972785,19318.989536083154,24190.65778012968
0.003955827385520705,3955.827385520705,19318.989536083154,23964.267986658095
-0.005433315924238193,-5433.3159242381935,19318.989536083154,23730.87644699667
-0.009946467902402655,-9946.467902402655,19318.989536083154,23490.266612294174
-0.0016157485102320152,-1615.7485102320152,19318.989536083154,23242.215236312215
0.008306709868282492,8306.709868282493,19318.989536083154,22986.492168289577
-0.0011633428024778463,-1163.3428024778464,19318.989536083154,22722.860139400258
-0.012426199378093342,-12426.199378093343,19318.989536083154,22451.074542607148
0.001015496563495077,1015.496563495077,19318.989536083154,22170.883205707032
0.00021650586680173068,216.5058668017307,19318.989536083154,21882.026157356402
0.00239197384226075,2391.9738422607497,19318.989536083154,21584.2353858609
-0.015507139189947661,-15507.139189947662,19318.989536083154,21277.23459050472
0.01662683172876953,16626.831728769528,19318.989536083154,20960.738925189067
0.007173978857458798,7173.978857458797,19318.989536083154,20634.454734142
0.014142589677848578,14142.589677848579,19318.989536083154,20104.89248445286
0.01786836290817991,17868.362908179908,19318.989536083154,19508.882639205825
-0.001998547176842623,-1998.5471768426228,19318.989536083154,18894.4394997759
-0.001599116276673369,-1599.116276673369,19318.989536083154,18260.99296428113
0.006096709808136314,6096.709808136314,19318.989536083154,17938.595187652165
-0.0002974862434552333,-297.4862434552333,19318.989536083154,17805.37080193957
-0.0032003344258171727,-3200.334425817173,19318.989536083154,17668.026074400816
0.0025015404639479916,2501.5404639479916,19318.989536083154,17526.433571783546
0.006953206932386784,6953.2069323867845,19318.989536083154,17380.46191960079
-0.0019817020807650055,-1981.7020807650056,19318.989536083154,17229.975680237127
-0.004738519269786616,-4738.519269786616,19318.989536083154,17193.7967153047
-0.0067787185267126964,-6778.718526712696,19318.989536083154,17187.166207692757
0.00209565910958119,2095.65910958119,19318.989536083154,17180.330632835085
-0.008435342445534856,-8435.342445534856,19318.989536083154,17173.28364844573
0.004082920244792511,4082.9202447925113,19318.989536083154,17145.011835819958
-0.002942736512393115,-2942.736512393115,19318.989536083154,16941.037959518875
0.003190838209244941,3190.838209244941,19318.989536083154,16732.294073808815
0.00022193356444595688,221.93356444595688,19318.989536083154,16651.324676385837
0.006531463909361215,6531.463909361215,19318.989536083154,16567.851070795143
-0.002272064335527763,-2272.064335527763,19318.989536083154,16481.79580729958
-0.0029940142126047777,-2994.0142126047776,19318.989536083154,16393.079040809305
