Date,Last Price,SPY_Return,Portfolio_PnL,Rolling_Mean,Rolling_Std,VaR_99
2010-12-31,125.75,0.0002386255170219176,238.62551702191757,0.00047890699984704275,0.0113151568092119,25844.083987701804
2011-01-03,127.05,0.010337972166998055,10337.972166998055,0.00046927295519316823,0.011314328610055789,25851.79135300958
2011-01-04,126.98,-0.000550964187327807,-550.964187327807,0.0005078086861563289,0.01133152456633791,25853.259398385428
2011-01-05,127.64,0.0051976689242401175,5197.668924240117,0.0004887197709249138,0.011329263198168836,25867.087584584293
2011-01-06,127.39,-0.0019586336571607577,-1958.6336571607576,0.0004961992985353518,0.011331762032966498,25865.421215992978
2011-01-07,127.14,-0.0019624774315095683,-1962.4774315095683,0.0004827786593418133,0.01133267824415511,25880.973281137314
2011-01-10,126.98,-0.001258455246185286,-1258.4552461852861,0.0005122337265180677,0.01131663929304765,25814.206034150375
2011-01-11,127.43,0.0035438651756183326,3543.8651756183326,0.00047341493280765335,0.011305954113561197,25828.16738327874
2011-01-12,128.58,0.009024562504904798,9024.562504904798,0.000476772037202327,0.011306743858751182,25826.64750092782
2011-01-13,128.3675,-0.0016526675999378737,-1652.6675999378738,0.0005577671809833662,0.011295107354727392,25718.581800749766
2011-01-14,129.3,0.007264299764348392,7264.299764348392,0.000501174110020433,0.011270471166920726,25717.86252858419
2011-01-18,129.52,0.001701469450889448,1701.469450889448,0.0005709057398096186,0.01125811381850125,25619.383407570574
2011-01-19,128.25,-0.009805435453984046,-9805.435453984046,0.0006546279403807591,0.011187884820192553,25372.28412608798
2011-01-20,128.08,-0.0013255360623780632,-1325.5360623780632,0.0007045736112774463,0.011112652655011804,25147.322267663567
2011-01-21,128.37,0.0022642098688319123,2264.2098688319124,0.0006787605248065259,0.011109831677112544,25166.57277819583
2011-01-24,129.1,0.005686686920620021,5686.686920620021,0.0007045796854989436,0.011105969689955359,25131.769291890723
2011-01-25,129.17,0.0005422153369480931,542.2153369480931,0.0007082979819875712,0.011107487441270223,25131.581812946748
2011-01-26,129.67,0.003870867848571713,3870.867848571713,0.0007563559446737958,0.011080533395599071,25020.819363416646
2011-01-27,129.99,0.002467802884244863,2467.802884244863,0.0008153136723082959,0.01105762004036019,24908.557200535026
2011-01-28,127.72,-0.01746288176013544,-17462.88176013544,0.0007629816991912106,0.011018491375496563,24869.862287332555
2011-01-31,128.68,0.007516442217350594,7516.442217350594,0.0006447164549307898,0.011054894166976508,25072.8130881615
2011-02-01,130.74,0.016008703761268173,16008.703761268172,0.000694713370747103,0.011057605185217258,25029.12294386604
2011-02-02,130.485,-0.0019504359798072635,-1950.4359798072635,0.0008822117203455764,0.010916816839324899,24514.101925111154
2011-02-03,130.78,0.0022607962601064457,2260.7962601064455,0.0008661424078431081,0.010918022655081284,24532.976384534973
2011-02-04,131.15,0.0028291787735128526,2829.178773512853,0.000904062397683834,0.010906284664799827,24467.749745957466
2011-02-07,131.97,0.006252382767823139,6252.382767823139,0.0008651382968368147,0.010881854746298695,24449.841357836387
2011-02-08,132.57,0.00454648783814493,4546.487838144931,0.0008979821871694389,0.010885688478561984,24425.916062404107
2011-02-09,132.269,-0.0022704986045107844,-2270.4986045107844,0.0008743028922833496,0.010871220192258748,24415.937090207648
2011-02-10,132.321,0.0003931382258881566,393.1382258881566,0.000868550223676829,0.010872507347814562,24424.684130405
2011-02-11,133.11,0.005962772349060286,5962.772349060286,0.0008071831245996339,0.01083147992523906,24390.6071721963
2011-02-14,133.43,0.0024040267447975605,2404.0267447975607,0.0008120803229807478,0.01083354107650208,24390.504928673985
2011-02-15,133.01,-0.003147717904519398,-3147.717904519398,0.0007981158023524655,0.010829211818848071,24394.39808996269
2011-02-16,133.85,0.00631531463799706,6315.31463799706,0.0007772299167590928,0.010831776586848111,24421.250518140365
2011-02-17,134.25,0.002988419872992143,2988.419872992143,0.0008017713624624215,0.010837366878714155,24409.714036034875
2011-02-18,134.53,0.0020856610800745745,2085.6610800745743,0.0008623036673592118,0.010806984409780812,24278.50153912689
2011-02-22,131.83,-0.020069872890804974,-20069.872890804974,0.0008338554911713599,0.010794307673140262,24277.459215981224
2011-02-23,131.02,-0.006144276720018271,-6144.276720018272,0.0007589901847732721,0.010874149071199636,24538.063389015188
2011-02-24,130.93,-0.0006869180277820908,-686.9180277820908,0.0007318830336174247,0.010882908708093645,24585.548502836777
2011-02-25,132.33,0.010692736576796813,10692.736576796813,0.0006875966221167351,0.010865984261211917,24590.46276331484
2011-02-28,133.15,0.00619662963802603,6196.62963802603,0.0007192852554379536,0.010883620729913142,24599.802691462308
2011-03-01,130.93,-0.016672925272249284,-16672.925272249282,0.0007405067116014665,0.010889128358331994,24591.393894961995
2011-03-02,131.21,0.0021385473153594514,2138.547315359451,0.000661668973112647,0.010943650507792791,24797.06911993708
2011-03-03,133.47,0.017224296928587624,17224.296928587624,0.0006130858855388297,0.01090983908270809,24766.99507064681
2011-03-04,132.47,-0.007492320371619066,-7492.320371619066,0.0006812828544347998,0.010960260522252354,24816.09591044072
2011-03-07,131.43,-0.007850834151128527,-7850.834151128527,0.0006446626584475794,0.010972255932606262,24880.621603803
2011-03-08,132.58,0.008749904892338067,8749.904892338067,0.000595436501643869,0.010982690521323873,24954.122243886413
2011-03-09,132.39,-0.0014330969980390629,-1433.0969980390628,0.0006137361125152996,0.010992485864731895,24958.61000932774
2011-03-10,129.9375,-0.018524813052345213,-18524.813052345213,0.0006076572541896659,0.010993198711515446,24966.347197252802
2011-03-11,130.84,0.006945646945647033,6945.646945647032,0.0005325186810033231,0.011059581799415344,25195.915925847337
2011-03-14,130.05,-0.00603790889636191,-6037.90889636191,0.0005284370381165889,0.011057015362377142,25194.02714338639
2011-03-15,128.56,-0.011457131872356863,-11457.131872356862,0.0004805760992066848,0.011059447945074066,25247.547115881713
2011-03-16,126.175,-0.018551649035469908,-18551.64903546991,0.0004368824991297253,0.0110850198478756,25350.729857676197
2011-03-17,127.85,0.013275212997820418,13275.212997820418,0.00039915993588328515,0.011133615999119145,25501.50397405463
2011-03-18,127.76,-0.0007039499413373784,-703.9499413373784,0.0004307897177702293,0.011158991452505833,25528.90632420663
2011-03-21,129.74,0.01549780839073267,15497.80839073267,0.00039992751707857723,0.011151384720912236,25542.07262102712
2011-03-22,129.29,-0.003468475412363281,-3468.475412363281,0.0004813378801875428,0.011187103345803761,25543.756204998215
2011-03-23,129.66,0.0028617835872843944,2861.7835872843943,0.00047396860024298527,0.011189103806935358,25555.77925344336
2011-03-24,130.9,0.0095634737004473,9563.4737004473,0.00048774749627236334,0.011189918026737775,25543.89451592034
2011-03-25,131.3,0.0030557677616500634,3055.767761650063,0.0005006801579506854,0.011198562653755108,25551.072263925667
2011-03-28,130.98,-0.0024371667936026187,-2437.166793602619,0.0005101756463174354,0.011199723294153502,25544.276828882244
2011-03-29,131.86,0.006718582989769573,6718.582989769573,0.0005140555992452396,0.011198528705873555,25537.61784804903
2011-03-30,132.77,0.006901258910966046,6901.258910966046,0.0005135795038538906,0.011198261312995917,25537.471894587954
2011-03-31,132.59,-0.0013557279505912456,-1355.7279505912456,0.0005085869164077716,0.011195121109246227,25535.15927571693
2011-04-01,133.15,0.004223546270457845,4223.546270457845,0.0004937332198293873,0.011195121343629613,25550.013517552605
2011-04-04,133.26,0.0008261359369130528,826.1359369130528,0.0005334768672768102,0.011190636448465435,25499.8364437747
2011-04-05,133.24,-0.00015008254539983223,-150.08254539983224,0.0005228408905783657,0.011189083319610937,25506.859302464374
2011-04-06,133.66,0.0031522065445810377,3152.2065445810376,0.0004960560479885911,0.011182619596315056,25518.607276106388
2011-04-07,133.32,-0.002543767768966032,-2543.7677689660322,0.0005023077014358401,0.011183670050743694,25514.799345085972
2011-04-08,132.86,-0.003450345034503255,-3450.3450345032547,0.0004891261162460627,0.01118531694080903,25531.812169478024
2011-04-11,132.46,-0.003010687942194834,-3010.6879421948342,0.00042992708944193935,0.0111667562696833,25547.832618468034
2011-04-12,131.47,-0.007473954401328808,-7473.954401328809,0.00041458373531322887,0.011168846108706637,25568.03766516577
2011-04-13,131.46,-7.606298014750656e-05,-76.06298014750656,0.00044833702315766246,0.011131996573206519,25448.559538751244
2011-04-14,131.56,0.0007606876616461644,760.6876616461644,0.0004329523422826491,0.011130044949638493,25459.404064287854
2011-04-15,132.04,0.003648525387655699,3648.525387655699,0.0004002718644841958,0.01111698005061912,25461.691042028033
2011-04-18,130.56,-0.011208724628900213,-11208.724628900212,0.0004221459130897491,0.011117973815738457,25442.128836795146
2011-04-19,131.31,0.0057444852941177516,5744.485294117751,0.00036537665355972803,0.011141051943825976,25552.58585053841
2011-04-20,133.1,0.013631863529053323,13631.863529053324,0.00036216057721843287,0.011139375819947136,25551.902679657534
2011-04-21,133.78,0.005108940646130877,5108.940646130877,0.0004318753068605572,0.011167744464785766,25548.18328662518
2011-04-25,133.64,-0.0010464942442817149,-1046.4942442817148,0.0005469134592267038,0.011066340948197553,25197.245279023773
2011-04-26,134.791,0.00861269081113436,8612.69081113436,0.0005123426071651748,0.011057727140737786,25211.777418413876
2011-04-27,135.67,0.0065212069055053945,6521.206905505394,0.0004972875905470881,0.011044063098848367,25195.04512023171
2011-04-28,136.11,0.003243163558635187,3243.163558635187,0.0005910554332902236,0.010994990177118632,24987.116590349633
2011-04-29,136.43,0.0023510396003232348,2351.039600323235,0.0005522658571197145,0.01096832052976012,24963.863289086246
2011-05-02,136.22,-0.001539250897896416,-1539.2508978964158,0.0006557290101200932,0.010861865053809141,24612.747665927305
2011-05-03,135.73,-0.003597122302158362,-3597.122302158362,0.0006733977383188412,0.010854656285201372,24578.308834203417
2011-05-04,134.83,-0.00663081116923292,-6630.811169232919,0.0007917947310482321,0.010643103784618867,23967.767131495897
2011-05-05,133.61,-0.00904843135800637,-9048.43135800637,0.0008248418853371406,0.010606972910018353,23850.666993892846
2011-05-06,134.2,0.004415837137938583,4415.837137938583,0.0006124842195851441,0.010264187605205317,23265.586794540595
2011-05-09,134.72,0.003874813710879277,3874.8137108792766,0.0006415112045005347,0.010264643214146855,23237.619714517743
2011-05-10,135.87,0.008536223277909816,8536.223277909816,0.000601066403399996,0.01023171926949851,23201.47196698057
2011-05-11,134.44,-0.010524766320747836,-10524.766320747836,0.0006849345830165312,0.010210379368311477,23067.959753605333
2011-05-12,135.08,0.0047604879500149355,4760.487950014935,0.0007152555539435576,0.010165512891915952,22933.263750699876
2011-05-13,134.04,-0.007699141249630004,-7699.141249630004,0.0007321902092294366,0.010168723632785058,22923.798395608937
2011-05-16,133.19,-0.006341390629662769,-6341.390629662768,0.0007558034731032288,0.010142122187962871,22838.300917126635
2011-05-17,133.17,-0.00015016142353041495,-150.16142353041494,0.0007532137112963215,0.010143858240665635,22844.92934144784
2011-05-18,134.36,0.008935946534504913,8935.946534504912,0.0009036510040417131,0.00984488072616015,21998.9663434466
2011-05-19,134.68,0.0023816612086930977,2381.6612086930977,0.000880811937287786,0.00981946279444162,21962.674458784608
2011-05-20,133.61,-0.007944757944757908,-7944.757944757907,0.00094184387470378,0.009780955000923588,21812.05999778394
2011-05-23,132.06,-0.011600928074246064,-11600.928074246063,0.0009060540732654778,0.009797088097770584,21885.380994773946
2011-05-24,131.95,-0.0008329547175527363,-832.9547175527363,0.0008836908736843663,0.009819294353995632,21959.403671314605
2011-05-25,132.39,0.003334596438044679,3334.596438044679,0.0007463663329703553,0.009598934072070638,21584.093538649362
2011-05-26,133.0,0.004607598761235954,4607.598761235954,0.000809939460506572,0.009563024601200638,21436.98248989679
2011-05-27,133.51,0.0038345864661653017,3834.5864661653018,0.0008956284023060804,0.009500236590651407,21205.226793240825
2011-05-31,134.9,0.010411205153172176,10411.205153172175,0.0008068097687231459,0.0093670860921813,20984.29104778035
2011-06-01,131.87,-0.022461082283172673,-22461.082283172673,0.0008346777380714459,0.009385310132103069,20998.81853496049
2011-06-02,131.73,-0.0010616516266021003,-1061.6516266021004,0.0008853807849662143,0.009223034478137476,20570.605865454276
2011-06-03,130.42,-0.009944583618006542,-9944.583618006542,0.0009309375860613786,0.009184945745519354,20436.441422208034
2011-06-06,129.045,-0.010542861524306057,-10542.861524306058,0.0008483115883037323,0.009189514393222775,20529.695683837774
2011-06-07,128.96,-0.0006586849548605445,-658.6849548605445,0.0008275244978621075,0.009209438741744106,20596.833740103648
2011-06-08,128.42,-0.004187344913151536,-4187.344913151536,0.0007079637797305485,0.009031510285989738,20302.47097345966
2011-06-09,129.4,0.007631210091886054,7631.210091886053,0.0006717915874347908,0.009032940505942489,20341.970354901918
2011-06-10,127.6,-0.01391035548686248,-13910.35548686248,0.0007085527516535386,0.00904252079497833,20327.49627571439
2011-06-13,127.7,0.0007836990595611049,783.6990595611048,0.0005619233743782157,0.008980718562593257,20330.352161069724
2011-06-14,129.32,0.012685982772122184,12685.982772122185,0.0005664867420450319,0.008980539528353983,20325.372297480993
2011-06-15,127.02,-0.017785338694710773,-17785.338694710772,0.0006107998049663176,0.009012971370059674,20356.50698056297
2011-06-16,127.3,0.0022043772634230407,2204.377263423041,0.0005543186963083948,0.009083839078605476,20577.85103233456
2011-06-17,127.05,-0.0019638648860957897,-1963.8648860957896,0.0005745566960135742,0.009081848479164956,20552.982205852863
2011-06-20,127.7,0.0051160960251870335,5116.096025187034,0.0006327635289025455,0.009018285088043866,20346.90481316252
2011-06-21,129.45,0.013703993735316944,13703.993735316944,0.0006656400696155047,0.00901959287415041,20317.070637878216
2011-06-22,128.67,-0.006025492468134441,-6025.492468134441,0.0007867382014733706,0.008990436116208887,20128.143744169163
2011-06-23,128.301,-0.002867801352296584,-2867.801352296584,0.0007459726680186321,0.008998154608874077,20186.865176626372
2011-06-24,126.81,-0.011621109734140656,-11621.109734140655,0.0007470168170952736,0.00899771830347739,20184.806029417716
2011-06-27,127.94,0.008910969166469496,8910.969166469496,0.0008240327966465752,0.0088063284695569,19662.550716612455
2011-06-28,129.61,0.013052993590745743,13052.993590745742,0.0008976768652326141,0.008796622181925616,19566.326446430543
2011-06-29,130.72,0.008564154000462842,8564.154000462842,0.0009677148423082494,0.008823485015995784,19558.780766284755
2011-06-30,131.97,0.009562423500611983,9562.423500611983,0.0010237698234327164,0.008827066034329404,19511.05647954761
2011-07-01,133.92,0.014776085473971357,14776.085473971356,0.0010357964254586473,0.008836676487895073,19521.38713574274
2011-07-05,133.81,-0.0008213859020309577,-821.3859020309577,0.0009690137254569926,0.008667197691455924,19193.90319795318
2011-07-06,133.97,0.0011957252821164222,1195.7252821164222,0.0009260514389230625,0.008649255870735369,19195.126567997424
2011-07-07,135.36,0.010375457191908799,10375.4571919088,0.000900972451287064,0.008639302323262014,19197.05014162962
2011-07-08,134.4,-0.007092198581560294,-7092.198581560294,0.0009398807268868588,0.008660038911311662,19206.38238355398
2011-07-11,131.97,-0.018080357142857162,-18080.357142857163,0.0008511583270806589,0.008628066175898352,19220.72507830416
2011-07-12,131.4,-0.004319163446237728,-4319.163446237728,0.0007791651859431168,0.008710579258653805,19484.672354090406
2011-07-13,131.84,0.0033485540334854402,3348.5540334854404,0.0007608306302694455,0.008716488915537767,19516.75482749239
2011-07-14,130.93,-0.0069023058252426495,-6902.305825242649,0.0008843634313778588,0.008530729896057293,18961.08192633167
2011-07-15,131.69,0.005804628427403813,5804.628427403813,0.0008331277314220968,0.008538906393900666,19031.33900466246
2011-07-18,130.61,-0.008201078289923225,-8201.078289923225,0.0008119805074115143,0.008519924401526002,19008.32751106718
2011-07-19,132.73,0.016231528979404164,16231.528979404164,0.0008311673446942995,0.008494061790581285,18928.975243796012
2011-07-20,132.65,-0.0006027273412189116,-602.7273412189115,0.0008067687197881561,0.008440648894684816,18829.11689188704
2011-07-21,134.49,0.013871089332830877,13871.089332830878,0.0007696787923255104,0.008426318996240544,18832.870490568628
2011-07-22,134.58,0.0006691947356680661,669.1947356680661,0.0007835002568029252,0.008445017811126478,18862.54897434819
2011-07-25,133.83,-0.005572893446277316,-5572.893446277316,0.0007865355871977311,0.008444839094103361,18859.0978859866
2011-07-26,133.33,-0.003736083090487896,-3736.0830904878962,0.0007900620322382604,0.008441986787257976,18848.935982980198
2011-07-27,130.6,-0.020475511887797282,-20475.51188779728,0.0007946070078254195,0.008439231455949835,18837.981148262068
2011-07-28,130.22,-0.0029096477794793296,-2909.6477794793295,0.000713430320687686,0.008545591017943364,19166.58717632736
2011-07-29,129.33,-0.0068345876209490175,-6834.587620949018,0.0006114679787762616,0.008434985013391159,19011.24147469261
2011-08-01,128.78,-0.004252686924920868,-4252.686924920868,0.0006032853572743742,0.008441234791010761,19033.96325307309
2011-08-02,125.49,-0.025547445255474477,-25547.44525547448,0.000559541406937015,0.008437936007328518,19070.033085004343
2011-08-03,126.17,0.00541875846681017,5418.75846681017,0.00046160054155643815,0.008597430914070251,19539.01458760389
2011-08-04,120.26,-0.04684156297059516,-46841.562970595165,0.0004995095142805685,0.008598314426591336,19503.160972354875
2011-08-05,120.08,-0.0014967570264428076,-1496.7570264428077,0.0002907894293851618,0.009099117842919306,20876.924020137245
2011-08-08,112.26,-0.06512325116588935,-65123.25116588935,0.0003066446555982805,0.009092506921698044,20845.689491395595
2011-08-09,117.48,0.04649919828968474,46499.19828968474,0.00015560660087910572,0.009837120285841527,22728.957262772357
2011-08-10,112.29,-0.04417773237997957,-44177.73237997957,0.0003661230646691349,0.010256275642570714,23493.541972002102
2011-08-11,117.33,0.04488378306171503,44883.78306171503,0.00020119525215188584,0.010634299358581338,24537.884452597686
2011-08-12,118.12,0.006733145828006437,6733.145828006437,0.00038257693596369834,0.01100326017147862,25214.833971473847
2011-08-15,120.62,0.0211649170335253,21164.9170335253,0.00036036856232024616,0.010984727425825543,25193.928731667125
2011-08-16,119.59,-0.008539214060686473,-8539.214060686472,0.00043772829432878836,0.011062905731880414,25298.438935745442
2011-08-17,119.67,0.0006689522535328063,668.9522535328063,0.0004731588322020825,0.011019657947320469,25162.39900620415
2011-08-18,114.51,-0.04311857608423164,-43118.57608423164,0.0004888120234928173,0.011017135193155154,25140.877011124205
2011-08-19,112.64,-0.016330451488952957,-16330.451488952956,0.00033145536074428474,0.011354127390887765,26082.194756636345
2011-08-22,112.73,0.0007990056818181213,799.0056818181213,0.0003256386498375563,0.011362319119855316,26107.068278811457
2011-08-23,116.44,0.03291049410094904,32910.494100949036,0.0003132940679974072,0.011360112615322037,26114.27976352155
2011-08-24,118.08,0.014084507042253502,14084.507042253503,0.0004717436713598588,0.011536753794042115,26366.758990742615
2011-08-25,116.28,-0.015243902439024404,-15243.902439024403,0.0004661221822809396,0.011529746819055548,26356.07981845808
2011-08-26,117.97,0.014533883728930164,14533.883728930163,0.0004631289794123581,0.011533743025740522,26368.36958825248
2011-08-29,121.36,0.02873611935237763,28736.11935237763,0.0005213024970649251,0.011567975553533514,26389.83283885418
2011-08-30,121.68,0.002636783124588149,2636.783124588149,0.0005166002172813867,0.01155621359130125,26367.172702804146
2011-08-31,122.22,0.004437869822485174,4437.869822485174,0.0004898985944782451,0.011543514081797686,26364.33084867231
2011-09-01,120.94,-0.010472917689412498,-10472.917689412498,0.0004557637122079412,0.011519048162337949,26341.549491221
2011-09-02,117.85,-0.025549859434430333,-25549.859434430335,0.0004589617700101254,0.011515889513995091,26331.003318561565
2011-09-06,116.99,-0.007297411964361511,-7297.411964361511,0.0003286703950232255,0.011625073397228573,26715.2943881882
2011-09-07,120.29,0.028207539105906676,28207.539105906675,0.00028100415990013297,0.011631839261715099,26778.70037777557
2011-09-08,119.04,-0.010391553745116022,-10391.553745116022,0.00037356745732628437,0.011761428314830734,26987.60629856394
2011-09-09,115.92,-0.02620967741935487,-26209.67741935487,0.00028758151539438393,0.011761236627473718,27073.14630902037
2011-09-12,116.67,0.006469979296066297,6469.979296066297,0.00018522683694478516,0.011879922170126624,27451.60484729994
2011-09-13,117.74,0.009171166538098907,9171.166538098907,0.00019583822328129186,0.011884363248221851,27451.324953548712
2011-09-14,119.37,0.013844063190080025,13844.063190080025,0.00023358408504741223,0.01189787062847581,27445.001957120247
2011-09-15,121.43,0.017257267320097247,17257.267320097246,0.0003087745792938006,0.011924325870456364,27431.35555881256
2011-09-16,121.521,0.0007494029482004727,749.4029482004727,0.00031664265648600364,0.011934895127054477,27448.07524923757
2011-09-19,120.31,-0.009965355782128205,-9965.355782128205,0.0003276956049393429,0.011934007685354332,27434.95780267176
2011-09-20,120.17,-0.0011636605435957348,-1163.6605435957347,0.000307486752437256,0.011947188464746912,27485.82973329198
2011-09-21,116.63,-0.02945826745443958,-29458.267454439578,0.00033534842131912424,0.011935551048029697,27430.89538477069
2011-09-22,112.86,-0.03232444482551655,-32324.44482551655,0.00013495388374193905,0.012013582273826904,27812.81769859001
2011-09-23,113.54,0.006025163919900933,6025.163919900933,2.481652945293655e-05,0.012183921426666243,28319.223178952725
2011-09-26,116.24,0.023780165580412183,23780.165580412184,3.491525986781641e-05,0.012187859490069624,28318.28575396414
2011-09-27,117.54,0.011183757742601719,11183.757742601718,0.00013701246356907638,0.012279460394991731,28429.28412068864
2011-09-28,115.145,-0.020376042198400612,-20376.042198400613,0.00019362833668152922,0.0122976923681239,28415.08215951178
2011-09-29,116.05,0.007859655217334671,7859.655217334671,9.530124665775074e-05,0.012363580648609197,28666.68831076673
2011-09-30,113.15,-0.02498922878069787,-24989.22878069787,0.00015675470043870289,0.01236383987919802,28605.837917514975
2011-10-03,109.93,-0.028457799381352178,-28457.79938135218,-2.3729687211561768e-05,0.012400356465620911,28871.272588357362
2011-10-04,112.34,0.02192304193577721,21923.04193577721,-0.0001372161760158397,0.012530078494425348,29286.537643087107
2011-10-05,114.42,0.018515221648566893,18515.221648566894,-4.4697670256700574e-05,0.012607304159266404,29373.672898552348
2011-10-06,116.49,0.018091242789721962,18091.24278972196,7.014437322984346e-06,0.012656913801905716,29437.370077658554
2011-10-07,115.71,-0.0066958537213495095,-6695.853721349509,7.55179904833736e-05,0.01270836251817679,29488.55413621751
2011-10-10,119.58,0.03344568317345087,33445.68317345087,3.6389954937880995e-05,0.012714113490950002,29541.06093504763
2011-10-11,119.7,0.0010035122930256435,1003.5122930256434,0.00013906423536264744,0.012879445403326884,29823.00619749193
2011-10-12,120.75,0.00877192982456143,8771.92982456143,0.0001586820837206391,0.012877001961951198,29797.704054484264
2011-10-13,120.51,-0.0019875776397515477,-1987.5776397515476,0.00018559680795673562,0.012887984044013416,29796.337473506155
2011-10-14,122.57,0.017094017094017033,17094.017094017032,0.0001579353674062256,0.012885185933738564,29817.489536167428
2011-10-17,120.23,-0.01909113159827025,-19091.13159827025,0.0002787294269895981,0.012901895357426354,29735.567408856594
2011-10-18,122.58,0.019545870415037747,19545.87041503775,0.00016330039275791507,0.012945687732873405,29952.872742608724
2011-10-19,121.13,-0.01182900962636646,-11829.00962636646,0.0002326605945334479,0.013003000320042457,30016.84155614969
2011-10-20,121.66,0.0043754643771154456,4375.464377115445,0.00017799671889939494,0.013024935830357368,30122.53505957084
2011-10-21,123.97,0.018987341772152,18987.341772151998,0.0001835675599900344,0.013026438007713081,30120.458805578095
2011-10-24,125.49,0.012261030894571201,12261.0308945712,0.0002588429590921222,0.013080611791624156,30171.210473506282
2011-10-25,123.049,-0.0194517491433579,-19451.749143357898,0.0003193426082768762,0.013101072162793931,30158.308765294423
2011-10-26,124.3,0.010166681565880076,10166.681565880075,0.0002408598218740816,0.013160610944131937,30375.299469085872
2011-10-27,128.63,0.03483507642799677,34835.07642799677,0.0002784860075970621,0.01317553970504092,30372.40277456557
2011-10-28,128.6,-0.0002332270854388252,-233.2270854388252,0.00041647598838711496,0.013355580474634721,30653.250255360734
2011-10-31,125.5,-0.024105754276827374,-24105.754276827374,0.00038365241945310436,0.01334701622667022,30666.150404249765
2011-11-01,122.002,-0.02787250996015944,-27872.50996015944,0.0002713264937875186,0.013434541804055131,30982.091270788937
2011-11-02,123.99,0.01629481483910089,16294.81483910089,8.28043572399193e-05,0.01349757335771713,31317.246728195623
2011-11-03,126.25,0.018227276393257608,18227.27639325761,0.0001327701371263408,0.013534471782523578,31353.119520413136
2011-11-04,125.481,-0.006091089108910985,-6091.0891089109855,0.00021333864379939138,0.01358210127230024,31383.353776023672
2011-11-07,126.26,0.006208111188148013,6208.111188148014,0.00021771132712209473,0.013579885880627002,31373.82732099176
2011-11-08,127.88,0.012830666877871044,12830.666877871045,0.00022642667624110446,0.013583040708017392,31372.45119786535
2011-11-09,123.161,-0.036901782921488824,-36901.782921488826,0.00029298275898600367,0.013603940149987004,31354.514487515098
2011-11-10,124.32,0.009410446488742341,9410.446488742342,0.00019263176245851453,0.0137849348647601,31875.92215396761
2011-11-11,126.66,0.018822393822393924,18822.393822393922,0.00023586432363436938,0.013796870401566,31860.45580346569
2011-11-14,125.46,-0.009474182851729074,-9474.182851729074,0.00037347165281880466,0.0138100504578583,31753.509870216592
2011-11-15,126.083,0.004965726127849512,4965.7261278495125,0.0003336114820076901,0.01382408427861888,31826.01759011875
2011-11-16,124.08,-0.01588636057200421,-15886.36057200421,0.0002946170213124359,0.013797079631539593,31802.189847491885
2011-11-17,122.105,-0.01591715022566087,-15917.15022566087,0.00021998431895314363,0.01383404031666547,31962.805961116857
2011-11-18,121.979,-0.0010318987756439135,-1031.8987756439135,0.00015964101524893737,0.013871495538795395,32110.28314119474
2011-11-21,119.661,-0.019003271054853665,-19003.271054853667,0.0002135049335834194,0.013840460779793973,31984.221577235927
2011-11-22,119.19,-0.003936119537694016,-3936.1195376940163,7.830951119730667e-05,0.013862507332707264,32170.704951121807
2011-11-23,116.56,-0.022065609531000896,-22065.609531000897,0.00010915405134935963,0.013844880343366152,32098.853901790313
2011-11-25,116.34,-0.0018874399450926616,-1887.4399450926614,8.703061036803295e-06,0.013914406017251664,32361.045795737682
2011-11-28,119.71,0.02896682138559381,28966.821385593812,2.3626908614482912e-05,0.013910346670207185,32336.678494793097
2011-11-29,120.05,0.0028401971430958017,2840.197143095802,5.450991245126469e-05,0.013966111643399073,32435.524217787206
2011-11-30,124.99,0.041149521032902925,41149.52103290292,1.4635265935638575e-05,0.013943763338818116,32423.408933452498
2011-12-01,124.97,-0.00016001280102406756,-160.01280102406756,0.00016846311508030487,0.01418349304682053,32827.27578086368
2011-12-02,124.86,-0.0008802112507001469,-880.2112507001469,0.0001720544903551735,0.014183294954969157,32823.22357503151
2011-12-05,126.22,0.010892199263174751,10892.19926317475,0.00016625277210375832,0.014183428081398526,32829.33499166886
2011-12-06,126.26,0.00031690698779907045,316.90698779907046,0.00019516716876567352,0.014197947117027685,32834.19692267597
2011-12-07,126.73,0.003722477427530402,3722.4774275304017,0.0001808604943158314,0.014196007316325232,32843.9909458856
2011-12-08,123.95,-0.02193640022094212,-21936.40022094212,0.00017247955722569453,0.014193284331208263,32846.037272337824
2011-12-09,126.05,0.01694231544977809,16942.31544977809,8.216326225452209e-05,0.01426195305501518,33096.10090695032
2011-12-12,124.21,-0.014597381991273362,-14597.381991273362,0.00014640008988536256,0.01430168560246402,33124.29580660731
2011-12-13,123.05,-0.009339022622977144,-9339.022622977145,0.00010636301238950808,0.01432897720035267,33227.822634830605
2011-12-14,121.74,-0.010646078829743999,-10646.078829744,4.5734991648925585e-05,0.014336777080529623,33306.59589023861
2011-12-15,122.185,0.003655331033349807,3655.3310333498066,1.9814672484411934e-05,0.014350273817498186,33363.91431475643
2011-12-16,121.59,-0.004869664852477751,-4869.664852477751,2.478193386640326e-05,0.014351320595643176,33361.38222348663
2011-12-19,120.29,-0.01069166872275673,-10691.66872275673,-2.0057881241742683e-05,0.014349021157362427,33400.87274523887
2011-12-20,123.93,0.0302602045057776,30260.204505777598,-7.526573964022676e-05,0.014363473003217988,33489.700624519406
2011-12-21,124.17,0.0019365770999757448,1936.5770999757449,5.14993588726278e-05,0.014490741404111196,33659.00609985704
2011-12-22,125.27,0.008858822581944148,8858.822581944149,5.765331058463241e-05,0.014491215861579419,33653.95590126756
2011-12-23,126.39,0.008940688113674433,8940.688113674432,8.73583979677215e-05,0.014501653220964162,33648.531742699764
2011-12-27,126.49,0.0007912018355882289,791.2018355882288,0.00012026014748194359,0.014512410580877266,33640.65535454969
2011-12-28,124.83,-0.013123567080401632,-13123.567080401632,0.00012977819497677422,0.014512065809185744,33630.335248163254
2011-12-29,126.12,0.010334054313866803,10334.054313866804,7.632942458708003e-05,0.01453625001759991,33740.04490038261
2011-12-30,125.5,-0.004915953060577238,-4915.953060577238,7.631375317455502e-05,0.014536238912284574,33740.03473696841
2012-01-03,127.495,0.01589641434262945,15896.41434262945,5.8853797681557296e-05,0.014539616455950794,33765.3520339888
2012-01-04,127.7,0.0016079061923996996,1607.9061923996996,0.00010164877935511462,0.01457051463360668,33794.43696221674
2012-01-05,128.04,0.002662490211432944,2662.490211432944,0.00011591493875335645,0.01457023530338403,33779.520983548886
2012-01-06,127.71,-0.002577319587628857,-2577.319587628857,0.0001344148093251265,0.014570521929011915,33761.68790389719
2012-01-09,128.02,0.0024273745203979846,2427.3745203979847,0.00012913935195935222,0.014571266999472057,33768.69665434393
2012-01-10,129.13,0.00867052023121384,8670.52023121384,0.00012467338933847084,0.014570387284125083,33771.11609303761
2012-01-11,129.2,0.0005420893673042659,542.0893673042659,0.000123257220243707,0.014569535965924673,33770.551799846726
2012-01-12,129.51,0.0023993808049536103,2399.38080495361,0.00013203624811267557,0.014569122797200742,33760.81159779521
2012-01-13,128.84,-0.005173345687591646,-5173.345687591646,0.00011257657227509643,0.014562805737987378,33765.57559636159
2012-01-17,129.34,0.0038807823657249774,3880.7823657249774,8.507731172117205e-05,0.014566283863283428,33801.166186303635
2012-01-18,130.77,0.011056131127261448,11056.131127261448,0.00013982218300000814,0.014554676811498744,33719.41927478161
2012-01-19,131.46,0.005276439550355505,5276.439550355505,0.0001893488517585662,0.0145707277877837,33707.23276057985
2012-01-20,131.54,0.0006085501293167095,608.5501293167094,0.00020139777048466055,0.014573695579423084,33702.08795762463
2012-01-23,131.61,0.0005321575186256755,532.1575186256755,0.00018108522331944732,0.01456955790009789,33712.774823288215
2012-01-24,131.46,-0.0011397310234785296,-1139.7310234785296,0.00018104499204615765,0.014569556912782163,33712.812757721666
2012-01-25,132.56,0.008367564278107364,8367.564278107364,0.00016100259655795667,0.014567906962291216,33729.01679439298
2012-01-26,131.88,-0.005129752564876355,-5129.752564876355,0.00018460164213340667,0.014576434949106667,33725.256812815496
2012-01-27,131.82,-0.00045495905368519995,-454.95905368519993,0.00023393415891444303,0.014537286468157325,33584.851310606035
2012-01-30,131.37,-0.003413746017296271,-3413.746017296271,0.00020204855383029985,0.014529989378534986,33599.76134676056
2012-01-31,131.32,-0.0003806043997869324,-380.6043997869324,0.00012435875471604208,0.014497021150747061,33600.75557924948
2012-02-01,132.47,0.008757234236978384,8757.234236978384,0.0001306380810361234,0.014496458824778891,33593.16808710883
2012-02-02,132.68,0.0015852645882086236,1585.2645882086235,0.00015662383294361116,0.014506112002067235,33589.63898366382
2012-02-03,134.54,0.014018691588784993,14018.691588784994,0.00015164817620239422,0.014505404939730022,33592.96976744005
2012-02-06,134.45,-0.00066894603835288,-668.94603835288,0.00018271341148624166,0.01452682341196466,33611.73134950446
2012-02-07,134.79,0.0025288211230940494,2528.821123094049,0.00016185167598025042,0.014524276175306633,33626.66732642637
2012-02-08,135.19,0.002967579197269865,2967.5791972698653,0.00018104895489066974,0.014524220055693423,33607.33949377306
2012-02-09,135.36,0.0012574894592796149,1257.489459279615,0.00019134671877619658,0.014525283640757945,33599.515998741255
2012-02-10,134.361,-0.007380319148936332,-7380.319148936332,0.00017252558721707388,0.014520823033925403,33607.96020707856
2012-02-13,135.36,0.007435193248040983,7435.193248040983,0.00013338820364213833,0.014527968321842721,33663.72001600936
2012-02-14,135.19,-0.0012559101654847638,-1255.9101654847636,0.00017571984825237984,0.014533786524491818,33634.92353476258
2012-02-15,134.56,-0.004660107996153573,-4660.107996153573,0.00014543494903845256,0.014528829169303377,33653.67590127302
2012-02-16,136.049,0.011065695600475767,11065.695600475767,0.00011484083756186969,0.014530871313393671,33689.020750312535
2012-02-17,136.41,0.0026534557402111414,2653.4557402111413,0.00015076097564347446,0.014546853202269406,33690.28004544015
2012-02-21,136.47,0.0004398504508467127,439.8504508467127,0.00024165429016753892,0.014490884495562946,33469.184049056705
2012-02-22,136.032,-0.003209496592657679,-3209.4965926576792,0.0002679907988509989,0.014485213814875414,33429.655564411434
2012-02-23,136.631,0.004403375676311327,4403.375676311327,0.0002579004845914965,0.014486760194247411,33443.34329503545
2012-02-24,136.93,0.0021883759908074563,2188.375990807456,0.00023274304098955457,0.014474021867546871,33438.86695939875
2012-02-27,137.16,0.0016796903527349638,1679.6903527349639,0.00021671002640068026,0.014469608399160217,33444.63271118918
2012-02-28,137.559,0.002909011373578352,2909.0113735783516,0.00029012048890061725,0.01443007728689704,33279.259129717335
2012-02-29,137.02,-0.003918318685073197,-3918.318685073197,0.00029320234513349286,0.014430555910721628,33277.290719001256
2012-03-01,137.73,0.005181725295577033,5181.725295577034,0.00020863188267884958,0.014392836506643752,33274.112725969244
2012-03-02,137.312,-0.0030349234008565373,-3034.9234008565372,0.00025932806534763396,0.01438792253463105,33211.98493495561
2012-03-05,136.75,-0.004092868795152693,-4092.868795152693,0.0002785917083487219,0.01438024232894177,33174.854461777075
2012-03-06,134.75,-0.014625228519195566,-14625.228519195565,0.0002272206135987589,0.014372795834207534,33208.90241933298
2012-03-07,135.69,0.006975881261595429,6975.881261595429,0.0001744520875141329,0.014403100991434511,33332.171283505064
2012-03-08,137.04,0.009949148795047602,9949.148795047602,0.00027645486476989543,0.014360375536893722,33130.77423591091
2012-03-09,137.57,0.0038674839462931043,3867.4839462931045,0.00028846887216749773,0.014367232185222198,33134.71117777531
2012-03-12,137.58,7.269026677336754e-05,72.69026677336754,0.00032809044353811776,0.01436337329792047,33086.11249213415
2012-03-13,140.062,0.018040412850705012,18040.41285070501,0.0003742097320946387,0.014343877505090497,32994.63920737488
2012-03-14,139.91,-0.0010852336822265718,-1085.2336822265718,0.0005205779796393383,0.014336673189143627,32831.51121474326
2012-03-15,140.72,0.0057894360660424304,5789.436066042431,0.00046313619291915044,0.014314115588040202,32836.47617409303
2012-03-16,140.3,-0.002984650369527997,-2984.650369527997,0.0004891097369486697,0.014317880119211856,32819.26023915145
2012-03-19,140.85,0.003920171062009814,3920.171062009814,0.000415179901907627,0.014287757088839668,32823.11342652649
2012-03-20,140.44,-0.002910898118565819,-2910.898118565819,0.0004447344878051194,0.014287333181567358,32792.57268484727
2012-03-21,140.21,-0.0016377100541156153,-1637.7100541156153,0.00042164376098171853,0.014288075928268732,32817.39129888035
2012-03-22,139.2,-0.007203480493545578,-7203.480493545578,0.00037683902596346685,0.01427685173026782,32836.08464474138
2012-03-23,139.65,0.003232758620689724,3232.758620689724,0.0003358020329426843,0.014283863295829546,32893.43297840037
2012-03-26,141.61,0.01403508771929829,14035.08771929829,0.00035848173459985367,0.014283944046304876,32870.941130439816
2012-03-27,141.17,-0.003107125203022587,-3107.125203022587,0.00038774775351796853,0.014304507933867996,32889.51386763618
2012-03-28,140.47,-0.004958560600694106,-4958.560600694106,0.000347714217062014,0.014300209999113387,32919.54891271299
2012-03-29,140.23,-0.0017085498682993805,-1708.5498682993805,0.00033330288646160253,0.014303748548800035,32942.192140854124
2012-03-30,140.81,0.004136062183555778,4136.062183555778,0.00030957450190657366,0.014302189405274819,32962.293415183936
2012-04-02,141.84,0.007314821390526305,7314.821390526305,0.00032281420689314453,0.014304201390014783,32953.73428661978
2012-04-03,141.26,-0.004089114495205992,-4089.114495205992,0.0003526738226368491,0.014311000039157914,32939.69069385655
2012-04-04,139.86,-0.009910802775024652,-9910.802775024651,0.000323708538477701,0.014312639141731026,32972.469100801995
2012-04-05,139.79,-0.0005005005005006558,-500.50050050065573,0.0002942403984534665,0.014326144251528432,33033.35482429212
2012-04-09,138.22,-0.011231132412905076,-11231.132412905075,0.0003060397765894769,0.01432426238931461,33017.17757999575
2012-04-10,135.9,-0.016784835769063755,-16784.835769063757,0.00027315799870663595,0.014341331584569716,33089.76824397189
2012-04-11,137.0,0.008094186902133815,8094.186902133815,0.00023591447323569615,0.014373584755731746,33202.04386560669
2012-04-12,138.79,0.013065693430656777,13065.693430656778,0.00026859547276482143,0.014382158297671862,33189.30790714295
2012-04-13,137.14,-0.01188846458678583,-11888.464586785829,0.00031781549584086386,0.014404886882216979,33192.9624784034
2012-04-16,137.05,-0.0006562636721596515,-656.2636721596515,0.0002556675359430978,0.014423962771882645,33299.487593670325
2012-04-17,139.082,0.014826705581904243,14826.705581904243,0.00029787737977006,0.014405707637564836,33214.809956932804
2012-04-18,138.61,-0.003393681425346018,-3393.681425346018,0.00033420626092120595,0.014430928143893832,33237.15274706235
2012-04-19,137.72,-0.0064208931534522895,-6420.89315345229,0.0002661040811036086,0.014408077284433687,33252.09587855483
2012-04-20,137.95,0.0016700551844321954,1670.0551844321953,0.00021998474590527594,0.014410966259596073,33304.93597498033
2012-04-23,136.79,-0.008408843783979658,-8408.843783979659,0.00023085094362013158,0.014411031640363484,33294.221875674746
2012-04-24,137.31,0.0038014474742307236,3801.4474742307234,0.0001627648052396755,0.014411481722884766,33363.35506257173
2012-04-25,139.19,0.013691646638992028,13691.646638992028,0.00015188576751457684,0.014407688598079615,33365.40997247039
2012-04-26,140.16,0.006968891443350778,6968.891443350778,0.00019367969983600418,0.014431826113408791,33379.76829761963
2012-04-27,140.39,0.0016409817351596967,1640.9817351596967,0.00021215110720811437,0.014437552500804205,33374.618459390775
2012-04-30,139.87,-0.0037039675190538857,-3703.9675190538856,0.0002248720377403388,0.01443740419375607,33361.55251507241
2012-05-01,140.74,0.00622006148566534,6220.06148566534,0.00022444465687275673,0.01443751936906264,33362.24783376958
2012-05-02,140.325,-0.0029486997299986717,-2948.6997299986715,0.00027584814749234975,0.014435890921336273,33307.056007243766
2012-05-03,139.25,-0.00766078745768739,-7660.78745768739,0.00030024707400438055,0.014425218939308735,33257.830338030166
2012-05-04,137.0,-0.016157989228007152,-16157.989228007153,0.00025194057562187664,0.014431600900057255,33320.983497232206
2012-05-07,137.1,0.0007299270072991249,729.9270072991249,0.00017180936386633095,0.014466976709574354,33483.41114825033
2012-05-08,136.55,-0.0040116703136395815,-4011.6703136395813,0.0001405841787838882,0.014457271858195198,33492.05947295898
2012-05-09,135.74,-0.005931893079458073,-5931.893079458073,0.0001666365628123212,0.014443837573737675,33434.754269843535
2012-05-10,136.02,0.0020627670546633503,2062.7670546633503,0.00012386703869442917,0.014446010525478153,33482.57883562328
2012-05-11,135.61,-0.003014262608439955,-3014.262608439955,0.0001629146719116026,0.014437970980253227,33424.82842346384
2012-05-14,134.11,-0.011061131185015838,-11061.131185015838,0.00017622318399649383,0.014433484146821891,33401.081975964786
2012-05-15,133.34,-0.005741555439564561,-5741.55543956456,0.00013257930495055213,0.014450960710518632,33485.38242181218
2012-05-16,132.829,-0.003832308384580707,-3832.3083845807073,7.386929705427425e-05,0.014444865483038038,33529.91281021719
2012-05-17,130.86,-0.014823570154107846,-14823.570154107845,4.9013418681179034e-05,0.014446224675147255,33557.93064226397
2012-05-18,129.74,-0.008558765092465226,-8558.765092465226,2.149816984377928e-05,0.01446804573819353,33636.20927472839
2012-05-21,131.97,0.017188222599044067,17188.222599044067,3.3666821770902634e-05,0.014459508014032731,33604.17890635064
2012-05-22,132.2,0.0017428203379554752,1742.8203379554752,0.00010575153103728985,0.014500033835946807,33626.37135673782
2012-05-23,132.27,0.0005295007564298793,529.5007564298793,9.938442663693303e-05,0.014498959767353348,33630.23980394921
2012-05-24,132.53,0.0019656762682391804,1965.6762682391804,8.307203461770873e-05,0.014496161135583913,33640.04160490139
2012-05-25,132.1,-0.003244548404135017,-3244.548404135017,7.559639382600425e-05,0.014494700540565056,33644.11939357614
2012-05-29,133.7,0.012112036336108911,12112.036336108911,2.0973379596775478e-05,0.014481319115933238,33667.6125590615
2012-05-30,131.76,-0.01451009723261032,-14510.09723261032,0.0001592658540739018,0.014430753083615055,33411.68590280229
2012-05-31,131.47,-0.0022009714632664767,-2200.971463266477,0.00010547207164986894,0.014460358238579238,33534.3515745379
2012-06-01,128.16,-0.025176846428843103,-25176.846428843102,0.00013644652026882919,0.014447031677019068,33472.37490776517
2012-06-04,128.1,-0.000468164794007464,-468.164794007464,7.791058065068101e-05,0.014519938225288343,33700.5168409532
2012-06-05,129.07,0.007572209211553549,7572.209211553549,7.867266129409333e-05,0.014519904409420893,33699.67609283844
2012-06-06,131.97,0.02246842798481441,22468.42798481441,0.00012571087779291367,0.014525075869719127,33664.66849201009
2012-06-07,132.05,0.0006061983784193536,606.1983784193536,0.0001850597493646271,0.014586050350690334,33747.16747461649
2012-06-08,133.1,0.00795153351003397,7951.53351003397,0.00024312596482575443,0.014558580882271445,33625.197719698044
2012-06-11,131.415,-0.012659654395191566,-12659.654395191566,0.0002717973026276459,0.014566705568030044,33615.427227337925
2012-06-12,132.92,0.011452269527831627,11452.269527831626,0.0001704147539583909,0.014568158558437759,33720.18993715317
2012-06-13,132.07,-0.006394823954258166,-6394.823954258167,0.0002873651868485605,0.01454076550639133,33539.513735871304
2012-06-14,133.47,0.010600439161051023,10600.439161051023,0.00025296838197783565,0.014546382325041352,33586.97721486737
2012-06-15,134.14,0.005019854648984801,5019.8546489848,0.0003032255981664229,0.014560390347754023,33569.307532535924
2012-06-18,134.4,0.001938273445653893,1938.273445653893,0.000302840632661614,0.014560263859853342,33569.398243181895
2012-06-19,135.7,0.009672619047618847,9672.619047618848,0.0002557777515029618,0.014535768048995933,33559.47534682951
2012-06-20,135.48,-0.0016212232866616993,-1621.2232866616994,0.0003185701975659749,0.014542430159685328,33512.18128780539
2012-06-21,132.44,-0.022438736344847943,-22438.73634484794,0.0003235565098285145,0.014541546914731673,33505.14024052266
2012-06-22,133.46,0.007701600724856705,7701.600724856706,0.0002802860033856853,0.014593235617585687,33668.65665096185
2012-06-25,131.32,-0.01603476697137729,-16034.76697137729,0.0002754485296192342,0.014590563365569222,33667.277536930895
2012-06-26,131.98,0.005025890953396228,5025.890953396228,0.00015909748737074204,0.014604233221979398,33815.429420577646
2012-06-27,133.173,0.00903924837096537,9039.24837096537,0.00014494443518247557,0.014597768162874471,33814.54249626162
2012-06-28,132.79,-0.002875958339903839,-2875.9583399038393,0.00014285173466388912,0.014596450115091492,33813.568959122385
2012-06-29,136.105,0.024964229234129,24964.229234128998,7.224355940838834e-05,0.014568046667184644,33818.10083372436
2012-07-02,136.51,0.0029756438044157285,2975.6438044157285,0.00017538601995302817,0.014652729877933347,33911.96098047192
2012-07-03,137.412,0.0066075745366640515,6607.574536664051,0.0001825056940422254,0.014653660042144414,33907.00519191765
2012-07-05,136.79,-0.004526533344977213,-4526.533344977212,0.0001674341634212464,0.014645069467420843,33902.09205729366
2012-07-06,135.49,-0.009503618685576254,-9503.618685576253,0.00017769682436757873,0.01464086013662526,33882.03702859989
2012-07-09,135.32,-0.0012547051442911572,-1254.7051442911572,0.00021200377819670236,0.014607917022328599,33771.09293086244
2012-07-10,134.14,-0.008720070942950131,-8720.070942950131,0.00022426161140448863,0.014605385056307136,33752.94486388349
2012-07-11,134.16,0.0001490979573579576,149.09795735795763,0.00017598711149874636,0.01461495880031288,33823.4912228036
2012-07-12,133.51,-0.004844961240310086,-4844.961240310086,0.0002041927266291488,0.01460804610850213,33779.20428177535
2012-07-13,135.75,0.016777769455471603,16777.769455471604,0.0001615943679582932,0.014607176701582986,33819.78009750819
2012-07-16,135.43,-0.002357274401473264,-2357.274401473264,0.0002615097589398725,0.014635147822640361,33784.93526453297
2012-07-17,136.36,0.006867016170715612,6867.016170715612,0.0001871545454163628,0.014600865730229517,33779.53840525884
2012-07-18,137.37,0.0074068641830447035,7406.864183044703,0.00021703351946410088,0.01460688457744499,33763.661363634994
2012-07-19,137.73,0.0026206595326490056,2620.6595326490055,0.00019117661886495618,0.014588326943228697,33746.346751327845
2012-07-20,136.47,-0.009148333696362365,-9148.333696362366,0.00019898247805287994,0.014589105816217291,33740.35282166108
2012-07-23,135.09,-0.01011211255220923,-10112.11255220923,0.00018468071705253974,0.014596537350507616,33771.942916658576
2012-07-24,133.925,-0.008623880376045556,-8623.880376045556,0.0001591765992056544,0.014608980527526,33826.3941929085
2012-07-25,133.96,0.00026134030240809736,261.3403024080974,0.0002065831252526613,0.014560901818130492,33667.13986347263
2012-07-26,136.17,0.016497461928933754,16497.461928933753,0.000219267077580211,0.014559557434603349,33651.328407384804
2012-07-27,138.675,0.018396122493941514,18396.122493941515,0.0003125952757797421,0.014588910720071046,33626.28616242917
2012-07-30,138.68,3.605552550922653e-05,36.05552550922653,0.00040319051345519166,0.014630710255752612,33632.931185722424
2012-07-31,137.71,-0.006994519757715589,-6994.51975771559,0.0005055245165791264,0.01453764593639137,33314.0972011034
2012-08-01,137.59,-0.0008713964127514684,-871.3964127514683,0.0004558714036810234,0.014541995497870145,33373.86890710067
2012-08-02,136.64,-0.006904571553165373,-6904.571553165373,0.0006397520699123982,0.014228795955091153,32461.377150374825
2012-08-03,139.349,0.019825819672131262,19825.819672131263,0.0006181208118055079,0.014236165710286292,32500.153022812123
2012-08-06,139.62,0.0019447574076600915,1944.7574076600915,0.0009579170951575903,0.013662979830748762,30826.92698716768
2012-08-07,140.32,0.005013608365563638,5013.608365563638,0.0007796993316294918,0.013353639549332469,30285.511644667786
2012-08-08,140.49,0.0012115165336374911,1211.5165336374912,0.0009764646946116646,0.013047438743217742,29376.41668735103
2012-08-09,140.61,0.0008541533205210783,854.1533205210783,0.0008017756284993545,0.012746091984344418,28850.068361609283
2012-08-10,140.84,0.001635730033425764,1635.730033425764,0.000778259658469413,0.012740526947522514,28860.63812005963
2012-08-13,140.77,-0.0004970178926441138,-497.0178926441138,0.0007001429104690149,0.012674727344036784,28785.68210037827
2012-08-14,140.79,0.00014207572636193433,142.07572636193433,0.0007323116951411843,0.012661382067230479,28722.467559379267
2012-08-15,140.95,0.001136444349740806,1136.444349740806,0.0007302041890325008,0.012661436505438037,28724.701707696368
2012-08-16,141.99,0.007378503015253779,7378.503015253779,0.0009072242707683907,0.012351494892406566,27826.649613407928
2012-08-17,142.18,0.0013381224029860306,1338.1224029860305,0.0010020600887852176,0.01230955951666841,27634.257523195538
2012-08-20,142.19,7.033338022210955e-05,70.33338022210955,0.0010042165556698893,0.012309571024387483,27632.127827268665
2012-08-21,141.76,-0.003024122652788619,-3024.122652788619,0.0008728559127869815,0.012141800553352419,27373.195991532324
2012-08-22,141.82,0.0004232505643340101,423.2505643340101,0.000804421394006813,0.01211522238469176,27379.80044415287
2012-08-23,140.665,-0.008144126357354398,-8144.126357354397,0.0008670900060202466,0.012072320476280306,27217.327068714152
2012-08-24,141.51,0.006007180179860017,6007.180179860016,0.0007763779656751084,0.012054403634676743,27266.35830268532
2012-08-27,141.54,0.0002119991520033171,211.99915200331708,0.000685462208985038,0.011927727616056817,27062.581572766965
2012-08-28,141.4,-0.0009891196834815874,-989.1196834815875,0.0006757630730946986,0.011927120361661691,27070.868023686202
2012-08-29,141.51,0.0007779349363505883,777.9349363505883,0.0006540551150708316,0.011925184179125229,27088.071747582613
2012-08-30,140.49,-0.007207971168115224,-7207.971168115224,0.0006990585255738839,0.0119042353342634,26994.334036371634
2012-08-31,141.16,0.004769022706242243,4769.022706242243,0.0007724260786391443,0.011797856253014738,26673.491733801133
2012-09-04,141.03,-0.0009209407764239064,-920.9407764239064,0.0008206918173215594,0.011789388689561026,26605.527496879866
2012-09-05,140.91,-0.000850882790895624,-850.882790895624,0.0007041778977922371,0.011660876085460573,26423.076393072646
2012-09-06,143.77,0.020296643247462942,20296.643247462944,0.0007423405816091187,0.011640010384226648,26336.37282954985
2012-09-07,144.33,0.0038951102455311304,3895.11024553113,0.0009283658642763899,0.011579007233779021,26008.43299752895
2012-09-10,143.51,-0.005681424513268363,-5681.424513268363,0.0009180663880742492,0.011575202739114719,26009.881895656996
2012-09-11,143.91,0.002787262211692676,2787.262211692676,0.0008586560238687802,0.011570788158684887,26059.02241006474
2012-09-12,144.39,0.0033354179695641584,3335.4179695641583,0.0008144288199552307,0.01154205010324025,26036.39489979059
2012-09-13,146.59,0.015236512223838261,15236.512223838261,0.0007587414225530984,0.011495891426474763,25984.701157630796
2012-09-14,147.24,0.004434136025649904,4434.136025649904,0.0008166898596556495,0.011532299787266175,26011.451233252654
2012-09-17,146.74,-0.0033958163542515685,-3395.8163542515686,0.000874287826886762,0.011514177516161584,25911.69455916459
2012-09-18,146.62,-0.000817772931716032,-817.7729317160321,0.0008653592036441387,0.011516629378924517,25926.3270681332
2012-09-19,146.7,0.000545628154412725,545.628154412725,0.0009799211817350328,0.011355090997533715,25435.970619917818
2012-09-20,146.71,6.816632583506177e-05,68.16632583506177,0.00111140147365475,0.011156475751544142,24842.442172738156
2012-09-21,145.87,-0.005725581078317776,-5725.581078317777,0.0010875734832784866,0.01115229948777966,24856.55472078448
2012-09-24,145.645,-0.0015424693219989738,-1542.4693219989738,0.0009695504966435667,0.011066983924856904,24776.104028991453
2012-09-25,144.1,-0.010607985169418854,-10607.985169418855,0.0009186455883851639,0.011049066825622693,24785.32753153737
2012-09-26,143.295,-0.005586398334490039,-5586.398334490039,0.0009577178165010909,0.010990577450376703,24610.18866966396
2012-09-27,144.64,0.009386231201367723,9386.231201367724,0.0009039336022937921,0.010989566229344412,24661.6204319726
2012-09-28,143.97,-0.004632190265486669,-4632.190265486669,0.0010414354422220544,0.010878784064309187,24266.400737933
2012-10-01,144.345,0.0026047093144405675,2604.7093144405676,0.0011367378786855164,0.010722560435631148,23807.667795019435
2012-10-02,144.5,0.001073816204232969,1073.816204232969,0.00105946454820017,0.010641463193079372,23696.28072770389
2012-10-03,145.09,0.004083044982698958,4083.044982698958,0.0009896989264228343,0.010583578991498655,23631.38756019337
2012-10-04,146.125,0.007133503342752645,7133.503342752645,0.0009336661351947422,0.010529618770572761,23561.890106187733
2012-10-05,146.14,0.00010265183917868015,102.65183917868015,0.0009889835634511509,0.010525701647073369,23497.46008600616
2012-10-08,145.642,-0.003407691254960876,-3407.691254960876,0.000855611438114062,0.010322064641825304,23157.101697108366
2012-10-09,144.2,-0.00990099009900991,-9900.99009900991,0.000837966623922116,0.010325580516826628,23182.92565963504
2012-10-10,143.28,-0.006380027739250949,-6380.027739250949,0.0007632749442278306,0.010335490449876377,23280.67129101149
2012-10-11,143.36,0.0005583472920156485,558.3472920156485,0.000745705143829833,0.010343915572979197,23317.840858628268
2012-10-12,142.89,-0.003278459821428714,-3278.4598214287143,0.0006795624646218274,0.010291694479911089,23262.499108997188
2012-10-15,144.08,0.00832808454055578,8328.08454055578,0.0007428131517291936,0.010218026883781714,23027.871966248556
2012-10-16,145.54,0.010133259300388442,10133.259300388441,0.0006979420082312657,0.010159587692978546,22936.793222460863
2012-10-17,146.2,0.004534835783976954,4534.835783976954,0.0007857910839382853,0.01014577674040338,22816.815066592128
2012-10-18,145.82,-0.002599179206566271,-2599.179206566271,0.0007864285695657314,0.01014600819898139,22816.716034135567
2012-10-19,143.3896,-0.016667123851323518,-16667.12385132352,0.0007000824856508583,0.01008214340580109,22754.49039220939
2012-10-22,143.41,0.00014226973225395234,142.26973225395233,0.0005843698666672794,0.010114876568979867,22946.351735764547
2012-10-23,141.42,-0.013876298723938474,-13876.298723938475,0.0006627459421697269,0.01003459577082101,22681.214596138943
2012-10-24,141.02,-0.00282845424975231,-2828.4542497523103,0.0005665740210104526,0.010058330225927831,22832.601116477486
2012-10-25,141.43,0.0029073890228337174,2907.3890228337173,0.0004159198982994563,0.009822287074497994,22434.13675567778
2012-10-26,141.35,-0.0005656508520116565,-565.6508520116565,0.00042848236273254647,0.00982346181237179,22424.307140199955
2012-10-31,141.35,0.0,0.0,0.0005226427764318094,0.009699385787759576,22041.50273042463
2012-11-01,142.83,0.01047046338875135,10470.46338875135,0.0006341328162724471,0.009530404532891638,21536.903507569205
2012-11-02,141.56,-0.008891689420990057,-8891.689420990057,0.000610835410471049,0.009499034991150328,21487.224446631073
2012-11-05,141.8486,0.0020387115004238954,2038.7115004238954,0.0005023595472140583,0.009451780395183854,21485.769681022797
2012-11-06,142.96,0.007835114340219107,7835.114340219107,0.0005348787496513978,0.009442985634269936,21432.790805230667
2012-11-07,139.72,-0.022663682148852837,-22663.682148852837,0.0005413867622596822,0.009447470864761243,21436.716999040418
2012-11-08,138.04,-0.012024048096192397,-12024.048096192397,0.0003994093661527867,0.009528404197576466,21766.97348188105
2012-11-09,138.16,0.000869313242538361,869.313242538361,0.0004989203054539724,0.009263505042844974,21051.214957135042
2012-11-12,138.265,0.0007599884192239781,759.9884192239781,0.0004647557724691564,0.009246240738810271,21045.21671313193
2012-11-13,137.79,-0.0034354319603658867,-3435.431960365887,0.00039250615085647666,0.00917249429969284,20945.90646288569
2012-11-14,135.9299,-0.013499528267653549,-13499.528267653548,0.00041666115442192943,0.009154340151790622,20879.518595942893
2012-11-15,135.7,-0.0016913129488067558,-1691.3129488067557,0.00034280013683991715,0.009191904599951081,21040.767587642502
2012-11-16,136.37,0.004937361827560993,4937.361827560993,0.00039958032733270697,0.009134917429543421,20851.415414424253
2012-11-19,139.13,0.020239055510742787,20239.055510742786,0.00048299837554559446,0.009080374821318338,20641.112285522304
2012-11-20,139.19,0.00043125134766053286,431.2513476605329,0.0005680821926911413,0.009165380468329088,20753.781174581676
2012-11-21,139.45,0.001867950283784614,1867.950283784614,0.000645820282301198,0.009080743480007232,20479.14800712385
2012-11-23,141.35,0.013624955181068543,13624.955181068543,0.0006690365615871126,0.00907640046737437,20445.82836963255
2012-11-26,141.05,-0.002122391227449505,-2122.391227449505,0.0008117988204353903,0.008997718752444733,20120.025070531825
2012-11-27,140.33,-0.005104572846508337,-5104.5728465083375,0.0008108590153059629,0.008998014083616477,20121.651918704774
2012-11-28,141.46,0.008052447801610407,8052.447801610408,0.0006745734383775543,0.008826232073746035,19858.312782172616
2012-11-29,142.12,0.004665629860031162,4665.629860031162,0.0006954224410116128,0.008837517054884376,19863.716571418325
2012-11-30,142.155,0.00024627075710670354,246.27075710670354,0.0005494868763201257,0.008459976495299695,19131.3614579558
2012-12-03,141.45,-0.004959375329745774,-4959.375329745774,0.0005511120105526488,0.008459878677653219,19129.508765849358
2012-12-04,141.25,-0.0014139271827500188,-1413.9271827500188,0.0005347953542364662,0.008466581480386844,19161.418473055022
2012-12-05,141.5,0.001769911504424737,1769.9115044247371,0.0004855708484527672,0.008441859611137428,19153.131310868026
2012-12-06,141.98,0.003392226148409838,3392.226148409838,0.0004913828665192699,0.008442243194443647,19148.21164101046
2012-12-07,142.415,0.003063811804479455,3063.811804479455,0.0004900618614027876,0.00844176140088028,19148.41182669508
2012-12-10,142.473,0.000407260471158466,407.260471158466,0.000590062709504474,0.00832226135873058,18770.412309590647
2012-12-11,143.44,0.006787250917717591,6787.250917717591,0.0005239224895899954,0.008257232952379593,18685.273834638247
2012-12-12,143.51,0.00048800892359168735,488.00892359168733,0.0006094610212259592,0.008210591243925819,18491.23046369921
2012-12-13,142.63,-0.006131976865723643,-6131.976865723643,0.0006487691474122345,0.008186259051358176,18395.317193062445
2012-12-14,142.1051,-0.003680151440790924,-3680.151440790924,0.000666825555268316,0.008166199780260711,18330.595942533968
2012-12-17,143.77,0.011715976414639728,11715.976414639728,0.0006374836253717531,0.008168596862480691,18365.51431955689
2012-12-18,145.37,0.011128886415803008,11128.886415803008,0.000703826190440223,0.008191010766014022,18351.314291322135
2012-12-19,144.29,-0.0074293182912569256,-7429.3182912569255,0.000791108410994462,0.008185350739333255,18250.864879732082
2012-12-20,145.12,0.005752304386998475,5752.304386998475,0.0006403503198063238,0.007985040608105108,17935.631922988778
2012-12-21,142.79,-0.016055678059537004,-16055.678059537004,0.0006556132289544148,0.007991172623860327,17934.634215656424
2012-12-24,142.35,-0.003081448280691901,-3081.448280691901,0.0005559552263884901,0.008043641710473384,18156.353566317495
2012-12-26,141.75,-0.004214963119072657,-4214.963119072657,0.0005078666808110248,0.008029236649258352,18170.930928361948
2012-12-27,141.5616,-0.0013291005291005131,-1329.100529100513,0.0004878420209923813,0.008034767885136476,18203.82316700648
2012-12-28,140.03,-0.010819318233193154,-10819.318233193153,0.0005350198871975858,0.007989021239712808,18050.222689475428
2012-12-31,142.41,0.01699635792330212,16996.35792330212,0.0004504063970093459,0.007996836897152103,18153.018117731805
2013-01-02,146.06,0.02563022259672776,25630.22259672776,0.0005380556409448633,0.00805763645129929,18206.809787329224
2013-01-03,145.7341,-0.0022312748185676634,-2231.2748185676633,0.0005769908739612565,0.008155075651756046,18394.552031143645
2013-01-04,146.37,0.004363426267428139,4363.426267428139,0.0005616341499173872,0.00815674113875082,18413.783257317053
2013-01-07,145.9695,-0.0027362164377945364,-2736.2164377945364,0.0005684378941413679,0.008159209577022614,18412.72195921886
2013-01-08,145.5496,-0.0028766283367416268,-2876.6283367416268,0.0005678023067407052,0.008159461794856562,18413.94429304132
2013-01-09,145.92,0.0025448369490537193,2544.8369490537193,0.0005465862953121468,0.008161502574102652,18439.907866930404
2013-01-10,147.08,0.007949561403508998,7949.5614035089975,0.0005220835621835062,0.008146195689723352,18428.801462125073
2013-01-11,147.07,-6.79902094099516e-05,-67.9902094099516,0.0005517134503283252,0.008159728983481917,18430.654723144264
2013-01-14,146.97,-0.0006799483239273707,-679.9483239273707,0.0005418439662708709,0.008158977340677982,18438.775624562742
2013-01-15,147.07,0.0006804109682247983,680.4109682247984,0.0005598175557255281,0.008151282334705348,18402.90077432292
2013-01-16,147.05,-0.0001359896647853409,-135.98966478534092,0.0005470160701355274,0.008148558471897535,18409.365607460786
2013-01-17,148.0,0.006460387623257402,6460.387623257402,0.0005022475869673402,0.008121288458568467,18390.69455309583
2013-01-18,148.33,0.0022297297297297902,2229.72972972979,0.0005069833792589477,0.008124428221450214,18393.262941509165
2013-01-22,149.13,0.005393379626508432,5393.379626508432,0.0005134680976606001,0.008125156575257187,18388.472627437914
2013-01-23,149.37,0.0016093341380005732,1609.3341380005731,0.0005329129860921311,0.008131016236631827,18382.659349787875
2013-01-24,149.41,0.00026779139050669976,267.79139050669977,0.0005439092467380475,0.008130603980323616,18370.70403755579
2013-01-25,150.25,0.005622113647011595,5622.113647011595,0.0005115101551876448,0.008115426776115852,18367.795672363583
2013-01-28,150.07,-0.0011980033277870783,-1198.0033277870782,0.0005545176200351967,0.008113900463046355,18321.237472351684
2013-01-29,150.66,0.003931498633970909,3931.498633970909,0.0005515454429387891,0.008114407801524342,18325.38989523778
2013-01-30,150.07,-0.003916102482410699,-3916.1024824106994,0.0005809264215438579,0.008113290354845034,18293.409346925946
2013-01-31,149.7,-0.0024655160924902386,-2465.5160924902384,0.0005667844292133628,0.008118053000095916,18318.63090891064
2013-02-01,151.24,0.010287241148964732,10287.241148964731,0.0005218934278954883,0.008103596534446388,18329.89114209859
2013-02-04,149.535,-0.011273472626289416,-11273.472626289416,0.0005567013341385127,0.008126838199671006,18349.151434340027
2013-02-05,151.05,0.010131407362824918,10131.407362824917,0.0004555326772782151,0.008116000939643042,18425.10885437384
2013-02-06,151.16,0.000728235683548295,728.235683548295,0.0004987340908829263,0.008138704654497958,18434.724179554694
2013-02-07,150.96,-0.0013231013495632604,-1323.1013495632603,0.0004915317491247433,0.008137697566439131,18439.583684148252
2013-02-08,151.8,0.00556438791732905,5564.38791732905,0.0004743690269374108,0.008136979088154212,18455.07497590492
2013-02-11,151.77,-0.00019762845849802257,-197.62845849802258,0.0004915966207696085,0.008143200667030843,18452.32093886555
2013-02-12,152.02,0.001647229360216107,1647.229360216107,0.0005203273835313617,0.008127972219520187,18388.16350961244
2013-02-13,152.151,0.0008617287199053081,861.728719905308,0.0004971755279800622,0.008116431769844,18384.468264594067
2013-02-14,152.29,0.0009135661283854457,913.5661283854457,0.0005056460835216226,0.008115699831738706,18374.294966397327
2013-02-15,152.11,-0.0011819554796768106,-1181.9554796768107,0.0005279407800197787,0.008109105020995079,18336.65844594603
2013-02-19,153.25,0.007494576293471722,7494.576293471722,0.00047895017569916834,0.008082138053856025,18322.914503593373
2013-02-20,151.34,-0.012463295269168007,-12463.295269168006,0.0004983146579122106,0.008093161056185183,18329.193359414316
2013-02-21,150.42,-0.006079027355623157,-6079.027355623157,0.00044670207503215176,0.008134573115631996,18477.144798748122
2013-02-22,151.89,0.009772636617471075,9772.636617471075,0.00043522395198028984,0.008141774147928776,18505.3750279745
2013-02-25,149.0,-0.019026927381657677,-19026.927381657675,0.00045670099574492883,0.00815934648094237,18524.77734375797
2013-02-26,150.02,0.006845637583892783,6845.637583892783,0.0003718397822550683,0.008251073079559114,18823.02653493289
2013-02-27,151.91,0.012598320223970116,12598.320223970117,0.00039250357117969956,0.008260824557702166,18825.048076455103
2013-02-28,151.61,-0.0019748535316962412,-1974.8535316962411,0.00043126080658126666,0.008295336181516224,18866.576883743066
2013-03-01,152.11,0.003297935492381665,3297.935492381665,0.00043903466719477446,0.008292153698022662,18851.399459420143
2013-03-04,152.92,0.005325093682203574,5325.093682203575,0.000431499507981993,0.008288681843704189,18850.857877720166
2013-03-05,154.29,0.00895893277530746,8958.93277530746,0.0004649395763142334,0.008291504106444244,18823.983374313237
2013-03-06,154.5,0.0013610733035194222,1361.0733035194223,0.000517146782596074,0.00830377181236979,18800.315119630643
2013-03-07,154.776,0.001786407766990461,1786.407766990461,0.000581091989886934,0.008248062298054247,18606.770202147974
2013-03-08,155.44,0.004290070812012159,4290.070812012159,0.0005603340959085141,0.008238428448076695,18605.11640971229
2013-03-11,156.03,0.0037956767884714804,3795.6767884714804,0.0005376977839763724,0.008220282271237844,18585.5384017334
2013-03-12,155.68,-0.0022431583669806354,-2243.1583669806355,0.0005374105553450859,0.008220166710112862,18585.556794987264
2013-03-13,155.905,0.0014452723535456347,1445.2723535456346,0.0005281471608100699,0.00822199718522192,18599.07851140072
2013-03-14,156.73,0.005291684038356559,5291.684038356559,0.00046176659882143234,0.008146689342857678,18490.266834406702
2013-03-15,155.83,-0.005742359471702763,-5742.359471702763,0.00048727426970376485,0.00815180776690963,18476.666398436064
2013-03-18,154.97,-0.005518834627478708,-5518.834627478708,0.0004411470875527841,0.008154310951143709,18528.616857908328
2013-03-19,154.61,-0.002323030263921999,-2323.030263921999,0.0004310103505209812,0.00816015975273891,18552.35994209681
2013-03-20,155.69,0.0069853178966430285,6985.317896643029,0.000406037545217254,0.00815899192955983,18574.61598443063
2013-03-21,154.359,-0.008549039758494414,-8549.039758494415,0.0004456224092780894,0.008166837463518867,18553.28256161612
2013-03-22,155.6,0.008039699661179345,8039.699661179345,0.0004179770904605742,0.008185594141814998,18624.56243911191
2013-03-25,154.95,-0.004177377892030876,-4177.377892030876,0.00047894981107947387,0.008185367131246605,18563.06161293984
2013-03-26,156.19,0.00800258147789612,8002.58147789612,0.00044930926502859147,0.008188771040548297,18600.62083615814
2013-03-27,156.19,0.0,0.0,0.0004251792400629828,0.00815740474662458,18551.781949937773
2013-03-28,156.67,0.0030731801011587567,3073.1801011587568,0.00043760774087507316,0.008154367786077128,18532.28842241257
2013-04-01,156.05,-0.003957362609306014,-3957.3626093060143,0.0004697347036824846,0.008148842369092616,18487.30741755005
2013-04-02,156.82,0.0049343159243830925,4934.315924383092,0.00046073945271845804,0.008152496943105943,18504.804479000504
2013-04-03,155.23,-0.010139012881010045,-10139.012881010045,0.0004639324676817673,0.008154098369799282,18505.336939620676
2013-04-04,155.86,0.00405849384783874,4058.49384783874,0.0003941171305956219,0.008169910009575898,18611.935651286254
2013-04-05,155.158,-0.004504042089054416,-4504.0420890544165,0.00042670756396780086,0.008168204769116947,18575.378235397668
2013-04-08,156.21,0.0067801853594402495,6780.185359440249,0.0004483346067116818,0.008147856533933594,18506.414118994508
2013-04-09,156.75,0.003456884962550255,3456.8849625502553,0.0004774573501514454,0.008157457467366461,18499.6264866351
2013-04-10,158.67,0.012248803827751065,12248.803827751064,0.0005362094196532667,0.00812562186285819,18366.81372626666
2013-04-11,159.19,0.003277242074746445,3277.242074746445,0.0006523439780405261,0.00808444422945867,18154.885667962393
2013-04-12,158.8,-0.002449902632074785,-2449.9026320747853,0.0006330761987309765,0.008072367871061066,18146.05963658752
2013-04-15,155.118,-0.023186397984886753,-23186.397984886753,0.0005710138144800502,0.008035960715524022,18123.42631195497
2013-04-16,157.41,0.01477584806405452,14775.84806405452,0.0005258220808876466,0.008137437636555018,18404.688665052043
2013-04-17,155.11,-0.014611524045486157,-14611.524045486158,0.0005875505278325032,0.008186816771681801,18457.833264131357
2013-04-18,154.14,-0.0062536264586424695,-6253.6264586424695,0.0004697976093229417,0.008192895379019093,18589.727137897153
2013-04-19,155.48,0.008693395614376653,8693.395614376654,0.00045835782918975587,0.008200304965922837,18618.404194771385
2013-04-22,156.17,0.004437869822485174,4437.869822485174,0.0005188149842610717,0.008205097682862112,18569.09656656263
2013-04-23,157.78,0.01030927835051565,10309.27835051565,0.0005298862428132835,0.008208523917705195,18565.99592215359
2013-04-24,157.88,0.0006337938902267748,633.7938902267748,0.0006047587313512648,0.00821202969718053,18499.279096244907
2013-04-25,158.52,0.004053711679756766,4053.7116797567664,0.000592088117015249,0.008209520967172566,18506.113531860356
2013-04-26,158.24,-0.001766338632349207,-1766.338632349207,0.000553536377178308,0.008170294720259548,18453.411375584594
2013-04-29,159.3,0.006698685540950544,6698.685540950544,0.000518595456875508,0.008161422394686042,18467.712180151677
2013-04-30,159.68,0.002385436283741438,2385.436283741438,0.0005388262720986713,0.008170479357925819,18468.55101210663
2013-05-01,158.28,-0.008767535070140275,-8767.535070140275,0.0005631838873098527,0.008166856037717734,18435.7642936324
2013-05-02,159.75,0.009287338893100738,9287.338893100738,0.0005032335010866303,0.008180162699936067,18526.670605217823
2013-05-03,161.368,0.010128325508607094,10128.325508607095,0.0005521776555790279,0.008196016313529873,18514.607471005238
2013-05-06,161.78,0.0025531703931387373,2553.1703931387374,0.0006233341074442058,0.008201645483616087,18456.54642700274
2013-05-07,162.5999,0.005067993571516771,5067.993571516771,0.0006981787459287894,0.008132978923490262,18221.959482351747
2013-05-08,163.34,0.004551663315906174,4551.663315906174,0.00071553101218566,0.008137673358491488,18215.5281049798
2013-05-09,162.881,-0.002810089384106762,-2810.089384106762,0.000749784346703843,0.008135717855396414,18176.725589993715
2013-05-10,163.41,0.003247769844242132,3247.769844242132,0.0007622715614852482,0.008127813138147016,18145.849253044275
2013-05-13,163.54,0.0007955449482894839,795.5449482894838,0.0007670115726435634,0.008128920074298647,18143.684360449006
2013-05-14,165.23,0.010333863275039823,10333.863275039823,0.0007822508028704811,0.008125373213101847,18120.193897217396
2013-05-15,166.115,0.005356170187012177,5356.170187012177,0.0008678307807107038,0.008112793554184553,18005.349256598765
2013-05-16,165.34,-0.004665442615055859,-4665.442615055859,0.0009122216832170107,0.008106843249448948,17947.11587532089
2013-05-17,166.94,0.009677029152050265,9677.029152050265,0.0009088891462951101,0.00810897241107301,17955.401582860417
2013-05-20,166.93,-5.9901761111702534e-05,-59.901761111702534,0.0010068915435197424,0.008066010754485762,17757.455427168767
2013-05-21,167.17,0.001437728389145132,1437.728389145132,0.0010408869968451565,0.008043411128202099,17670.88538128424
2013-05-22,165.93,-0.007417598851468421,-7417.598851468421,0.000977885020005561,0.007977842786377125,17581.352585514924
2013-05-23,165.45,-0.002892786114626733,-2892.7861146267333,0.0009412433432478653,0.007995332794144088,17658.682104658248
2013-05-24,165.308,-0.0008582653369597626,-858.2653369597626,0.0009275541957636388,0.007998969481198775,17680.8314513407
2013-05-28,166.3,0.00600091949572934,6000.91949572934,0.000916258429342843,0.007999491508163934,17693.341634082084
2013-05-29,165.22,-0.006494287432351253,-6494.287432351253,0.0009532403009423005,0.008001549494232716,17661.147353998545
2013-05-30,165.83,0.003692046967679552,3692.046967679552,0.0008788150058684598,0.007983853168368362,17694.40483901951
2013-05-31,163.445,-0.014382198637158616,-14382.198637158617,0.0009516235826696193,0.00792573621023307,17486.396000214594
2013-06-03,164.35,0.005537030805469634,5537.030805469633,0.0009028986739740508,0.007982435548257585,17667.023293383016
2013-06-04,163.56,-0.004806814724672925,-4806.814724672925,0.0010257541829113018,0.007814014993721677,17152.362985456377
2013-06-05,161.272,-0.013988750305698239,-13988.750305698239,0.0010083995831886398,0.007822159984979735,17188.665668276302
2013-06-06,162.73,0.009040627015229008,9040.627015229007,0.0009221557451196327,0.007868224931315781,17382.072596321977
2013-06-07,164.8,0.01272045719904158,12720.457199041579,0.0008684445412412912,0.0077657156200695,17197.31148191314
2013-06-10,164.8,0.0,0.0,0.00091690157652378,0.007801784587266126,17232.76341178737
2013-06-11,163.098,-0.010327669902912562,-10327.669902912561,0.0008850954424836441,0.007789188934041938,17235.26767472726
2013-06-12,161.75,-0.008264969527523425,-8264.969527523424,0.0008944233804527601,0.007774285360619977,17191.268840412355
2013-06-13,164.21,0.015208655332302978,15208.655332302978,0.00081555442423134,0.007766758015904419,17252.626574257563
2013-06-14,163.175,-0.006302904817002575,-6302.904817002574,0.0009019683413775846,0.007806293142863234,17258.18511566189
2013-06-17,164.44,0.007752413053470075,7752.413053470075,0.0008343549654653701,0.007795148814312934,17299.872906543504
2013-06-18,165.735,0.007875212843590385,7875.212843590384,0.0008452851990833112,0.00780295309325022,17307.09814063974
2013-06-19,163.45,-0.013787069719733425,-13787.069719733425,0.0008690329566750571,0.007815317427658995,17312.11412611378
2013-06-20,159.4,-0.02477821963903326,-24778.21963903326,0.0007751942016056481,0.007849951839538414,17486.524571627528
2013-06-21,159.07,-0.0020702634880803705,-2070.2634880803707,0.0006825662161961619,0.008013267959199571,17959.08266480735
2013-06-24,157.06,-0.012635946438674717,-12635.946438674717,0.0007640401076232322,0.007879674254681576,17566.8233428896
2013-06-25,158.575,0.009645995161084775,9645.995161084775,0.0006826899189691064,0.007912676716575426,17724.9487386086
2013-06-26,160.14,0.009869147091281727,9869.147091281728,0.0007854129674989547,0.007861305833422897,17502.71914526926
2013-06-27,161.08,0.005869863869114589,5869.863869114589,0.0008047859920504967,0.007877748380178093,17521.597204405487
2013-06-28,160.42,-0.004097342935187598,-4097.3429351875975,0.0007921084540430936,0.007866986438189755,17509.238721547765
2013-07-01,161.36,0.005859618501433905,5859.618501433905,0.0007872229156619585,0.007869652320261676,17520.326029019358
2013-07-02,161.21,-0.0009295984134853885,-929.5984134853885,0.0007108044727311782,0.007725373387645963,17261.10148379069
2013-07-03,161.28,0.0004342162396873128,434.21623968731285,0.0006951835038595737,0.007724723652514678,17275.210942720947
2013-07-05,163.02,0.010788690476190466,10788.690476190466,0.0006704900706716668,0.007715609488817762,17278.701660568873
2013-07-08,163.945,0.005674150410992507,5674.150410992506,0.0007317509659563375,0.0077349562551340244,17262.448073973603
2013-07-09,165.13,0.007228033791820465,7228.033791820465,0.0007924620423426126,0.0077138327168264085,17152.596299153185
2013-07-10,165.192,0.0003754617574034391,375.46175740343915,0.000826392998087059,0.007723442238649594,17141.020434072652
2013-07-11,167.44,0.013608407186788574,13608.407186788574,0.0008627751288884733,0.007699678158863883,17049.354786783217
2013-07-12,167.51,0.0004180602006689238,418.0602006689238,0.0009166123658061958,0.007741608511296329,17093.062136104498
2013-07-15,168.155,0.0038505163870814485,3850.5163870814486,0.0009376644515701118,0.007733029121595527,17052.05140534955
2013-07-16,167.525,-0.003746543367726174,-3746.543367726174,0.0008859554392965512,0.007669645597400551,16956.308290862915
2013-07-17,167.9501,0.002537531711684693,2537.5317116846927,0.0008803983634315395,0.00767250769783622,16968.523607991738
2013-07-18,168.87,0.005477222103470014,5477.222103470014,0.0008630804255954159,0.00766382199871954,16965.635588153214
2013-07-19,169.17,0.0017765144785928388,1776.514478592839,0.0008553618572771171,0.007658174634101195,16960.216421797693
2013-07-22,169.5,0.0019507004788084092,1950.7004788084093,0.0008519852770608924,0.007657579241157496,16962.207910905126
2013-07-23,169.14,-0.002123893805309862,-2123.8938053098623,0.0008963814137615756,0.007631497687099436,16857.13700636979
2013-07-24,168.52,-0.003665602459500872,-3665.6024595008716,0.000928334288749173,0.007601886089297203,16756.297253788016
2013-07-25,168.93,0.0024329456444338593,2432.9456444338593,0.0009481674004153518,0.00758330984637687,16693.249338896454
2013-07-26,169.11,0.0010655301012254537,1065.5301012254536,0.0009568538217834548,0.007583763686046937,16685.618706479967
2013-07-29,168.59,-0.0030749216486311015,-3074.9216486311016,0.0008951260944726216,0.007519293302882652,16597.36589497797
2013-07-30,168.588,-1.1863099828035573e-05,-11.863099828035573,0.0008092419179023311,0.007440806719089553,16500.66297420045
2013-07-31,168.71,0.000723657674330358,723.657674330358,0.0008090502434009821,0.007440827333450337,16500.902604876188
2013-08-01,170.66,0.011558295299626486,11558.295299626487,0.0008399229531291659,0.007424312943000675,16431.611678034355
2013-08-02,170.95,0.0016992851283252897,1699.2851283252896,0.0008896417199786777,0.007454365085746656,16451.80464957233
2013-08-05,170.7,-0.001462415911085091,-1462.415911085091,0.0009240571467046403,0.007438079545931716,16379.503391920267
2013-08-06,169.73,-0.005682483889865253,-5682.483889865253,0.0008389042043717749,0.007342055148407299,16241.270181216156
2013-08-07,169.18,-0.003240440699935121,-3240.440699935121,0.0008083952391816735,0.007353279892419909,16297.891805776642
2013-08-08,169.8,0.0036647357843717643,3664.735784371764,0.0007753790429196785,0.00735285298469231,16329.91486615413
2013-08-09,169.31,-0.002885747938751515,-2885.747938751515,0.0007851919199226156,0.007355074034704459,16325.268924125094
2013-08-12,169.111,-0.0011753588092847655,-1175.3588092847656,0.0007702323148855252,0.007358735621344282,16348.746653457352
2013-08-13,169.61,0.0029507246719611135,2950.7246719611135,0.0007589879595146831,0.00735955547098756,16361.898264302867
2013-08-14,168.74,-0.005129414539237098,-5129.414539237098,0.000772778929773104,0.00736042269425995,16350.124757060488
2013-08-15,166.38,-0.013986013986014068,-13986.013986014068,0.0007516929687107079,0.007369781642774657,16392.98288810333
2013-08-16,165.83,-0.0033056857795407124,-3305.6857795407122,0.0006912031353676885,0.007428438760378325,16589.92958228101
2013-08-19,164.77,-0.006392088283181607,-6392.088283181607,0.0006484663801885104,0.007420540913696711,16614.293198622912
2013-08-20,165.58,0.004915943436305081,4915.943436305081,0.0006175455374438399,0.007433749478352326,16675.941757673303
2013-08-21,164.56,-0.006160164271047264,-6160.164271047263,0.0006369279776681718,0.007438632485147446,16667.918889925728
2013-08-22,166.06,0.009115216334467657,9115.216334467657,0.0006243838111951372,0.0074474700945012925,16701.02241013068
2013-08-23,166.62,0.0033722750812958946,3372.275081295895,0.0006591516742756718,0.007466791129357566,16711.20199541231
2013-08-26,166.0,-0.003721041891729726,-3721.041891729726,0.0007052172800302729,0.007447762472838869,16620.869115019585
2013-08-27,163.33,-0.016084337349397515,-16084.337349397516,0.0006663043917439139,0.007445363157320134,16654.200360749783
2013-08-28,163.91,0.003551092879446438,3551.092879446438,0.0006011190457383106,0.007520317867626746,16893.756437726523
2013-08-29,164.17,0.0015862363492160636,1586.2363492160637,0.0006192798959900228,0.007521944084290111,16879.37873315236
2013-08-30,163.65,-0.003167448376682591,-3167.448376682591,0.0006225131016414846,0.007522186268687128,16876.70893265802
2013-09-03,164.39,0.004521845401771918,4521.845401771918,0.0006386751928072152,0.007509624427037931,16831.323627877642
2013-09-04,165.75,0.008273009307135482,8273.009307135482,0.0006376864835893339,0.007509094698791598,16831.080004915846
2013-09-05,165.96,0.001266968325791984,1266.968325791984,0.0006744622839235714,0.0075239297005247445,16828.815579324906
2013-09-06,166.04,0.0004820438659915993,482.0438659915993,0.0006829336883903219,0.007523397629529395,16819.106392629288
2013-09-09,167.634,0.009600096362322397,9600.096362322396,0.0006036752908644365,0.0074195954440446155,16656.88479663186
2013-09-10,168.87,0.0073732059128817085,7373.205912881708,0.0006264952353316016,0.007438508455430545,16678.063095994064
2013-09-11,169.4,0.003138508912180926,3138.508912180926,0.0006787137570362018,0.007439870654143482,16629.013522369325
2013-09-12,168.95,-0.002656434474616387,-2656.434474616387,0.0006801187438381549,0.007440303596487584,16628.61571006916
2013-09-13,169.33,0.002249186149748672,2249.186149748672,0.0006561513340614327,0.007441366429069026,16655.05563816218
2013-09-16,170.31,0.005787515502273521,5787.515502273522,0.0006042020297650743,0.007384284245911789,16574.21192702509
2013-09-17,171.07,0.004462450824966213,4462.450824966213,0.0006096155476715688,0.0073875986446511055,16576.508853579526
2013-09-18,173.051,0.01158005494826675,11580.054948266748,0.0006410486163884399,0.007387205553188324,16544.161317373913
2013-09-19,172.76,-0.0016815851974273377,-1681.5851974273378,0.0006906399279083711,0.007418919031679143,16568.346589119534
2013-09-20,170.72,-0.011808288955776791,-11808.28895577679,0.0006817310745010108,0.0074204309625351145,16580.77271965938
2013-09-23,169.93,-0.004627460168697195,-4627.460168697195,0.0006342252533745634,0.007462273537202303,16725.618925407238
2013-09-24,169.53,-0.0023539104337080285,-2353.9104337080284,0.0006386177370130457,0.00745883735922452,16713.232696435316
2013-09-25,169.04,-0.002890343891936542,-2890.343891936542,0.0006353719725662095,0.007459966752576285,16719.105822704987
2013-09-26,169.69,0.003845243729294845,3845.243729294845,0.0006662425376761387,0.007429157856576129,16616.56304788355
2013-09-27,168.909,-0.004602510460251064,-4602.510460251064,0.0007039691059312782,0.007421221858727087,16560.374587903894
2013-09-30,168.01,-0.005322392530889397,-5322.392530889397,0.0006480141392848031,0.0074082211052043205,16586.085279231753
2013-10-01,169.34,0.007916195464555686,7916.195464555686,0.0006452533302231923,0.007410325082076104,16593.74067041607
2013-10-02,169.18,-0.0009448446911538566,-944.8446911538566,0.0006664992748236526,0.007423567924561971,16603.302184278862
2013-10-03,167.62,-0.009220948102612647,-9220.948102612647,0.0006584246312421054,0.007424220928999029,16612.8959433443
2013-10-04,168.89,0.007576661496241366,7576.661496241366,0.000605208658900859,0.0074472201871287665,16719.616190940178
2013-10-07,167.43,-0.008644679969210589,-8644.679969210589,0.0006069812915148138,0.007448832899069409,16721.59528732078
2013-10-08,165.48,-0.011646658304963364,-11646.658304963365,0.0005719919642812567,0.0074717206081287655,16809.829387866233
2013-10-09,165.6,0.0007251631617113397,725.1631617113396,0.0005390360960812468,0.007507429149485734,16925.85574533713
2013-10-10,169.17,0.02155797101449264,21557.97101449264,0.0005815407091241318,0.007478107392159875,16815.13852447609
2013-10-11,170.26,0.006443222793639514,6443.222793639514,0.0006932927041391062,0.007581690457461381,16944.356773211905
2013-10-14,170.94,0.003993891695054597,3993.8916950545968,0.0007168322061456016,0.007590400425629754,16941.07968713687
2013-10-15,169.7,-0.007254007254007266,-7254.007254007266,0.0007459216122115348,0.007588962522246287,16908.645217591733
2013-10-16,172.07,0.013965822038892295,13965.822038892295,0.0006835932450332826,0.007590427852152521,16974.38245188212
2013-10-17,173.22,0.006683326553146962,6683.326553146962,0.0006989234959872981,0.007613425261455536,17012.552175168625
2013-10-18,174.388,0.006742870338298124,6742.870338298124,0.0007075174590639781,0.007618983162069201,17016.88782236867
2013-10-21,174.4,6.881207422537727e-05,68.81207422537727,0.0007448856572434357,0.0076256066576835466,16994.928179130362
2013-10-22,175.41,0.005791284403669605,5791.284403669605,0.0008118294009456313,0.007545172658630353,16740.866972730168
2013-10-23,174.57,-0.004788780571233109,-4788.780571233109,0.0008344254596312939,0.0075516154281768015,16733.25903728182
2013-10-24,175.15,0.0033224494472132715,3322.4494472132715,0.0008707755322421154,0.007502230379554628,16582.022161799403
2013-10-25,175.95,0.00456751355980578,4567.5135598057805,0.0008953791470299777,0.0075001356817313,16552.545551183484
2013-10-28,176.23,0.001591361182154083,1591.361182154083,0.0009020196451778659,0.007502658736024416,16551.774555026474
2013-10-29,177.17,0.005333938602962052,5333.938602962052,0.0009106476933145288,0.007502204405213671,16542.089575374128
2013-10-30,176.29,-0.0049669808658350245,-4966.980865835025,0.0009319834477263771,0.00750718720770482,16532.345552944327
2013-10-31,175.79,-0.002836235747915361,-2836.235747915361,0.0008702336707080316,0.007491888251791911,16558.50463639963
2013-11-01,176.21,0.0023892144035497775,2389.2144035497777,0.0008944554854003303,0.007469957259648616,16483.263704759174
2013-11-04,176.83,0.0035185290278645365,3518.5290278645366,0.0008958574970128339,0.007470205772010782,16482.43981935207
2013-11-05,176.27,-0.00316688344737881,-3166.8834473788097,0.0008785911557634156,0.0074590825430319785,16473.829660514177
2013-11-06,177.17,0.005105803596754832,5105.803596754832,0.0009565783505693118,0.0073124328618300784,16054.684291615471
2013-11-07,174.93,-0.012643224022125588,-12643.224022125587,0.0010250977573411006,0.007270447579967691,15888.492513642112
2013-11-08,177.29,0.013491110730006195,13491.110730006196,0.0009710476082824449,0.007321657643648995,16061.675085475266
2013-11-11,177.32,0.00016921428168537034,169.21428168537034,0.0010219720975255737,0.007364333918230167,16110.030456876031
2013-11-12,176.96,-0.002030227836679388,-2030.227836679388,0.0010363906824937788,0.007359098641713439,16083.43279751312
2013-11-13,178.38,0.008024412296564032,8024.412296564032,0.0010822678842176755,0.007303658076087202,15908.581553809003
2013-11-14,179.27,0.0049893485816796534,4989.348581679654,0.0011211307851991586,0.007314680990154022,15895.361785532605
2013-11-15,180.05,0.00435097897026826,4350.97897026826,0.0011213387322156331,0.007314790654558552,15895.408956070465
2013-11-18,179.42,-0.0034990280477646962,-3499.028047764696,0.001057786426053735,0.007216382570909789,15730.029826047628
2013-11-19,179.03,-0.002173670716753895,-2173.670716753895,0.0010420653084720342,0.007222031886707611,15758.893217425379
2013-11-20,178.47,-0.0031279673797687257,-3127.9673797687256,0.00102589882446988,0.0072246988047370295,15781.263880515515
2013-11-21,179.91,0.008068582955118586,8068.582955118586,0.000958887134226531,0.0071849540676711884,15755.815486181427
2013-11-22,180.81,0.005002501250625402,5002.501250625402,0.0009996510309568034,0.007196302527898337,15741.452055774222
2013-11-25,180.63,-0.0009955201592832807,-995.5201592832807,0.0010400793273453383,0.0071902595864276955,15686.965775342505
2013-11-26,180.68,0.0002768089464653123,276.80894646531226,0.0010038874555017637,0.007177581476721197,15693.66395362351
2013-11-27,181.12,0.0024352446313924414,2435.2446313924415,0.0009863321718475001,0.007173955719763566,15702.784465287601
2013-11-29,181.0,-0.0006625441696113121,-662.5441696113121,0.0009950880673446432,0.007174384659844138,15695.02643363499
2013-12-02,180.53,-0.002596685082872918,-2596.6850828729184,0.001012275391985181,0.007165203533055585,15656.480614208602
2013-12-03,179.75,-0.00432061153270924,-4320.61153270924,0.0010075443603846895,0.007167202132877769,15665.861084256487
2013-12-04,179.73,-0.00011126564673158423,-111.26564673158424,0.0009831822682361535,0.0071749473447667595,15708.241233616971
2013-12-05,178.94,-0.004395482112056981,-4395.482112056981,0.0009691683010555879,0.0071736445081075385,15719.224349505137
2013-12-06,180.94,0.011176930814798203,11176.930814798203,0.0009393311253894421,0.007180406764616486,15764.79288622459
2013-12-09,181.4,0.0025422792085774137,2542.2792085774136,0.000982409806764001,0.007209449257370231,15789.277146124554
2013-12-10,180.75,-0.0035832414553472747,-3583.2414553472745,0.0009654299199274403,0.007200716280508454,15785.941090804674
2013-12-11,178.72,-0.011230982019363789,-11230.982019363788,0.0009491449184116844,0.007206401829101367,15815.452656202306
2013-12-12,178.13,-0.003301253357206768,-3301.253357206768,0.0009287488977971239,0.007233687870120767,15899.32550033334
2013-12-13,178.11,-0.00011227755010378981,-112.27755010378982,0.0009302644901314605,0.007232757974879348,15895.646648181046
2013-12-16,179.216,0.006209645724552182,6209.6457245521815,0.0008829514742724864,0.007200535420378656,15867.998792881172
2013-12-17,178.65,-0.0031582001606998977,-3158.200160699898,0.0008632745115074831,0.007179113381674001,15837.84064144798
2013-12-18,181.7,0.01707248810523354,17072.48810523354,0.0008803589840297113,0.007164366800432062,15786.4504910042
2013-12-19,181.49,-0.001155751238304803,-1155.7512383048029,0.0009256397189026515,0.0072307482569143825,15895.596116294639
2013-12-20,181.56,0.0003856961816077753,385.6961816077753,0.0009852394261875804,0.007151185868437471,15650.906615722834
2013-12-23,182.53,0.0053425864727914,5342.5864727913995,0.000999108004036779,0.0071466280393137184,15626.434941781352
2013-12-24,182.93,0.0021914205883963866,2191.420588396387,0.0010373382024042351,0.007144187029908204,15582.526106372865
2013-12-26,183.855,0.005056579019296903,5056.5790192969025,0.001051420286874223,0.007142973340847588,15565.620558936966
2013-12-27,183.845,-5.4390688314143176e-05,-54.390688314143176,0.001114923875884183,0.007107497499564498,15419.587821978277
2013-12-30,183.82,-0.00013598411705517677,-135.98411705517677,0.001046720881437718,0.007035937038637839,15321.316290282626
2013-12-31,184.69,0.004732890871504747,4732.890871504746,0.0009436560545825862,0.006860922677830605,15017.236830947235
2014-01-02,182.92,-0.009583626617575502,-9583.626617575503,0.000971512717342876,0.006862117899278167,14992.160669060486
2014-01-03,182.885,-0.00019134047671109933,-191.3404767110993,0.0009157245058028613,0.0068910641927805195,15115.288028951061
2014-01-06,182.36,-0.002870656423435314,-2870.6564234353136,0.0009259040096471951,0.006887526609455021,15096.878875658214
2014-01-07,183.48,0.006141697740732477,6141.697740732477,0.0009259278973004204,0.006887513378707216,15096.82420868296
2014-01-08,183.52,0.00021800741225219689,218.0074122521969,0.0009403153404671353,0.006894661788664477,15099.06645382309
2014-01-09,183.64,0.0006538796861377261,653.879686137726,0.0009093891245021082,0.006880420688694339,15096.862917148586
2014-01-10,184.14,0.002722718362012655,2722.718362012655,0.0009122766040842989,0.006880160335652153,15093.369765820207
2014-01-13,181.685,-0.013332247203214909,-13332.247203214909,0.000925887270828059,0.006880363526342427,15080.231791306787
2014-01-14,183.67,0.01092550293089678,10925.50293089678,0.0008698366381423002,0.006939196591087348,15273.148599085203
2014-01-15,184.66,0.0053901018130342315,5390.101813034232,0.0009140826085250286,0.00696796317599271,15295.823712340474
2014-01-16,184.42,-0.0012996859092386792,-1299.6859092386792,0.000909801465284136,0.006964869926805167,15292.908881910049
2014-01-17,183.635,-0.004256588222535496,-4256.588222535495,0.0008956838027282621,0.00696576068491787,15309.098757707698
2014-01-21,184.18,0.002967843820622429,2967.843820622429,0.0008570839313320863,0.006967474005337512,15351.684408419656
2014-01-22,184.3,0.0006515365403410023,651.5365403410023,0.0008625179700625738,0.00696859272422982,15348.85289900594
2014-01-23,182.79,-0.00819316332067288,-8193.16332067288,0.000864052950661911,0.006968503460395625,15347.110259675695
2014-01-24,178.89,-0.021335959297554608,-21335.959297554607,0.0008087918427911731,0.00698537791706014,15441.627223933521
2014-01-27,178.01,-0.004919224104198094,-4919.224104198094,0.000728240018912103,0.007123359751598409,15843.172795246946
2014-01-28,179.07,0.005954721644851446,5954.721644851446,0.000692837127959427,0.007129367097527963,15892.550862631471
2014-01-29,177.35,-0.009605182330931994,-9605.182330931993,0.0007323204244684755,0.007131072427973658,15857.0347579793
2014-01-30,179.23,0.010600507471102416,10600.507471102415,0.0007037617595147085,0.007158175656829128,15948.64496176063
2014-01-31,178.18,-0.00585839424203527,-5858.39424203527,0.0007050148248032592,0.007159887232598975,15951.373617125522
2014-02-03,174.17,-0.02250533168705815,-22505.33168705815,0.0007266751383402758,0.007131639215008007,15863.99858791989
2014-02-04,175.385,0.006975943044152277,6975.943044152277,0.0005961281821407436,0.007256412680196777,16284.812029598024
2014-02-05,175.17,-0.0012258745046611619,-1225.8745046611618,0.0006211190115831595,0.007267619269356838,16285.89162502337
2014-02-06,177.48,0.013187189587258175,13187.189587258175,0.000621507918962768,0.0072675174124322535,16285.2657630038
2014-02-07,179.68,0.012395762902862373,12395.762902862372,0.0006519991256424844,0.007304236925900109,16340.19691841584
2014-02-10,180.01,0.0018365983971504463,1836.5983971504463,0.000702372691087926,0.0073416830350369715,16376.93602935204
2014-02-11,181.98,0.010943836453530364,10943.836453530364,0.0007031301672356633,0.007341790680134089,16376.428973147134
2014-02-12,182.07,0.0004945598417409602,494.5598417409602,0.0007434585981701636,0.007370300496696857,16402.42429336272
2014-02-13,183.01,0.005162849453506979,5162.849453506979,0.0007417825730235857,0.0073703093000016245,16404.12079805863
2014-02-14,184.02,0.005518824107972442,5518.824107972442,0.0007671617927563208,0.007374581159793426,16388.67941027075
2014-02-18,184.24,0.0011955222258450693,1195.5222258450692,0.0007592587840143237,0.0073683988081032995,16382.200118301851
2014-02-19,183.02,-0.006621797655232298,-6621.797655232298,0.0008138940539943759,0.007320445068639514,16216.007768467913
2014-02-20,184.1,0.005900994426838446,5900.994426838446,0.0008117229727959394,0.007322577741960364,16223.140189712332
2014-02-21,183.89,-0.0011406844106464087,-1140.6844106464087,0.0007962364040334089,0.007307628957490723,16203.85068550442
2014-02-24,184.91,0.005546794279188694,5546.7942791886935,0.0008677813759174539,0.007199529484047713,15880.828733391292
2014-02-25,184.84,-0.0003785625439403084,-378.5625439403084,0.0008625860026986376,0.007195665981958963,15877.036256739595
2014-02-26,184.85,5.41008439731705e-05,54.1008439731705,0.0008106784716269959,0.0071573715801402,15839.857687552489
2014-02-27,185.82,0.005247497971328174,5247.497971328175,0.0008187942891296735,0.007155350392509014,15827.03988450097
2014-02-28,186.29,0.0025293294586159476,2529.3294586159477,0.0008265925390454595,0.007159124501307121,15828.021524564056
2014-03-03,184.98,-0.007032046808739034,-7032.0468087390345,0.0008154094821511091,0.0071542512364958415,15827.867672225046
2014-03-04,187.58,0.014055573575521896,14055.573575521896,0.0007514455638149231,0.007152635128440507,15888.071961022488
2014-03-05,187.75,0.0009062799872054939,906.2799872054939,0.000802223564902933,0.007201871328013908,15951.834488137907
2014-03-06,188.18,0.0022902796271637715,2290.2796271637717,0.0007987030537837932,0.007201603407025344,15954.73172183489
2014-03-07,188.26,0.0004251248804334473,425.1248804334473,0.0007907038890443995,0.00719881989759366,15956.255475325514
2014-03-10,188.16,-0.0005311802825879175,-531.1802825879175,0.0007772216814122474,0.007196325287988235,15963.934353205523
2014-03-11,187.23,-0.004942602040816313,-4942.602040816313,0.0007840695937498183,0.007194253845944249,15952.267546072728
2014-03-12,187.28,0.00026705122042414153,267.05122042414155,0.0007585180961723705,0.007203234205202407,15998.710483318513
2014-03-13,185.18,-0.011213156770610855,-11213.156770610854,0.0007384195649006408,0.007197542566242487,16005.568282396029
2014-03-14,184.66,-0.0028080786262015822,-2808.078626201582,0.0007165363757050085,0.0072255876460106325,16092.69408328759
2014-03-17,186.33,0.009043647785118791,9043.647785118792,0.000727379399710117,0.007218223189483771,16064.71877149775
2014-03-18,187.66,0.007137873665002958,7137.873665002959,0.0007728461119062801,0.0072347116945606655,16057.610058033331
2014-03-19,186.66,-0.005328786102525851,-5328.786102525851,0.0007734563349797199,0.007235244213809439,16058.238659982162
2014-03-20,187.747,0.005823422265081035,5823.422265081035,0.0007863373496035941,0.00722143393150646,16013.230124482847
2014-03-21,186.2,-0.00823981208754343,-8239.81208754343,0.0007774722400192009,0.007213850246911624,16004.452945532652
2014-03-24,185.43,-0.004135338345864548,-4135.338345864548,0.0007612225032371507,0.007229614484813846,16057.375783644406
2014-03-25,186.31,0.004745726150029661,4745.726150029661,0.000712670823942108,0.007221541232698896,16087.146270045243
2014-03-26,184.97,-0.007192313885459711,-7192.313885459711,0.0007316537285422266,0.007225896460278097,16078.295139864962
2014-03-27,184.58,-0.0021084500189219035,-2108.4500189219034,0.0006905917525957528,0.007241687196500306,16156.091861451509
2014-03-28,185.49,0.00493011160472423,4930.11160472423,0.0006979874029572892,0.0072378644620316596,16139.803200885815
2014-03-31,187.01,0.008194511833521823,8194.511833521823,0.0006979705856786538,0.007237854584210344,16139.797038915833
2014-04-01,188.25,0.006630661461954013,6630.661461954012,0.0007713046845367812,0.007220470023879815,16026.020405091645
2014-04-02,188.88,0.003346613545816668,3346.6135458166677,0.0007815933549932423,0.007227002477916166,16030.928495194916
2014-04-03,188.63,-0.00132359169843288,-1323.5916984328799,0.0008129959775327267,0.0072209969648681606,15985.554960143681
2014-04-04,186.4,-0.011822085564332285,-11822.085564332285,0.0007805808693012342,0.007212286334201045,15997.706111241176
2014-04-07,184.34,-0.011051502145922765,-11051.502145922765,0.000719464987193704,0.007254131152969379,16156.167598530044
2014-04-08,185.1,0.004122816534664064,4122.816534664064,0.0006262637632990087,0.00725508841610518,16251.595749485607
2014-04-09,187.09,0.010750945434900183,10750.945434900183,0.0006296460611386792,0.007256526216163423,16251.558274754729
2014-04-10,183.155,-0.021032658078999455,-21032.658078999455,0.000682449453406579,0.007282011737145581,16258.043070042497
2014-04-11,181.51,-0.00898146378750242,-8981.46378750242,0.0006910644130301282,0.007254883828743019,16186.319158379467
2014-04-14,182.9401,0.00787890474354036,7878.90474354036,0.0005960351656239004,0.007225184794846051,16212.258121418417
2014-04-15,184.2,0.006886953707798238,6886.953707798238,0.0006859968807800066,0.007174913791004987,16005.348563350753
2014-04-16,186.125,0.010450597176981713,10450.597176981713,0.0007385592014457693,0.0071720033506211915,15946.015545885626
2014-04-17,186.39,0.0014237743451981366,1423.7743451981366,0.0007455880076961897,0.007180686471284036,15959.186698929256
2014-04-21,187.04,0.003487311551048977,3487.311551048977,0.0007335316257870415,0.0071769916128569915,15962.647554791765
2014-04-22,187.89,0.004544482463644028,4544.482463644028,0.0007062437585891747,0.007153367271174257,15934.976984940386
2014-04-23,187.45,-0.0023417957315450266,-2341.7957315450267,0.0007218865128828438,0.007157482904126674,15928.908624615906
2014-04-24,187.83,0.002027207255268282,2027.2072552682819,0.0006963044832376366,0.007156955865827581,15953.26457983448
2014-04-25,186.29,-0.008198903263589519,-8198.903263589518,0.0007114786667881066,0.007155735034244382,15935.250317325876
2014-04-28,186.875,0.003140265177948409,3140.265177948409,0.0006518883115699463,0.007167696367676137,16022.666895143693
2014-04-29,187.75,0.00468227424749168,4682.27424749168,0.0006549076271467742,0.0071685884652293195,16021.722908813144
2014-04-30,188.31,0.002982689747003997,2982.689747003997,0.000708706864417302,0.0071480303550996785,15920.09835574823
2014-05-01,188.325,7.965588656988487e-05,79.65588656988487,0.000683488267832915,0.007128738497160181,15900.43737962877
2014-05-02,188.06,-0.0014071419089339843,-1407.1419089339843,0.0006432935893447662,0.007103555585653208,15882.047845470513
2014-05-05,188.42,0.0019142826757416742,1914.2826757416742,0.0006274523401364753,0.007103695205528916,15898.213899079832
2014-05-06,186.78,-0.008703959239995673,-8703.959239995673,0.0006148374965533749,0.007098576318037007,15898.920429628677
2014-05-07,187.88,0.005889281507656108,5889.281507656107,0.0005618150063297676,0.007118530368998402,15998.362983884826
2014-05-08,187.675,-0.0010911219927612903,-1091.1219927612904,0.000596612489896819,0.007123242296504408,15974.527082854007
2014-05-09,187.96,0.0015185826561876503,1518.5826561876504,0.0005792569225488054,0.007122042578302027,15989.091688312463
2014-05-12,189.785,0.009709512662268605,9709.512662268604,0.000582149073380398,0.007122277565557279,15986.74619958255
2014-05-13,189.96,0.000922096056063415,922.0960560634151,0.0005796516709293131,0.007118953114861496,15981.509773225149
2014-05-14,189.06,-0.004737839545167488,-4737.839545167488,0.000561915374405518,0.007112525679661235,15984.293619535285
2014-05-15,187.4,-0.00878028139215059,-8780.281392150591,0.0005616257866850715,0.007112740837773836,15985.083739873558
2014-05-16,188.05,0.003468516542155742,3468.5165421557417,0.00048779654450826815,0.007113536345707343,16060.763610240263
2014-05-19,188.74,0.0036692369050783658,3669.236905078366,0.000501910217721338,0.007115945202581819,16052.253776095995
2014-05-20,187.55,-0.0063049697997245024,-6304.969799724502,0.0005108362517850708,0.007118522882625176,16049.324322521083
2014-05-21,189.13,0.0084244201546253,8424.4201546253,0.0005152867679920466,0.0071138924034267765,16034.101700875124
2014-05-22,189.59,0.0024321894992862525,2432.1894992862526,0.0005605555930690547,0.00712811220841391,16021.913088899206
2014-05-23,190.35,0.004008650245266088,4008.6502452660875,0.0005737174124140387,0.007128519727421297,16009.699300530689
2014-05-27,191.52,0.006146572104019032,6146.572104019033,0.0005657483354121857,0.0071235400666245195,16006.083954224516
2014-05-28,191.38,-0.0007309941520469154,-730.9941520469155,0.0006163117735576668,0.007118086943111888,15942.83465378854
2014-05-29,192.37,0.005172954331696067,5172.954331696067,0.000598619609078761,0.007115907882706824,15955.457565726718
2014-05-30,192.68,0.0016114778811664454,1611.4778811664455,0.0006768402209541797,0.007057813497666868,15742.089204719887
2014-06-02,192.895,0.0011158397342745374,1115.8397342745375,0.000661138009256967,0.007051320923781443,15742.687430961692
2014-06-03,192.8,-0.0004924959174680277,-492.4959174680277,0.0006848286270927568,0.007042820406702213,15699.221653290382
2014-06-04,193.19,0.0020228215767634783,2022.8215767634783,0.0007388136446456777,0.006981349819380523,15502.234665605609
2014-06-05,194.45,0.006522076712045077,6522.076712045077,0.0007107424228918155,0.006961916960251406,15485.098296837914
2014-06-06,195.375,0.004757006942658792,4757.0069426587925,0.0006859489009438295,0.006929938637433776,15435.499115483719
2014-06-09,195.58,0.0010492642354447135,1049.2642354447134,0.0007049769287144647,0.00693457688917985,15427.261274801827
2014-06-10,195.6,0.00010225994477952582,102.25994477952582,0.0007504846652678938,0.00689912464631765,15299.279288435939
2014-06-11,194.92,-0.003476482617586929,-3476.482617586929,0.0007839535831571056,0.006875468305142938,15210.77749154735
2014-06-12,193.54,-0.007079827621588319,-7079.82762158832,0.000709213031357546,0.006819363759169648,15154.999352097922
2014-06-13,194.13,0.0030484654335021233,3048.4654335021232,0.000706105340139203,0.006822748312980416,15165.98069287852
2014-06-16,194.29,0.0008241899757894799,824.18997578948,0.0006872895496593312,0.006809711772276907,15154.468954607937
2014-06-17,194.83,0.0027793504555047033,2779.3504555047034,0.0006590854581881275,0.0067944062344792505,15147.06704076251
2014-06-18,196.255,0.007314068675255303,7314.068675255303,0.0007253511388890801,0.006733459998061488,14939.019212540306
2014-06-19,196.48,0.0011464676059207424,1146.4676059207425,0.0008537202921462344,0.006548671902910565,14380.768666980744
2014-06-20,195.94,-0.0027483713355048733,-2748.3713355048735,0.0008665872165222388,0.006546063365195519,14361.83337643699
2014-06-23,195.88,-0.00030621618862913813,-306.2161886291381,0.0009061375169349182,0.006493816615087128,14200.738959984112
2014-06-24,194.7,-0.006024096385542244,-6024.096385542243,0.0008663286715360625,0.006470486722221713,14186.274358713908
2014-06-25,195.58,0.00451977401129966,4519.77401129966,0.0008027556976287667,0.006459745367930029,14224.859205900424
2014-06-26,195.44,-0.0007158196134574579,-715.8196134574579,0.0007973553381975069,0.006456055528367881,14221.67571491073
2014-06-27,195.82,0.001944330740892397,1944.330740892397,0.0008108814314844275,0.00644929823454367,14192.429805501586
2014-06-30,195.72,-0.0005106730671023962,-510.67306710239626,0.0007952202804422614,0.006441738311262652,14190.503945091046
2014-07-01,197.03,0.006693235234007888,6693.235234007888,0.0007968959818277934,0.0064413423047772365,14187.90699486006
2014-07-02,197.23,0.0010150738466223608,1015.0738466223607,0.0008219320578050758,0.006452081747381123,14187.854598352713
2014-07-03,198.2,0.004918115905288234,4918.115905288234,0.0007828375912868033,0.006420983827799656,14154.604485765545
2014-07-07,197.51,-0.003481331987891023,-3481.3319878910233,0.0007798134532639862,0.006418848560927036,14152.661250238734
2014-07-08,196.24,-0.006430054174472066,-6430.054174472067,0.0007369759901451402,0.006411373443338044,14178.108989446222
2014-07-09,197.12,0.004484304932735439,4484.304932735439,0.0007097539264176383,0.006427342451650634,14242.48052171226
2014-07-10,196.34,-0.0039569805194805685,-3956.9805194805685,0.0006732575174014257,0.0063795327217138625,14167.754867131596
2014-07-11,196.61,0.0013751655291840414,1375.1655291840414,0.0006557573545208277,0.006386232812330867,14200.841771574946
2014-07-14,197.6,0.005035349168404313,5035.349168404313,0.000645855951089238,0.006383177869022705,14203.636314136276
2014-07-15,197.23,-0.0018724696356275938,-1872.4696356275938,0.0006809835212337601,0.006383072795411978,14168.264306220819
2014-07-16,197.96,0.003701262485423129,3701.262485423129,0.0006633435158445109,0.0063840150900931975,14188.096416838445
2014-07-17,195.71,-0.011365932511618548,-11365.932511618548,0.0006562396773723234,0.006379623507241502,14184.983905879917
2014-07-18,197.7099,0.010218690920239082,10218.690920239082,0.0006036698894114778,0.006424346931415852,14341.595936588588
2014-07-21,197.34,-0.0018709230038556068,-1870.9230038556068,0.0006367418511772005,0.006452528796533557,14374.084796825944
2014-07-22,198.2,0.004357960879699974,4357.960879699974,0.0006377537343830175,0.006452113958076687,14372.107855057919
2014-07-23,198.64,0.002219979818365303,2219.979818365303,0.0006698479877398209,0.006450577451151266,14336.439152081713
2014-07-24,198.65,5.034232782930026e-05,50.34232782930026,0.0006689961244355467,0.006450357739775548,14336.779890294183
2014-07-25,197.72,-0.004681600805436781,-4681.600805436781,0.000664935373341962,0.006450426653396127,14341.000958442493
2014-07-28,197.8,0.0004046125834513692,404.6125834513692,0.0006585086567147394,0.006454966517134479,14357.988977425865
2014-07-29,196.95,-0.004297269969666395,-4297.269969666395,0.000660174559447857,0.006454846553323324,14356.043997135706
2014-07-30,196.98,0.00015232292460010122,152.3229246001012,0.00064009084887187,0.006462454850193409,14393.827252960487
2014-07-31,193.09,-0.019748197786577215,-19748.197786577217,0.0005944669593717644,0.006425219416909563,14352.828571401727
2014-08-01,192.5,-0.0030555699414780424,-3055.5699414780424,0.0005086770277121544,0.0065523352169386765,14734.334074216067
2014-08-04,193.89,0.007220779220779239,7220.779220779239,0.0005023044115905825,0.006555034117621877,14746.985272204249
2014-08-05,192.01,-0.009696219505905379,-9696.21950590538,0.0005539174640331605,0.006556939338635467,14699.804426616214
2014-08-06,192.07,0.00031248372480607856,312.48372480607856,0.0005280943488092795,0.006584596655213955,14789.968081464134
2014-08-07,191.03,-0.005414692560004153,-5414.692560004153,0.0005146853405710168,0.006581596095198364,14796.396743289197
2014-08-08,193.24,0.011568863529288542,11568.863529288543,0.0005045695620860063,0.006588783025182209,14823.231821063006
2014-08-11,193.795,0.002872076174704974,2872.0761747049737,0.0005555464514402995,0.006624934691601128,14856.356284025398
2014-08-12,193.53,-0.0013674243401531339,-1367.424340153134,0.0005552318574512749,0.006624822362954685,14856.409562506577
2014-08-13,194.84,0.0067689763860900865,6768.976386090087,0.0005702798182476108,0.0066161249884250685,14821.12848296353
2014-08-14,195.76,0.004721823034284478,4721.823034284478,0.0006532997797360274,0.006562739971386352,14613.916400581462
2014-08-15,195.72,-0.0002043318348998735,-204.3318348998735,0.0006854098149913281,0.0065629301475547954,14582.248781251312
2014-08-18,197.36,0.008379317392193109,8379.317392193108,0.0007101608407844551,0.0065477818942258695,14522.257648531006
2014-08-19,198.39,0.0052188893392783875,5218.8893392783875,0.0007240143366080071,0.0065603677598533435,14537.683254452892
2014-08-20,198.92,0.0026715056202428755,2671.5056202428755,0.0007695305510493097,0.006551881889050689,14472.425952510448
2014-08-21,199.5,0.0029157450231249715,2915.7450231249713,0.0007437557081924107,0.006531561578895402,14450.928685037743
2014-08-22,199.19,-0.0015538847117794186,-1553.8847117794185,0.0007419295879597269,0.006530887519985649,14451.186709758747
2014-08-25,200.2,0.005070535669461362,5070.535669461362,0.0007505982166795282,0.006526376609456499,14432.024133919467
2014-08-26,200.33,0.0006493506493507883,649.3506493507883,0.0008352177087549638,0.0064438448604928625,14155.407083101605
2014-08-27,200.25,-0.0003993410872061842,-399.3410872061842,0.0008236107398345811,0.006441546216799581,14161.666607152943
2014-08-28,200.14,-0.000549313358302217,-549.3133583022169,0.0008156684300888921,0.006441826221336349,14170.260304857466
2014-08-29,200.71,0.002848006395523184,2848.006395523184,0.0008261409701624136,0.006437451502112507,14149.610646018034
2014-09-02,200.61,-0.0004982312789596488,-498.2312789596488,0.0008194456141374187,0.0064344620543457355,14149.351506586245
2014-09-03,200.5,-0.0005483276008175775,-548.3276008175775,0.0007843606517930382,0.0064175481381611565,14145.088815972926
2014-09-04,200.2101,-0.0014458852867830219,-1445.885286783022,0.0007770994680865999,0.006418026842406506,14153.463632282825
2014-09-05,201.11,0.004494778235463626,4494.778235463626,0.0007693877514755015,0.00641954089010148,14164.697550530323
2014-09-08,200.59,-0.0025856496444732757,-2585.6496444732757,0.0007489664789680664,0.006399425384369271,14138.323159042378
2014-09-09,199.32,-0.00633132259833491,-6331.322598334909,0.0007091310567386464,0.0063890126156950725,14153.934859003697
2014-09-10,200.07,0.003762793497892769,3762.793497892769,0.0006712517306965831,0.006402609429365047,14223.445103620636
2014-09-11,200.3,0.0011495976408257835,1149.5976408257836,0.0006969286425866196,0.006402082297362947,14196.541899318172
2014-09-12,199.13,-0.005841238142785921,-5841.238142785921,0.0006925302885509282,0.006401389265405099,14199.328019932085
2014-09-15,198.981,-0.0007482549088535517,-748.2549088535517,0.0006460152739706903,0.006406465951587803,14257.653172620629
2014-09-16,200.48,0.0075333825842667235,7533.382584266724,0.0006251724510354113,0.006402474701782866,14269.210960057428
2014-09-17,200.75,0.0013467677573824055,1346.7677573824055,0.0006089857615794112,0.006379742447031459,14232.514517000332
2014-09-18,201.82,0.005330012453300004,5330.0124533000035,0.0006210991733986502,0.006378250642126154,14216.930648011155
2014-09-19,200.7,-0.005549499554058146,-5549.499554058146,0.0006896523790349573,0.006336085067511585,14050.285647512535
2014-09-22,199.15,-0.007722969606377639,-7722.969606377639,0.0006859642214935136,0.006339459978545528,14061.82502216287
2014-09-23,198.01,-0.00572432839568171,-5724.32839568171,0.0006644879848028352,0.006358864247524258,14128.442338739533
2014-09-24,199.56,0.007827887480430284,7827.887480430284,0.0006531520467878545,0.006367746757861329,14160.442085793306
2014-09-25,196.34,-0.01613549809581083,-16135.49809581083,0.0006690826217923962,0.006380733244528306,14174.722596437743
2014-09-26,197.9,0.00794540083528572,7945.400835285721,0.0006229506712501572,0.006460195586821167,14405.711598039288
2014-09-29,197.54,-0.0018191005558363393,-1819.1005558363393,0.0006760218447148576,0.006465653667984572,14365.337820085415
2014-09-30,197.02,-0.0026323782525057293,-2632.3782525057295,0.0006370806606332895,0.0064511731379263545,14370.592253851064
2014-10-01,194.35,-0.013551923662572407,-13551.923662572408,0.000630330526387882,0.00645371738762318,14383.261197969714
2014-10-02,194.38,0.00015436068947782822,154.3606894778282,0.000613006624148043,0.006485999805439767,14475.685234266066
2014-10-03,196.52,0.011009363103199998,11009.363103199998,0.0005833174209209888,0.006470966260033255,14470.401181097384
2014-10-06,196.29,-0.001170364339507568,-1170.364339507568,0.0006619335932106312,0.006477789996789503,14407.659394303653
2014-10-07,193.26,-0.015436344184624806,-15436.344184624806,0.0007038387690724543,0.006431566204739691,14258.221598076643
2014-10-08,196.64,0.017489392528200254,17489.392528200253,0.0006391927396871098,0.006512069792128862,14510.146976837448
2014-10-09,192.74,-0.01983319772172487,-19833.19772172487,0.0006229184257419403,0.006464491807037501,14415.738346314183
2014-10-10,190.54,-0.011414340562415748,-11414.340562415748,0.0005178127436804827,0.006582024587606958,14794.266162583504
2014-10-13,187.4099,-0.01642752178020368,-16427.52178020368,0.0004561798146506013,0.006621366889984075,14947.422973108267
2014-10-14,187.7,0.0015479438386125643,1547.9438386125644,0.00041948575654581567,0.006689336402482231,15142.237762112729
2014-10-15,186.43,-0.006766116142780887,-6766.116142780887,0.00036981424374469673,0.006634221711331507,15063.693330326942
2014-10-16,186.27,-0.0008582309714101344,-858.2309714101344,0.00031601647296098534,0.006637349910819583,15124.768381339314
2014-10-17,188.47,0.011810812261770387,11810.812261770387,0.0002856120677221523,0.006625189955696158,15126.884500828337
2014-10-20,190.3,0.009709768132859509,9709.768132859508,0.00033258006847233237,0.006665147643504098,15172.871982161745
2014-10-21,194.07,0.019810825013137023,19810.825013137022,0.00034825400338909195,0.006682620529816041,15197.846059170131
2014-10-22,192.69,-0.007110836296181811,-7110.83629618181,0.0004466524257265725,0.006786970405187892,15342.201747560383
2014-10-23,194.93,0.01162488971923814,11624.889719238141,0.00040491928275299214,0.006801278189110106,15417.219773243642
2014-10-24,196.43,0.007695070025137252,7695.070025137252,0.0004331487873907216,0.006833196252614002,15463.2427877817
2014-10-27,196.16,-0.0013745354579239866,-1374.5354579239865,0.0004575636227626543,0.006848238775935104,15473.822094558023
2014-10-28,198.41,0.011470228384991898,11470.228384991899,0.00043072972651911015,0.006842195081067914,15486.59625409593
2014-10-29,198.11,-0.0015120205634795436,-1512.0205634795436,0.0004964785635224178,0.006869040979904983,15483.300316778952
2014-10-30,199.38,0.006410579980818731,6410.579980818731,0.0005017754242601611,0.0068669709864909965,15473.187931263303
2014-10-31,201.66,0.0114354498946736,11435.4498946736,0.000517860886569237,0.006876113769340799,15478.371762399684
2014-11-03,201.77,0.0005454725776059544,545.4725776059544,0.0005495285700364732,0.006908144669692339,15521.219095868864
2014-11-04,201.07,-0.0034692967239927652,-3469.2967239927652,0.0005643779941364122,0.006904112738388767,15496.989996952583
2014-11-05,202.34,0.006316208285671809,6316.20828567181,0.0005300775928534218,0.006902760712843933,15528.1451164837
2014-11-06,203.15,0.004003162992982201,4003.162992982201,0.0006059153220846114,0.006861476140518153,15356.265110191745
2014-11-07,203.34,0.0009352695052915472,935.2695052915471,0.0005679635311365154,0.0068160090309317715,15288.44458741478
2014-11-10,203.98,0.0031474377889249006,3147.4377889249004,0.0005710277520309401,0.006816001243141,15285.362249409854
2014-11-11,204.175,0.0009559760760859959,955.9760760859958,0.0005917384145333573,0.006815931752736809,15264.48992805338
2014-11-12,203.96,-0.0010530182441532698,-1053.0182441532697,0.0005634646696514451,0.006799616887893225,15254.809621791157
2014-11-13,204.19,0.0011276720925670336,1127.6720925670336,0.0005392952023481135,0.006794558770786718,15267.212149117116
2014-11-14,204.24,0.0002448699740438265,244.8699740438265,0.0005264019748373085,0.006790353685070243,15270.32288441124
2014-11-17,204.37,0.0006365060712887338,636.5060712887338,0.0005413775669245427,0.006785567010910432,15244.211823068601
2014-11-18,205.55,0.005773841561873105,5773.841561873105,0.0005526182740767132,0.00678337856643141,15227.880032755204
2014-11-19,205.22,-0.001605448795913511,-1605.448795913511,0.0005882255098432805,0.006787343366039252,15201.496300127337
2014-11-20,205.58,0.0017542149887925795,1754.2149887925796,0.0005495293828391521,0.006772084673088367,15204.695399224533
2014-11-21,206.68,0.005350715050102206,5350.715050102206,0.0005365362377918208,0.006766620672944798,15204.977379154112
2014-11-24,207.26,0.0028062705631894946,2806.2705631894946,0.0005619211786293628,0.006772751245694251,15193.854283198914
2014-11-25,207.11,-0.0007237286500046958,-723.7286500046957,0.0005720390250962595,0.006774212834440402,15187.136600604346
2014-11-26,207.64,0.002559026604219916,2559.026604219916,0.0005594031319706709,0.006773669636075972,15198.508825369661
2014-11-28,207.2,-0.0021190522057407124,-2119.0522057407125,0.0005722894150659958,0.0067743999894611575,15187.321598319262
2014-12-01,205.76,-0.006949806949806958,-6949.806949806958,0.0005741999465745247,0.006773569979611328,15183.480175161149
2014-12-02,207.085,0.006439541213063782,6439.5412130637815,0.0005636831649061338,0.006783234460442747,15216.47990126542
2014-12-03,207.89,0.0038872926576043465,3887.2926576043465,0.0005898863923453153,0.006793261977727315,15213.604167343101
2014-12-04,207.66,-0.0011063543219971272,-1106.3543219971273,0.0006230174914239606,0.0067890468831240435,15170.667291895254
2014-12-05,208.0,0.001637291726861223,1637.291726861223,0.0005738843508767792,0.0067567310962912104,15144.622670445917
2014-12-08,206.61,-0.006682692307692251,-6682.69230769225,0.0005702644009499145,0.006755914660684852,15146.343307135641
2014-12-09,206.47,-0.0006776051497991986,-677.6051497991987,0.0005578665975405346,0.00676640315028321,15183.140986024058
2014-12-10,203.1601,-0.01603090037293553,-16030.90037293553,0.0006000801050187929,0.00672535591393955,15045.437327542473
2014-12-11,204.19,0.005069400930596046,5069.400930596046,0.0005491615169558779,0.006802755632104809,15276.4145854105
2014-12-12,200.89,-0.016161418286889773,-16161.418286889773,0.0005698882308786772,0.006808623526445811,15269.33863501299
2014-12-15,199.51,-0.006869431031907958,-6869.431031907958,0.0004804039748329094,0.006880829874904454,15526.79997628777
2014-12-16,197.91,-0.008019648137937874,-8019.648137937874,0.0004655590513480772,0.006892704560582701,15569.269549555098
2014-12-17,201.79,0.01960487090091445,19604.87090091445,0.00036519050637539153,0.006832336547227114,15529.201094997943
2014-12-18,206.78,0.024728678328955978,24728.67832895598,0.00044823299493226853,0.006939107749986897,15694.54556699007
2014-12-19,206.52,-0.0012573749879097873,-1257.3749879097873,0.0005456049235216614,0.007106990355608208,15987.726981076255
2014-12-22,207.47,0.004600038737168299,4600.038737168299,0.0005192050776788566,0.007101355754198451,16001.0187839084
2014-12-23,207.75,0.0013495927121993656,1349.5927121993657,0.0005288395502739443,0.007105266395230502,16000.481822764361
2014-12-24,207.77,9.626955475328103e-05,96.26955475328103,0.0005140116050455541,0.007099645352960137,16002.233268257196
2014-12-26,208.44,0.003224719641911733,3224.719641911733,0.0005146142460178238,0.007099603305500734,16001.532810267134
2014-12-29,208.72,0.001343312224141302,1343.312224141302,0.0005280570610536915,0.0071015478889890375,15992.613772895178
2014-12-30,207.6,-0.00536604062859336,-5366.04062859336,0.0005144987464642377,0.007096721817761792,15994.94496694516
2014-12-31,205.54,-0.009922928709055867,-9922.928709055866,0.0005313690904201662,0.007077607409600289,15933.607860199172
2015-01-02,205.43,-0.0005351756349127879,-535.1756349127878,0.0004924427374907871,0.007108293236868531,16043.920122157208
2015-01-05,201.72,-0.01805967969624689,-18059.679696246887,0.0005017846606448773,0.007105389689778047,16027.823538401994
2015-01-06,199.82,-0.009418996628990706,-9418.996628990706,0.0004049791508969598,0.007192569406203132,16327.439396114887
2015-01-07,202.31,0.012461215093584332,12461.215093584333,0.00036643113473198817,0.00721935002063897,16428.288437738178
2015-01-08,205.9,0.01774504473333005,17745.04473333005,0.0004136604763617746,0.007259747134307772,16475.036835609193
2015-01-09,204.25,-0.008013598834385682,-8013.5988343856825,0.00047374978184704417,0.007340655518219208,16603.168577028373
2015-01-12,202.65,-0.007833537331701335,-7833.537331701335,0.0004950243753223611,0.0073081175688280275,16506.19939416124
2015-01-13,202.08,-0.0028127313101405926,-2812.7313101405925,0.00041998821427196865,0.007296888116060109,16555.11194163834
2015-01-14,200.86,-0.006037212984956408,-6037.212984956408,0.0003871768817792693,0.007292891067050517,16578.624747665137
2015-01-15,199.0199,-0.009161107238872868,-9161.107238872868,0.0003682267734763984,0.007303439326036044,16622.113775833826
2015-01-16,201.63,0.013114768925117426,13114.768925117425,0.0003486086974110489,0.007322474439407377,16686.0141474227
2015-01-20,202.055,0.0021078212567575694,2107.8212567575692,0.0003891963978290289,0.007365048785885617,16744.469187423052
2015-01-21,203.08,0.005072876197075082,5072.876197075082,0.0003950215366946952,0.00736583296641571,16740.46832526643
2015-01-22,206.1,0.01487098680323018,14870.98680323018,0.00044808569476568707,0.007351485324021441,16654.026559814036
2015-01-23,204.97,-0.0054827753517709965,-5482.775351770996,0.0005929134791688262,0.007276874154936712,16335.627240830934
2015-01-26,205.45,0.0023418061179685257,2341.8061179685255,0.0005906592741785346,0.007278675607968286,16342.072252251413
2015-01-27,202.74,-0.013190557313214835,-13190.557313214835,0.000576207612071003,0.007271565812059694,16339.984055762126
2015-01-28,200.14,-0.012824306994179802,-12824.306994179802,0.0005618661121418716,0.0072952240982013,16409.362959360235
2015-01-29,201.9902,0.009244528829819076,9244.528829819077,0.00046816685428074267,0.007316173915162436,16551.798779370445
2015-01-30,199.45,-0.012575857640618193,-12575.857640618193,0.00052857854656816,0.007326071765156586,16514.41292937449
2015-02-02,201.92,0.012384056154424616,12384.056154424616,0.0005682964427539199,0.007226938505070569,16244.076584340892
2015-02-03,204.84,0.014461172741679906,14461.172741679906,0.0005899288951950092,0.007254238105050724,16285.952498275801
2015-02-04,204.06,-0.003807850029291182,-3807.850029291182,0.0006526770841803736,0.007306128411994067,16343.919214531405
2015-02-05,206.12,0.01009507007742827,10095.07007742827,0.0005846969257141761,0.007267998170369227,16323.195166456997
2015-02-06,205.55,-0.002765379390646139,-2765.3793906461387,0.0005754941544124397,0.007254426788372563,16300.826182102997
2015-02-09,204.63,-0.004475796643152563,-4475.796643152563,0.0005570862432612533,0.007257052140930911,16325.341576596902
2015-02-10,206.81,0.010653374383032821,10653.37438303282,0.0004954077108745216,0.007233909136711069,16333.181430317887
2015-02-11,206.93,0.0005802427348775563,580.2427348775562,0.000536042969039689,0.007262381032845431,16358.781707194805
2015-02-12,208.92,0.009616778620789468,9616.778620789468,0.0005177125421651714,0.007256436833058342,16363.283857531753
2015-02-13,209.78,0.00411640819452419,4116.408194524191,0.0005341043602164394,0.007272390357434051,16384.005486995375
2015-02-17,210.11,0.0015730765563923832,1573.0765563923833,0.0005457879040911559,0.0072758027247507165,16380.260296573231
2015-02-18,210.13,9.518823473420035e-05,95.18823473420035,0.0005785674009376547,0.007261827751951587,16314.970151465699
2015-02-19,209.98,-0.0007138438109741685,-713.8438109741685,0.0005553441761692377,0.007254017590297119,16320.024223273325
2015-02-20,211.239,0.005995809124678564,5995.809124678563,0.0005570515385679266,0.007253667020351741,16317.501313227509
2015-02-23,211.209,-0.00014201922940371148,-142.01922940371148,0.0005588475979498861,0.007254962951725936,16318.72004104281
2015-02-24,211.81,0.0028455226813250967,2845.5226813250965,0.0005597937712080325,0.007254855630055118,16317.524200243915
2015-02-25,211.63,-0.0008498182333223081,-849.8182333223081,0.0005709594585574403,0.007256222170352441,16309.537561009973
2015-02-26,211.38,-0.0011813069980626256,-1181.3069980626256,0.0005465701937388383,0.0072506853779132525,16321.046320508667
2015-02-27,210.66,-0.0034061879080329316,-3406.187908032932,0.000531727647912124,0.007250408193443779,16335.244038834106
2015-03-02,211.99,0.006313490933257393,6313.490933257393,0.0005462310835149484,0.007238834424193469,16293.81598974118
2015-03-03,211.12,-0.004103967168262668,-4103.967168262668,0.0005152627529458904,0.007197249425419815,16228.043146821157
2015-03-04,210.2301,-0.0042151383099660045,-4215.138309966004,0.0004952217643240177,0.007203129452627471,16261.763124236866
2015-03-05,210.46,0.0010935636714248798,1093.5636714248797,0.00046920009257549867,0.007208367343893876,16299.969953197442
2015-03-06,207.5,-0.014064430295543162,-14064.430295543161,0.0004718738477394644,0.007208474898824015,16297.546408216547
2015-03-09,208.36,0.004144578313252989,4144.578313252989,0.00041774084768764344,0.0072666180978750656,16486.940715770717
2015-03-10,204.98,-0.016221923593780163,-16221.923593780162,0.00045408956910392064,0.007262423683176357,16440.83432663725
2015-03-11,204.5,-0.0023416918723777602,-2341.6918723777603,0.0003881336698471034,0.007338604401875493,16684.01307888271
2015-03-12,207.1,0.01271393643031793,12713.93643031793,0.0004236195294400358,0.007303646754657716,16567.203571003225
2015-03-13,205.8272,-0.0061458232737807705,-6145.82327378077,0.00048570758966611383,0.007341939548750152,16594.197870905173
2015-03-16,208.58,0.01337432564792218,13374.32564792218,0.0004249497054305156,0.007333679525175771,16635.74006685898
2015-03-17,207.96,-0.0029724805829897116,-2972.480582989712,0.00044989551336219245,0.007367135969258824,16688.62558649288
2015-03-18,210.46,0.012021542604347069,12021.542604347069,0.00045932073544033703,0.007361218167158481,16665.43349807961
2015-03-19,209.5,-0.004561436852608569,-4561.436852608569,0.00048411321679740115,0.007389739281575159,16706.99105061106
2015-03-20,210.41,0.004343675417661119,4343.675417661119,0.0004988267177371406,0.007375948648203758,16660.195739046085
2015-03-23,210.0,-0.0019485765885651762,-1948.5765885651763,0.0005327427727912432,0.007374048110311718,16621.8583717073
2015-03-24,208.82,-0.005619047619047635,-5619.047619047635,0.000505965561836864,0.007370841897673507,16641.176816707055
2015-03-25,205.76,-0.01465376879609237,-14653.76879609237,0.0005122586269025122,0.0073649121025230295,16621.088985299597
2015-03-26,205.27,-0.002381415241057394,-2381.4152410573943,0.00046207735179383037,0.007425331486411526,16811.82676566814
2015-03-27,205.74,0.0022896672675012386,2289.6672675012387,0.00043283124441070386,0.007422060804389989,16833.4641288838
2015-03-30,208.25,0.012199863905900665,12199.863905900665,0.00040921186614662153,0.007406640986527335,16821.211646645
2015-03-31,206.43,-0.008739495798319341,-8739.495798319342,0.00043148867592240816,0.0074337538343906984,16862.00875285534
2015-04-01,205.7,-0.0035363077072131377,-3536.3077072131377,0.0003831442385458641,0.007453992226635986,16957.434731005713
2015-04-02,206.435,0.0035731648031114283,3573.1648031114282,0.00037429337451074304,0.007457339879124042,16974.073399289453
2015-04-06,207.83,0.006757575023615292,6757.575023615292,0.0004358743759805179,0.007419690687428728,16824.90728075993
2015-04-07,207.28,-0.002646393687148252,-2646.393687148252,0.0005071106846586701,0.0073944068983425836,16694.852083093523
2015-04-08,207.975,0.003352952527981401,3352.952527981401,0.0004800338437714209,0.007393507426235202,16719.83643895601
2015-04-09,208.9,0.004447649957927791,4447.649957927791,0.0004504418721437458,0.007366991173605696,16687.742382651504
2015-04-10,210.04,0.005457156534226737,5457.156534226737,0.0005523631042914548,0.0072438103431581745,16299.25968746962
2015-04-13,209.09,-0.004522948009902827,-4522.948009902828,0.0006101175855783714,0.007225027211072605,16197.809106787607
2015-04-14,209.49,0.0019130517958774185,1913.0517958774185,0.0005605101745645986,0.007217490859890199,16229.884343250164
2015-04-15,210.43,0.004487087689149849,4487.087689149849,0.0005406145669169153,0.007206829070080593,16224.9769188408
2015-04-16,210.37,-0.00028513044717959346,-285.1304471795935,0.0005167605289655879,0.0071837284250367015,16195.090820305299
2015-04-17,207.95,-0.011503541379474291,-11503.54137947429,0.0005099249097960769,0.00718367494432859,16201.802024743194
2015-04-20,209.85,0.009136811733589933,9136.811733589933,0.0004499614980739839,0.007221190058427583,16349.038642393878
2015-04-21,209.6,-0.0011913271384321744,-1191.3271384321745,0.0004683308151537675,0.007237470210313235,16368.542622042345
2015-04-22,210.63,0.0049141221374044974,4914.122137404497,0.0004729326895262189,0.007236041859204067,16360.617906103693
2015-04-23,211.16,0.0025162607415847305,2516.2607415847306,0.0004844803490547638,0.0072408341734786635,16360.218836699594
2015-04-24,211.6499,0.002320041674559681,2320.041674559681,0.0005273410050754607,0.007220913937211941,16271.016781389415
2015-04-27,210.77,-0.00415733718749689,-4157.33718749689,0.0005240601110619059,0.007219908229555497,16271.958049534494
2015-04-28,211.44,0.003178820515253644,3178.8205152536443,0.0004887016653219516,0.007221107452389228,16310.106304764202
2015-04-29,210.57,-0.004114642451759409,-4114.64245175941,0.0004894861883949502,0.007221390143597278,16309.97941978206
2015-04-30,208.46,-0.010020420762691717,-10020.420762691718,0.000472708995041633,0.007227215991791453,16340.30956269638
2015-05-01,210.72,0.010841408423678311,10841.408423678311,0.00043825587962660205,0.007256683742412346,16443.31491712109
2015-05-04,211.32,0.0028473804100228595,2847.3804100228595,0.00047396438261834863,0.007285881552389237,16475.530677295734
2015-05-05,208.9,-0.011451826613666394,-11451.826613666393,0.0005201697412184227,0.007264038759752029,16378.511384480973
2015-05-06,208.04,-0.004116802297750133,-4116.802297750133,0.00045080530873313273,0.007295291157782798,16520.579766683826
2015-05-07,208.87,0.003989617381272792,3989.617381272792,0.0004387025875131774,0.007300367454196786,16544.491719274465
2015-05-08,211.62,0.013166084167185232,13166.084167185232,0.00044858672641351794,0.007303507521618727,16541.9124695455
2015-05-11,210.605,-0.004796333049806312,-4796.3330498063115,0.0004624130124331844,0.007324351886260278,16576.577426895434
2015-05-12,209.98,-0.0029676408442345092,-2967.640844234509,0.00043953929600970554,0.007331835957333844,16616.861696150074
2015-05-13,210.02,0.00019049433279372252,190.49433279372252,0.00044662009081343745,0.007327669380310359,16600.087993745732
2015-05-14,212.21,0.01042757832587382,10427.578325873821,0.0004825031937132147,0.0073042315645508145,16509.68037798158
2015-05-15,212.44,0.0010838320531547652,1083.8320531547652,0.000510339440848087,0.00732887572203244,16539.175014211614
2015-05-18,213.1,0.003106759555639327,3106.7595556393267,0.0004999978214403927,0.00732622399308425,16543.34778961815
2015-05-19,213.03,-0.0003284842796809073,-328.4842796809073,0.0005376447388618479,0.007315288836894173,16480.261894841606
2015-05-20,212.88,-0.0007041261794114018,-704.1261794114017,0.0005026331211246231,0.007298316838663937,16475.790740577697
2015-05-21,213.5,0.0029124389327321865,2912.4389327321865,0.0004900878584098325,0.007297682273587658,16486.859784176344
2015-05-22,212.99,-0.00238875878220135,-2388.75878220135,0.0004857030131596969,0.007295888750355316,16487.072270467877
2015-05-26,210.7,-0.01075167848255798,-10751.67848255798,0.00045156168961481535,0.007289259815549761,16505.7923856207
2015-05-27,212.7,0.009492168960607561,9492.168960607562,0.00041147895229277107,0.007323260611929008,16624.9728033153
2015-05-28,212.46,-0.0011283497884343463,-1128.3497884343462,0.00042875581080841705,0.007339615512605208,16645.743133217886
2015-05-29,211.14,-0.00621293419937885,-6212.93419937885,0.0004177965001300139,0.007339887924708935,16657.336169214654
2015-06-01,211.57,0.0020365634176375824,2036.5634176375825,0.00038848140439540034,0.007351714608525858,16714.16424570372
2015-06-02,211.36,-0.000992579288178752,-992.5792881787521,0.0003985976417358228,0.007352237503957217,16705.26444503839
2015-06-03,211.92,0.0026495079485238104,2649.5079485238102,0.00038653603827605386,0.007352035639103641,16716.856440625197
2015-06-04,210.1292,-0.008450358625896492,-8450.358625896493,0.00037104576322196883,0.007343130761837515,16711.63087338263
2015-06-05,209.77,-0.0017094244874105158,-1709.4244874105157,0.00031821630094774764,0.007358942203670418,16801.243249750347
2015-06-08,208.48,-0.006149592410735649,-6149.5924107356495,0.00030718154605632674,0.007359909859953527,16814.529109778785
2015-06-09,208.45,-0.00014389869531850064,-143.89869531850064,0.0002821741366342661,0.007371221476527374,16865.851274369375
2015-06-10,210.95,0.011993283761093876,11993.283761093875,0.00029550447232333976,0.007367409297904143,16843.652485044688
2015-06-11,211.63,0.0032235126807300674,3223.5126807300676,0.00037179691785406855,0.007389449931821774,16818.63422137075
2015-06-12,210.01,-0.0076548693474460805,-7654.869347446081,0.0003724971068429803,0.0073897128673788195,16818.54571195598
2015-06-15,209.11,-0.004285510213799193,-4285.510213799193,0.0003385808695500381,0.0074070690259574554,16892.838411859848
2015-06-16,210.25,0.005451676151307927,5451.676151307927,0.0003103214268728225,0.007411195381963479,16930.697194059212
2015-06-17,210.59,0.0016171224732461909,1617.1224732461908,0.00030287185677703297,0.007405060575418617,16923.87506999171
2015-06-18,212.78,0.010399354195355981,10399.354195355982,0.00030475447624633476,0.007405335730781053,16922.632557614845
2015-06-19,210.81,-0.009258388946329577,-9258.388946329576,0.0003573453783697782,0.007430210297074758,16927.90854990645
2015-06-22,211.89,0.005123096627294599,5123.096627294599,0.00032153668733897646,0.007454951645915564,17021.27422521396
2015-06-23,212.04,0.0007079144839303719,707.914483930372,0.0003661254593903238,0.007450180070006484,16965.585107690702
2015-06-24,210.5,-0.007262780607432573,-7262.780607432573,0.00035087802128084666,0.0074455443370197594,16970.04821822189
2015-06-25,209.86,-0.003040380047505842,-3040.380047505842,0.0003246901773049462,0.007460809249913422,17031.74755985538
2015-06-26,209.82,-0.00019060325931585798,-190.60325931585797,0.00030475133415135326,0.007463123818095251,17057.070893778095
2015-06-29,205.42,-0.02097035554284632,-20970.35554284632,0.0003060316133824994,0.007463010825115318,17055.5277535683
2015-06-30,205.85,0.002093272320124573,2093.272320124573,0.00019537725027508258,0.007572212808287162,17420.223918068583
2015-07-01,207.5,0.008015545299975724,8015.5452999757235,0.0001996900441690914,0.007572988552861578,17417.715775916065
2015-07-02,207.31,-0.000915662650602389,-915.662650602389,0.00021207976174784137,0.00758326587841982,17429.234692800554
2015-07-06,206.72,-0.002845979451063685,-2845.979451063685,0.00022234243909699593,0.007579982782370805,17411.334391937504
2015-07-07,208.02,0.006288699690402577,6288.699690402577,0.00023667873799062945,0.007570734034756303,17375.482288693333
2015-07-08,204.53,-0.016777232958369415,-16777.232958369415,0.000243896317021298,0.007575658294029272,17379.72024975356
2015-07-09,204.9,0.0018090255708209657,1809.0255708209656,0.00019261530726574262,0.007647261916090684,17597.576193465306
2015-07-10,207.48,0.012591508052708589,12591.508052708588,0.0001943507474322903,0.0076475805798722285,17596.58207610949
2015-07-13,209.77,0.011037208405629606,11037.208405629606,0.00022457538296950742,0.00768164571820797,17645.604802718528
2015-07-14,210.68,0.004338084568813461,4338.0845688134605,0.0002762140951345362,0.007710828288294687,17661.854900433784
2015-07-15,210.61,-0.000332257452060003,-332.257452060003,0.00027876138346809754,0.0077120693921694265,17662.19485146069
2015-07-16,212.3,0.008024310336641083,8024.310336641083,0.0003228960837063317,0.007676651881484482,17535.666700536713
2015-07-17,212.48,0.0008478568064058667,847.8568064058667,0.0003141185613719397,0.007666539410875756,17520.919098369195
2015-07-20,212.59,0.0005176957831325435,517.6957831325435,0.0003249936806129856,0.007665355670407197,17507.2901870057
2015-07-21,211.75,-0.003951267698386607,-3951.2676983866068,0.0003096326202267159,0.00766108799041791,17512.723139121805
2015-07-22,211.37,-0.0017945690672963588,-1794.5690672963588,0.00028494763015970824,0.007664849235768591,17546.158094314116
2015-07-23,210.18,-0.005629938023371306,-5629.9380233713055,0.0002775679845792056,0.007665964069398376,17556.131230739178
2015-07-24,208.0,-0.010372062042059205,-10372.062042059204,0.0002737746357074675,0.007668662028095058,17566.200970089194
2015-07-27,206.79,-0.005817307692307705,-5817.307692307705,0.0002306679372054252,0.007698155550520603,17677.919861783877
2015-07-28,209.33,0.012282992407756765,12282.992407756765,0.00022458778631485998,0.007702345302503586,17693.746833292815
2015-07-29,210.77,0.006879090431376245,6879.090431376245,0.00027311046424748666,0.007740006110700476,17732.836296443682
2015-07-30,210.82,0.0002372254115861061,237.2254115861061,0.00037961961711930047,0.007646025844156218,17407.696350294842
2015-07-31,210.5,-0.0015178825538373353,-1517.8825538373353,0.0003927907985315571,0.007642920043217786,17387.29999547227
2015-08-03,209.79,-0.0033729216152019736,-3372.9216152019735,0.0003578361514330908,0.0076315415707814225,17395.784357408567
2015-08-04,209.38,-0.0019543352876686404,-1954.3352876686404,0.0003831293429959044,0.007608529572557038,17316.95725269903
2015-08-05,210.07,0.0032954436908969598,3295.4436908969597,0.0003740620669460055,0.007609964678101132,17329.363083480453
2015-08-06,208.35,-0.00818774694149571,-8187.74694149571,0.00040890261194960996,0.0076032914988890254,17278.99840220367
2015-08-07,207.95,-0.0019198464122870407,-1919.8464122870407,0.00032987617006647295,0.007589491975709799,17325.922352676036
2015-08-10,210.57,0.012599182495792283,12599.182495792282,0.0003107084797185049,0.0075890968462866415,17344.170834530476
2015-08-11,208.67,-0.00902312770100211,-9023.12770100211,0.00036657490706228655,0.007628001034050577,17378.809081682608
2015-08-12,208.92,0.001198063928691262,1198.063928691262,0.0003034064907139178,0.0076401475395920645,17470.234495374443
2015-08-13,208.66,-0.001244495500670073,-1244.4955006700732,0.0002893114542915449,0.007635212258517886,17472.8483511621
2015-08-14,209.42,0.003642288891018808,3642.2888910188076,0.0002851507996284641,0.007635765727807291,17478.29656792994
2015-08-17,210.59,0.005586858943749551,5586.858943749551,0.0002662026856237669,0.007621463490842631,17463.972703377873
2015-08-18,209.98,-0.0028966237713092813,-2896.6237713092814,0.0002676745640416516,0.007622459275469316,17464.81736640928
2015-08-19,208.32,-0.007905514810934378,-7905.514810934377,0.00024540204647544294,0.0076235420174565706,17489.608718495674
2015-08-20,203.97,-0.020881336405529916,-20881.336405529917,0.00020211700713920554,0.007639024240512013,17568.91079452237
2015-08-21,197.83,-0.030102466048928744,-30102.466048928745,0.00012480720036420355,0.00775380523491993,17913.241123618518
2015-08-24,189.5,-0.04210685942475867,-42106.859424758666,-1.5884806509356863e-05,0.007979524919539072,18579.035638934987
2015-08-25,187.27,-0.011767810026385161,-11767.810026385161,-0.00018690964680579468,0.008411702237736143,19755.455264627857
2015-08-26,194.46,0.03839376301596631,38393.76301596631,-0.0002323835225625106,0.008443524183259393,19874.958055700426
2015-08-27,199.27,0.02473516404401943,24735.16404401943,-7.66112170654365e-05,0.008789779240890411,20524.69546739916
2015-08-28,199.28,5.01831685653098e-05,50.1831685653098,1.093741352854849e-05,0.00892695686747824,20756.26971678374
2015-08-31,197.67,-0.008079084704937789,-8079.084704937789,1.3131071318648324e-05,0.008926898626750715,20753.940570800976
2015-09-01,191.77,-0.029847726007993014,-29847.726007993013,-1.699195709783252e-05,0.008941494831384083,20818.01944883536
2015-09-02,195.41,0.01898107107472491,18981.07107472491,-0.00013059931998267248,0.009137995268606496,21388.755186100654
2015-09-03,195.55,0.0007164423519778751,716.4423519778751,-7.265414862562736e-05,0.009213064506310953,21505.447176283244
2015-09-04,192.59,-0.015136793658910852,-15136.793658910852,-5.9445780639822753e-05,0.009211814213181091,21489.330191532852
2015-09-08,197.43,0.02513110753413983,25131.10753413983,-9.466766488212652e-05,0.009252635050354433,21619.51554354993
2015-09-09,194.79,-0.013371827989667295,-13371.827989667296,-9.194408737138283e-06,0.009386146310245628,21844.63592301334
2015-09-10,195.85,0.005441757790441093,5441.757790441093,-6.72801112591106e-05,0.009423803405717116,21990.325129527955
2015-09-11,196.74,0.004544294102629687,4544.294102629687,-2.2148127526202545e-05,0.009423057951896548,21943.458960884374
2015-09-14,196.01,-0.0037104808376537957,-3710.480837653796,-9.779314802695892e-07,0.009427364337431616,21932.30691567275
2015-09-15,198.46,0.012499362277434978,12499.362277434977,-4.595338516795166e-05,0.009418091731716522,21955.711062768303
2015-09-16,200.18,0.008666733850650088,8666.733850650087,-1.3430070877413769e-06,0.00945107041521083,21987.820574923742
2015-09-17,199.73,-0.0022479768208613082,-2247.976820861308,1.200387850165896e-05,0.009460980517728557,21997.528035257983
2015-09-18,195.45,-0.021428929054223222,-21428.929054223223,2.5209969434446312e-05,0.009455488945617858,21971.546637220326
2015-09-21,196.46,0.005167562036326512,5167.562036326512,-2.9613868356936025e-05,0.009539951064128263,22222.858744845376
2015-09-22,193.91,-0.012979741423190583,-12979.741423190582,1.3953693371096865e-05,0.009538710444890075,22176.405071190093
2015-09-23,193.6,-0.0015986797999071323,-1598.6797999071323,-6.927682224338661e-05,0.009561008702053207,22311.509089950843
2015-09-24,192.9,-0.003615702479338734,-3615.7024793387336,-1.1129549059771815e-05,0.009506957776293309,22127.62056053575
2015-09-25,192.85,-0.00025920165889070645,-259.2016588907064,-5.7373962318269634e-05,0.00949621172147464,22148.865912012512
2015-09-28,188.01,-0.025097225823178637,-25097.225823178636,-5.11343667304871e-05,0.00949556196238665,22141.114750751745
2015-09-29,188.12,0.0005850752619542821,585.075261954282,-0.00014099375701317874,0.009625494041071483,22533.241356052607
2015-09-30,191.63,0.018658303210716598,18658.303210716596,-8.444576131507197e-05,0.009587843387393486,22389.10484221444
2015-10-01,192.13,0.002609194802484005,2609.194802484005,-1.0429991230116897e-05,0.009660839364912771,22484.90310924501
2015-10-02,195.0,0.014937802529537247,14937.802529537248,-4.403066443298087e-05,0.009636936729867795,22462.89793822702
2015-10-05,198.47,0.017794871794871714,17794.871794871713,2.0402003043198393e-05,0.009683114861219744,22505.891668448625
2015-10-06,197.79,-0.0034262105104045926,-3426.2105104045927,0.00015332686696118447,0.009698159300217587,22407.965403209404
2015-10-07,199.41,0.008190505081146604,8190.505081146604,6.966445480676509e-05,0.009638036099656067,22351.760335557003
2015-10-08,201.21,0.009026628554235083,9026.628554235083,0.000181759266018251,0.009568339283142652,22077.52648342212
2015-10-09,201.33,0.0005963918294320525,596.3918294320525,0.0002635231424848543,0.009556178617225741,21967.47266765279
2015-10-12,201.52,0.0009437242338448115,943.7242338448116,0.0003316187969233972,0.009497236431206655,21762.256984077423
2015-10-13,200.25,-0.006302104009527687,-6302.104009527687,0.00032920191850432625,0.009497002533639123,21764.129735387527
2015-10-14,199.29,-0.0047940074906367425,-4794.007490636743,0.00033105796703733904,0.009495655536427346,21759.140102754558
2015-10-15,202.35,0.015354508505193376,15354.508505193377,0.0003153148609604326,0.009500896378969165,21787.075231736806
2015-10-16,203.27,0.00454657771188538,4546.57771188538,0.0003294896459341246,0.009520738645119202,21819.060460437406
2015-10-19,203.37,0.0004919565110443891,491.9565110443891,0.00030883688425022805,0.00950589738658367,21805.187291879076
2015-10-20,203.09,-0.0013768009047548935,-1376.8009047548935,0.0002315614102418575,0.00942490341966601,21694.042623138415
2015-10-21,201.85,-0.006105667438081719,-6105.6674380817185,0.00025449755180756515,0.009413934135643343,21645.588111006826
2015-10-22,205.26,0.016893732970027164,16893.732970027166,0.00018357532317828573,0.009394697558493747,21671.75936928032
2015-10-23,207.51,0.010961707103186225,10961.707103186225,0.00022036997495784538,0.009442128437047085,21745.30544098721
2015-10-26,207.0,-0.002457712881306917,-2457.712881306917,0.00026971494520228623,0.009465964699306764,21751.41190877565
2015-10-27,206.6,-0.0019323671497585293,-1932.3671497585292,0.00021400318013709097,0.009440732232314702,21748.42417789706
2015-10-28,208.95,0.011374636979670782,11374.636979670782,0.000212321793791975,0.009441078295561713,21750.910627741137
2015-10-29,208.83,-0.0005743000717873814,-574.3000717873814,0.00023217802178738322,0.009459369082151167,21773.605132242643
2015-10-30,207.93,-0.004309725614135895,-4309.725614135895,0.0001841390219215393,0.009432703165806031,21759.60993430963
2015-11-02,210.39,0.011830904631366268,11830.904631366267,0.0001647182291545719,0.009436953410894384,21788.91827570204
2015-11-03,211.0,0.0028993773468322104,2899.3773468322106,0.00022591903457600803,0.009462868416008432,21788.004787333426
2015-11-04,210.36,-0.003033175355450224,-3033.175355450224,0.00021225171082064965,0.009456502160179518,21786.86198537559
2015-11-05,210.15,-0.0009982886480319753,-998.2886480319753,0.00018410635742691995,0.009455645047227077,21813.013395874594
2015-11-06,210.04,-0.0005234356412087138,-523.4356412087138,0.00017637212481362585,0.00945581894087586,21821.152165608044
2015-11-09,208.08,-0.009331555894115273,-9331.555894115274,0.0001616886310930914,0.00945403677985884,21831.689732835435
2015-11-10,208.56,0.0023068050749710522,2306.8050749710524,0.00012053850321228632,0.009472935769910153,21916.805486043635
2015-11-11,207.74,-0.0039317222861526835,-3931.7222861526834,0.00013397779648878361,0.009473647424528062,21905.02174897456
2015-11-12,204.84,-0.01395975738904398,-13959.757389043982,0.00011374021897390474,0.009476919539263424,21932.871403647663
2015-11-13,202.54,-0.011228275727397041,-11228.275727397042,5.692170952155351e-05,0.0095186201032061,22086.699931374365
2015-11-16,205.62,0.015206872716500452,15206.872716500453,9.46258232681041e-06,0.009545259911888303,22196.132520861804
2015-11-17,205.47,-0.0007295010213014264,-729.5010213014264,4.71947069453198e-05,0.009586692163135329,22254.786225848544
2015-11-18,208.73,0.015866063172239153,15866.063172239154,5.0698498043768134e-05,0.009586245783588368,22250.244000640003
2015-11-19,208.55,-0.0008623580702341593,-862.3580702341593,0.00010714589077755443,0.009637726689977404,22313.559105038046
2015-11-20,209.3108,0.0036480460321264285,3648.0460321264286,8.229359829620897e-05,0.009632160127810206,22325.461637456017
2015-11-23,209.07,-0.0011504423087581594,-1150.4423087581595,8.56607001719567e-05,0.00963326323513359,22324.66074695686
2015-11-24,209.35,0.0013392643612186728,1339.2643612186728,8.395384553694284e-05,0.009633445023041138,22326.790503504126
2015-11-25,209.32,-0.00014330069262002976,-143.30069262002976,7.907479656493788e-05,0.009632495278653529,22329.460116639133
2015-11-27,209.56,0.001146569845213108,1146.5698452131078,8.697780261742061e-05,0.009631495030099102,22319.23018448855
2015-11-30,208.69,-0.004151555640389382,-4151.555640389382,0.00011936330979750087,0.009621345626101155,22263.233632895062
2015-12-01,210.68,0.009535674924529225,9535.674924529225,7.699892238368821e-05,0.009616721138233655,22294.83985278979
2015-12-02,208.529,-0.010209796848300812,-10209.796848300812,9.959245145138773e-05,0.009632331481720645,22308.561413106094
2015-12-03,205.61,-0.01399805302859547,-13998.05302859547,6.317868134617299e-05,0.00965409132386941,22395.596145733554
2015-12-04,209.62,0.01950294246388795,19502.94246388795,6.373023243462228e-07,0.009694413348435581,22551.940580881914
2015-12-07,208.35,-0.0060585821963553554,-6058.582196355355,0.00010537984141066703,0.009763130619626498,22607.058319540472
2015-12-08,206.949,-0.006724262059035202,-6724.262059035202,8.38559332244424e-05,0.009770792204859838,22646.40574024606
2015-12-09,205.34,-0.007774862405713567,-7774.862405713568,0.00012108248648004371,0.00972677861685171,22506.78827009884
2015-12-10,205.87,0.0025810850297067756,2581.0850297067755,6.970543313480525e-05,0.009734455332185268,22576.02403383992
2015-12-11,201.88,-0.019381162869772206,-19381.162869772204,0.00014467544640119146,0.00968097502007802,22376.6402101998
2015-12-14,202.9008,0.005056469189617552,5056.469189617552,9.462851904973446e-05,0.009749478939022883,22586.051083752103
2015-12-15,205.0308,0.01049774076790233,10497.74076790233,0.00014693298835995617,0.009740844119064562,22513.659019389117
2015-12-16,208.03,0.014628046127703742,14628.046127703743,0.00011050446782790768,0.0096846508601421,22419.362471491462
2015-12-17,204.86,-0.01523818679998068,-15238.18679998068,7.010193902289874e-05,0.00960225449366911,22268.082388323346
2015-12-18,200.0208,-0.023621985746363428,-23621.98574636343,1.4178691774615172e-05,0.009650606907203879,22436.49017000298
2015-12-21,201.67,0.00824514250517927,8245.14250517927,-9.870940615951174e-05,0.00976117862558677,22806.606549926193
2015-12-22,203.5,0.009074230178013565,9074.230178013564,-7.112720698759212e-05,0.009775020110756316,22811.224460352012
2015-12-23,206.02,0.012383292383292499,12383.292383292499,-3.5215364494550984e-05,0.009792114409622427,22815.079903684364
2015-12-24,205.68,-0.0016503252111446098,-1650.3252111446097,1.4189264709720817e-06,0.00982144757584644,22846.684761602963
2015-12-28,205.21,-0.002285103072734329,-2285.103072734329,-1.0555623270171566e-05,0.009821629892466507,22859.0834432256
2015-12-29,207.4,0.010671994542176266,10671.994542176266,1.7681269532645594e-06,0.009816814809940894,22835.558136005377
2015-12-30,205.93,-0.007087753134040531,-7087.753134040531,8.414781995819309e-05,0.009819608062170552,22759.67651938657
2015-12-31,203.87,-0.010003399213324937,-10003.399213324938,5.793750996168212e-05,0.009830007288118505,22810.07904655877
2016-01-04,201.0192,-0.013983420807377245,-13983.420807377244,9.016263189336993e-05,0.00978346991413575,22669.591803598858
2016-01-05,201.36,0.0016953604431815261,1695.360443181526,7.190493517982377e-05,0.009805521129723894,22739.1482988159
2016-01-06,198.82,-0.0126142232816846,-12614.2232816846,2.8841516578212546e-05,0.009774483192578908,22710.006678325663
2016-01-07,194.05,-0.02399155014586052,-23991.550145860518,-9.259555548184606e-05,0.009742031320732284,22755.949407306678
2016-01-08,191.923,-0.010961092501932557,-10961.092501932557,-0.0001565073607277454,0.009846060706408116,23061.869752757328
2016-01-11,192.11,0.0009743490879154937,974.3490879154937,-0.0001690175814086703,0.00985783403868444,23101.768839949655
2016-01-12,193.6608,0.008072458487324852,8072.458487324851,-0.00015386925981644595,0.00985666487840621,23083.900644829755
2016-01-13,188.83,-0.024944645483236605,-24944.645483236603,-9.74305739273209e-05,0.009863235291259391,23042.7470249132
2016-01-14,191.93,0.01641688291055443,16416.882910554432,-0.00016056472690477585,0.00997140622140174,23357.524391260326
2016-01-15,187.81,-0.02146615953733133,-21466.159537331332,-0.00014735627096302783,0.009991229132870236,23390.43092327062
2016-01-19,188.06,0.0013311325275544572,1331.1325275544573,-0.00024165219413938344,0.010080703036445201,23692.874271810724
2016-01-20,185.65,-0.012815059023715825,-12815.059023715825,-0.00025661916881746595,0.010075557184253394,23695.87020418227
2016-01-21,186.69,0.005601939132776623,5601.939132776623,-0.00036736335212524996,0.010060759225330144,23772.18918720881
2016-01-22,190.52,0.020515292731265733,20515.292731265734,-0.0003230244941870595,0.010062550121100577,23732.016575838796
2016-01-25,187.64,-0.015116523199664167,-15116.523199664167,-0.0002503305477338706,0.010147167460445375,23856.17199687737
2016-01-26,190.2,0.013643146450650123,13643.146450650123,-0.00025803441127966796,0.010157756890771882,23888.510559150538
2016-01-27,188.13,-0.010883280757097769,-10883.28075709777,-0.00015216459750034829,0.010164185441441497,23797.595790554642
2016-01-28,189.11,0.005209163876043199,5209.163876043199,-0.00023267583584801564,0.010169170324701276,23889.703601476034
2016-01-29,193.7208,0.024381576860028398,24381.5768600284,-0.00016153574978137008,0.010144654259771834,23761.530619880934
2016-02-01,193.65,-0.00036547443537293667,-365.4744353729367,-0.00011354566695895495,0.010232240023918924,23917.295493278347
2016-02-02,190.16,-0.01802220500903695,-18022.205009036952,-0.00017285225566716634,0.010190307028100604,23879.051346312444
2016-02-03,191.3,0.00599495161968866,5994.95161968866,-0.00022970967558614942,0.01025014937059587,24075.122872472915
2016-02-04,191.6,0.001568217459487542,1568.2174594875419,-0.0002461101494171078,0.010236834635476625,24060.5486405658
2016-02-05,187.95,-0.01905010438413368,-19050.104384133683,-0.00022877576201657312,0.01023622063360206,24041.78587120971
2016-02-08,185.42,-0.013461026868848092,-13461.026868848092,-0.0002870729929804976,0.010301797048567329,24252.636655715312
2016-02-09,185.43,5.393161471256569e-05,53.93161471256569,-0.0003835305979880212,0.010311837125261611,24372.450971795784
2016-02-10,185.27,-0.000862859300005403,-862.859300005403,-0.0003856358424686812,0.010311693297296485,24374.221622395544
2016-02-11,182.86,-0.013008042316619006,-13008.042316619007,-0.0004275543941518607,0.01029215082872201,24370.677593856984
2016-02-12,186.63,0.020616865361478665,20616.865361478664,-0.0004960521961964335,0.01031873795533919,24501.026301384292
2016-02-16,189.78,0.016878315383378917,16878.31538337892,-0.00041987704097608833,0.01040401436756855,24623.233746459548
2016-02-17,192.88,0.016334703340710188,16334.703340710188,-0.0003527445323815095,0.010461340323693707,24689.461354024083
2016-02-18,192.09,-0.004095810866860172,-4095.810866860172,-0.00028455034377477205,0.010514409430553555,24744.724369338
2016-02-19,192.0,-0.000468530376386056,-468.530376386056,-0.000324916823740927,0.010509571854603357,24773.836964776903
2016-02-22,194.78,0.014479166666666599,14479.166666666599,-0.0003262228683288564,0.010509569322370307,24775.13711850986
2016-02-23,192.32,-0.012629633432590603,-12629.633432590603,-0.00027968829238749035,0.010549350274221627,24821.146875335133
2016-02-24,193.2,0.0045757071547420924,4575.707154742093,-0.00032680755318456356,0.010578175238263,24935.323029949155
2016-02-25,195.54,0.012111801242236098,12111.801242236097,-0.0003037794965733447,0.010582572997345243,24922.52569082946
2016-02-26,195.0892,-0.002305410657665874,-2305.410657665874,-0.00024170753997226858,0.010609778098768601,24923.742264087676
2016-02-29,193.56,-0.007838465686465512,-7838.465686465513,-0.0002761831463359616,0.010602392610295322,24941.0366550428
2016-03-01,198.11,0.023506922917958306,23506.922917958305,-0.000291121140408773,0.010610435103333305,24974.684285696516
2016-03-02,199.0,0.00449245368734541,4492.45368734541,-0.00018023289549707578,0.010713619091794526,25103.837892976633
2016-03-03,199.775,0.003894472361809065,3894.4723618090648,-0.00016663733543339365,0.010717397954406526,25099.03328191667
2016-03-04,200.43,0.003278688524590123,3278.688524590123,-9.480172480398475e-05,0.0106840056082493,24949.515457795165
2016-03-07,200.59,0.0007982836900664037,798.2836900664037,-9.826528395863621e-05,0.01068276604031104,24950.095350711916
2016-03-08,198.4,-0.010917792512089353,-10917.792512089352,-3.018445482324994e-05,0.010633719907870385,24767.916155643285
2016-03-09,199.38,0.0049395161290322065,4939.516129032207,-6.44888573820963e-05,0.010655018712155429,24851.768986270257
2016-03-10,199.54,0.0008024877119068297,802.4877119068296,-9.55865385872392e-05,0.010628887035164526,24822.07529626249
2016-03-11,202.76,0.016137115365340238,16137.115365340238,-6.77932946444888e-05,0.01062208518367659,24778.458579571237
2016-03-14,202.5,-0.0012823042020121411,-1282.304202012141,-5.6742135774816574e-05,0.01063755238962373,24803.389522374047
2016-03-15,202.17,-0.0016296296296296475,-1629.6296296296475,-4.998143025090629e-05,0.010636228861575336,24793.54983018852
2016-03-16,203.34,0.005787208784686193,5787.208784686193,-0.00010458611918681315,0.010609013352195532,24784.841776737783
2016-03-17,204.63,0.00634405429330176,6344.05429330176,-6.319153663763411e-05,0.010611742617440495,24749.796414588916
2016-03-18,204.38,-0.0012217172457605896,-1221.7172457605895,-5.519002113507154e-05,0.010615832228125578,24751.30875620925
2016-03-21,204.67,0.0014189255308738602,1418.9255308738602,-5.2282583763853194e-05,0.010615411116481108,24747.42166665919
2016-03-22,204.56,-0.0005374505301215526,-537.4505301215527,-2.4130691164167218e-05,0.010609919732898754,24706.49490553715
2016-03-23,203.2092,-0.0066034415330464835,-6603.4415330464835,3.2334581899716054e-05,0.010569234144955118,24555.380801456486
2016-03-24,203.12,-0.00043895650393788177,-438.9565039378818,1.5446476731759694e-05,0.0105764770682684,24589.118465876138
2016-03-28,203.24,0.0005907837731391474,590.7837731391475,4.531981646003213e-06,0.010575528611364814,24597.826520260616
2016-03-29,205.1208,0.009254083841763405,9254.083841763406,-4.1904338885042855e-05,0.010547214184141607,24578.39363321627
2016-03-30,206.02,0.004383758253672987,4383.758253672987,3.0069979675288128e-05,0.010549017399933303,24510.614221879387
2016-03-31,205.52,-0.0024269488399184524,-2426.9488399184524,6.175024351883263e-05,0.010550156530162582,24481.583971222983
2016-04-01,206.92,0.006811989100817373,6811.989100817373,3.77497889467131e-05,0.010548961098733538,24502.803436431583
2016-04-04,206.25,-0.003237966363812017,-3237.966363812017,3.796744525552143e-05,0.010549100865892027,24502.91092715479
2016-04-05,204.1892,-0.009991757575757543,-9991.757575757543,3.560115454886637e-05,0.010549771745834262,24506.837917988796
2016-04-06,206.42,0.01092516156584189,10925.16156584189,-1.777768586608941e-05,0.010566666172494119,24599.51907194705
2016-04-07,203.95,-0.011965894777637875,-11965.894777637875,8.132360565566988e-06,0.010585584292583083,24617.619153965206
2016-04-08,204.4992,0.0026928168668791663,2692.8168668791664,-6.155984468189146e-05,0.010606898058536708,24736.894593326684
2016-04-11,204.0201,-0.00234279645103741,-2342.79645103741,-3.269678517476349e-05,0.010604526512737853,24702.5144932922
2016-04-12,205.92,0.009312317756926758,9312.317756926757,-4.97201781624228e-05,0.010604806410346192,24720.189025485968
2016-04-13,208.0008,0.010104895104895206,10104.895104895206,-3.0419257891315167e-05,0.0106174800609875,24730.371425440604
2016-04-14,208.01,4.423059911307092e-05,44.23059911307092,1.1140844316984032e-05,0.010636796354943818,24733.74774261193
2016-04-15,207.78,-0.0011057160713426883,-1105.7160713426883,5.733193223133348e-05,0.01061163594152414,24629.02478042872
2016-04-18,209.2392,0.007022812590239624,7022.812590239624,1.6361821011602993e-05,0.010596201791889909,24634.089690459237
2016-04-19,209.9,0.0031581080409406326,3158.1080409406327,4.921837992629019e-05,0.010605173315631534,24622.104016727786
2016-04-20,210.1,0.000952834683182413,952.8346831824131,4.219432354043473e-05,0.010602519427535187,24622.954206182756
2016-04-21,208.97,-0.005378391242265579,-5378.3912422655785,3.594061930682546e-05,0.010601515315388832,24626.871996259397
2016-04-22,208.97,0.0,0.0,5.146887639524422e-06,0.010606033826184956,24668.17735591109
2016-04-25,208.61,-0.0017227353208594254,-1722.7353208594254,2.1776236389511982e-05,0.010602739860730667,24643.885097629354
2016-04-26,208.9192,0.0014821916494893728,1482.1916494893728,2.1700130450597046e-06,0.010601410328437538,24660.39836635022
2016-04-27,209.35,0.0020620412101903796,2062.0412101903794,2.4557349450054833e-05,0.010598590941807602,24631.452155852574
2016-04-28,207.4475,-0.009087652256985934,-9087.652256985933,7.288719734158321e-05,0.010580133723020106,24540.184396274046
2016-04-29,206.3308,-0.005383048723170858,-5383.048723170858,-6.829045381073762e-06,0.010573748263666388,24605.045839204406
2016-05-02,207.97,0.007944524036159306,7944.524036159306,-3.975076191384863e-05,0.010577638040047226,24647.016528751243
2016-05-03,206.1592,-0.008707025051690187,-8707.025051690187,3.783464068545417e-05,0.010564722781528856,24539.38574195504
2016-05-04,205.01,-0.0055743328456843155,-5574.3328456843155,1.9473749669693952e-05,0.010575955106556276,24583.87692841887
2016-05-05,204.97,-0.00019511243353975694,-195.11243353975692,-1.8782051238134477e-05,0.010578833632072585,24628.829181041936
2016-05-06,205.72,0.0036590720593256965,3659.0720593256965,-7.222683764103444e-05,0.01054565420717317,24605.08708286819
2016-05-09,205.8892,0.0008224771534124375,822.4771534124376,-3.8405217204506404e-05,0.010544001183434827,24567.419954172223
2016-05-10,208.45,0.01243775778428402,12437.75778428402,-2.3244745213918616e-05,0.010542497192274939,24548.76067554425
2016-05-11,206.5,-0.009354761333653094,-9354.761333653094,2.5744308592042574e-05,0.010571908756280812,24568.193151135576
2016-05-12,206.56,0.00029055690072632423,290.5569007263242,-5.338505004606509e-05,0.01056777301627654,24637.701339807158
2016-05-13,204.76,-0.008714175058094575,-8714.175058094575,-5.655815065577885e-05,0.010567549274684038,24640.35393963882
2016-05-16,206.78,0.009865208048446927,9865.208048446928,-0.00010384188911071445,0.010579777279594534,24716.084271321048
2016-05-17,204.8508,-0.009329722410291175,-9329.722410291175,-6.306711979820312e-05,0.01059853478946114,24718.945995209015
2016-05-18,204.91,0.0002889908167309496,288.99081673094963,-9.756950472172221e-05,0.010614657654055067,24790.955771904064
2016-05-19,204.2,-0.00346493582548435,-3464.93582548435,-0.00010806329718572716,0.010612966621971873,24797.515635476397
2016-05-20,205.49,0.006317335945151825,6317.335945151825,-0.00011236800535885915,0.010614113597538399,24804.488607820294
2016-05-23,205.21,-0.0013625967200350253,-1362.5967200350253,-4.409194764801993e-05,0.010600290444294662,24704.055086948345
2016-05-24,207.87,0.012962331270405913,12962.331270405914,-8.751101037059029e-05,0.010583289870698537,24707.924901428098
2016-05-25,209.28,0.006783085582335202,6783.085582335202,-3.114828613522924e-05,0.010615197286867516,24725.789926963575
2016-05-26,209.34,0.00028669724770646887,286.6972477064689,2.0835792991626966e-05,0.010616624204682118,24677.12535506115
2016-05-27,210.24,0.004299226139294898,4299.2261392948985,1.3836328311902513e-05,0.010615866722781113,24682.36265333085
2016-05-31,209.84,-0.0019025875190259445,-1902.5875190259444,3.5003550021797114e-05,0.010619127174160449,24668.780375755683
2016-06-01,210.27,0.002049180327868827,2049.180327868827,1.6795168151598095e-05,0.010618528809017501,24685.59675214769
2016-06-02,210.91,0.00304370571170387,3043.7057117038703,5.879332396665937e-05,0.01060566119524785,24613.66405039562
2016-06-03,210.28,-0.0029870560902754972,-2987.0560902754974,7.780584476311691e-05,0.010606738980148113,24597.158832210564
2016-06-06,211.35,0.005088453490583955,5088.4534905839555,9.045599004495753e-05,0.010601166473583999,24571.545098130213
2016-06-07,211.68,0.0015613910574876488,1561.3910574876488,0.00011138539878856735,0.01060586589729483,24561.548183745515
2016-06-08,212.37,0.0032596371882085418,3259.637188208542,6.965782797414244e-05,0.010579418751085784,24541.750492202078
2016-06-09,212.08,-0.001365541272307702,-1365.541272307702,6.980232600405633e-05,0.010579462247336566,24541.707181582697
2016-06-10,210.07,-0.009477555639381463,-9477.555639381462,9.495963830460985e-05,0.010568491811915775,24491.028820163687
2016-06-13,208.4492,-0.007715523396962909,-7715.523396962909,7.419145660228077e-05,0.01058222698806914,24543.74979970997
2016-06-14,208.04,-0.001963068219978714,-1963.068219978714,2.1522658409197427e-05,0.010588120814648001,24610.129688834753
2016-06-15,207.75,-0.0013939626994807774,-1393.9626994807775,7.201895636297806e-06,0.01058837520578722,24625.042253893553
2016-06-16,208.37,0.0029843561973526,2984.3561973526002,-3.997137194304923e-05,0.010568141635361903,24625.14519792971
2016-06-17,206.52,-0.00887843739501848,-8878.43739501848,8.999608631679479e-06,0.010553608907868177,24542.366037645934
2016-06-20,207.85,0.00644005423203553,6440.054232035531,-4.7006527457572834e-05,0.010563507495342671,24621.399731662485
2016-06-21,208.44,0.0028385855184027697,2838.5855184027696,-2.40779684651522e-05,0.010571370669905798,24616.7636520982
2016-06-22,208.1,-0.0016311648436000414,-1631.1648436000414,1.632749603818917e-05,0.010562893196645044,24556.63663569747
2016-06-23,210.81,0.01302258529553102,13022.58529553102,2.196435685381237e-05,0.01056163137816683,24548.064346147625
2016-06-24,203.13,-0.03643090934965143,-36430.90934965143,7.481711107319989e-05,0.01059357592922467,24569.525730368838
2016-06-27,199.6,-0.017378033771476398,-17378.0337714764,1.297489584597944e-05,0.010760733233066038,25020.23398401782
2016-06-28,203.1997,0.018034569138276613,18034.569138276613,-6.491032852042445e-05,0.010815939926447827,25226.549182165774
2016-06-29,206.66,0.017029060574400345,17029.060574400344,-2.4834233167220886e-05,0.010864453374970441,25299.332244645546
2016-06-30,209.475,0.013621407142165864,13621.407142165865,4.694465973279005e-05,0.010917692089102713,25351.405121183812
2016-07-01,209.9208,0.0021281775868242647,2128.177586824265,0.00011281420610570825,0.010949797170381805,25360.22316239042
2016-07-05,208.41,-0.007197000011432975,-7197.000011432975,9.6172117691395e-05,0.01094353293253377,25362.29245440447
2016-07-06,209.66,0.005997792812244995,5997.792812244996,0.00013449304947914077,0.010900900590205528,25224.793863676037
2016-07-07,209.526,-0.0006391300200323524,-639.1300200323524,0.00015124811844483688,0.010906702340029507,25221.53568307907
2016-07-08,212.65,0.014909844124356919,14909.84412435692,9.832556615387311e-05,0.010878158223732974,25208.054691107216
2016-07-11,213.4,0.0035269221725839905,3526.9221725839907,0.00011381610902878236,0.01089653959179185,25235.325604738042
2016-07-12,214.95,0.007263355201499344,7263.355201499344,0.00011057145944386449,0.010895397394353312,25235.913105740077
2016-07-13,214.92,-0.00013956734124220826,-139.56734124220827,0.00014095391005810188,0.010904743976181162,25227.274055890608
2016-07-14,216.12,0.005583472920156485,5583.472920156485,0.00010829839934656871,0.01089325933636522,25233.212299182196
2016-07-15,215.83,-0.0013418471219692751,-1341.8471219692751,0.0001272408638015712,0.010898666608785336,25226.849031426093
2016-07-18,216.4092,0.002683593569012599,2683.593569012599,0.00011980269218116391,0.010899033607611299,25235.140969985052
2016-07-19,216.19,-0.001012895939728975,-1012.895939728975,0.00014634213725076074,0.010897158500962427,25204.239374549255
2016-07-20,217.085,0.004139876960081557,4139.876960081557,0.00014946882976103027,0.010896711496480123,25200.072794111893
2016-07-21,216.265,-0.0037773222470461887,-3777.3222470461887,0.00018854808969484172,0.01089341978423153,25153.33586638661
2016-07-22,217.24,0.004508357801771057,4508.357801771057,0.00021492704887489378,0.01087571439431249,25085.76801100934
2016-07-25,216.65,-0.0027158902596207124,-2715.890259620712,0.0002562297108512088,0.01087232013738239,25036.569126639733
2016-07-26,216.75,0.00046157396722823485,461.57396722823484,0.00019623418018169893,0.010847041600171891,25037.75798601074
2016-07-27,216.52,-0.0010611303344867373,-1061.1303344867374,0.00017056411432510687,0.01083875329175209,25044.146563195536
2016-07-28,216.77,0.0011546277480141143,1154.6277480141143,0.0001653706913408155,0.010839032274547765,25049.988997213437
2016-07-29,217.12,0.0016146145684365898,1614.6145684365897,0.0001760607325482213,0.010838683373470267,25038.48729072614
2016-08-01,216.94,-0.000829034635224768,-829.034635224768,0.00019601087728277555,0.010836714687560955,25013.957297711808
2016-08-02,215.5492,-0.006410989213607388,-6410.989213607388,0.00020051207989255104,0.010836051605366551,25007.913535248765
2016-08-03,216.18,0.002926478038424607,2926.478038424607,0.00016168634827453367,0.010842305226304262,25061.28736464028
2016-08-04,216.4097,0.0010625404755295609,1062.5404755295608,0.00020614324819421493,0.010830712133674375,24989.860898327504
2016-08-05,218.18,0.00818031724086321,8180.317240863211,0.00021807279574548132,0.010830003506352848,24976.28283711332
2016-08-08,218.05,-0.0005958382986525068,-595.8382986525069,0.00020039733472576504,0.01081330846775279,24955.11983057876
2016-08-09,218.18,0.0005961935335931923,596.1935335931922,0.00023410649233516345,0.01079756384559907,24884.78320469448
2016-08-10,217.64,-0.0024750206251720197,-2475.0206251720197,0.00023169901075477118,0.010797415150483675,24886.844769709292
2016-08-11,218.65,0.004640691049439427,4640.691049439427,0.0002267769102567634,0.010798371220557719,24893.991021791488
2016-08-12,218.46,-0.0008689686713926337,-868.9686713926337,0.00023077051889044587,0.010799823991190949,24893.377063031887
2016-08-15,219.09,0.0028838231255150504,2883.8231255150504,0.00020494720842987712,0.010794682685181608,24907.239907187828
2016-08-16,217.96,-0.005157697749783141,-5157.697749783141,0.00022806899601717444,0.01079420329590488,24883.00289337578
2016-08-17,218.37,0.0018810790970820168,1881.079097082017,0.0002390602642617794,0.010787284733678652,24855.91664260477
2016-08-18,218.86,0.0022438979713330642,2243.897971333064,0.00033010992627222714,0.010704044393768623,24571.22099281019
2016-08-19,218.54,-0.00146212190441386,-1462.12190441386,0.00045949538235327434,0.010528771211860197,24034.0891426201
2016-08-22,218.53,-4.575821359931176e-05,-45.75821359931176,0.0006220743324346536,0.010176769131177354,23052.63090048424
2016-08-23,218.97,0.002013453530407716,2013.4535304077162,0.000668962539685797,0.010146413693141823,22935.12538449356
2016-08-24,217.85,-0.005114855916335537,-5114.855916335537,0.0005234413017435627,0.009860030665135867,22414.420074072757
2016-08-25,217.7,-0.0006885471654808351,-688.547165480835,0.00040404122190214277,0.00974573323532625,22267.924571068244
2016-08-26,217.29,-0.001883325677537906,-1883.325677537906,0.0004010863005659582,0.009745952946129382,22271.390616164197
2016-08-29,218.3608,0.00492797643701981,4927.97643701981,0.0004258693366755577,0.009732169938509968,22214.543509581286
2016-08-30,218.0,-0.0016523112206953128,-1652.3112206953128,0.000564972146455609,0.009544444501902706,21638.72602944654
2016-08-31,217.38,-0.0028440366972477538,-2844.0366972477536,0.0004824386172739281,0.009473503419241336,21556.22592179679
2016-09-01,217.39,4.600239212426693e-05,46.00239212426693,0.0004681967010770256,0.009475826242977034,21575.871534053003
2016-09-02,218.37,0.004508027048162333,4508.027048162333,0.0005289278852811661,0.009423922800927286,21394.39488778103
2016-09-06,219.0308,0.003026056692769119,3026.056692769119,0.0004464355633372561,0.009297111582239392,21181.88020072583
2016-09-07,219.01,-9.49638133085351e-05,-94.9638133085351,0.0005120271020670017,0.009256988922615424,21022.949398079003
2016-09-08,218.51,-0.0022830007762202342,-2283.000776220234,0.0004898802156520032,0.009251769114793813,21032.953195665294
2016-09-09,213.28,-0.023934831357832587,-23934.831357832587,0.00046257103613660353,0.009249829447210131,21055.75003362105
2016-09-12,216.34,0.014347336834208635,14347.336834208634,0.0003816736340558884,0.009374077655304586,21425.691990455685
2016-09-13,213.23,-0.014375520014791587,-14375.520014791588,0.000389065532282983,0.009384394324064694,21442.30025266585
2016-09-14,213.15,-0.00037518172864969834,-375.18172864969836,0.0002968965168212163,0.009415870726348224,21607.694329662365
2016-09-15,215.28,0.009992962702322306,9992.962702322306,0.0003043876971900628,0.009414582818447736,21597.207027487257
2016-09-16,213.37,-0.008872166480862087,-8872.166480862086,0.0004300752642162449,0.009332660646124386,21280.93998903984
2016-09-19,213.41,0.00018746777897549194,187.46777897549194,0.0003739163501474905,0.009346270349889914,21368.75980852986
2016-09-20,213.42,4.6858160348550726e-05,46.858160348550726,0.00042658518695615476,0.009307737567859617,21226.45031616413
2016-09-21,215.82,0.011245431543435602,11245.431543435603,0.0004331673387971775,0.009306881407669833,21217.87643788577
2016-09-22,217.18,0.0063015475859513614,6301.547585951362,0.0004926118748882749,0.0093283522221151,21208.380485333342
2016-09-23,215.99,-0.005479325904779397,-5479.325904779397,0.0005188548718676431,0.009335454501482491,21198.65986086115
2016-09-26,214.24,-0.008102226954951663,-8102.226954951663,0.0005973264715412401,0.009200746894561622,20806.81150621006
2016-09-27,215.57,0.006207991038088112,6207.991038088112,0.0005625772626736163,0.009217183688965675,20879.798416795595
2016-09-28,216.64,0.004963584914412955,4963.584914412955,0.0005127760139831024,0.009152425813995864,20778.950320722688
2016-09-29,214.68,-0.009047267355982158,-9047.267355982158,0.0005221935744308181,0.009155802300877118,20777.3876433529
2016-09-30,216.3,0.00754611514812753,7546.11514812753,0.0004262532948887405,0.009129768137318193,20812.763401847245
2016-10-03,215.78,-0.00240406842348595,-2404.06842348595,0.0003852582683017638,0.009074306653725633,20724.73572398752
2016-10-04,214.68,-0.005097784780795256,-5097.784780795256,0.00038934683664943836,0.009072812588946232,20717.171441216604
2016-10-05,215.63,0.004425190981926619,4425.190981926618,0.0003361936772016709,0.009065847995411954,20754.122533302347
2016-10-06,215.78,0.0006956360432222031,695.636043222203,0.0003177879269124371,0.009052795152187074,20742.162829505196
2016-10-07,215.04,-0.0034294188525350044,-3429.4188525350046,0.00031818490376759765,0.009052809594378288,20741.79945021086
2016-10-10,216.16,0.005208333333333259,5208.333333333259,0.0003006923314220784,0.009055820592304998,20766.29665118192
2016-10-11,213.43,-0.01262953367875641,-12629.53367875641,0.00034673408079352217,0.009051375413780443,20709.913870200144
2016-10-12,213.71,0.0013119055428010284,1311.9055428010283,0.0003153919760410435,0.009082759285334415,20814.26577782138
2016-10-13,213.01,-0.0032754667540125793,-3275.4667540125793,0.00025922156419147416,0.009032663124513661,20753.895092447976
2016-10-14,213.12,0.0005164076803907403,516.4076803907402,0.0002279333863278823,0.00903129979890495,20782.011700680123
2016-10-17,212.38,-0.00347222222222221,-3472.22222222221,0.00022803119100526769,0.009031302802029373,20781.92088231485
2016-10-18,213.71,0.006262359920896632,6262.359920896632,0.00021964950573539842,0.00903377019304548,20796.042577429474
2016-10-19,214.28,0.0026671657854100417,2667.1657854100417,0.0002691216151713118,0.009032857205314127,20744.4465409257
2016-10-20,213.88,-0.0018667164457719654,-1866.7164457719655,0.00021221534643284335,0.008972313090410201,20660.506136671735
2016-10-21,213.98,0.00046755189826064303,467.55189826064304,0.00016090165223701057,0.00894723718467285,20653.484550865833
2016-10-24,214.89,0.004252733900364403,4252.733900364403,0.00017260271135528083,0.008945711525588193,20638.234277979456
2016-10-25,214.17,-0.0033505514449253537,-3350.5514449253537,0.00019734311555577255,0.008948419005222695,20619.792413270698
2016-10-26,213.74,-0.0020077508521266774,-2007.7508521266773,0.000138442361857388,0.008922978054645045,20619.50866567919
2016-10-27,213.17,-0.002666791428838855,-2666.791428838855,0.00013270855873603082,0.008923898406129237,20627.383526519166
2016-10-28,212.54,-0.002955387718722169,-2955.3877187221688,0.00013928029547721898,0.008921218312768571,20614.576960286166
2016-10-31,212.55,4.704996706506037e-05,47.04996706506037,8.013512607686523e-05,0.008892362650292729,20606.5938206318
2016-11-01,211.01,-0.0072453540343450085,-7245.354034345009,6.872581655779664e-05,0.008890560557003418,20613.810834258456
2016-11-02,209.74,-0.006018672100848166,-6018.672100848165,5.18771018422175e-05,0.008900448454656668,20653.66223865841
2016-11-03,208.78,-0.004577095451511415,-4577.0954515114145,3.1795568030952735e-05,0.008908487355390307,20692.445052101
2016-11-04,208.55,-0.0011016380879393939,-1101.638087939394,1.558092878974193e-05,0.008913189869644043,20719.599375379035
2016-11-07,213.15,0.022057060656916816,22057.060656916816,4.850060001444545e-05,0.008893705581760813,20641.35247245998
2016-11-08,214.11,0.0045038705137228074,4503.870513722807,0.0001275016223422285,0.00900091879091483,20811.766671316742
2016-11-09,216.3792,0.010598290598290427,10598.290598290427,0.00016124399354173046,0.009001452114025152,20779.264995201116
2016-11-10,216.92,0.002499316015587505,2499.316015587505,0.0002594761854910681,0.008980707964644218,20632.774695440654
2016-11-11,216.42,-0.0023049972340033476,-2304.9972340033473,0.00031438655246300627,0.00895210828018117,20511.331513319867
2016-11-14,216.59,0.0007855096571482978,785.5096571482978,0.0002443390726609911,0.008903491663630492,20468.279830566153
2016-11-15,218.28,0.007802760976961087,7802.760976961087,0.00025039911537478996,0.008903341755033439,20461.871048306297
2016-11-16,217.87,-0.0018783214220267075,-1878.3214220267075,0.00021814590659367773,0.00886104992684545,20395.738752492984
2016-11-17,218.99,0.005140680222150751,5140.6802221507505,0.0002140820531865075,0.00886178039791478,20401.501935719338
2016-11-18,218.5,-0.002237545093383253,-2237.545093383253,0.00022005258994660482,0.00886460566207485,20402.103946231622
2016-11-21,220.15,0.007551487414187763,7551.487414187763,0.00021570417880810444,0.008865547221225756,20408.64275149912
2016-11-22,220.58,0.0019532137179196774,1953.2137179196773,0.0002405530710199808,0.00887740711555834,20411.384099254195
2016-11-23,220.7,0.0005440203100914864,544.0203100914864,0.00024893912866213964,0.008878033267053212,20404.45468781096
2016-11-25,221.52,0.003715450838241985,3715.450838241985,0.00024652893052165315,0.008877870388874394,20406.485974646428
2016-11-28,220.48,-0.0046948356807512415,-4694.835680751242,0.0002779969564361786,0.008876160886780907,20371.041052171047
2016-11-29,220.91,0.00195029027576199,1950.29027576199,0.00022107491401505673,0.008862172266560199,20395.420697680962
2016-11-30,220.38,-0.0023991670816169153,-2399.1670816169153,0.00026971526251130795,0.008838029785631335,20290.616540001778
2016-12-01,219.57,-0.00367546964334331,-3675.46964334331,0.0003161108062992222,0.008793160320429276,20139.839011231703
2016-12-02,219.68,0.0005009791865919766,500.9791865919766,0.00022339715787029712,0.00871186392457794,20043.42896200469
2016-12-05,221.0,0.006008739985433387,6008.739985433387,0.0002496354034020865,0.008702741192776522,19995.968068741226
2016-12-06,221.7,0.0031674208144796268,3167.4208144796266,0.0003005674115799608,0.00869902175298088,19936.38334970214
2016-12-07,224.6,0.013080739738385194,13080.739738385195,0.0003443365444607336,0.008685744964778643,19861.727788813
2016-12-08,225.15,0.0024487978628673357,2448.797862867336,0.0003863351632954473,0.008721913312126281,19903.86932793803
2016-12-09,226.51,0.006040417499444839,6040.4174994448385,0.0004736550062260054,0.008632027960125938,19607.444887474063
2016-12-12,226.25,-0.0011478521919561224,-1147.8521919561224,0.0004775907994653146,0.008634349901135381,19608.910736765723
2016-12-13,227.76,0.0066740331491712546,6674.033149171255,0.00043100842762588075,0.00861145770227989,19602.237890465567
2016-12-14,225.88,-0.00825430277485073,-8254.30277485073,0.0003991923757117508,0.008573403851987042,19545.52744865186
2016-12-15,226.81,0.004117230387816528,4117.2303878165285,0.0004271279118122706,0.008533531875435514,19424.835824666887
2016-12-16,225.04,-0.007803888717428764,-7803.888717428764,0.0005380847763489904,0.008398854753898082,19000.573124759623
2016-12-19,225.53,0.0021773906861002335,2177.3906861002333,0.0004738886514585583,0.008401044358107282,19069.863030747118
2016-12-20,226.4,0.0038575799228484087,3857.579922848409,0.000446301293490905,0.008383995752484868,19057.789401269707
2016-12-21,225.77,-0.0027826855123674887,-2782.6855123674886,0.0004121984436491286,0.008352526281177072,19018.683313437403
2016-12-22,225.38,-0.001727421712362176,-1727.421712362176,0.0004076690024442371,0.008353956154613285,19026.539137670774
2016-12-23,225.71,0.0014641938060164783,1464.1938060164782,0.00040989972788572573,0.008353308658799545,19022.802111719542
2016-12-27,226.27,0.0024810597669575607,2481.059766957561,0.00037306852494108653,0.008328141057129191,19001.084718023645
2016-12-28,224.4,-0.008264462809917328,-8264.462809917328,0.00041134377654507894,0.008315693527484956,18933.852182294726
2016-12-29,224.35,-0.00022281639928700692,-222.8163992870069,0.00041829952215870935,0.008307670429831175,18908.231920511007
2016-12-30,223.53,-0.003655003342990848,-3655.003342990848,0.00047334193979107033,0.00825730142255323,18736.013669880045
2017-01-03,225.24,0.007649979868474155,7649.9798684741545,0.0004519404846463808,0.00826105419066204,18766.145369136433
2017-01-04,226.58,0.005949209731841654,5949.209731841654,0.0005329972972470159,0.008231698369267565,18616.79670384404
2017-01-05,226.4,-0.0007944213964162783,-794.4213964162783,0.0006527603367578245,0.008090042912214658,18167.493792971916
2017-01-06,227.21,0.003577738515901041,3577.738515901041,0.0006934270211798896,0.00805691329238507,18049.756087891506
2017-01-09,226.46,-0.0033009110514502504,-3300.9110514502504,0.0007038405788918318,0.008058960022270191,18044.103935896554
2017-01-10,226.46,0.0,0.0,0.0006583471007367314,0.008049292521755964,18067.107444783094
2017-01-11,227.1,0.0028261061556125178,2826.106155612518,0.0007581256826696779,0.007883544364597391,17581.740989818114
2017-01-12,226.53,-0.002509907529722577,-2509.9075297225772,0.0007037625756499101,0.007821748768056738,17492.346042200446
2017-01-13,227.05,0.002295501699554281,2295.501699554281,0.0007795875836803451,0.007696852630879705,17125.96917097231
2017-01-17,226.25,-0.0035234529839243134,-3523.4529839243132,0.0007834450603683445,0.007697371803774068,17123.31947104337
2017-01-18,226.75,0.0022099447513812542,2209.9447513812543,0.0008206114845275105,0.007653756817088321,16984.689415331497
2017-01-19,225.91,-0.003704520396912936,-3704.5203969129357,0.0008070435070019291,0.007648251366075247,16985.44979859718
2017-01-20,226.74,0.003674029480766672,3674.029480766672,0.0007101642544892144,0.00755037545668499,16854.635637380055
2017-01-23,226.15,-0.0026020993208080156,-2602.099320808016,0.0007853264652109377,0.0074854403085272995,16628.41168279116
2017-01-24,227.6,0.006411673667919393,6411.673667919393,0.0007203454821251052,0.00744376988717117,16596.452769744777
2017-01-25,229.57,0.008655536028119526,8655.536028119526,0.0007895252998251738,0.007415810862401335,16462.230534211147
2017-01-26,229.33,-0.0010454327656052032,-1045.4327656052033,0.0008033107884334791,0.007427254122349027,16475.06604905425
2017-01-27,228.97,-0.0015697902585793955,-1569.7902585793954,0.0007016027499309448,0.007275628828093295,16224.040906614144
2017-01-30,227.55,-0.006201685810368063,-6201.685810368062,0.0006967854866381189,0.0072767367976578805,16231.435692548046
2017-01-31,227.53,-8.789277081966418e-05,-87.89277081966418,0.0007440675634327944,0.007192533810040853,15988.268174522611
2017-02-01,227.62,0.0003955522348702001,395.5522348702001,0.0007197361858707612,0.007184984197085194,15995.036526035417
2017-02-02,227.77,0.0006589930586065051,658.9930586065052,0.0007150455249722917,0.007184810828688578,15999.323871732991
2017-02-03,229.34,0.006892918294771011,6892.9182947710115,0.0007938819147432526,0.00707434511741346,15663.505809382754
2017-02-06,228.93,-0.0017877387285253343,-1787.7387285253344,0.0008752976953977289,0.007026593786314109,15471.003821142678
2017-02-07,228.94,4.368147468647443e-05,43.68147468647443,0.0008679310140247774,0.007028423530297077,15482.627123540447
2017-02-08,229.24,0.0013103870009609775,1310.3870009609775,0.0008715571771235449,0.007027760804078,15477.45922871086
2017-02-09,230.6,0.005932647007502956,5932.647007502956,0.0009288308943938648,0.00697231912975782,15291.208890252527
2017-02-10,231.51,0.0039462272333044,3946.2272333044,0.000870094020977962,0.006866849603908402,15104.586956432538
2017-02-13,232.77,0.005442529480368163,5442.529480368164,0.0008183656683776639,0.00679409817590297,14987.070179158967
2017-02-14,233.7,0.003995360226833222,3995.3602268332224,0.0007747969729362958,0.0067288070797243155,14878.749071811324
2017-02-15,234.92,0.005220367993153507,5220.367993153507,0.0008071616573110693,0.006724743518814469,14836.931131152893
2017-02-16,234.72,-0.0008513536523071519,-851.3536523071518,0.0008299172507892276,0.006730032557731898,14826.479682116014
2017-02-17,235.09,0.0015763462849351928,1576.346284935193,0.0007685951695133326,0.006674781942687537,14759.269612544012
2017-02-21,236.49,0.00595516610659752,5955.16610659752,0.0008254190883834359,0.006620510443434825,14576.191306766354
2017-02-22,236.28,-0.0008879868070531538,-887.9868070531538,0.0008309369241908575,0.006624222469077499,14579.308933921151
2017-02-23,236.44,0.0006771626883359527,677.1626883359527,0.0007789377719937005,0.0065862279725557105,14542.919669909594
2017-02-24,236.74,0.0012688208424971315,1268.8208424971315,0.0007908680653777078,0.006583319220462552,14524.222607277552
2017-02-27,237.11,0.0015628960040550144,1562.8960040550144,0.0008272972114935584,0.0065605349733051915,14434.789376225557
2017-02-28,236.47,-0.0026991691619924207,-2699.169161992421,0.0007395211038379452,0.0064007290269343245,14150.80126028222
2017-03-01,239.78,0.013997547257580178,13997.547257580178,0.0007107546124405939,0.006399955100556233,14177.767329695234
2017-03-02,238.27,-0.006297439319376097,-6297.439319376097,0.0007511669120236783,0.006451826866402019,14258.026802310238
2017-03-03,238.42,0.0006295379191672001,629.5379191672001,0.0007128624006478135,0.006465173641663449,14327.380555940832
2017-03-06,237.71,-0.0029779380924418453,-2977.938092441845,0.0007121874175642167,0.006465173496390803,14328.055201069716
2017-03-07,237.0,-0.0029868326953009783,-2986.8326953009782,0.0007439468352428067,0.006427203431722216,14207.964204172169
2017-03-08,236.56,-0.0018565400843881807,-1856.5400843881807,0.000712241439945474,0.00642597379066389,14236.809026607629
2017-03-09,236.86,0.001268177206628307,1268.177206628307,0.000701605328760294,0.006428024068485247,14252.214797243716
2017-03-10,237.69,0.0035041796842014694,3504.1796842014696,0.0006421295761254461,0.0063529822725716945,14137.117227490864
2017-03-13,237.81,0.0005048592704783861,504.85927047838607,0.0006612755116703007,0.00635437167255509,14121.203519643574
2017-03-14,236.9,-0.0038265842479290324,-3826.5842479290322,0.0006698134672707327,0.006352714941351724,14108.811430930335
2017-03-15,238.95,0.008653440270156132,8653.440270156132,0.0006313582951402719,0.0063507106619074384,14142.603951836598
2017-03-16,238.48,-0.00196693869010256,-1966.9386901025598,0.0006405958390476894,0.006360725225283229,14156.663766147898
2017-03-17,237.03,-0.0060801744381079326,-6080.1744381079325,0.0006376149532703215,0.006361776016634893,14162.089158152268
2017-03-20,236.77,-0.0010969075644432502,-1096.9075644432503,0.0006076185533943943,0.0063757414339955555,14224.573977015269
2017-03-21,233.73,-0.012839464459179828,-12839.464459179828,0.0006053807252571075,0.006376243119546178,14227.978900266682
2017-03-22,234.28,0.0023531425148677343,2353.1425148677345,0.0005804366335525742,0.006416627432829835,14346.87095332325
2017-03-23,234.03,-0.0010670991975414434,-1067.0991975414433,0.0005916050296277966,0.006417275859830457,14337.211024022394
2017-03-24,233.86,-0.0007264025979574207,-726.4025979574207,0.0005849734977450742,0.006418133272304517,14345.837195591324
2017-03-27,233.62,-0.0010262550243735902,-1026.2550243735902,0.000545051551986191,0.006394991775771417,14331.923970088306
2017-03-28,235.32,0.007276774248780038,7276.774248780038,0.0005234114988740046,0.006391102090062431,14344.515261120705
2017-03-29,235.54,0.0009348971613123425,934.8971613123424,0.0005622263912287986,0.0064025681747382065,14332.374470474975
2017-03-30,236.29,0.0031841725396959397,3184.1725396959396,0.0005387180234707785,0.006390306450894151,14327.3578030363
2017-03-31,235.74,-0.0023276482288712153,-2327.6482288712155,0.0005644065790848103,0.0063879713225185085,14296.23692648998
2017-04-03,235.33,-0.0017392042080257575,-1739.2042080257575,0.0005950630164723555,0.006355415314704365,14189.843889536744
2017-04-04,235.48,0.0006374027960736051,637.402796073605,0.000544405553376885,0.006323136255584841,14165.40903207347
2017-04-05,234.78,-0.0029726516052318575,-2972.6516052318575,0.000594818743671731,0.006273036785082393,13998.447045084686
2017-04-06,235.44,0.0028111423460259743,2811.1423460259743,0.0005721568697832868,0.006275660094139158,14027.211648420287
2017-04-07,235.2,-0.0010193679918450993,-1019.3679918450993,0.0005927726249715403,0.00627451124368501,14003.923267420434
2017-04-10,235.34,0.0005952380952380931,595.2380952380931,0.0005514458819764529,0.006250829631868223,13990.15834311168
2017-04-11,235.06,-0.0011897679952409534,-1189.7679952409535,0.0005134072539378244,0.00622132512517526,13959.559224730509
2017-04-12,234.03,-0.004381859950650879,-4381.859950650879,0.0005084712595604084,0.00622218833137928,13966.503337025506
2017-04-13,232.51,-0.006494893817032055,-6494.893817032054,0.0004953666840431756,0.006229047799713702,13995.565422119573
2017-04-17,234.57,0.008859833985634946,8859.833985634947,0.0004412958584140889,0.006230828706013546,14053.779255333167
2017-04-18,233.87,-0.0029841838257236297,-2984.1838257236295,0.00046410276219286615,0.006251214835060578,14078.397579522876
2017-04-19,233.44,-0.0018386282977722601,-1838.62829777226,0.000448354688157242,0.006254936640775588,14102.803868371204
2017-04-20,235.34,0.008139136394790913,8139.136394790913,0.00046251373993521527,0.0062456934772736365,14067.142002831057
2017-04-21,234.59,-0.00318687855868105,-3186.87855868105,0.000495070285514379,0.0062644578800704325,14078.237985805863
2017-04-24,237.17,0.01099791124941385,10997.91124941385,0.0004892137125630925,0.006267223404406652,14090.528130417322
2017-04-25,238.55,0.005818611122823336,5818.611122823336,0.0005272765909627903,0.006302077407870981,14133.547788878677
2017-04-26,238.4,-0.0006287989939216532,-628.7989939216532,0.0005423028706133221,0.006310224700034436,14137.47494503179
2017-04-27,238.6,0.0008389261744965459,838.926174496546,0.0005761382836655793,0.00628099199200039,14035.634083792074
2017-04-28,238.08,-0.0021793797150041483,-2179.3797150041482,0.0006010261832562489,0.006269601082694951,13984.246966555304
2017-05-01,238.68,0.002520161290322509,2520.161290322509,0.000560530568251595,0.006254656180082861,13989.975539140574
2017-05-02,238.77,0.00037707390648566985,377.07390648566985,0.0006054393136196459,0.006228096921738853,13883.280719587838
2017-05-03,238.48,-0.0012145579427902398,-1214.5579427902398,0.0006292449406283258,0.006215742908173124,13830.735359384655
2017-05-04,238.76,0.0011741026501175256,1174.1026501175256,0.0006251671585913239,0.006216620229423208,13836.85409584664
2017-05-05,239.7,0.003937007874015741,3937.007874015741,0.0006152272809544912,0.006213735741061615,13840.083650115783
2017-05-08,239.66,-0.00016687526074254944,-166.87526074254944,0.0006276854038369045,0.00621727413690685,13835.857066885448
2017-05-09,239.44,-0.0009179671200867379,-917.9671200867379,0.0005772668716567982,0.006172060357659945,13781.092619837165
2017-05-10,239.87,0.0017958569996658902,1795.8569996658903,0.0006110140485110635,0.0061405210713917574,13673.974091424137
2017-05-11,239.38,-0.0020427731687997497,-2042.7731687997498,0.0006170352489068218,0.006140943589552075,13668.935815252376
2017-05-12,238.98,-0.0016709833737154067,-1670.9833737154067,0.0006437208564640011,0.0061146709214595025,13581.130842132661
2017-05-15,240.3,0.005523474767763048,5523.474767763048,0.0005975760907753518,0.006088273214791529,13565.865359034717
2017-05-16,240.08,-0.0009155222638368432,-915.5222638368432,0.0006569888794875687,0.006063430234558467,13448.659156072477
2017-05-17,235.82,-0.01774408530489846,-17744.08530489846,0.0006521708271652975,0.006064202332168742,13455.273376028963
2017-05-18,236.77,0.004028496310745533,4028.496310745533,0.0005950542292476411,0.006169467190253666,13757.272652763693
2017-05-19,238.31,0.006504202390505531,6504.202390505531,0.0005858988707100159,0.006162635854734205,13750.53594843876
2017-05-22,239.52,0.0050774201670094055,5077.420167009405,0.0006173660671521781,0.006172722812870398,13742.534525612271
2017-05-23,240.05,0.0022127588510354457,2212.758851035446,0.0005858264227385921,0.006129384572322158,13673.254346261789
2017-05-24,240.61,0.002332847323474274,2332.847323474274,0.0005675451158133931,0.006117630979032566,13664.192706425405
2017-05-25,241.76,0.004779518723244891,4779.518723244891,0.0005757297161164643,0.006118622393822363,13658.314481810872
2017-05-26,241.71,-0.00020681667769684164,-206.81667769684165,0.0005776508864522642,0.006119871495496781,13659.299156499812
2017-05-30,241.5,-0.0008688097306690512,-868.8097306690512,0.0005844339698175807,0.006118050933002151,13648.280811445555
2017-05-31,241.44,-0.0002484472049689712,-248.44720496897122,0.0005727620095834292,0.006118028738022809,13659.9011384367
2017-06-01,243.36,0.007952286282306265,7952.286282306264,0.0005595933979167378,0.0061162316478238525,13668.889093139589
2017-06-02,244.17,0.003328402366863825,3328.402366863825,0.0006033507674070649,0.006129872412154957,13656.864886751218
2017-06-05,243.99,-0.0007371913011425812,-737.1913011425812,0.0005963105629121843,0.00612570985320178,13654.221531074807
2017-06-06,243.21,-0.0031968523300135443,-3196.8523300135444,0.0005871162334776634,0.006125980519217001,13664.045523818411
2017-06-07,243.66,0.0018502528678918662,1850.2528678918661,0.000561290275404775,0.006128277665081266,13695.215442288996
2017-06-08,243.78,0.0004924895345974623,492.48953459746224,0.0005741534519655734,0.006127591944771955,13680.757041744444
2017-06-09,243.41,-0.0015177619164821188,-1517.7619164821187,0.000614033632661489,0.006094263081294135,13563.342330352705
2017-06-12,243.36,-0.00020541473234458874,-205.41473234458874,0.0006388246785834122,0.006072811211449328,13488.646772623115
2017-06-13,244.55,0.00488987508218286,4889.87508218286,0.0006458552925339486,0.006070803954424342,13476.946580559848
2017-06-14,244.24,-0.0012676344305867504,-1267.6344305867503,0.0006709906436606032,0.006075331449359913,13462.34375765129
2017-06-15,243.77,-0.0019243367179823112,-1924.3367179823113,0.0006539826811488459,0.006074780869987155,13478.07088100974
2017-06-16,242.64,-0.004635517085777696,-4635.517085777697,0.0006817990838569905,0.006046813675963381,13385.193055941501
2017-06-19,244.66,0.008325090669304425,8325.090669304425,0.0006374967985857376,0.0060450287013708364,13425.342869364173
2017-06-20,243.01,-0.0067440529714706265,-6744.052971470626,0.0006594428191893442,0.006062984184817826,13445.167549504846
2017-06-21,242.95,-0.0002469034196124209,-246.90341961242092,0.0006389912666778619,0.006079343136240306,13503.675713879551
2017-06-22,242.84,-0.0004527680592714134,-452.7680592714134,0.0005859133118172881,0.006028503887097471,13438.48388957886
2017-06-23,243.13,0.0011942019436665952,1194.201943666595,0.0007298258769788082,0.005551883038313713,12185.7854261257
2017-06-26,243.29,0.000658084152511007,658.084152511007,0.0008041148198393802,0.005431563734112234,11831.591925729947
2017-06-27,241.33,-0.00805622919149973,-8056.22919149973,0.0007346088798963177,0.005320225206170002,11642.085717895758
2017-06-28,243.49,0.008950399867401426,8950.399867401426,0.0006342677208327174,0.005247736882947683,11573.793820338335
2017-06-29,241.35,-0.008788861965583816,-8788.861965583816,0.0006155836917336597,0.005209487732396694,11503.49701936923
2017-06-30,241.8,0.0018645121193288094,1864.5121193288094,0.0005719155335240274,0.005242409229127072,11623.75203150782
2017-07-03,242.21,0.0016956162117451878,1695.616211745188,0.0006081615820470745,0.005219755910703657,11534.806483830489
2017-07-05,242.77,0.0023120432682384173,2312.043268238417,0.0005909528756450753,0.005208996499316977,11526.985056427155
2017-07-06,240.55,-0.009144457717180865,-9144.457717180865,0.0006027575687981583,0.005209541639165026,11516.448548200638
2017-07-07,242.11,0.006485138224901377,6485.138224901377,0.0005065403614320072,0.00516619096430345,11511.817005264324
2017-07-10,242.37,0.0010738920325470414,1073.8920325470413,0.0005183732256412767,0.005176514256772666,11523.999710543918
2017-07-11,242.19,-0.0007426661715559391,-742.6661715559391,0.0004936153729654675,0.005158896571204886,11507.772697853603
2017-07-12,244.01,0.007514761137949577,7514.7611379495775,0.0004912029776442126,0.005159334839704878,11511.204658168073
2017-07-13,244.42,0.001680259005778506,1680.259005778506,0.000498928130515385,0.005168428057431719,11524.633493023926
2017-07-14,245.56,0.004664102773913825,4664.102773913825,0.0005110165550263761,0.005167639520106515,11510.710656382844
2017-07-17,245.53,-0.00012216973448442303,-122.16973448442303,0.000518938591845981,0.005172499259512574,11514.09406399892
2017-07-18,245.66,0.0005294668675925873,529.4668675925873,0.0005225014966669593,0.00517174658732217,11508.780181827942
2017-07-19,246.99,0.005413986811039662,5413.986811039662,0.0005080598562970033,0.005166643178260542,11511.34951737702
2017-07-20,247.1,0.00044536216041124455,445.36216041124453,0.0005448250925293468,0.00516872815331694,11479.434658434557
2017-07-21,246.88,-0.0008903278025090833,-890.3278025090833,0.0005285731099639075,0.005162599590957937,11481.429472985203
2017-07-24,246.82,-0.00024303305249517848,-243.03305249517848,0.000535875359792354,0.00515928204203732,11466.409450278254
2017-07-25,247.42,0.0024309213191799905,2430.9213191799904,0.0005330569317134604,0.005159515246783668,11469.77039372303
2017-07-26,247.43,4.041710451874181e-05,40.41710451874181,0.0005470251383281273,0.005159908966991033,11456.718117275732
2017-07-27,247.2,-0.0009295558339733612,-929.5558339733611,0.0005425682957541458,0.005159863242353606,11461.068588436645
2017-07-28,246.91,-0.0011731391585759754,-1173.1391585759754,0.000532391614144506,0.005160249268713222,11472.143301647302
2017-07-31,246.77,-0.0005670082216191474,-567.0082216191474,0.0005310151960511012,0.00516065974287507,11474.47462543447
2017-08-01,247.32,0.0022287960449001165,2228.7960449001166,0.0005543911200190542,0.005142291559482225,11408.367917080577
2017-08-02,247.44,0.00048520135856389146,485.20135856389146,0.0005516003920449561,0.005141188253045946,11408.591970472224
2017-08-03,246.96,-0.0019398642095053154,-1939.8642095053153,0.0005492910355770935,0.005141087489243542,11410.666915282583
2017-08-04,247.41,0.0018221574344023939,1822.1574344023938,0.0005088103097756194,0.005120561756582196,11403.397646544207
2017-08-07,247.87,0.0018592619538417843,1859.2619538417844,0.000518482292707839,0.005120750473812728,11394.164685540027
2017-08-08,247.26,-0.0024609674426111505,-2460.9674426111505,0.0005235345663888334,0.005121450495012735,11390.740904689455
2017-08-09,247.25,-4.044325810881322e-05,-40.44325810881322,0.0005235907791190768,0.005121417527893471,11390.607998971396
2017-08-10,243.76,-0.014115267947421684,-14115.267947421684,0.0005048662418888839,0.005114857649129689,11394.071976185502
2017-08-11,244.12,0.0014768624876928538,1476.8624876928538,0.00045188104478476764,0.0051970950595766445,11638.369998249516
2017-08-14,246.54,0.009913157463542488,9913.157463542488,0.00044625320223347885,0.005195212421503705,11639.618169722233
2017-08-15,246.51,-0.00012168410805546426,-121.68410805546426,0.0005065366230867814,0.005217316425915883,11630.75635254099
2017-08-16,246.94,0.0017443511419414914,1744.3511419414915,0.0004985255702662315,0.005216734938559318,11637.414663485813
2017-08-17,243.09,-0.015590831780999403,-15590.831780999404,0.0004965273829486652,0.005216159356522121,11638.073846754809
2017-08-18,242.71,-0.0015632070426591094,-1563.2070426591094,0.000440012543442323,0.005313104064704902,11920.115802041677
2017-08-21,242.9,0.0007828272423879845,782.8272423879845,0.0004339427481260838,0.0053145278386019495,11929.497790736426
2017-08-22,245.44,0.010456978180320986,10456.978180320986,0.00042902024297400486,0.005313628812834723,11932.32884920621
2017-08-23,244.56,-0.003585397653194211,-3585.397653194211,0.0004913075793606309,0.005339586039202365,11930.427051195944
2017-08-24,243.99,-0.0023307163886162607,-2330.7163886162607,0.00047972017740977746,0.005345296881767602,11955.29985960742
2017-08-25,244.56,0.0023361613180867824,2336.1613180867826,0.00047793061456546406,0.005346166008699028,11959.111314040927
2017-08-28,244.57,4.0889761203866115e-05,40.889761203866115,0.0004675633540897319,0.005340011318916443,11955.160625025563
2017-08-29,244.85,0.001144866500388364,1144.866500388364,0.00047433615801732867,0.00533838536389798,11944.605284097475
2017-08-30,246.01,0.004737594445578974,4737.594445578974,0.0004902917708078732,0.0053343870378082985,11919.348173908482
2017-08-31,247.49,0.006016015609121572,6016.015609121572,0.0005090581390216919,0.005341066077807986,11916.11957619857
2017-09-01,247.84,0.0014141985534767976,1414.1985534767975,0.0005150900932655289,0.005346449280433416,11922.610823937932
2017-09-05,246.06,-0.007182052937378947,-7182.052937378947,0.0005086426607083596,0.00534438056699225,11924.245709379245
2017-09-06,246.9,0.003413801511826353,3413.8015118263534,0.000480294304212078,0.005366346142082471,12003.693634788746
2017-09-07,246.87,-0.00012150668286758926,-121.50668286758926,0.0005030815133642644,0.005366660396434721,11981.637490580822
2017-09-08,246.58,-0.0011747073358447935,-1174.7073358447935,0.0005983348120641243,0.00513761236250001,11353.538785083714
2017-09-11,249.21,0.010665909643928995,10665.909643928995,0.0005362466353839106,0.005064053578357105,11244.503640656052
2017-09-12,250.05,0.003370651257975199,3370.651257975199,0.000636412354018793,0.0050153403299631515,11031.013960182274
2017-09-13,250.17,0.0004799040191960646,479.9040191960646,0.0006513956859652925,0.005017900740465597,11021.987033764812
2017-09-14,250.09,-0.00031978254786735327,-319.7825478673533,0.0006133434512327876,0.004982723233413463,10978.204149752524
2017-09-15,249.19,-0.0035987044663920997,-3598.7044663920997,0.0006475529869647664,0.0049465652465084595,10859.878558054497
2017-09-18,249.72,0.002126891127252284,2126.8911272522837,0.0006324082979832961,0.004953770261170498,10891.784617577432
2017-09-19,249.97,0.0010011212558065363,1001.1212558065363,0.0006407284298509111,0.004954529554755939,10885.230866728081
2017-09-20,250.06,0.00036004320518467914,360.04320518467915,0.0005997511887003948,0.004908620310748148,10819.40723568225
2017-09-21,249.39,-0.002679356954330969,-2679.356954330969,0.0005759851711773281,0.004895268413528371,10812.112095493676
2017-09-22,249.44,0.0002004891936324693,200.48919363246932,0.0005871850469791218,0.0048845501279265804,10775.977758768795
2017-09-25,248.93,-0.0020445798588838437,-2044.5798588838438,0.0006203959115734583,0.004853358283537273,10670.20381329198
2017-09-26,249.08,0.0006025790382839791,602.5790382839791,0.0005873856279855705,0.004843255994037068,10679.712657178123
2017-09-27,250.05,0.003894331138589946,3894.331138589946,0.0005699416044810545,0.004835277851946849,10678.59674679226
2017-09-28,250.35,0.0011997600479902726,1199.7600479902726,0.000621707998459343,0.0048010578579018295,10547.22274241765
2017-09-29,251.23,0.0035150788895546015,3515.0788895546016,0.000596322578058794,0.0047810345736776965,10526.027038132073
2017-10-02,252.32,0.004338653823189986,4338.653823189987,0.0006199991673109562,0.004780772758571089,10501.741375863261
2017-10-03,252.86,0.0021401395053901595,2140.1395053901597,0.0006577449217268971,0.004772692742592306,10445.198693452863
2017-10-04,253.16,0.0011864272720081281,1186.427272008128,0.0006486047158207513,0.00476763408857257,10442.570710334689
2017-10-05,254.66,0.005925106651919698,5925.106651919698,0.000650567880735895,0.004767754577235744,10440.887843964967
2017-10-06,254.37,-0.00113877326631584,-1138.7732663158401,0.0006879859827537138,0.004772311321674532,10414.07031468487
2017-10-09,253.95,-0.0016511381059087782,-1651.1381059087782,0.0006625975563551174,0.004765044342339167,10422.55321915594
2017-10-10,254.62,0.0026383146288639914,2638.3146288639914,0.000706511138646508,0.004692083723663088,10208.90785671875
2017-10-11,255.02,0.0015709685020814934,1570.9685020814934,0.0007118167749907598,0.004693520738043277,10206.945215722817
2017-10-12,254.64,-0.0014900792094738602,-1490.0792094738601,0.0007312025160151361,0.004686989962700293,10172.366619363449
2017-10-13,254.95,0.001217404963870461,1217.404963870461,0.0007231765684556777,0.004689076730021347,10185.24711364386
2017-10-16,255.29,0.0013335948225141614,1333.5948225141615,0.0007419350772000483,0.004681600155813069,10149.095492384955
2017-10-17,255.47,0.000705080496690158,705.080496690158,0.0007222200168065185,0.004668619252124713,10138.612455079947
2017-10-18,255.72,0.0009785884839708103,978.5884839708103,0.0007143716756516389,0.004666985433122614,10142.659964872726
2017-10-19,255.79,0.00027373689973408943,273.73689973408943,0.0007257528953706101,0.004664134245521933,10124.64589094042
2017-10-20,257.11,0.005160483208882294,5160.483208882294,0.0007249776353765038,0.004664193442695806,10125.558864154114
2017-10-23,256.11,-0.0038893858659717617,-3889.3858659717616,0.0007286086326105754,0.0046673030690458864,10129.161939568614
2017-10-24,256.56,0.0017570575143492917,1757.0575143492918,0.0007264532949263898,0.00466931835084529,10136.005523782436
2017-10-25,255.29,-0.00495010913626448,-4950.10913626448,0.0007415125283922936,0.004666534927487095,10114.47107930464
2017-10-26,255.62,0.0012926475772652157,1292.6475772652157,0.0007323792575625912,0.004675458303367067,10144.36322664198
2017-10-27,257.71,0.008176199045458077,8176.199045458077,0.0007493713987465406,0.004669717778417767,10114.016627446348
2017-10-30,256.75,-0.0037251173800006976,-3725.1173800006977,0.0007818879950601127,0.004693052178863052,10135.783964000684
2017-10-31,257.15,0.0015579357351507284,1557.9357351507283,0.00079596894167749,0.0046741134778784015,10077.64501061057
2017-11-01,257.49,0.0013221854948475276,1322.1854948475275,0.0008262753730214856,0.004654271478167214,10001.179185421734
2017-11-02,257.59,0.0003883645966833438,388.3645966833438,0.0008498724968069213,0.004641704095072289,9948.345956691162
2017-11-03,258.45,0.0033386389223184487,3338.6389223184487,0.0008558325075454123,0.004640144595618654,9938.75800771414
2017-11-06,258.85,0.0015476881408398313,1547.6881408398312,0.0007809588206070189,0.004443521189849892,9556.217252655704
2017-11-07,258.67,-0.000695383426695062,-695.383426695062,0.0007691340911154869,0.004437503597788228,9554.04296964774
2017-11-08,259.11,0.001701009007615939,1701.009007615939,0.0007239593950155449,0.004394314697059271,9498.745258354713
2017-11-09,258.17,-0.0036278028636486104,-3627.8028636486106,0.0007207661669836587,0.004393309351839868,9499.599703672762
2017-11-10,258.09,-0.00030987333927268157,-309.87333927268156,0.0007154749444650777,0.004397762486658639,9515.250466909809
2017-11-13,258.33,0.0009299081715681279,929.9081715681278,0.0007110934124793937,0.004398238074649473,9520.738382006888
2017-11-14,257.73,-0.002322610614330367,-2322.6106143303673,0.0006836020012578219,0.00437515219645482,9494.524009569961
2017-11-15,256.44,-0.005005238039809234,-5005.238039809235,0.0006818248444886072,0.004376287097825328,9498.941341729706
2017-11-16,258.62,0.008501013882389774,8501.013882389774,0.0006412411714407673,0.004381812463670178,9552.37893786401
2017-11-17,257.86,-0.0029386745031320105,-2938.6745031320106,0.0006841954073438595,0.004406046040636889,9565.80043221783
2017-11-20,258.3,0.001706352284185142,1706.352284185142,0.0006422347596745803,0.004390306271041737,9571.144900351535
2017-11-21,259.99,0.00654277971351136,6542.77971351136,0.0006412473139396421,0.004390037981259476,9571.508210721884
2017-11-22,259.76,-0.0008846494095927637,-884.6494095927637,0.0006652423515533216,0.004405869864681979,9584.343641450208
2017-11-24,260.36,0.0023098244533417134,2309.8244533417133,0.0006468419505619826,0.004402684639110546,9595.334099705104
2017-11-27,260.23,-0.0004993086495621579,-499.30864956215794,0.0006748605910983545,0.0043908265570486455,9539.729435173827
2017-11-28,262.87,0.010144871844137926,10144.871844137926,0.0006650621953970579,0.004390702140358781,9549.238394373162
2017-11-29,262.71,-0.0006086658804733691,-608.6658804733692,0.0007152383511000773,0.004427068950812336,9583.664090854416
2017-11-30,265.01,0.00875490084123176,8754.900841231762,0.000727505566151557,0.004419095438385826,9552.847712120887
2017-12-01,264.46,-0.0020753933813818515,-2075.3933813818517,0.0007605212527701161,0.004448133930615288,9587.385660165688
2017-12-04,264.14,-0.0012100128563865553,-1210.0128563865553,0.0007281847193028552,0.00443920339547157,9598.946662187313
2017-12-05,263.19,-0.0035965775724994264,-3596.5775724994264,0.0007106749846193905,0.0044381765038795035,9614.067489798705
2017-12-06,263.24,0.00018997682282773098,189.97682282773098,0.000643965715375852,0.004376404720049921,9537.074101054583
2017-12-07,264.07,0.003153016258927055,3153.016258927055,0.0006349304312156936,0.00437499509025042,9542.83009592749
2017-12-08,265.51,0.0054530995569357366,5453.0995569357365,0.0006233808262536225,0.004364466341620003,9529.886168896877
2017-12-11,266.31,0.0030130691876013582,3013.0691876013584,0.0006497846332491899,0.004373665107511431,9524.881891376634
2017-12-12,266.78,0.0017648605009199514,1764.8605009199514,0.0006351407774029104,0.004359519706038801,9506.618622579606
2017-12-13,266.75,-0.00011245220781153087,-112.45220781153087,0.000675217430505993,0.004323374467709163,9382.45557113167
2017-12-14,265.66,-0.004086223055295157,-4086.2230552951573,0.0006582987001234808,0.004318123541792387,9387.158821170944
2017-12-15,266.51,0.003199578408491943,3199.5784084919433,0.0006731693627720153,0.004295205193666485,9318.97210808319
2017-12-18,268.2,0.0063412254699635184,6341.225469963519,0.000677258113661582,0.004297128960119707,9319.358707192227
2017-12-19,267.17,-0.0038404175988067113,-3840.4175988067113,0.0006871926958500425,0.004307369892865661,9333.248097125512
2017-12-20,267.03,-0.0005240109293709327,-524.0109293709328,0.0006829617675042857,0.004311309558926178,9346.644059235585
2017-12-21,267.58,0.0020596936673782373,2059.6936673782375,0.0006877754106362505,0.0043092788557468386,9337.106294079553
2017-12-22,267.51,-0.0002616040062785041,-261.60400627850413,0.0006901574100816976,0.0043098742960956124,9336.109496023595
2017-12-26,267.19,-0.0011962169638517484,-1196.2169638517485,0.0006791867549887534,0.004308787847190381,9344.552693015601
2017-12-27,267.32,0.00048654515513302243,486.54515513302243,0.0007074597383730156,0.004272907062526968,9232.80852251069
2017-12-28,267.87,0.002057459224898972,2057.459224898972,0.0007102971845906958,0.004272522337163521,9229.076071261667
2017-12-29,266.86,-0.003770485683353808,-3770.485683353808,0.0007331470348622551,0.004264350118437157,9187.21479732983
2018-01-02,268.77,0.007157310949561513,7157.310949561513,0.0006874651726549432,0.004251106269579798,9202.08685990371
2018-01-03,270.47,0.006325110689437308,6325.110689437308,0.0006922975775258227,0.004257792919049978,9212.80992781224
2018-01-04,271.61,0.00421488519983737,4214.88519983737,0.000720775705869237,0.00427159612679134,9216.442862452888
2018-01-05,273.42,0.006663966716983882,6663.966716983882,0.0007233242926049824,0.004273497187635133,9218.316804569522
2018-01-08,273.92,0.0018286884646332435,1828.6884646332435,0.0007631838036787188,0.0042822747314943945,9198.876913992079
2018-01-09,274.54,0.0022634345794392274,2263.4345794392275,0.0007704985575372518,0.004282527692762978,9192.150636042928
2018-01-10,274.12,-0.0015298317185110655,-1529.8317185110654,0.0007682478712325586,0.004281590781460588,9192.221740731144
2018-01-11,276.12,0.007296074711805156,7296.074711805156,0.0007721681744774047,0.004279025106722205,9182.332785513181
2018-01-12,277.92,0.006518904823989535,6518.9048239895355,0.0007921704665264082,0.004297820825736354,9206.05587443381
2018-01-16,276.97,-0.0034182498560736407,-3418.249856073641,0.0008323398977580636,0.004304248477246884,9180.83939662875
2018-01-17,279.61,0.009531718236632125,9531.718236632125,0.0008098271193282441,0.004311726419921091,9220.748471100911
2018-01-18,279.14,-0.00168091269983206,-1680.91269983206,0.0008627720738624242,0.004337261019400889,9227.205877781045
2018-01-19,280.41,0.004549688328437496,4549.688328437495,0.0008413523051400293,0.004336544493022147,9246.958756885557
2018-01-22,282.69,0.008130951107307105,8130.951107307105,0.0008699594557370114,0.004337326884637374,9220.171721359326
2018-01-23,283.29,0.002122466305847448,2122.466305847448,0.0008768365654945623,0.004347499997686134,9236.960811515135
2018-01-24,283.18,-0.0003882946803629439,-388.2946803629439,0.0008507042866054739,0.004320103842534742,9199.36010311089
2018-01-25,283.3,0.00042375874002398284,423.75874002398285,0.000853332838946443,0.00431914532150349,9194.501697406646
2018-01-26,286.58,0.011577832686198386,11577.832686198386,0.0008613070349408565,0.004316493153155514,9180.357635214319
2018-01-29,284.68,-0.006629911368553176,-6629.9113685531765,0.0009324251089271223,0.004346022407639136,9177.934879618037
2018-01-30,281.76,-0.010257130813545068,-10257.130813545067,0.0009062570345361882,0.004371809323523834,9264.092290955408
2018-01-31,281.9,0.0004968767745598957,496.87677455989564,0.0008636463023425271,0.004428355585076191,9438.249298496354
2018-02-01,281.58,-0.001135154310038966,-1135.154310038966,0.0008629978372063407,0.004428397543307126,9438.995373073873
2018-02-02,275.45,-0.02177001207472118,-21770.01207472118,0.0008308855467871008,0.0044135790679490985,9436.63473484744
2018-02-05,263.93,-0.04182247231802494,-41822.47231802494,0.0007509564534023174,0.004636500282389502,10035.15612152426
2018-02-06,269.13,0.0197021937634978,19702.1937634978,0.0005834918382314718,0.005361536404810728,11889.306978692539
2018-02-07,267.67,-0.005424887600787631,-5424.8876007876315,0.0006570590652816191,0.005496042911988084,12128.648678659092
2018-02-08,257.63,-0.03750887286584237,-37508.87286584237,0.0006116289268484567,0.005499199542940613,12181.422238797802
2018-02-09,261.5,0.015021542522221765,15021.542522221765,0.00044580852645186963,0.006000413880444354,13513.241547685006
2018-02-12,265.34,0.014684512428298158,14684.512428298158,0.00048412457861928405,0.006062709273059709,13619.846249690861
2018-02-13,266.0,0.0024873746890783366,2487.374689078337,0.0005268811874251438,0.00612494396207011,13721.869177355942
2018-02-14,269.59,0.013496240601503562,13496.240601503561,0.0005159492142088431,0.006118969299067969,13718.9020059991
2018-02-15,273.03,0.012760117215030231,12760.117215030232,0.0005733395912240859,0.006173137677962169,13787.526122064617
2018-02-16,273.11,0.00029300809434884556,293.0080943488456,0.0006180746749444661,0.006220774493186082,13853.610842166465
2018-02-20,271.4,-0.006261213430486023,-6261.213430486024,0.0005954260428954714,0.0062115657351602925,13854.836699559606
2018-02-21,270.05,-0.004974207811348386,-4974.207811348386,0.0005739331364017399,0.006225998468850896,13909.905165391072
2018-02-22,270.4,0.0012960562858728153,1296.0562858728154,0.0005513276544030026,0.006235873879198705,13955.484287257716
2018-02-23,274.71,0.015939349112426004,15939.349112426005,0.0005514365961765053,0.006235886702157292,13955.40517614666
2018-02-26,277.9,0.01161224564085761,11612.24564085761,0.0006089424086099893,0.006311086226248724,14072.839616712163
2018-02-27,274.43,-0.012486505937387427,-12486.505937387426,0.0006661880678213894,0.0063457706064761156,14096.281891705179
2018-02-28,271.65,-0.010130087818387312,-10130.087818387312,0.0005602518550415189,0.006343385051620602,14196.668474018516
2018-03-01,267.7,-0.014540769372354045,-14540.769372354045,0.0005449212610454742,0.006364620969630918,14261.401200731167
2018-03-02,269.08,0.005155024280911524,5155.024280911524,0.00048424003187938914,0.006435731695198753,14487.510715143486
2018-03-05,272.19,0.011557900995986303,11557.900995986303,0.0005167718813728026,0.006438715398121113,14461.919996600274
2018-03-06,272.88,0.0025349939380578945,2534.9939380578944,0.0005749508161379518,0.00647255311987328,14482.459373895666
2018-03-07,272.78,-0.00036646144825569493,-366.4614482556949,0.0005925169522277361,0.006471886842820474,14463.343245600563
2018-03-08,274.1,0.004839064447540231,4839.064447540231,0.0005859783976082001,0.00647202721817323,14470.20836212355
2018-03-09,278.87,0.017402407880335646,17402.407880335646,0.0005913179366615551,0.006474994427564466,14471.771584329332
2018-03-12,278.52,-0.0012550650840894573,-1255.0650840894573,0.0006589081311009842,0.006561701530788225,14605.892275138733
2018-03-13,276.72,-0.006462731581214798,-6462.731581214798,0.0006691942077563424,0.006556655473501431,14583.867313841954
2018-03-14,275.3,-0.005131540907776899,-5131.540907776899,0.0006087295203508587,0.006552428411607041,14634.498384795985
2018-03-15,275.0,-0.0010897203051217774,-1089.7203051217775,0.0005960711114801614,0.00656047608936045,14665.87849169929
2018-03-16,274.2,-0.0029090909090909722,-2909.090909090972,0.0006160329280121059,0.006547660240852512,14616.102553236875
2018-03-19,270.49,-0.01353026987600281,-13530.269876002809,0.000608784194633515,0.006550566669648169,14630.112651065294
2018-03-20,270.95,0.0017006173980553818,1700.6173980553817,0.0006060209729662232,0.006556405417908793,14646.458832335746
2018-03-21,270.43,-0.0019191732792027683,-1919.1732792027683,0.0006034108724989738,0.0065558369570007675,14647.746494978137
2018-03-22,263.67,-0.024997226639056236,-24997.226639056236,0.0006000025761723285,0.006556930321887194,14653.698338383869
2018-03-23,258.05,-0.021314521940304143,-21314.521940304145,0.0005029192800079332,0.006753384686871069,15207.802828874546
2018-03-26,265.11,0.027359038945940606,27359.038945940607,0.00042176621234421097,0.006892303748588242,15612.129960427766
2018-03-27,260.6,-0.01701180641997657,-17011.806419976572,0.0005020952711328532,0.007086802947302844,15984.273699071482
2018-03-28,259.83,-0.002954719877206635,-2954.7198772066354,0.0004303084568076976,0.0071727766032277755,16256.06514508112
2018-03-29,263.15,0.012777585344263542,12777.585344263542,0.0004057528871400873,0.0071738190417186,16283.045789315678
2018-04-02,257.47,-0.021584647539426016,-21584.647539426016,0.0004661738214326263,0.007214202390195439,16316.570571898885
2018-04-03,260.77,0.01281702722647271,12817.02722647271,0.00038679204810702526,0.007346538124016761,16703.811298259352
2018-04-04,263.56,0.010699083483529659,10699.08348352966,0.0004355105458286217,0.007388471576605278,16752.644598818246
2018-04-05,265.64,0.00789194111397773,7891.941113977729,0.0004901974861836678,0.007413697905582935,16756.64287525023
2018-04-06,259.72,-0.02228580033127525,-22285.80033127525,0.0005105206812554748,0.007427037875061155,16767.353089813845
2018-04-09,261.0,0.004928384413984244,4928.384413984244,0.00042545495189775417,0.007565134742819624,17173.680173893183
2018-04-10,265.15,0.015900383141762342,15900.383141762342,0.0004427875371727388,0.007570487269886216,17168.799428580303
2018-04-11,263.76,-0.005242315670375253,-5242.315670375253,0.000511148141720752,0.00763259256054301,17244.917334918413
2018-04-12,265.93,0.00822717622080682,8227.17622080682,0.0005077063188418544,0.007635001488791373,17253.96316290661
2018-04-13,265.15,-0.0029331026961983975,-2933.1026961983976,0.00056659459899321,0.007637548739220286,17201.00067337521
2018-04-16,267.33,0.008221761267207306,8221.761267207306,0.0005194228522658765,0.007622525091392691,17213.222188918477
2018-04-17,270.19,0.010698387760445849,10698.387760445848,0.0005642466326376003,0.0076347776911537485,17196.90221795236
2018-04-18,270.39,0.0007402198452939324,740.2198452939324,0.0006143946968704728,0.007660063352187499,17205.57739750907
2018-04-19,268.89,-0.005547542438699704,-5547.542438699704,0.0005847990306724848,0.007645152593896097,17200.48545285552
2018-04-20,266.61,-0.008479303804529659,-8479.303804529658,0.0005753563751524102,0.007651285152551533,17224.194573166096
2018-04-23,266.57,-0.00015003188177498128,-150.0318817749813,0.0004974475149366362,0.0076438911037170635,17284.902303595252
2018-04-24,262.98,-0.013467381925948096,-13467.381925948097,0.0004735729429182429,0.007636522021806858,17291.633827578204
2018-04-25,263.63,0.0024716708494940676,2471.6708494940676,0.00042221861119013716,0.007686967106476679,17460.340974783758
2018-04-26,266.31,0.010165762621856311,10165.762621856311,0.0004287495898901272,0.007688016102525626,17456.25032581211
2018-04-27,266.56,0.0009387555855957519,938.7555855957519,0.0004781301592375691,0.007710809650406838,17459.895478119975
2018-04-30,264.51,-0.007690576230492185,-7690.5762304921855,0.000471804536418662,0.007709776316562108,17463.817206946023
2018-05-01,264.98,0.0017768704396809998,1776.8704396809999,0.0004395339358707506,0.007727039365068682,17536.247663686667
2018-05-02,263.2,-0.006717488112310432,-6717.488112310432,0.0004514996494006356,0.007726783818007972,17523.687458795383
2018-05-03,262.62,-0.0022036474164133235,-2203.6474164133233,0.00041993328635092376,0.00773992854485844,17585.833029208527
2018-05-04,266.02,0.012946462569491946,12946.462569491945,0.0003953706651892075,0.007738465832683336,17606.992873011357
2018-05-07,266.92,0.0033832042703556553,3383.2042703556554,0.00044782401651014545,0.0077789762637929995,17648.78087697886
2018-05-08,266.92,0.0,0.0,0.00046502870207191507,0.007780699663967624,17635.585419749452
2018-05-09,269.5,0.009665817473400118,9665.817473400119,0.00045784527407325147,0.0077802950500215915,17641.827574954954
2018-05-10,272.02,0.00935064935064922,9350.64935064922,0.000504679636642051,0.007800396465655081,17641.756097910333
2018-05-11,272.85,0.0030512462318947886,3051.2462318947887,0.0005487661675395095,0.007819174207218393,17641.353126177975
2018-05-14,272.98,0.000476452263148186,476.45226314818603,0.0005388772533960365,0.0078144192919126,17640.18045320857
2018-05-15,271.1,-0.006886951425012833,-6886.951425012833,0.0005444451515039765,0.007813874730359384,17633.345715489024
2018-05-16,272.24,0.0042050903725561195,4205.090372556119,0.0005878736870235191,0.007741658741277672,17421.917667297483
2018-05-17,272.01,-0.0008448427857773444,-844.8427857773444,0.0005885800632707614,0.00774198198638585,17421.963271620447
2018-05-18,271.33,-0.002499908091614267,-2499.908091614267,0.0005591838825656299,0.007733377578460771,17431.34260624169
2018-05-21,273.37,0.0075185198835368006,7518.519883536801,0.0005288745695311352,0.0077304465040802465,17454.833220622393
2018-05-22,272.61,-0.0027801148626402927,-2780.114862640293,0.0005500976136611406,0.007742361971594959,17461.32969901344
2018-05-23,273.36,0.002751183008693703,2751.183008693703,0.0005296457649166823,0.0077443866456934985,17486.491644042668
2018-05-24,272.8,-0.0020485806262803274,-2048.5806262803276,0.0005215324220584776,0.007740978154924984,17486.67565164785
2018-05-25,272.15,-0.0023826979472142407,-2382.6979472142407,0.0005141653662641437,0.0077425503452291985,17497.700169013977
2018-05-29,269.02,-0.011501010472166118,-11501.010472166117,0.0005081098133979629,0.007744228167006588,17507.65891900501
2018-05-30,272.61,0.013344732733625797,13344.732733625797,0.0004630995603291743,0.007781255026366384,17638.80652762787
2018-05-31,270.94,-0.00612596749935812,-6125.96749935812,0.00048466934613445244,0.00780952120929598,17682.993716388108
2018-06-01,273.6,0.009817671809256856,9817.671809256855,0.0004468518666695647,0.007818581235030507,17741.887967459268
2018-06-04,274.9,0.004751461988304007,4751.461988304007,0.0004890713191111624,0.007840628306337239,17750.957672480912
2018-06-05,275.1,0.0007275372862860507,727.5372862860507,0.0005208645763844326,0.007841736971947195,17721.743557092384
2018-06-06,277.4,0.008360596146855581,8360.596146855582,0.0005163737140580093,0.007841294060683634,17725.204053742436
2018-06-07,277.37,-0.00010814708002870876,-108.14708002870876,0.0005478461405070418,0.007856972160374613,17730.204341178513
2018-06-08,278.19,0.0029563399069834073,2956.339906983407,0.0005534845998528555,0.00785598958386342,17722.280067054802
2018-06-11,278.56,0.0013300262410582686,1330.0262410582686,0.0005661316184101675,0.007857307833642382,17712.699756068232
2018-06-12,278.92,0.001292360712234375,1292.360712234375,0.0005518922230456691,0.007852664960662767,17716.13821374716
2018-06-13,278.03,-0.003190879105119948,-3190.8791051199482,0.0005621322036169536,0.007851951846249766,17704.239280977246
2018-06-14,278.73,0.002517713915764608,2517.713915764608,0.0005570660340684031,0.00785397092178668,17714.00252260862
2018-06-15,277.13,-0.00574032217558218,-5740.32217558218,0.0005856789580745722,0.007848005526853654,17671.512014782194
2018-06-18,276.56,-0.0020567964493197755,-2056.7964493197755,0.0005294173066950258,0.007842714612294615,17715.465158325587
2018-06-19,275.5,-0.00383280300838873,-3832.8030083887297,0.0005481663327836292,0.007830850379841528,17669.11580029262
2018-06-20,275.97,0.0017059891107078506,1705.9891107078506,0.0005338227344285241,0.007835595210128008,17694.49752449736
2018-06-21,274.24,-0.00626879733304353,-6268.79733304353,0.0005424577631084411,0.007835693097603423,17686.09021613777
2018-06-22,274.74,0.0018232205367560983,1823.2205367560982,0.0005126057660016005,0.00784740745404816,17743.19388145558
2018-06-25,271.0,-0.013612870350149242,-13612.870350149242,0.0005172663115385809,0.0078478401732049,17739.53999120894
2018-06-26,271.6,0.0022140221402215943,2214.0221402215943,0.0004950397469039829,0.007880022190902922,17836.63312429768
2018-06-27,269.35,-0.008284241531664183,-8284.241531664182,0.00046809423599526354,0.007862491137036194,17822.79530531384
2018-06-28,270.89,0.005717467978466617,5717.467978466617,0.0004701127177309421,0.007860169551146014,17815.376007178136
2018-06-29,271.28,0.0014396987707185893,1439.6987707185892,0.00048552454116749334,0.007866689235966813,17815.131238663867
2018-07-02,271.86,0.002138012385727084,2138.0123857270837,0.00048450087140338696,0.007866547787437634,17815.825849942834
2018-07-03,270.9,-0.003531229309203354,-3531.229309203354,0.0004838047478733416,0.00786639311438649,17816.16215014918
2018-07-05,273.11,0.0081579918789223,8157.991878922299,0.0005062576615052516,0.00784678739775794,17748.099519319392
2018-07-06,275.42,0.008458130423638854,8458.130423638855,0.0005129490761213353,0.007852617519229152,17754.97099539326
2018-07-09,277.9,0.009004429598431285,9004.429598431285,0.0005424860296857026,0.007868607245413517,17762.63170734439
2018-07-10,278.9,0.003598416696653395,3598.416696653395,0.0005814744127656515,0.00788634192866458,17764.90036694234
2018-07-11,276.86,-0.007314449623520791,-7314.449623520792,0.0005658090350004667,0.007876397814326681,17757.43227545833
2018-07-12,279.37,0.009065953911724378,9065.953911724378,0.0005298302004832695,0.007891815151126406,17829.27719866294
2018-07-13,279.59,0.0007874861295056323,787.4861295056323,0.0005474376050345118,0.00790597393506909,17844.608051035764
2018-07-16,279.34,-0.0008941664580278674,-894.1664580278674,0.000551076228490472,0.007905873847294832,17840.736588598942
2018-07-17,280.47,0.004045249516718252,4045.2495167182524,0.0005453816951879901,0.007906402172642726,17847.660190451297
2018-07-18,281.06,0.002103611794487703,2103.6117944877033,0.0005399067460107045,0.007903490637194689,17846.36189532885
2018-07-19,280.0,-0.003771436703906672,-3771.436703906672,0.0005465397445470104,0.00790410679041996,17841.162283538237
2018-07-20,279.68,-0.0011428571428571122,-1142.8571428571122,0.00053501530894142,0.007908309458293121,17862.463586615857
2018-07-23,280.2,0.0018592677345536934,1859.2677345536933,0.0005314160125799723,0.007908869740257589,17867.366293734205
2018-07-24,281.61,0.005032119914347044,5032.119914347044,0.0005291293982414671,0.007908400973677829,17868.562393936463
2018-07-25,284.01,0.008522424629807013,8522.424629807012,0.0005490962094807803,0.00791346194268204,17860.369157180685
2018-07-26,283.34,-0.002359071863666795,-2359.0718636667953,0.0005869041313359018,0.00792893316285261,17858.552675478186
2018-07-27,281.42,-0.00677631114561994,-6776.311145619939,0.0005821604005155386,0.007930345027256145,17866.58089405215
2018-07-30,279.95,-0.0052235093454623405,-5223.50934546234,0.0005573231888195354,0.007943670912455427,17922.418750451216
2018-07-31,281.33,0.004929451687801345,4929.451687801345,0.0005275139672580855,0.007951352348831174,17970.097665194964
2018-08-01,280.86,-0.001670635908008311,-1670.6359080083112,0.0005452909685750353,0.007956223928153393,17963.653652077475
2018-08-02,282.39,0.005447553941465344,5447.553941465344,0.0005463678817810234,0.007955904413780787,17961.833437290054
2018-08-03,283.6,0.004284854279542616,4284.854279542616,0.0005608694678092751,0.007961541282103435,17960.445167900438
2018-08-06,284.64,0.0036671368124117087,3667.136812411709,0.0005705718371120785,0.007964607318039213,17957.875464778568
2018-08-07,285.58,0.003302417088251852,3302.4170882518524,0.0005950842541321699,0.007964669911377946,17933.508661638967
2018-08-08,285.46,-0.0004201974928216279,-420.19749282162786,0.0006084556955176126,0.007966404556903709,17924.172609184596
2018-08-09,285.07,-0.0013662159321795597,-1366.2159321795598,0.0006632359773360128,0.0079116498564078,17742.0138462738
2018-08-10,283.16,-0.006700108745220312,-6700.108745220312,0.0006518636636565231,0.007912518933842113,17755.407936394975
2018-08-13,282.1,-0.0037434665913265164,-3743.466591326516,0.000585410598821472,0.007904184481409024,17802.472165531017
2018-08-14,283.9,0.006380716058135283,6380.716058135283,0.0005709234688883877,0.007908803409787042,17827.70452967665
2018-08-15,281.78,-0.007467418104966539,-7467.4181049665385,0.0005894689285531629,0.007916997738889495,17828.221930098556
2018-08-16,284.06,0.008091418837391062,8091.418837391062,0.0006219625832572943,0.0078668338891469,17679.029710192037
2018-08-17,285.06,0.003520383017672213,3520.3830176722126,0.0006605810867774951,0.00787975055862025,17670.459873240852
2018-08-20,285.67,0.002139900371851633,2139.900371851633,0.0006715313098786319,0.007881822994073837,17664.33085595125
2018-08-21,286.34,0.0023453635313472887,2345.3635313472887,0.0006382629986447546,0.007857870159100354,17641.876540467318
2018-08-22,286.17,-0.0005936997974435032,-593.6997974435033,0.0006619860433829206,0.007854019236355784,17609.194909789225
2018-08-23,285.79,-0.0013278820281650283,-1327.8820281650283,0.0006689341097476115,0.007852129205849783,17597.849974975023
2018-08-24,287.51,0.006018405122642401,6018.405122642401,0.0006542779363626043,0.00785242429517297,17613.19262877968
2018-08-27,289.78,0.007895377552085137,7895.377552085137,0.0006781879978083585,0.007859646300737592,17606.0834646255
2018-08-28,289.92,0.0004831251294086236,483.1251294086236,0.0007051900420151456,0.007872840740971275,17609.776278405498
2018-08-29,291.48,0.005380794701986824,5380.794701986824,0.0006881721647504642,0.007868686437674566,17617.12980102776
2018-08-30,290.3,-0.004048305201042934,-4048.305201042934,0.0006856312811219251,0.007867061502371878,17615.890519869434
2018-08-31,290.31,3.444712366507119e-05,34.44712366507119,0.0006637812661038462,0.007872613682531476,17650.656837398088
2018-09-04,289.81,-0.0017222968550859585,-1722.2968550859584,0.0006926472663480223,0.007856944882308,17585.33975706526
2018-09-05,289.03,-0.0026914185155793025,-2691.4185155793025,0.0006721028728803731,0.007856515954958556,17604.88631630541
2018-09-06,288.16,-0.0030100681590145006,-3010.0681590145005,0.0006618232255495262,0.007859239296321817,17621.501403026963
2018-09-07,287.6,-0.0019433647973348123,-1943.3647973348122,0.0006544817822568473,0.007861818516072415,17634.843008703134
2018-09-10,288.1,0.00173852573018074,1738.52573018074,0.0006040446844917921,0.007837742982109736,17629.27203921771
2018-09-11,289.05,0.0032974661575841946,3297.4661575841947,0.0005975161823806143,0.007836108837948795,17631.99895353421
2018-09-12,289.12,0.0002421726344923325,242.17263449233252,0.0006087864309341669,0.007837964956698676,17625.04668288841
2018-09-13,290.83,0.005914499169894727,5914.499169894727,0.0006110342516636056,0.007837778164673495,17622.364318928303
2018-09-14,290.88,0.0001719217412234908,171.9217412234908,0.0006490870662087529,0.00784035070853934,17590.29613633634
2018-09-17,289.34,-0.005294279427942916,-5294.279427942916,0.0006412671886646377,0.007839845759914673,17596.941327720964
2018-09-18,290.91,0.005426142254786992,5426.1422547869915,0.0006160855859296399,0.007848790583857419,17642.931702618836
2018-09-19,291.22,0.001065621669932293,1065.621669932293,0.0006363499821280492,0.007854664620722021,17636.33235959243
2018-09-20,293.58,0.008103839022045145,8103.839022045145,0.0006513298966251023,0.007851886321321359,17614.889154191198
2018-09-21,291.99,-0.005415900265685614,-5415.900265685614,0.0006829432959387529,0.007865961534604716,17616.019597375955
2018-09-24,291.02,-0.003322031576423967,-3322.031576423967,0.0006694580143115458,0.007873542553252169,17647.14096561673
2018-09-25,290.75,-0.000927771287196677,-927.771287196677,0.000653759571852714,0.007877587881845075,17672.250249647463
2018-09-26,289.88,-0.0029922613929492803,-2992.2613929492804,0.0006344711621495676,0.007875524650924785,17686.738866485535
2018-09-27,290.69,0.002794259693666312,2794.259693666312,0.0006177030763858094,0.007878778264571904,17711.075989440225
2018-09-28,290.72,0.00010320272455199841,103.20272455199841,0.0006148197996022562,0.007877845536110857,17711.789415351363
2018-10-01,291.73,0.0034741331865713043,3474.133186571304,0.0005978779952077042,0.00787435856466589,17720.619311138074
2018-10-02,291.56,-0.0005827306070682603,-582.7306070682603,0.0006032139699324288,0.007875859699011617,17718.77549710718
2018-10-03,291.72,0.000548772122376251,548.772122376251,0.0005961373384161233,0.007876128373481856,17726.477158906135
2018-10-04,289.44,-0.007815713698066773,-7815.713698066773,0.0005746320002979494,0.007868856014782539,17731.06446082489
2018-10-05,287.82,-0.005597014925373123,-5597.014925373122,0.0005479242385709457,0.007886007298671347,17797.672075363695
2018-10-08,287.82,0.0,0.0,0.0005321407312930883,0.007894370621506852,17832.91158093985
2018-10-09,287.4,-0.0014592453616844026,-1459.2453616844025,0.0005215874727776324,0.007893307152309069,17840.99084014793
2018-10-10,278.3,-0.03166318719554617,-31663.187195546172,0.0005094666173225688,0.007894015811332386,17854.76028301531
2018-10-11,272.17,-0.022026590010779667,-22026.590010779666,0.00038877418537827956,0.008151180890087489,18573.70814919908
2018-10-12,275.95,0.013888378586912387,13888.378586912386,0.00029579820547967906,0.008273341451789998,18950.872092105947
2018-10-15,274.4,-0.005616959594129445,-5616.959594129445,0.00034601734053727194,0.008317651247123414,19003.73295522143
2018-10-16,280.4,0.02186588921282806,21865.88921282806,0.0003207291801739935,0.008326161300801525,19048.818460866758
2018-10-17,280.45,0.00017831669044232612,178.31669044232612,0.00040427838308942254,0.008436850600176847,19222.771074232176
2018-10-18,276.4,-0.014441076840791656,-14441.076840791655,0.0004038967022522555,0.008436858687944072,19223.17157002943
2018-10-19,276.25,-0.0005426917510853446,-542.6917510853447,0.0003254904620535597,0.008483429817403788,19409.918458238422
2018-10-22,275.01,-0.004488687782805423,-4488.687782805423,0.0003388772385131054,0.008479391634824397,19387.13746432032
2018-10-23,273.61,-0.005090723973673605,-5090.7239736736055,0.0003138942573244865,0.008484395942575801,19423.762206207462
2018-10-24,265.32,-0.030298600197361303,-30298.600197361302,0.00031333179797485,0.008484750966163138,19425.150573924737
2018-10-25,270.08,0.0179406000301523,17940.600030152298,0.00018696680687634392,0.008702558833836827,20058.2124349353
2018-10-26,265.33,-0.017587381516587675,-17587.381516587673,0.00022602441081512082,0.008760279176338412,20153.43242706399
2018-10-29,263.86,-0.005540270606414488,-5540.270606414488,0.0001705753542687729,0.008828990577644804,20368.72810596183
2018-10-30,267.77,0.014818464337148285,14818.464337148285,0.00014218252890251204,0.00883592180799245,20413.245384311824
2018-10-31,270.63,0.010680808156253496,10680.808156253495,0.00019616764427171507,0.008884257381866982,20471.70562846618
2018-11-01,273.51,0.010641835716661108,10641.835716661108,0.00023733741850999568,0.008908964910196384,20488.01416022981
2018-11-02,271.89,-0.005923000987166804,-5923.000987166804,0.00026655020568736634,0.008931121179249553,20510.344562460956
2018-11-05,273.39,0.005516936996579513,5516.936996579513,0.00023666744917533977,0.008939311770780263,20559.28148416759
2018-11-06,275.12,0.0063279563992830745,6327.9563992830745,0.0002615167308684381,0.008945342867401038,20548.462631276365
2018-11-07,281.01,0.02140883977900554,21408.83977900554,0.0002800245204351066,0.00895311628511708,20548.038515487442
2018-11-08,280.5,-0.001814882032667886,-1814.882032667886,0.0003801710910057232,0.00904874414902634,20670.355622821204
2018-11-09,277.76,-0.00976827094474153,-9768.270944741531,0.0003741510562321424,0.00904970565423732,20678.612453198224
2018-11-12,272.57,-0.018685195852534586,-18685.195852534587,0.00033135833976690376,0.009072332712025514,20774.043577444827
2018-11-13,272.06,-0.001871078988883501,-1871.078988883501,0.0002659079988140869,0.00915024366738144,21020.741903754395
2018-11-14,270.2,-0.006836727192531145,-6836.727192531144,0.0002784446350177898,0.009145138343464348,20996.328508109873
2018-11-15,273.02,0.010436713545521892,10436.713545521892,0.00021709367071810615,0.00914120142615191,21048.52083318949
2018-11-16,273.73,0.0026005420848291827,2600.542084829183,0.00027059522291272175,0.009161775723704439,21042.882254366086
2018-11-19,269.1,-0.016914477770065384,-16914.477770065383,0.0002741719821152979,0.009162513010930521,21041.020681734462
2018-11-20,264.12,-0.018506131549609894,-18506.131549609894,0.00018034295218099096,0.009218000721891818,21263.933430098976
2018-11-21,265.02,0.0034075420263515177,3407.5420263515175,0.00010985702362092243,0.009293241670089854,21509.455978540365
2018-11-23,263.25,-0.006678741227077123,-6678.741227077123,0.00011424789391296164,0.009294544518477665,21508.095986825505
2018-11-26,267.5,0.01614434947768273,16144.349477682728,8.953016360290178e-05,0.009304394263856201,21555.727651356763
2018-11-27,268.4,0.0033644859813082295,3364.4859813082294,0.000113528074137081,0.009338109023524182,21610.16200029999
2018-11-28,274.58,0.023025335320417284,23025.335320417285,0.00012942068158420739,0.009340255703080703,21599.26331627543
2018-11-29,273.98,-0.002185155510233683,-2185.155510233683,0.00018650241950094948,0.00943629308963447,21765.597948396477
2018-11-30,275.65,0.006095335425943427,6095.335425943426,0.00018606337098554216,0.009436401305843872,21766.288745460562
2018-12-03,279.3,0.013241429348812117,13241.429348812117,0.0002152847641148621,0.009443369303455683,21753.2773387618
2018-12-04,270.25,-0.0324024346580738,-32402.4346580738,0.00028263679180010824,0.00947606259227393,21761.981274014288
2018-12-06,269.84,-0.0015171137835338078,-1517.1137835338077,0.00015226714587650213,0.009698921616367467,22410.798536848706
2018-12-07,263.57,-0.02323599169878443,-23235.99169878443,0.00013358662570665868,0.009697616182589193,22426.442163923766
2018-12-10,264.07,0.0018970292521911514,1897.0292521911513,1.883026068377802e-05,0.00980358181080998,22787.711442879474
2018-12-11,264.13,0.00022721248153900753,227.2124815390075,1.4366100942137195e-05,0.009802466914838532,22789.58196674816
2018-12-12,265.46,0.005035399235225002,5035.3992352250025,8.215508864613419e-06,0.009801846531634921,22794.289331678876
2018-12-13,265.37,-0.0003390341294355892,-339.0341294355892,2.880691463675955e-05,0.009806997885909472,22785.68176797176
2018-12-14,260.47,-0.01846478501714577,-18464.78501714577,4.379567034019782e-05,0.009803546269624175,22762.663352061016
2018-12-17,255.36,-0.019618382155334624,-19618.382155334624,-4.286178336235302e-05,0.009871056543001707,23006.373186711306
2018-12-18,255.08,-0.0010964912280702066,-1096.4912280702065,-0.0001467002138635456,0.009939930099301757,23270.43546848875
2018-12-19,251.26,-0.014975693899953013,-14975.693899953014,-0.00013572450838059957,0.009937349695298445,23253.456845638535
2018-12-20,247.17,-0.01627795908620555,-16277.959086205552,-0.0001935312402629279,0.009981552732572998,23414.095219310668
2018-12-21,240.7,-0.02617631589594205,-26176.315895942047,-0.00026688185127726304,0.010032177960257661,23605.21772112205
2018-12-24,234.34,-0.026422933111757363,-26422.933111757364,-0.00037054069883591723,0.010165125931860182,24018.159799776273
2018-12-26,246.18,0.05052487838183839,50524.87838183839,-0.0004714475634275397,0.01029770052269933,24427.481281918383
2018-12-27,248.07,0.00767730928588839,7677.309285888389,-0.00027129423052071823,0.010790876063538589,25374.625819971912
2018-12-28,247.75,-0.0012899584794614505,-1289.9584794614505,-0.00024881483027676057,0.010801595044863178,25377.082499144293
2018-12-31,249.92,0.00875882946518658,8758.82946518658,-0.00023889272146119112,0.010799486196544599,25362.254475526122
2019-01-02,250.18,0.0010403329065302724,1040.3329065302723,-0.00023248664739869085,0.010804365015116524,25367.19823067625
2019-01-03,244.21,-0.02386281877048524,-23862.81877048524,-0.000253625758530319,0.010796650494439022,25370.39068303053
2019-01-04,252.39,0.03349576184431413,33495.76184431413,-0.00036593657441160945,0.010895564992053288,25712.811030148587
2019-01-07,254.38,0.007884623004080993,7884.623004080993,-0.0002586093939022884,0.011095412432742867,26070.39851841997
2019-01-08,256.77,0.009395392719553364,9395.392719553363,-0.00023438565574449743,0.01110659285562208,26072.184333258112
2019-01-09,257.97,0.00467344315924767,4673.44315924767,-0.0002058578231840409,0.011122182848328357,26079.924247086215
2019-01-10,258.88,0.0035275419622435855,3527.5419622435857,-0.00018104472367300596,0.011126136172355852,26064.30795452194
2019-01-11,258.98,0.000386279357231345,386.279357231345,-0.00019611885467125224,0.01111851545920413,26061.653655681002
2019-01-14,257.4,-0.006100857209051069,-6100.85720905107,-0.000220649356538285,0.011110402941376208,26067.311618945932
2019-01-15,260.35,0.011460761460761582,11460.761460761581,-0.00023137978595019472,0.011114798149173504,26088.266830673045
2019-01-16,260.98,0.002419819473785223,2419.819473785223,-0.0002236636130536769,0.011122270241411556,26097.93334366916
2019-01-17,262.96,0.0075867882596365455,7586.788259636545,-0.00020726068435920775,0.011123136295196215,26083.54515735544
2019-01-18,266.46,0.01331000912686342,13310.00912686342,-0.00019511228463441155,0.011130008973620152,26087.38499847113
2019-01-22,262.86,-0.013510470614726322,-13510.470614726322,-0.0001743960525561863,0.01115036972762625,26114.03496318886
2019-01-23,263.41,0.0020923685612113108,2092.368561211311,-0.00023692780023848136,0.01118122947916933,26248.35722826683
2019-01-24,263.55,0.0005314908317830547,531.4908317830547,-0.00022700514727218434,0.011182195287166538,26240.681380681566
2019-01-25,265.78,0.008461392525137335,8461.392525137335,-0.00022657421890514805,0.01118222254218066,26240.31385695869
2019-01-28,263.76,-0.007600270900744888,-7600.2709007448875,-0.00023903997954939226,0.011170741516250492,26226.070757338483
2019-01-29,263.41,-0.001326963906581602,-1326.9639065816018,-0.00024292141767815912,0.011173139361893214,26235.53041858047
2019-01-30,267.58,0.015830834060969412,15830.834060969411,-0.00020720075005030525,0.011155255847656349,26158.206475627307
2019-01-31,269.93,0.008782420210778241,8782.42021077824,-0.0001458649209046672,0.011201204008379283,26203.762052495556
2019-02-01,270.06,0.00048160634238514355,481.60634238514353,-0.00010619462282139836,0.011215239557886609,26196.74332516965
2019-02-04,271.96,0.007035473598459463,7035.473598459463,-1.7188149152973066e-05,0.01113059786011077,25910.830817825194
2019-02-05,273.1,0.004191792910722247,4191.792910722247,0.00017824363451296454,0.010818170760071326,24988.58491418975
2019-02-06,272.74,-0.001318198462101794,-1318.198462101794,0.00011620203110186233,0.010750013260276964,24892.0684628543
2019-02-07,270.14,-0.009532888465205058,-9532.888465205058,0.0001326287876566057,0.010744648403579636,24863.161183327193
2019-02-08,270.47,0.0012215888058044744,1221.5888058044743,0.0002445327252591549,0.01049379790323336,24167.691717542006
2019-02-11,270.62,0.0005545901578731804,554.5901578731805,0.00018933291039348576,0.010451967336420185,24125.57908223192
2019-02-12,274.1,0.012859359988175445,12859.359988175445,0.00013281322131178586,0.01041139440756983,24087.71202453898
2019-02-13,274.99,0.0032469901495804088,3246.990149580409,0.00017430116250817429,0.01044143679133077,24116.11311893598
2019-02-14,274.38,-0.002218262482272082,-2218.262482272082,0.00013330416070048167,0.010408990577007848,24081.62893903287
2019-02-15,277.37,0.010897295721262523,10897.295721262522,7.339064191127243e-05,0.01037908388168905,24071.969080747604
2019-02-19,277.85,0.001730540433356298,1730.5404333562979,0.00011580779241892713,0.010401629286038315,24082.000383717255
2019-02-20,278.41,0.002015475976246295,2015.4759762462947,0.00014777480787429642,0.01039423004686939,24032.82016395174
2019-02-21,277.42,-0.0035559067562228597,-3555.9067562228597,0.00017573354302467513,0.010389797035547549,23994.548702337193
2019-02-22,279.14,0.0061999855814287574,6199.9855814287575,0.00015632569085629244,0.010392227281094962,24019.6101510682
2019-02-25,279.52,0.0013613240667764703,1361.3240667764703,0.00011736823673230346,0.01035099691634055,23962.651433799834
2019-02-26,279.32,-0.0007155123068116609,-715.5123068116609,7.636455043597889e-05,0.01032555142539089,23944.460056321488
2019-02-27,279.2,-0.0004296147787483662,-429.6147787483662,0.00012344852495828196,0.010294827175398313,23825.900788147457
2019-02-28,278.68,-0.0018624641833809852,-1862.464183380985,0.00016225041711683775,0.01027428607844753,23739.313158766985
2019-03-01,280.42,0.006243720396153396,6243.720396153396,0.00021296363787273,0.010232626646115107,23591.68560617081
2019-03-04,279.4,-0.003637401041295285,-3637.4010412952853,0.00021731842233369748,0.010234969721392715,23592.781629900623
2019-03-05,279.02,-0.0013600572655690923,-1360.0572655690924,0.00015653721418457112,0.010212446763311817,23601.16660240114
2019-03-06,277.33,-0.006056913482904491,-6056.9134829044915,0.00014095700937006317,0.010211774735953992,23615.183437800475
2019-03-07,275.01,-0.008365485162081243,-8365.485162081242,0.00011819520123146799,0.01021924950902115,23655.334168372792
2019-03-08,274.46,-0.0019999272753717934,-1999.9272753717935,6.537700279298208e-05,0.01022887103439327,23730.535381905738
2019-03-11,278.44,0.014501202360999832,14501.202360999832,-1.2232337829847673e-05,0.01017023926232844,23671.746824234302
2019-03-12,279.49,0.0037710099123688945,3771.0099123688947,5.0792731950509484e-05,0.01021124468972888,23704.114643311095
2019-03-13,281.34,0.006619199255787134,6619.199255787134,9.172769792484426e-05,0.010205539308015908,23649.906974718197
2019-03-14,281.16,-0.0006397952655148309,-639.7952655148309,0.00013873065857910037,0.010208445621491603,23609.66511023942
2019-03-15,281.31,0.0005335040546308178,533.5040546308178,0.00014053035873752817,0.010208267839969223,23607.451828414356
2019-03-18,282.33,0.003625893142796155,3625.8931427961547,0.00015430073859241532,0.010206459324446384,23589.474212317746
2019-03-19,282.4,0.00024793681153267855,247.93681153267855,0.0002229253906676112,0.010171696363056114,23439.97881891693
2019-03-20,281.55,-0.003009915014164144,-3009.915014164144,0.00021711466832152038,0.010171263743620308,23444.783117958264
2019-03-21,284.73,0.011294619072988787,11294.619072988788,0.00021275170138167486,0.010172417656765655,23451.830488290616
2019-03-22,279.25,-0.019246303515611296,-19246.303515611296,0.00035791908422985497,0.010069644739387583,23067.577547590987
2019-03-25,279.04,-0.0007520143240823396,-752.0143240823396,0.0003661919579286264,0.010052603068123037,23019.659818175835
2019-03-26,281.12,0.007454128440366858,7454.128440366859,0.0002537477448485346,0.00990560426226926,22790.133671771448
2019-03-27,279.65,-0.005229083665338696,-5229.083665338696,0.0003516114842899083,0.00985507019897174,22574.710121611246
2019-03-28,280.71,0.003790452351153162,3790.452351153162,0.00034251402913738004,0.009859183513445495,22593.376577145056
2019-03-29,282.48,0.006305439777706701,6305.439777706701,0.0003065654971649385,0.009830001939440067,22561.438616468804
2019-04-01,285.83,0.011859246672330626,11859.246672330626,0.0004181258464334694,0.009738396545228522,22236.77225312557
2019-04-02,285.97,0.0004898016303398478,489.8016303398478,0.0004142947242169011,0.009733686439042025,22229.646029828677
2019-04-03,286.42,0.0015735916354862045,1573.5916354862045,0.0003734575968041418,0.009711755427090416,22219.463994212245
2019-04-04,287.18,0.0026534459884086647,2653.4459884086646,0.00034818419889017573,0.009700325671794852,22218.147805193566
2019-04-05,288.57,0.004840169928267857,4840.169928267856,0.0004479411841689114,0.009594282167849027,21871.696739954623
2019-04-08,288.79,0.0007623800117824153,762.3800117824153,0.0004475883262260458,0.009594118345374505,21871.668489832166
2019-04-09,287.31,-0.005124831192215851,-5124.831192215851,0.0003870363137061261,0.009543837387793588,21815.24950357898
2019-04-10,288.29,0.003410949845115141,3410.949845115141,0.0003875062516187637,0.009543561974161101,21814.138857747927
2019-04-11,288.21,-0.0002774983523536889,-277.4983523536889,0.00036824134611599703,0.009532527744623048,21807.73430682316
2019-04-12,290.16,0.006765899864682234,6765.899864682235,0.00037886376349137587,0.009530313528860032,21791.960853314824
2019-04-15,289.97,-0.0006548111386820432,-654.8111386820432,0.00037304031788127555,0.009525945720247264,21787.62325664439
2019-04-16,290.16,0.0006552401972617083,655.2401972617083,0.000327627522284764,0.00950355987470113,21780.958788046046
2019-04-17,289.45,-0.0024469258340227285,-2446.9258340227284,0.0003272876036926351,0.009503546577783484,21781.267773382082
2019-04-18,290.02,0.0019692520297114324,1969.2520297114324,0.000339690070111343,0.009497870437354132,21755.660629742793
2019-04-22,290.27,0.0008620095165849939,862.0095165849939,0.00038148429344830734,0.009481883020561977,21676.674113339992
2019-04-23,292.88,0.008991628483825398,8991.628483825398,0.0003855324590417473,0.009481871224254734,21672.598505432277
2019-04-24,292.23,-0.0022193389784210815,-2219.3389784210817,0.00047536850068084123,0.009456454547507497,21523.634431877064
2019-04-25,292.05,-0.000615953187557805,-615.953187557805,0.00045660446136918065,0.009457131522683673,21543.9733509506
2019-04-26,293.41,0.004656736860126687,4656.736860126687,0.00041347759813152417,0.009437240268792486,21540.826237986486
2019-04-29,293.87,0.0015677720595752564,1567.7720595752564,0.00042834952322964794,0.009441000157073599,21534.70112099776
2019-04-30,294.02,0.0005104297818763204,510.42978187632036,0.0004653829163899177,0.009427173184368214,21465.501379279896
2019-05-01,291.81,-0.007516495476498131,-7516.49547649813,0.000460317153758699,0.00942680587494666,21469.712652419174
2019-05-02,291.18,-0.002158939035673879,-2158.939035673879,0.0004571211243019482,0.009429384278413479,21478.906945299375
2019-05-03,294.03,0.009787760148361802,9787.760148361802,0.00045729995782490596,0.009429334036619975,21478.61123188691
2019-05-06,292.82,-0.004115226337448541,-4115.226337448541,0.0004446651481403854,0.009414636803260277,21457.055163990815
2019-05-07,287.93,-0.01669967898367597,-16699.67898367597,0.0004146714257091686,0.009417181563318435,21492.968883573274
2019-05-08,287.53,-0.00138922654811946,-1389.22654811946,0.0003478727097744647,0.00947915857198174,21703.947681851267
2019-05-09,286.66,-0.0030257712238721535,-3025.7712238721533,0.0003036525336883864,0.009461284867400109,21706.587403282636
2019-05-10,288.1,0.005023372636572931,5023.372636572932,0.0002541468513903009,0.00944612415623739,21720.82399739838
2019-05-13,280.86,-0.025130163137799366,-25130.163137799365,0.0002620353570090135,0.009449292343981164,21720.30579860196
2019-05-14,283.4,0.009043651641386985,9043.651641386985,0.00015960889540522327,0.00958477023615361,22137.900966640656
2019-05-15,285.06,0.0058574453069866195,5857.4453069866195,0.00022333130767082256,0.009590688331682258,22087.946103326496
2019-05-16,287.7,0.009261208166701618,9261.208166701617,0.00022994072740854454,0.009594012163800797,22089.069073371407
2019-05-17,285.84,-0.006465067778936406,-6465.067778936406,0.0002703649312184604,0.009610741644272749,22087.563460891222
2019-05-20,283.95,-0.006612090680100713,-6612.090680100713,0.00025450429246917183,0.009618600440589884,22121.7063937454
2019-05-21,286.51,0.009015671773199507,9015.671773199507,0.00019798185021462178,0.009617261222469716,22175.113348773222
2019-05-22,285.63,-0.003071446022826385,-3071.446022826385,0.000245164996757981,0.009631516763264677,22161.09354925152
2019-05-23,282.14,-0.012218604488324125,-12218.604488324125,0.00022187448063190062,0.009632472449154165,22186.607323214863
2019-05-24,282.78,0.002268377401290156,2268.377401290156,0.00018119438518372544,0.009663524696101329,22299.525747332766
2019-05-28,280.15,-0.009300516302425899,-9300.516302425898,0.000199798686577743,0.009663045978388256,22279.80778200467
2019-05-29,278.27,-0.006710690701409949,-6710.69070140995,0.0002086006632567039,0.009653342351186495,22248.431792814412
2019-05-30,279.03,0.0027311603837998355,2731.1603837998355,0.0001283789695165609,0.009627036344527778,22267.456563889544
2019-05-31,275.27,-0.013475253556965217,-13475.253556965217,0.00016380748104919275,0.009620222424019916,22216.176502869563
2019-06-03,274.57,-0.002542957823228109,-2542.957823228109,7.063577958430445e-05,0.009639126641531492,22353.325990552916
2019-06-04,280.53,0.021706668609097868,21706.66860909787,4.145810033817598e-05,0.009635940450648372,22375.091481411808
2019-06-05,282.96,0.008662175168431263,8662.175168431264,0.00012537462562942325,0.009732802955582607,22516.510838548584
2019-06-06,284.8,0.006502685891998983,6502.685891998983,0.00012658094171572599,0.009733846389050343,22517.73191169165
2019-06-07,287.65,0.010007022471909988,10007.022471909988,0.00015302427360383675,0.00974218220619233,22510.6805902902
2019-06-10,288.97,0.004588910133843438,4588.9101338434375,0.00018122700386354306,0.009760518427615026,22525.134289755122
2019-06-11,288.9,-0.00024223967885961262,-242.2396788596126,0.00019426253943468375,0.009764234326469135,22520.74322758339
2019-06-12,288.39,-0.0017653167185877061,-1765.3167185877062,0.0001881241378703078,0.00976402359170907,22526.3913867867
2019-06-13,289.58,0.004126356669787334,4126.356669787335,0.00019382638741643676,0.009762458451133,22517.048075788858
2019-06-14,289.26,-0.001105048691207977,-1105.048691207977,0.00020026095843252766,0.009764526229212913,22515.42387591296
2019-06-17,289.37,0.00038028071631068805,380.28071631068804,0.00021880205237002448,0.009757599141395,22480.767965956966
2019-06-18,292.4,0.01047102325742122,10471.023257421219,0.00022855036103254633,0.00975653389953714,22468.541534163076
2019-06-19,293.06,0.0022571819425445394,2257.181942544539,0.0002857656660957861,0.009774545612654117,22453.227739617345
2019-06-20,295.86,0.009554357469460317,9554.357469460318,0.0002879704374231329,0.009774929405096076,22451.915803021424
2019-06-21,294.0,-0.0062867572500507896,-6286.7572500507895,0.0003512630566331483,0.009783527507066141,22408.625360050257
2019-06-24,293.64,-0.001224489795918382,-1224.489795918382,0.0003188231454859207,0.009792068911373812,22460.935548949958
2019-06-25,290.76,-0.00980792807519415,-9807.92807519415,0.00036837666770284414,0.00975254978934014,22319.44680120604
2019-06-26,290.47,-0.000997386160407121,-997.386160407121,0.0003202888668411812,0.009773030113625975,22415.178960929723
2019-06-27,291.5,0.0035459772093502373,3545.9772093502374,0.00034943628832620943,0.009758119513585276,22351.34429673934
2019-06-28,293.0,0.005145797598627766,5145.797598627766,0.00034075032524974393,0.009754287794078359,22351.116347286967
2019-07-01,295.66,0.00907849829351548,9078.49829351548,0.00035557472056138063,0.009758779861721622,22346.742063987283
2019-07-02,296.43,0.0026043428262192414,2604.3428262192415,0.0003833366641925342,0.009773731687404674,22353.763268246927
2019-07-03,298.8,0.007995142192085858,7995.1421920858575,0.0004078789527342246,0.009771565667686024,22324.182064337623
2019-07-05,298.46,-0.0011378848728247348,-1137.8848728247349,0.0004072275539868788,0.009771052364037846,22323.63934023429
2019-07-08,296.82,-0.0054948736849158575,-5494.873684915858,0.0003688434928010245,0.009758138321575743,22331.980846193164
2019-07-09,297.19,0.0012465467286570941,1246.5467286570943,0.0003108462796676359,0.009749691278155897,22370.32729782486
2019-07-10,298.61,0.004778088091793142,4778.088091793143,0.00030143879979565067,0.009747640805241063,22374.964664390645
2019-07-11,299.31,0.0023441947690967524,2344.194769096752,0.00034980895065690645,0.009739696961851412,22308.114370348158
2019-07-12,300.65,0.00447696368313788,4476.96368313788,0.0003229219140863959,0.00972480540350878,22300.358461827134
2019-07-15,300.75,0.00033261267254292015,332.61267254292017,0.0003376798243009249,0.009728312092896563,22293.758331014797
2019-07-16,299.71,-0.003458021612635198,-3458.021612635198,0.00034258694082320805,0.009727997632901214,22288.119671150867
2019-07-17,297.74,-0.006573020586566947,-6573.020586566947,0.00031257385630579425,0.009728102847402869,22318.37752120052
2019-07-18,298.83,0.003660912205279754,3660.912205279754,0.00027786732678157565,0.00973716078241346,22374.155958579828
2019-07-19,297.17,-0.005554997824850139,-5554.997824850138,0.0003075967224183214,0.009736093964522295,22341.94477340998
2019-07-22,297.9,0.002456506376821155,2456.506376821155,0.00028994815969034926,0.009742730422704744,22375.032046521854
2019-07-23,300.03,0.0071500503524672965,7150.050352467297,0.0002923371142594191,0.009743189982984702,22373.712189033056
2019-07-24,301.44,0.004699530046995415,4699.5300469954145,0.0003008088360119001,0.00974824724384112,22377.005415322375
2019-07-25,300.0,-0.004777070063694211,-4777.070063694211,0.0002855172576806537,0.009738291926415071,22369.13746212413
2019-07-26,302.01,0.006699999999999928,6699.999999999928,0.0002758452648805441,0.009742129071641226,22387.73598956349
2019-07-29,301.46,-0.0018211317506042768,-1821.1317506042767,0.00032975050946302355,0.009740234743848893,22329.42387954858
2019-07-30,300.72,-0.002454720360910101,-2454.720360910101,0.00034336001984245577,0.009734819783531688,22303.217287747204
2019-07-31,297.43,-0.010940409683426466,-10940.409683426466,0.00031382333164761,0.009732050979635323,22326.312774884107
2019-08-01,294.84,-0.008707931277947889,-8707.93127794789,0.0002767442365459374,0.009757268368711478,22422.05628945195
2019-08-02,292.62,-0.007529507529507429,-7529.507529507428,0.00022012229566828446,0.009768207760206774,22504.127060477986
2019-08-05,283.82,-0.03007313239013054,-30073.13239013054,0.00017286484843208428,0.00977703834652817,22571.927523429502
2019-08-06,287.8,0.01402297230639138,14022.972306391379,3.7903771621915275e-05,0.00995977573050246,23131.999324956047
2019-08-07,287.97,0.0005906879777624052,590.6879777624052,8.078599249447339e-05,0.009996897388446212,23175.474994121807
2019-08-08,293.62,0.019620099315900807,19620.099315900807,8.482953437680951e-05,0.00999689837831639,23171.43375502185
2019-08-09,291.62,-0.006811525100470006,-6811.525100470006,0.00016877479536913097,0.0100724914363678,23263.344243919673
2019-08-12,288.07,-0.012173376311638506,-12173.376311638507,0.00016832912994813222,0.01007279903631622,23264.505493826735
2019-08-13,292.55,0.015551775610094909,15551.775610094908,0.00013460949106688426,0.01010001990534592,23361.55034350477
2019-08-14,283.9,-0.029567595282857795,-29567.595282857794,0.00017129372927472274,0.010139375876994372,23416.42178627212
2019-08-15,284.65,0.002641775272983482,2641.775272983482,8.289302056315772e-05,0.010301289890853174,23881.49081690153
2019-08-16,288.85,0.014754962234323044,14754.962234323044,6.10944463055274e-05,0.010290034828974604,23877.10620188575
2019-08-19,292.33,0.01204777566210824,12047.77566210824,0.00010603276317213073,0.010329658160146953,23924.345537254354
2019-08-20,290.09,-0.007662573119419869,-7662.573119419869,0.00014566426433315716,0.010356464626555109,23947.075202232492
2019-08-21,292.45,0.008135406253231725,8135.406253231725,0.00010563251773008853,0.010367264434082625,24012.231058117246
2019-08-22,292.36,-0.00030774491366036827,-307.7449136603683,0.00014054894193278944,0.010379591924465508,24005.992664959027
2019-08-23,284.85,-0.025687508551101357,-25687.508551101357,0.00014462949039080808,0.010379212836306695,24001.030225568673
2019-08-26,288.0,0.011058451816745585,11058.451816745584,1.780583569583305e-05,0.010500155625545148,24409.20888088909
2019-08-27,286.87,-0.003923611111111058,-3923.611111111058,3.045813275447484e-05,0.010511585400311607,24423.146216059173
2019-08-28,288.89,0.007041517063478109,7041.517063478109,1.2831187792396115e-05,0.010514517704740343,24447.59472119508
2019-08-29,292.58,0.012773027796046943,12773.027796046943,1.9474077238361252e-05,0.010518446584485029,24450.09177279053
2019-08-30,292.45,-0.0004443229202268917,-444.3229202268917,8.675940922672076e-05,0.010546086731997013,24447.107039204846
2019-09-03,290.74,-0.005847153359548551,-5847.153359548552,8.48443290511529e-05,0.0105461397397788,24449.145433920887
2019-09-04,294.04,0.01135034738942009,11350.34738942009,6.834490303330254e-05,0.010552203289006596,24479.75078479396
2019-09-05,297.82,0.012855393823969496,12855.393823969496,0.0001245119666533001,0.010574801102327908,24476.154096151968
2019-09-06,298.05,0.0007722785575179358,772.2785575179358,0.0001879738145852361,0.010603481484579276,24479.41279449718
2019-09-09,298.2,0.0005032712632107028,503.27126321070284,0.00019883638800464708,0.010602680268046399,24466.686312699865
2019-09-10,298.13,-0.00023474178403748436,-234.74178403748436,0.00019389537013676694,0.010602247681988449,24470.62098491149
2019-09-11,300.25,0.007110991849193393,7110.991849193393,0.00017976653837028023,0.01060044857614395,24480.564470621455
2019-09-12,301.29,0.0034637801831807202,3463.78018318072,0.00020724181522908448,0.010609508742006533,24474.166291355526
2019-09-13,301.09,-0.0006638122738891195,-663.8122738891194,0.00019743893928222844,0.010605345604525735,24474.28426127459
2019-09-16,300.16,-0.0030887774419606773,-3088.777441960677,0.000194096003221778,0.01060548539609065,24477.95240114489
2019-09-17,300.92,0.0025319829424306217,2531.9829424306217,0.00020291801116570696,0.010601818313661074,24460.599483786984
2019-09-18,301.1,0.000598165625415481,598.165625415481,0.00019134137391628147,0.010597671242400065,24462.528590624865
2019-09-19,301.08,-6.64231152441852e-05,-66.4231152441852,0.00018947154973821424,0.010597557604996076,24464.134054669754
2019-09-20,298.28,-0.009299853859439433,-9299.853859439432,0.0001567905011890569,0.010585644182614783,24469.100338389635
2019-09-23,298.21,-0.00023467882526484463,-234.67882526484462,0.00014125468681404162,0.010596700010547109,24510.355854570782
2019-09-24,295.87,-0.0078468193554877,-7846.8193554877,0.00015360409781867813,0.010594446445194798,24492.763866599784
2019-09-25,297.62,0.00591475986074963,5914.75986074963,0.00012592790554551402,0.010606313472612169,24548.04689287653
2019-09-26,297.0,-0.0020831933337813746,-2083.193333781375,0.00016155599056030966,0.010610756006652096,24522.753687480876
2019-09-27,295.4,-0.005387205387205496,-5387.205387205496,0.00014204617845051893,0.01061037989692147,24541.388537518418
2019-09-30,296.77,0.004637779282329113,4637.779282329113,0.00012008454600348895,0.010616141147572308,24576.75284316884
2019-10-01,293.24,-0.011894733295144344,-11894.733295144344,0.00012473913038652017,0.010617872571949964,24576.12615420583
2019-10-02,288.06,-0.017664711499113417,-17664.71149911342,7.949111963421585e-05,0.01064496800799671,24684.407575001693
2019-10-03,290.42,0.008192737624106217,8192.737624106217,6.637185148257174e-06,0.010703906543349295,24894.37304590422
2019-10-04,294.35,0.013532125886646984,13532.125886646983,7.067099043694913e-05,0.01070480659819815,24832.43308129968
2019-10-07,293.08,-0.004314591472736717,-4314.591472736717,0.00014718755368502956,0.010732462597835668,24820.253994012815
2019-10-08,288.53,-0.015524771393476189,-15524.771393476189,0.0001299291877940827,0.010736168639179752,24846.13390130568
2019-10-09,291.27,0.009496412851349945,9496.412851349945,7.366708366691554e-05,0.010781289899734673,25007.36375399883
2019-10-10,293.24,0.006763484052597413,6763.484052597412,0.00023830548385450002,0.010607567301742166,24438.586157298527
2019-10-11,296.28,0.010366934933842442,10366.934933842442,0.0003534657801080083,0.010520803151976134,24121.582265693847
2019-10-14,295.95,-0.0011138112596191796,-1113.8112596191795,0.00033938000549572857,0.010504954566237247,24098.79871656591
2019-10-15,298.88,0.00990032100016891,9900.32100016891,0.0003573925988337696,0.010498559130299382,24065.908114430258
2019-10-16,298.4,-0.0016059957173447659,-1605.9957173447658,0.00030953032598313304,0.01042714166956046,23947.628529321508
2019-10-17,299.28,0.0029490616621983268,2949.0616621983268,0.00030239307635198466,0.010427842490718127,23956.396132762875
2019-10-18,297.97,-0.004377171879176522,-4377.171879176522,0.0003719536303639446,0.010387020811932528,23791.87015309326
2019-10-21,299.99,0.006779205960331547,6779.2059603315465,0.0003566157098515799,0.010391207075986607,23816.946780088005
2019-10-22,299.01,-0.0032667755591854197,-3266.7755591854198,0.00040168728482412773,0.010394542856437467,23779.63539087558
2019-10-23,299.88,0.002909601685562313,2909.601685562313,0.0004089830784820805,0.010391311923318694,23764.823322825603
2019-10-24,300.37,0.0016339869281045694,1633.9869281045694,0.0005418158860137749,0.010207829854157262,23205.147393775598
2019-10-25,301.6,0.0040949495622066845,4094.9495622066843,0.00047658943360558403,0.010148131629707199,23131.49500865037
2019-10-28,303.3,0.005636604774535758,5636.604774535758,0.0005633187579207615,0.0100855904024036,22899.273033157562
2019-10-29,303.21,-0.00029673590504464276,-296.7359050446428,0.0006080262594445624,0.010083197890531215,22848.99971672582
2019-10-30,304.14,0.0030671811615712308,3067.181161571231,0.0005475654584757907,0.010042883394559748,22815.67497569834
2019-10-31,303.33,-0.0026632471887946263,-2663.2471887946263,0.0005171109504970617,0.010023556831847807,22801.169175599633
2019-11-01,306.14,0.00926383806415454,9263.83806415454,0.00046389061887523877,0.010004887906651064,22810.959092779383
2019-11-04,307.37,0.0040177696478735925,4017.7696478735925,0.0005246379750805241,0.010012055354800427,22766.885714338667
2019-11-05,307.03,-0.0011061587012396457,-1106.1587012396456,0.0005186413056857004,0.010009501868018751,22766.942085187547
2019-11-06,307.1,0.0002279907500897238,227.9907500897238,0.0004889048452836096,0.010003214855275106,22782.05276685939
2019-11-07,308.18,0.0035167697818299093,3516.7697818299093,0.0004041814491679463,0.009914623988161434,22660.682987605727
2019-11-08,308.94,0.002466091245376001,2466.091245376001,0.0004255080564259375,0.00991556577099598,22641.54729484269
2019-11-11,308.35,-0.0019097559396645813,-1909.7559396645813,0.0004744455051864076,0.009895223143961983,22545.28581892928
2019-11-12,309.0,0.0021079941624775334,2107.9941624775333,0.0005415472648378876,0.009821378968149734,22306.396817866673
2019-11-13,309.1,0.00032362459546941835,323.62459546941835,0.0005574635574433317,0.009820677591873465,22288.848880052028
2019-11-14,309.55,0.001455839534131309,1455.8395341313092,0.000586104964595334,0.009809461239761227,22234.11433600923
2019-11-15,311.79,0.007236310773703902,7236.310773703903,0.0005501814685497716,0.00978966676112907,22223.988988771125
2019-11-18,312.02,0.0007376759998716231,737.6759998716232,0.0005687245433052705,0.009797952952587414,22224.722477898635
2019-11-19,311.93,-0.0002884430485224909,-288.4430485224909,0.0006393331583850186,0.009734856517064724,22007.329604181123
2019-11-20,310.77,-0.0037187830603020444,-3718.7830603020443,0.0007122039123893682,0.009658854654023287,21757.652077667186
2019-11-21,310.27,-0.0016089069086462349,-1608.9069086462348,0.000683698612042754,0.009661383508571762,21792.040373416403
2019-11-22,310.96,0.002223869532987477,2223.8695329874768,0.0007039779493164775,0.00965118304345596,21748.031205806306
2019-11-25,313.37,0.007750192950861878,7750.192950861879,0.0006482960295376965,0.009601773196110976,21688.768632257405
2019-11-26,314.08,0.0022656923126016526,2265.6923126016527,0.0006658388574159111,0.009610757943356927,21692.127452033597
2019-11-27,315.48,0.004457463066734668,4457.463066734668,0.0005828002853846486,0.0095059036805293,21531.238532651692
2019-11-29,314.31,-0.0037086344617726086,-3708.6344617726086,0.0006093707596925219,0.009507419196760177,21508.193676305593
2019-12-02,311.64,-0.008494798129235481,-8494.798129235482,0.0005701548801416578,0.009504919211574103,21541.5937206337
2019-12-03,309.55,-0.006706456167372532,-6706.456167372532,0.0004832099702294674,0.009487944398316538,21589.049309811915
2019-12-04,311.46,0.006170247132934792,6170.247132934792,0.0005859938841922725,0.009266867976372875,20971.96473165991
2019-12-05,312.02,0.0017979836897192847,1797.9836897192847,0.0006167433278581469,0.00927261376034847,20954.581980330364
2019-12-06,314.87,0.0091340298698801,9134.0298698801,0.0007168792294121617,0.009148330477760175,20565.319928548248
2019-12-09,313.88,-0.0031441547305237627,-3144.1547305237627,0.0007458272318829175,0.00916351720766214,20571.701542898565
2019-12-10,313.53,-0.001115075825156131,-1115.075825156131,0.0007323417630346664,0.009166763648287116,20592.739361992928
2019-12-11,314.42,0.0028386438299365935,2838.6438299365936,0.0007077398627931419,0.009163421417120579,20609.566069865625
2019-12-12,317.13,0.008619044590038705,8619.044590038704,0.0007204505746306307,0.00916416746147905,20598.590916735408
2019-12-13,317.32,0.0005991233878850366,599.1233878850367,0.0008287858930593686,0.009096292050438177,20332.353780132085
2019-12-16,319.5,0.00687003655615781,6870.03655615781,0.0009096559152322472,0.009003172312665427,20034.85485396033
2019-12-17,319.57,0.00021909233176842235,219.09233176842235,0.0009415220263691592,0.00901013896989742,20019.195611064235
2019-12-18,319.59,6.258409738069126e-05,62.58409738069126,0.001002301171296045,0.00895340662897131,19826.437305434534
2019-12-19,320.9,0.0040990018461153355,4099.001846115336,0.00106766334403039,0.008886142068802628,19604.59436615348
2019-12-20,320.73,-0.0005297600498596067,-529.7600498596066,0.0011887646149986194,0.008718075421502769,19092.511607542056
2019-12-23,321.22,0.0015277647865805655,1527.7647865805654,0.0012923373072462106,0.008540729391159942,18576.37035463684
2019-12-24,321.23,3.1131311873489054e-05,31.131311873489054,0.0010963488528651793,0.007948044146164799,17393.56674934805
2019-12-26,322.94,0.0053232886094074505,5323.28860940745,0.0010657641409691197,0.007937322701086585,17399.20965027976
2019-12-27,322.86,-0.0002477240354245014,-247.72403542450138,0.0010922171293245952,0.007940459651303723,17380.054299392894
2019-12-30,321.08,-0.005513225546676659,-5513.225546676659,0.001056190915322151,0.00792595451655202,17382.336524003043
2019-12-31,321.86,0.002429301108757942,2429.301108757942,0.0010299766815093233,0.007936837295935372,17433.867888497985
2020-01-02,324.87,0.009351892127011707,9351.892127011708,0.001135145161026296,0.007778276545988393,16959.831945435537
2020-01-03,322.41,-0.007572259673099935,-7572.259673099935,0.0010385696821570863,0.007520485712664425,16456.696267254316
2020-01-06,323.64,0.003815018144598392,3815.018144598392,0.0009767421514483626,0.007527510697636084,16534.866356817027
2020-01-07,322.73,-0.0028117661599307286,-2811.7661599307285,0.0009544206531485426,0.007510701462798405,16518.08372738796
2020-01-08,324.45,0.005329532426486372,5329.532426486372,0.000924479815871829,0.007510735930613614,16548.104748793306
2020-01-09,326.65,0.006780705809831922,6780.705809831922,0.0009316877777288001,0.007514108007492924,16548.741410815623
2020-01-10,325.71,-0.0028776978417266452,-2877.697841726645,0.0009572654835392025,0.007523121776501884,16544.13286737631
2020-01-13,327.95,0.006877283473028184,6877.283473028184,0.0009701581210085001,0.00751373340949527,16509.399622280456
2020-01-14,327.45,-0.0015246226558927045,-1524.6226558927044,0.0009518242090575666,0.0074935979599357,16480.891473955628
2020-01-15,328.19,0.00225988700564983,2259.88700564983,0.0009360464405388549,0.007494647120671971,16499.109955322692
2020-01-16,330.92,0.008318352174045529,8318.352174045529,0.000914738835522908,0.007483226441032826,16493.849086540013
2020-01-17,331.95,0.003112534751601448,3112.534751601448,0.0008947722077116365,0.0074566328286785255,16451.94972078779
2020-01-21,331.3,-0.001958126223828849,-1958.1262238288489,0.0009612642291769476,0.007401574798510338,16257.37356789184
2020-01-22,331.34,0.00012073649260480046,120.73649260480046,0.0009450622500367869,0.00740352186966111,16278.105111864206
2020-01-23,331.72,0.0011468582121085813,1146.8582121085813,0.0009434192326800739,0.0074036595963730975,16280.06852946455
2020-01-24,328.77,-0.00889304232485244,-8893.04232485244,0.0009141610954279589,0.00738826735552606,16273.518959945437
2020-01-27,323.5,-0.016029443075706418,-16029.443075706418,0.0009089900097315287,0.00739470019061024,16293.655057864002
2020-01-28,326.89,0.010479134466769624,10479.134466769625,0.0008501800930550294,0.007470628568319717,16529.100794604314
2020-01-29,326.62,-0.0008259659212578319,-825.9659212578318,0.0008287732946782303,0.00743511280855626,16467.88558076045
2020-01-30,327.68,0.003245361582266959,3245.361582266959,0.000790339750150086,0.007418649325205843,16468.019335797046
2020-01-31,321.73,-0.018157958984375,-18157.958984375,0.0008013947711096132,0.007420246468939074,16460.679826765856
2020-02-03,324.12,0.0074285891896932466,7428.589189693246,0.0007006210407782754,0.007505823409102642,16760.53528991363
2020-02-04,329.06,0.015241268665926233,15241.268665926233,0.0007135682258941593,0.007514656160145078,16768.13615640725
2020-02-05,332.86,0.01154804594906711,11548.04594906711,0.0007798060944062715,0.007569457065008029,16829.38425641858
2020-02-06,333.98,0.003364777984738332,3364.7779847383317,0.0008641298320633601,0.007571532788163246,16749.889372910726
2020-02-07,332.2,-0.005329660458710195,-5329.660458710195,0.0008727025887790955,0.007573152265273611,16745.084083327747
2020-02-10,334.68,0.007465382299819412,7465.382299819412,0.000849165586312762,0.0075832821271728705,16792.186668487753
2020-02-11,335.26,0.0017329986853114043,1732.9986853114044,0.000827589675559338,0.007556600073039934,16751.690839333973
2020-02-12,337.42,0.006442760842331419,6442.760842331419,0.000821533709702262,0.007555259892681259,16754.629079462815
2020-02-13,337.06,-0.001066919566119373,-1066.919566119373,0.0008561778030006759,0.007561120122637982,16733.617919665616
2020-02-14,337.6,0.0016020886489052089,1602.0886489052089,0.0008083209418511484,0.0075351293815517,16721.011275544326
2020-02-18,336.73,-0.002577014218009488,-2577.014218009488,0.000807807134713344,0.007535070623709188,16721.388391500117
2020-02-19,338.34,0.004781278769340203,4781.278769340202,0.0007894371739363209,0.007537712207236471,16745.903594499938
2020-02-20,336.95,-0.00410829343264163,-4108.29343264163,0.000822785916038573,0.007536852958038622,16710.555939852995
2020-02-21,333.48,-0.01029826383736454,-10298.26383736454,0.0007815527999822916,0.007535514362485573,16748.675016990244
2020-02-24,322.42,-0.03316540722082284,-33165.40722082284,0.0007349144483657275,0.007567923382927253,16870.70802441106
2020-02-25,312.65,-0.03030209044103971,-30302.09044103971,0.0006051148687096828,0.007865334626244407,17692.389617673805
2020-02-26,311.5,-0.0036782344474651785,-3678.2344474651786,0.00048562496606051743,0.008104395139156404,18368.017436302907
2020-02-27,297.51,-0.04491171749598721,-44911.71749598721,0.0004783618850041806,0.008107321035006283,18382.087168949274
2020-02-28,296.26,-0.004201539444052327,-4201.539444052327,0.0002737401334356182,0.008592279005585393,19714.889864373712
2020-03-02,309.09,0.043306555052993856,43306.555052993855,0.00027148357982459,0.008593384304627024,19719.717728060416
2020-03-03,300.24,-0.02863243715422681,-28632.43715422681,0.00045015002909884184,0.009013397485593398,20518.148049396423
2020-03-04,312.86,0.04203304023447907,42033.04023447907,0.00035984793441355255,0.009190205325817937,21019.766687301813
2020-03-05,302.46,-0.03324170555520056,-33241.70555520056,0.0005614420359997939,0.009543994954276646,21641.210335738197
2020-03-06,297.46,-0.016531111551940758,-16531.111551940758,0.00043647492288047875,0.009779303623668517,22313.587271640667
2020-03-09,274.23,-0.07809453371881925,-78094.53371881925,0.00031234566722871635,0.009796993735367143,22478.869881034072
2020-03-10,288.42,0.05174488567990365,51744.88567990365,-1.5116507296036196e-05,0.010977918505606098,25553.573884206387
2020-03-11,274.36,-0.0487483530961792,-48748.3530961792,0.00016538623840042988,0.011448346955381971,26467.45136253435
2020-03-12,248.11,-0.09567721242163585,-95677.21242163585,-2.7047992922227593e-05,0.011858900238156899,27614.975350420948
2020-03-13,269.32,0.08548627624843808,85486.27624843808,-0.00041189085882729426,0.013312638396597706,31381.71889062683
2020-03-16,239.85,-0.10942373384821036,-109423.73384821035,-8.444932640472657e-05,0.014376568655744213,33529.349254697474
2020-03-17,252.8,0.05399207838232245,53992.07838232245,-0.0005231360090436987,0.01595319497023606,37635.81721221138
2020-03-18,240.0,-0.05063291139240511,-50632.91139240511,-0.00029512803545775237,0.016320624179823953,38262.57739921075
2020-03-19,240.51,0.0021249999999999325,2124.9999999999327,-0.0005428381573193279,0.01661138148923931,39186.69016969258
2020-03-20,228.8,-0.04868820423267217,-48688.20423267217,-0.00045735294325688304,0.01656968145831156,39004.19617733392
2020-03-23,222.95,-0.02556818181818188,-25568.181818181878,-0.0006490977028912423,0.0168481248276021,39843.69707715809
2020-03-24,243.15,0.09060327427674375,90603.27427674374,-0.0007811869439254373,0.01691366036500304,40128.24477629908
2020-03-25,246.79,0.01497018301460007,14970.183014600068,-0.0003978575121571075,0.017871305379150517,41972.73078727855
2020-03-26,261.2,0.05838972405689047,58389.72405689047,-0.0003531385895033199,0.017895798369073714,41984.9910796615
2020-03-27,253.42,-0.02978560490045945,-29785.60490045945,-0.00014480145238658483,0.018272829300725994,42653.75904884169
2020-03-30,261.65,0.03247573198642573,32475.731986425726,-0.0003113808586777451,0.01835260607165666,43005.926976585244
2020-03-31,257.75,-0.014905407987769848,-14905.407987769848,-0.0001834371372534016,0.018469336329881587,43149.5384432187
2020-04-01,246.15,-0.04500484966052376,-45004.84966052376,-0.00024935313574642583,0.01849243227153452,43269.18363647499
2020-04-02,251.83,0.023075360552508695,23075.360552508693,-0.0004399863183421555,0.01870679340467932,43958.49538543911
2020-04-03,248.19,-0.01445419529047376,-14454.195290473759,-0.0003670455558451922,0.018762930978984557,44016.15014958095
2020-04-06,264.86,0.0671662838954028,67166.2838954028,-0.0004279118570542169,0.01878392172854154,44125.848236396385
2020-04-07,265.13,0.0010194064788944246,1019.4064788944246,-0.00013874739670374225,0.019261683815366814,44948.1245910292
2020-04-08,274.03,0.033568438124693456,33568.43812469346,-0.0001483135701686251,0.019260507639612793,44954.95457052922
2020-04-09,278.2,0.015217311973141578,15217.311973141579,-1.292982426043654e-05,0.019378189406703942,45093.3395533069
2020-04-13,275.66,-0.00913012221423426,-9130.12221423426,2.0875824173400838e-05,0.01939742499095278,45104.28256539628
2020-04-14,283.79,0.029492853515199924,29492.853515199924,-1.302542012880803e-05,0.01940601497261956,45158.16709528705
2020-04-15,277.76,-0.021248105993868838,-21248.105993868838,0.00010232503314294483,0.019495503007702347,45250.996942182224
2020-04-16,279.1,0.004824308755760454,4824.308755760454,2.7120312503560394e-05,0.019541585051082423,45433.40452647031
2020-04-17,286.64,0.02701540666427782,27015.40666427782,3.854053940775648e-05,0.019543558760455493,45426.57583417012
2020-04-20,281.59,-0.017617917945855432,-17617.91794585543,0.00014315412799852778,0.01961784070122221,45494.76788056164
2020-04-21,273.04,-0.03036329415107053,-30363.29415107053,3.671594227980446e-05,0.01964181126388525,45656.969933771084
2020-04-22,279.1,0.022194550249047706,22194.550249047705,-7.585987841079333e-05,0.01973522416957448,45986.8566690198
2020-04-23,279.08,-7.16589036189319e-05,-71.6589036189319,1.538213533562871e-05,0.019785383369354523,46012.30240304527
2020-04-24,282.97,0.013938655582628856,13938.655582628857,-3.531447719353764e-06,0.01978318861014574,46026.11021268088
2020-04-27,287.05,0.014418489592536332,14418.489592536333,4.5952086372860636e-05,0.019802596760269183,46021.776787367395
2020-04-28,285.73,-0.004598502003135274,-4598.502003135274,0.00010158432561550068,0.01982343215436828,46014.614922892
2020-04-29,293.21,0.026178560179189958,26178.560179189957,0.0001132562995089521,0.019819787356687633,45994.46388166286
2020-04-30,290.48,-0.009310732921796516,-9310.732921796516,0.00022660629636840745,0.019887655742737292,46038.99936040461
2020-05-01,282.79,-0.026473423299366527,-26473.42329936653,0.00015021232408777419,0.01988746250439817,46114.94379308585
2020-05-04,283.57,0.0027582304890554354,2758.2304890554356,6.077953624010224e-05,0.019956871621269134,46365.84633240534
2020-05-05,286.19,0.009239341256127354,9239.341256127354,0.00013861117413102787,0.01992916707070916,46223.564272217955
2020-05-06,284.25,-0.006778713442118889,-6778.713442118888,0.0001811254453480151,0.019937229857875303,46199.806848783766
2020-05-07,287.68,0.012066842568161817,12066.842568161817,0.00016611367647502816,0.01994106671585956,46223.74448407142
2020-05-08,292.44,0.016546162402669706,16546.162402669706,0.00019428755620138372,0.019952929070186892,46223.16656711558
2020-05-11,292.5,0.00020517029134192732,205.17029134192734,0.00036099285836326,0.019914559827242953,45967.20105820252
2020-05-12,286.67,-0.019931623931623843,-19931.623931623843,0.0003256389329630798,0.0199069276984277,45984.79999695892
2020-05-13,281.6,-0.017685840862315505,-17685.840862315505,0.00022248265600863793,0.019944929435829376,46176.361534927615
2020-05-14,284.97,0.011967329545454541,11967.329545454542,0.00011469445989256943,0.01996868605403485,46339.41588930039
2020-05-15,286.28,0.004596975120187974,4596.9751201879735,0.00018842404919013322,0.019978320572620386,46288.099541831696
2020-05-18,295.0,0.030459689814168023,30459.68981416802,0.00023326031239128797,0.019975575013415636,46236.876152811514
2020-05-19,291.97,-0.010271186440677926,-10271.186440677926,0.00031903638455516205,0.020059303902258956,46345.8826032041
2020-05-20,296.93,0.01698804671712839,16988.046717128393,0.0002902374228837559,0.020069356918282214,46398.06837732891
2020-05-21,294.88,-0.006903984103997618,-6903.984103997618,0.00040706402770556593,0.020081253249603786,46308.916777585924
2020-05-22,295.44,0.0018990775908844792,1899.0775908844792,0.00037037458168441486,0.0200862174464341,46357.15467234961
2020-05-26,299.08,0.012320606552937985,12320.606552937985,0.00041517295725765634,0.020077048953320954,46291.02719231443
2020-05-27,303.53,0.014878962150595143,14878.962150595144,0.0004912981462750481,0.020085999682585357,46235.7245132924
2020-05-28,302.97,-0.0018449576648105204,-1844.9576648105203,0.0005398893533422293,0.020106123669596795,46233.9487006265
2020-05-29,304.32,0.004455886721457469,4455.886721457469,0.0005864105369108481,0.02008701135358424,46142.96562133408
2020-06-01,305.55,0.004041798107255579,4041.7981072555785,0.0006144059150895904,0.02008750957784324,46116.12928610105
2020-06-02,308.08,0.008280150548191756,8280.150548191756,0.0005437464330822212,0.02004403961522018,46085.662512975636
2020-06-03,312.18,0.013308231628148537,13308.231628148536,0.0005422183346012633,0.020043432757536166,46085.77884937354
2020-06-04,311.36,-0.0026266897302837933,-2626.6897302837933,0.0005694405175458615,0.020056177992381484,46088.2065164155
2020-06-05,319.34,0.025629496402877594,25629.496402877594,0.0005189056687370863,0.020048217728930028,46120.22302326717
2020-06-08,323.2,0.012087430325045556,12087.430325045556,0.0006030680138132229,0.02010944287551422,46178.49166778502
2020-06-09,320.79,-0.007456683168316713,-7456.683168316714,0.0006523866938288436,0.020122476538410317,46159.49382173869
2020-06-10,319.0,-0.0055799744381059835,-5579.974438105984,0.0006296212280299276,0.020128441346148527,46196.13550533846
2020-06-11,300.61,-0.05764890282131652,-57648.902821316515,0.0005907959035983543,0.020131030481491976,46240.98405927186
2020-06-12,304.21,0.011975649512657505,11975.649512657505,0.00036462048707792017,0.02046502908650501,47244.156420496976
2020-06-15,307.05,0.009335656290062833,9335.656290062832,0.0004110019622633074,0.020478200222303452,47228.415589075
2020-06-16,312.96,0.0192476795310208,19247.6795310208,0.00040646049439387386,0.020476086029425255,47228.03870883693
2020-06-17,311.66,-0.0041538854805724945,-4153.885480572494,0.0004744224847477789,0.020510421127193926,47239.952100182156
2020-06-18,311.78,0.0003850349740099901,385.0349740099901,0.0004195895129476477,0.02050437221280704,47280.7131928581
2020-06-19,308.64,-0.010071204054140748,-10071.204054140748,0.0004462766818438908,0.0204999499202402,47243.7382330506
2020-06-22,310.62,0.006415241057542875,6415.241057542876,0.00041088982481100135,0.020510478428815992,47303.6180636256
2020-06-23,312.05,0.004603695834138222,4603.6958341382215,0.00047578250134194946,0.020503680426692008,47222.9108693058
2020-06-24,304.09,-0.025508732574907933,-25508.732574907932,0.0004981868293201308,0.02050512432800585,47203.86555807941
2020-06-25,307.35,0.010720510375217929,10720.51037521793,0.00038196799018309815,0.020570016090519366,47471.04521098251
2020-06-26,300.05,-0.02375142345859771,-23751.42345859771,0.0004042668412894588,0.02057822102964743,47467.83390257336
2020-06-29,304.46,0.014697550408265148,14697.550408265148,0.000272947154281006,0.02062733748448773,47713.41554987997
2020-06-30,308.36,0.012809564474808077,12809.564474808078,0.0003213199846091896,0.02064699718179294,47710.77801458204
2020-07-01,310.52,0.007004799584900745,7004.799584900745,0.00034057767374007854,0.020656426467961012,47713.45612528198
2020-07-02,312.23,0.005506891665593372,5506.891665593372,0.00037314841157098043,0.020660505116064667,47690.37374179597
2020-07-06,317.05,0.01543733785991086,15437.33785991086,0.00041715547297301736,0.020659672892494457,47644.43063886066
2020-07-07,313.78,-0.010313830626084375,-10313.830626084375,0.00047391863749803243,0.02068144419823602,47638.31510516262
2020-07-08,316.18,0.007648671043406274,7648.671043406274,0.0004135509626265224,0.02069085415716385,47720.57361798069
2020-07-09,314.38,-0.005692959706496303,-5692.959706496304,0.00043476886772376045,0.020695561192951108,47710.305915580175
2020-07-10,317.59,0.01021057319167884,10210.57319167884,0.0003940891741652237,0.02069757887291088,47755.67943462363
2020-07-13,314.84,-0.008658962813690607,-8658.962813690607,0.0004336010162417674,0.020706887501658715,47737.82270124484
2020-07-14,318.92,0.012958963282937441,12958.96328293744,0.00041279725143754576,0.020713424638431125,47773.83412028188
2020-07-15,321.85,0.009187256992349235,9187.256992349236,0.0004909251869155633,0.020723802617794773,47719.84897503332
2020-07-16,320.79,-0.003293459686189215,-3293.459686189215,0.0005130305660638412,0.020730143927611727,47712.49568849635
2020-07-17,321.72,0.0028990928644907488,2899.092864490749,0.0005220767186184849,0.02072797867509891,47698.41240536174
2020-07-20,324.32,0.00808156160636564,8081.561606365639,0.0005238470645691633,0.020728163454895882,47697.07192149892
2020-07-21,325.01,0.002127528367044995,2127.5283670449953,0.0005275731095847567,0.02072944303252511,47696.322619180755
2020-07-22,326.86,0.005692132549767859,5692.132549767859,0.000517285102864955,0.020728002369241882,47703.25914193441
2020-07-23,322.96,-0.011931713883620021,-11931.713883620021,0.0005591619133188033,0.02072783869119681,47661.001559408374
2020-07-24,320.88,-0.006440426058954674,-6440.426058954674,0.00048463505778432347,0.02073916269256481,47761.87198145094
2020-07-27,323.22,0.007292445774121248,7292.445774121248,0.00046615788055092187,0.02074328255203493,47789.933385004006
2020-07-28,321.17,-0.006342429305117303,-6342.429305117303,0.0005051465450910473,0.020746930448440015,47759.430996510564
2020-07-29,325.12,0.012298782576205758,12298.782576205758,0.0005235384666042839,0.020738779770602993,47722.07776293918
2020-07-30,323.96,-0.0035679133858268486,-3567.9133858268488,0.0006075653220208986,0.020743782231829305,47649.688372561366
2020-07-31,326.52,0.007902210149401068,7902.210149401068,0.0006234116985956208,0.020739053890311287,47622.84222874847
2020-08-03,328.79,0.006952100943280692,6952.100943280692,0.0007753130687537473,0.020652208502473113,47268.90827522276
2020-08-04,330.06,0.003862647890750859,3862.647890750859,0.0007470295833013046,0.020638830281880155,47266.06936564032
2020-08-05,332.11,0.006210991940859278,6210.991940859279,0.0007601174229532584,0.02063976815538591,47255.163346024594
2020-08-06,334.33,0.006684532233296014,6684.532233296014,0.0007064809934530923,0.020607958579509277,47234.79963631002
2020-08-07,334.57,0.0007178536176830619,717.8536176830619,0.0007604652227881563,0.02060586236169606,47175.93887512165
2020-08-10,335.57,0.0029889111396719237,2988.9111396719236,0.0008120301425054426,0.020589489479276902,47086.284935196636
2020-08-11,332.8,-0.008254611556456126,-8254.611556456126,0.0007617786846237507,0.02056869083164954,47088.1515033875
2020-08-12,337.44,0.013942307692307754,13942.307692307753,0.0008470306195293573,0.020486482661102215,46811.654765700325
2020-08-13,336.83,-0.0018077287814129983,-1807.7287814129984,0.0008922327492066544,0.020502918917396126,46804.68908590956
2020-08-14,336.84,2.9688566932861704e-05,29.688566932861704,0.0008259819851437103,0.020484695882257056,46828.546730918155
2020-08-17,337.91,0.003176582353639823,3176.582353639823,0.0007779096367630088,0.020472353409227127,46847.90619340527
2020-08-18,338.64,0.0021603385516852924,2160.3385516852923,0.0008212662586552475,0.02046588288530116,46789.496881933934
2020-08-19,337.23,-0.004163713678242309,-4163.713678242309,0.0007973659878490617,0.020460795293977454,46801.56164548023
2020-08-20,338.28,0.0031136019927051617,3113.6019927051616,0.000781942112790734,0.02046308493692527,46822.31202654252
2020-08-21,339.48,0.003547357218872005,3547.357218872005,0.00089714655496596,0.02039442500425506,46547.38069596816
2020-08-24,342.92,0.01013314480970906,10133.14480970906,0.0008671021765744658,0.020384925928063236,46555.32691865546
2020-08-25,344.12,0.003499358450950618,3499.358450950618,0.0009233292002577462,0.02039104401316781,46513.332689248404
2020-08-26,347.57,0.010025572474718025,10025.572474718025,0.0009091605658076363,0.020388006142994637,46520.43418087954
2020-08-27,348.33,0.0021866098915326315,2186.6098915326315,0.0008981707445223206,0.020382325130497602,46518.207990819974
2020-08-28,350.58,0.006459391955903948,6459.391955903948,0.0009086944757693587,0.020382308392128783,46507.645320304226
2020-08-31,349.31,-0.003622568315363006,-3622.568315363006,0.0009579206570311686,0.020380787502952,46454.881021739355
2020-09-01,352.6,0.009418568034124553,9418.568034124553,0.0008980289942120363,0.020372123435436828,46494.61704951402
2020-09-02,357.7,0.014463981849120788,14463.981849120788,0.0008842816910526565,0.02036518050454307,46492.212680149096
2020-09-03,345.39,-0.03441431367067371,-34414.31367067371,0.0009390485042190679,0.02038328017174444,46479.55198929743
2020-09-04,342.57,-0.00816468340137233,-8164.68340137233,0.0007993781644835303,0.020505542682349106,46903.64746065304
2020-09-08,333.21,-0.02732288291444085,-27322.88291444085,0.0007676583980141909,0.020513280677420226,46953.36849550541
2020-09-09,339.79,0.019747306503406392,19747.30650340639,0.0006299228989596539,0.020585991085932582,47260.253698823304
2020-09-10,333.89,-0.01736366579357851,-17363.665793578508,0.0006950570042405566,0.020620724672075902,47275.921997824735
2020-09-11,334.06,0.0005091497199676276,509.14971996762756,0.000628257590161799,0.02065216935008972,47415.872671750825
2020-09-14,338.46,0.013171286595222265,13171.286595222266,0.0006426492988095123,0.02065082227271408,47398.34719251413
2020-09-15,340.17,0.005052295692253184,5052.295692253184,0.0006852065134206789,0.02066568883546545,47390.3747745539
2020-09-16,338.82,-0.003968603933327541,-3968.603933327541,0.0007030230336880297,0.02066753343182128,47376.849427097404
2020-09-17,335.84,-0.008795230505873386,-8795.230505873385,0.0006874143104156962,0.02066959029169334,47397.24312196031
2020-09-18,330.65,-0.015453787517865636,-15453.787517865636,0.0006894328038299604,0.020668635683415544,47393.003877608455
2020-09-21,326.97,-0.011129593225464807,-11129.593225464807,0.0006285563690595573,0.020693765998347848,47512.3421670956
2020-09-22,330.3,0.010184420589044896,10184.420589044896,0.0006154252735796488,0.02070020612096879,47540.45522814329
2020-09-23,322.64,-0.02319103844989412,-23191.03844989412,0.0006325039164928298,0.02070635630184766,47537.68404544264
2020-09-24,323.5,0.0026655095462435607,2665.5095462435606,0.0005480725360283789,0.020760437799421983,47747.92780281406
2020-09-25,328.73,0.01616692426584243,16166.92426584243,0.0005802833957621751,0.02075743881359052,47708.740258766964
2020-09-28,334.19,0.016609375475314048,16609.37547531405,0.0006263999756962284,0.02077928510457982,47713.445751431536
2020-09-29,332.37,-0.005446003770310237,-5446.003770310237,0.000740416410778062,0.020788504746137366,47620.877409886525
2020-09-30,334.89,0.00758191172488476,7581.91172488476,0.0007892912416932747,0.020759402605663883,47504.30087635079
2020-10-01,337.04,0.006420018513541903,6420.018513541903,0.0007868479380963889,0.020758563677448983,47504.792541078474
2020-10-02,333.84,-0.00949442202705919,-9494.42202705919,0.0007583995086039685,0.020745896356612385,47503.772375672874
2020-10-05,339.76,0.017733045770429,17733.045770429002,0.0007376801863866787,0.02075356837595782,47542.33948378402
2020-10-06,334.93,-0.014215917117965549,-14215.917117965548,0.0008707114550422994,0.020755498644733444,47413.7986917909
2020-10-07,340.76,0.017406622279282136,17406.622279282135,0.0007758621351650375,0.020770097908268205,47542.61097735482
2020-10-08,343.78,0.008862542551942632,8862.542551942632,0.0008184346880717764,0.020793314715135267,47554.048793745285
2020-10-09,346.85,0.00893012973413243,8930.12973413243,0.000812417118544177,0.02079075781649172,47554.11812754933
2020-10-12,352.43,0.01608764595646539,16087.64595646539,0.0008525928825191835,0.02079672417967465,47527.822199880684
2020-10-13,350.13,-0.006526118661861924,-6526.118661861924,0.0008773421823443695,0.020811211330233212,47536.77505195831
2020-10-14,347.93,-0.006283380458686705,-6283.3804586867045,0.0008576616905663008,0.02081589504800919,47567.35150062715
2020-10-15,347.5,-0.0012358807806167604,-1235.8807806167604,0.0008207319220827607,0.020820358988391643,47614.66594732925
2020-10-16,347.29,-0.0006043165467625178,-604.3165467625178,0.0008332970864769997,0.02081815720986148,47596.97868013225
2020-10-19,342.01,-0.015203432290017083,-15203.432290017083,0.0008037629964486234,0.020814925191288598,47618.993970624746
2020-10-20,343.38,0.004005730826583953,4005.730826583953,0.0007560163695252968,0.02083797772976957,47720.368821434524
2020-10-21,342.73,-0.0018929465897838949,-1892.9465897838948,0.0007604008860893833,0.020838547995638838,47717.310941663054
2020-10-22,344.61,0.0054853674904442595,5485.36749044426,0.0007462931520178295,0.020839148062649887,47732.81464035004
2020-10-23,345.78,0.003395142334813084,3395.142334813084,0.0007518548237307798,0.020840230873763313,47729.7719639688
2020-10-26,339.39,-0.018479958355023363,-18479.958355023362,0.0007428889739718892,0.02083860302045997,47734.95086065621
2020-10-27,338.22,-0.0034473614425880594,-3447.3614425880596,0.0006701560841719743,0.02087394862864407,47889.90993091188
2020-10-28,326.66,-0.034178936786706915,-34178.936786706916,0.0006440979137553371,0.020875010479834494,47918.43833658791
2020-10-29,329.98,0.010163472723933031,10163.472723933031,0.000518035155363688,0.020989907866627258,48311.792386477755
2020-10-30,326.54,-0.010424874234802095,-10424.874234802095,0.0005216336940028019,0.020991490338396878,48311.87522767563
2020-11-02,330.2,0.011208427757701811,11208.427757701811,0.00046386311847209917,0.021001701279289544,48393.40000384393
2020-11-03,336.03,0.01765596608116282,17655.96608116282,0.000513121464307865,0.02101244293863677,48369.13049439427
2020-11-04,343.54,0.02234919501235022,22349.19501235022,0.0005828333656321574,0.02104038454693611,48364.42049413443
2020-11-05,350.24,0.019502823543109837,19502.823543109836,0.0006581630665542386,0.021084596822086507,48391.94392551498
2020-11-06,350.16,-0.00022841480127910874,-228.41480127910873,0.000726309995745174,0.02111796920262605,48401.432762843884
2020-11-09,354.56,0.012565684258624588,12565.684258624588,0.0007330353602987158,0.021117394050136146,48393.36939351821
2020-11-10,354.04,-0.0014666064981948557,-1466.6064981948557,0.0007748661206833041,0.021130482193129584,48381.98620676155
2020-11-11,356.67,0.007428539148118807,7428.539148118807,0.000767705196308647,0.021130939070253915,48390.209986263086
2020-11-12,353.21,-0.009700843917346713,-9700.843917346712,0.000791595994764597,0.02113509618525252,48375.99008344629
2020-11-13,358.1,0.013844455140001877,13844.455140001877,0.0007238473760003945,0.021141499747052473,48458.63561459009
2020-11-16,362.57,0.012482546774643888,12482.546774643888,0.0007762744925609155,0.021157779136888055,48444.08002196426
2020-11-17,360.62,-0.0053782717820006765,-5378.2717820006765,0.0008273584518535811,0.021170611561482245,48422.84874634508
2020-11-18,356.28,-0.012034828905773454,-12034.828905773453,0.0008207204969667866,0.021172302804588164,48433.421121035826
2020-11-19,357.78,0.004210171775008487,4210.171775008486,0.0007790168089782776,0.02118737048678825,48510.17747947721
2020-11-20,355.33,-0.006847783554139397,-6847.783554139397,0.0007869620179463616,0.0211882868880552,48504.36413864828
2020-11-23,357.46,0.0059944277150818515,5994.427715081852,0.0007285701119263565,0.02118913510354511,48564.72928896997
2020-11-24,363.22,0.016113691042354494,16113.691042354494,0.0007434850535362774,0.021191533607271548,48555.39410140492
2020-11-25,362.66,-0.0015417653212929094,-1541.7653212929094,0.0007901099654387567,0.021212550197951784,48557.661090550995
2020-11-27,363.67,0.002784977665030608,2784.977665030608,0.0007987774420006755,0.021211147269053498,48545.729913329116
2020-11-30,362.06,-0.004427090494129371,-4427.090494129371,0.0008438965451777398,0.021203294513654432,48482.34256932407
2020-12-01,366.02,0.010937413688338893,10937.413688338893,0.0008530140078707125,0.021200524691943463,48466.78153778231
2020-12-02,366.79,0.002103710179771623,2103.7101797716227,0.0008720826740923289,0.021207469207967327,48463.86823164905
2020-12-03,366.69,-0.0002726355680362502,-272.6355680362502,0.0008733055800525382,0.021207531628081287,48462.790536588254
2020-12-04,369.85,0.008617633423327664,8617.633423327665,0.0008356789183008728,0.02120116024285538,48485.595139864934
2020-12-07,369.09,-0.0020548871163986737,-2054.8871163986737,0.0008827260709162785,0.02120534297456538,48448.27847627076
2020-12-08,370.17,0.002926115581565636,2926.1155815656357,0.0008789668257513084,0.02120578186314638,48453.058728953096
2020-12-09,366.85,-0.008968852149012552,-8968.852149012551,0.0008793167127578245,0.021205815048494888,48452.78604261153
2020-12-10,366.73,-0.0003271091726864128,-327.1091726864128,0.0008089651258016195,0.021209209097207745,48531.03336757528
2020-12-11,366.3,-0.0011725247457257115,-1172.5247457257115,0.0008052601955593337,0.021209326799751967,48535.01211488108
2020-12-14,364.66,-0.004477204477204455,-4477.204477204455,0.0007730899503517997,0.021206190055532623,48559.88520184253
2020-12-15,369.59,0.013519442768606282,13519.442768606283,0.0007543047631159082,0.021208762693145988,48584.655239120955
2020-12-16,370.17,0.0015693065288564512,1569.3065288564512,0.0008081321978008105,0.021224071169142125,48566.440645024464
2020-12-17,372.24,0.0055920252856795916,5592.025285679591,0.000798013416531775,0.021223098920268513,48574.29763719334
2020-12-18,369.18,-0.00822050290135401,-8220.50290135401,0.0008225005578739317,0.021225092341320397,48554.4478866773
2020-12-21,367.86,-0.0035754916300990702,-3575.4916300990703,0.0007835074871221934,0.021232744477961668,48611.24248923634
2020-12-22,367.24,-0.0016854238025335588,-1685.4238025335587,0.0007690809953543032,0.021234482910160734,48629.713179054685
2020-12-23,367.57,0.0008985949243001112,898.5949243001112,0.0007410461457065392,0.021233072648462567,48654.46726939908
2020-12-24,369.0,0.003890415431074379,3890.415431074379,0.0007456314215454376,0.021232982039731008,48649.671206130144
2020-12-28,372.17,0.008590785907859111,8590.78590785911,0.0007832459854564417,0.021230179011161886,48605.53582266649
2020-12-29,371.46,-0.0019077303382863953,-1907.7303382863952,0.0008078919246528464,0.021235673274626037,48593.67145159933
2020-12-30,371.99,0.0014268023474937053,1426.8023474937054,0.000762853434791654,0.021229418909891665,48624.16011335725
2020-12-31,373.88,0.005080781741444662,5080.781741444662,0.0007988496828740286,0.021222857588463748,48572.89994912014
2021-01-04,368.79,-0.013613993794800439,-13613.993794800439,0.0008039127372614136,0.02122373099996575,48569.86875372359
2021-01-05,371.33,0.006887388486672474,6887.388486672475,0.0007607038267219348,0.02124210968793394,48655.832885945536
2021-01-06,373.55,0.005978509681415556,5978.509681415556,0.0007669352509626792,0.02124368378958776,48653.26336974068
2021-01-07,379.1,0.014857448802034545,14857.448802034545,0.0007637264664490138,0.02124283234984686,48654.49140922323
2021-01-08,381.26,0.005697705091004979,5697.705091004978,0.0008346670530240585,0.021260229149729772,48624.0218310709
2021-01-11,378.69,-0.0067408067985101905,-6740.806798510191,0.0008299487394959657,0.021259013575384268,48625.9122958046
2021-01-12,378.77,0.00021125458818560539,211.25458818560537,0.0008090840029254957,0.02126389292036392,48658.1280861952
2021-01-13,379.79,0.0026929271061595372,2692.9271061595373,0.0008008894732556388,0.02126372631784415,48665.93504044737
2021-01-14,378.46,-0.003501935280023294,-3501.935280023294,0.0007783877729840949,0.02125871511836271,48676.77894745888
2021-01-15,375.7,-0.007292712572002258,-7292.712572002258,0.0007519298928575959,0.021259914490425157,48706.02698423303
2021-01-19,378.65,0.007852009582113295,7852.009582113295,0.0007305915474649022,0.021265321913762694,48739.94487741105
2021-01-20,383.89,0.01383863726396406,13838.63726396406,0.0007615166398229362,0.021270052545726625,48720.02488066517
2021-01-21,384.24,0.000911719502982633,911.719502982633,0.0008122837560303582,0.02128611619837444,48706.62740864432
2021-01-22,382.88,-0.0035394545075994044,-3539.454507599404,0.0008515028033416985,0.02127719322760616,48646.65042725607
2021-01-25,384.39,0.003943794400334211,3943.794400334211,0.0009014627576141265,0.02125204541374054,48538.18790966057
2021-01-26,383.79,-0.001560914696011828,-1560.914696011828,0.0008753213973483849,0.021244234963454355,48546.15944550776
2021-01-27,374.41,-0.0244404492039918,-24440.4492039918,0.0008723816022493688,0.021244522183981516,48549.76741546951
2021-01-28,377.63,0.008600197644293539,8600.19764429354,0.0007616383591043339,0.02130417906253021,48799.29331119821
2021-01-29,370.07,-0.02001959590074942,-20019.59590074942,0.0008686709856190081,0.021275942934361226,48626.573627946476
2021-02-01,376.23,0.01664549950009464,16645.49950009464,0.0007588782452572373,0.021312745281210244,48821.981429660176
2021-02-02,381.55,0.014140286526858503,14140.286526858503,0.000764495168593911,0.02131676207160686,48825.708958123134
2021-02-03,381.85,0.0007862665443585382,786.2665443585381,0.0007748641309050766,0.021322658151175098,48829.05632798072
2021-02-04,386.19,0.011365719523372952,11365.719523372953,0.0007645500851435574,0.021322023965343915,48837.895036882124
2021-02-05,387.71,0.003935886480747719,3935.886480747719,0.00083133160507189,0.021329004163886667,48787.351886994096
2021-02-08,390.51,0.007221892651724238,7221.892651724238,0.0008172136217956032,0.021325763218887274,48793.93030476116
2021-02-09,390.25,-0.000665796010345443,-665.796010345443,0.0008391691976612545,0.021329535001296276,48780.74920688404
2021-02-10,390.08,-0.0004356181934657144,-435.6181934657144,0.0008107349702505471,0.02132677289947544,48802.75782459596
2021-02-11,390.71,0.00161505332239531,1615.05332239531,0.0008132601757411618,0.021326587056075298,48799.80028270652
2021-02-12,392.64,0.004939725115814753,4939.725115814753,0.0008133120344351221,0.021326588997692374,48799.75294088931
2021-02-16,392.3,-0.0008659331703341211,-865.9331703341211,0.000843378991770419,0.021327088676102467,48770.848409361046
2021-02-17,392.39,0.00022941626306383078,229.4162630638308,0.0008207901440117218,0.021325891674045225,48790.65261392866
2021-02-18,390.72,-0.004255969825938344,-4255.969825938344,0.0008381409827945437,0.021323629714195724,48768.03966965878
2021-02-19,390.03,-0.0017659705159706052,-1765.9705159706052,0.0008623101588402484,0.02131437881077271,48722.349674101984
2021-02-22,387.03,-0.007691716021844486,-7691.716021844486,0.0009879079056596574,0.021205294281806317,48342.98336523087
2021-02-23,387.5,0.0012143761465519542,1214.3761465519542,0.0010783494033364382,0.021119348068595997,48052.601077170395
2021-02-24,391.77,0.011019354838709638,11019.354838709638,0.0010979198457125067,0.021117189415201427,48028.008856059074
2021-02-25,382.33,-0.02409577047757616,-24095.770477576163,0.0013216441350512942,0.02092317382406828,47352.93680875692
2021-02-26,380.36,-0.005152616849318559,-5152.616849318559,0.0012420672109171988,0.020982013506141088,47569.39530219033
2021-03-01,389.58,0.024240193500893792,24240.19350089379,0.001048230523307949,0.02081502541595517,47374.75960120543
2021-03-02,386.54,-0.007803275322141756,-7803.275322141756,0.0012597210459284315,0.02078082203385909,47083.70011336072
2021-03-03,381.42,-0.01324571842500133,-13245.718425001329,0.0010603757837019483,0.020626584227675947,46924.23458307633
2021-03-04,376.7,-0.012374809920822294,-12374.809920822294,0.0011403597322227452,0.02053158703108833,46623.25410823408
2021-03-05,383.63,0.01839660207061322,18396.602070613222,0.001156984938747219,0.020518899139446916,46577.112451963556
2021-03-08,381.72,-0.004978755571774851,-4978.755571774851,0.001542949481904949,0.019920972307763466,44800.16209508706
2021-03-09,387.17,0.014277480876034865,14277.480876034864,0.001316054916898235,0.01966832072925023,44439.30119754643
2021-03-10,389.58,0.006224655835937565,6224.655835937565,0.0015681582527870912,0.019426468490703907,43624.56542068333
2021-03-11,393.53,0.010139124185019721,10139.12418501972,0.001975765725817385,0.018420895320323427,40877.6449405459
2021-03-12,394.06,0.0013467842350012305,1346.7842350012304,0.0016743771175637115,0.01764929922229237,39384.0326065268
2021-03-15,396.41,0.005963558848906425,5963.558848906425,0.0021174591898965576,0.01617812242106767,35518.481510326674
2021-03-16,395.91,-0.0012613203501424808,-1261.3203501424807,0.0019253451117628936,0.015841302458795063,34927.035185292945
2021-03-17,397.26,0.0034098658786085867,3409.8658786085866,0.0021228314759319444,0.015487240936978496,33905.87855256626
2021-03-18,391.48,-0.014549665206665563,-14549.665206665562,0.0021279709394463786,0.015487454850327917,33901.23672591747
2021-03-19,389.48,-0.0051088178195565215,-5108.8178195565215,0.002264525095550405,0.015185155944866255,33061.43015376784
2021-03-22,392.59,0.007985005648556864,7985.005648556864,0.002346362551544907,0.015089383429149894,32756.79250944504
2021-03-23,389.5,-0.007870806694006416,-7870.8066940064155,0.0020158894770321593,0.014015179993337377,30588.29470476797
2021-03-24,387.52,-0.0050834403080873836,-5083.4403080873835,0.0019245255181977333,0.014004838304525879,30655.600297821777
2021-03-25,389.7,0.005625516102394812,5625.516102394812,0.0016706328607378217,0.013544870553087346,29839.447954595307
2021-03-26,395.98,0.016114960225814823,16114.960225814822,0.0018122773447492389,0.013398966943646612,29358.38091894656
2021-03-29,395.78,-0.000505076013940231,-505.07601394023106,0.0017468342577067952,0.013288095203729368,29165.897769541312
2021-03-30,394.73,-0.002652989034311881,-2652.9890343118814,0.0018044355856021137,0.013246768115587185,29012.15525800613
2021-03-31,396.33,0.004053403592328753,4053.4035923287524,0.001973843028106961,0.012912327822653958,28064.723351042474
2021-04-01,400.61,0.010799081573436453,10799.081573436453,0.0018977552002662414,0.012843345194586926,27980.3335887337
2021-04-05,406.36,0.014353111504954885,14353.111504954884,0.0019987683077218824,0.012813494368571985,27809.877075639837
2021-04-06,406.12,-0.0005906093119402156,-590.6093119402155,0.0017875156181600905,0.012153121407873814,26484.87253200739
2021-04-07,406.59,0.0011572934108143862,1157.293410814386,0.0017810755549967521,0.012153956624612184,26493.25559985439
2021-04-08,408.52,0.004746796527214103,4746.796527214104,0.0016514309761412357,0.011985214703779104,26230.347769918306
2021-04-09,411.49,0.0072701458924899764,7270.145892489976,0.0016095489143575258,0.01195587723872534,26203.980682244448
2021-04-12,411.64,0.0003645289071423363,364.5289071423363,0.0016751499867844227,0.011941697908132147,26105.393554236754
2021-04-13,412.86,0.002963754737149049,2963.754737149049,0.0015586366883521925,0.011810575266652135,25916.869974423334
2021-04-14,411.45,-0.0034152012788839503,-3415.20127888395,0.001655484131276264,0.011721742803301745,25613.367319238278
2021-04-15,415.87,0.010742496050552885,10742.496050552885,0.0016225260911376864,0.011724380456528587,25652.461458353577
2021-04-16,417.26,0.003342390650924454,3342.390650924454,0.0015574344486827868,0.011627610371179698,25492.432218486334
2021-04-19,415.21,-0.004913003882471401,-4913.003882471401,0.0016412756830699062,0.011564185121592827,25261.04178956229
2021-04-20,412.17,-0.007321596300667088,-7321.596300667088,0.0017430768441443027,0.011392053036698449,24758.801518739638
2021-04-21,416.07,0.00946211514666273,9462.11514666273,0.0016250122579454435,0.011332038660135902,24737.251787610327
2021-04-22,412.27,-0.009133078568510089,-9133.07856851009,0.0016631473541465702,0.011342343075789066,24723.088346857174
2021-04-23,416.74,0.010842409100832118,10842.409100832117,0.0015708604175420145,0.011335922047488052,24800.43773792451
2021-04-26,417.61,0.0020876325766665538,2087.6325766665536,0.0015565560955751977,0.011321892629217775,24782.10475252424
2021-04-27,417.52,-0.00021551208064951588,-215.5120806495159,0.0015833006338944048,0.011315189778052785,24739.767050647344
2021-04-28,417.4,-0.00028741138149068757,-287.4113814906876,0.001477724344855047,0.011207403741120494,24594.59552181798
2021-04-29,420.06,0.006372783900335577,6372.783900335577,0.0015138176310162703,0.011187031355756574,24511.108980276258
2021-04-30,417.3,-0.006570489930009971,-6570.4899300099705,0.0016452024598150787,0.01104904662028979,24058.72365547421
2021-05-03,418.2,0.0021567217828899476,2156.7217828899475,0.001607887578138817,0.011061018610556948,24123.88955125651
2021-05-04,415.62,-0.006169296987087458,-6169.296987087459,0.0015795571002458675,0.011050459025305558,24127.65476044914
2021-05-05,415.75,0.00031278571772297425,312.78571772297425,0.0015819947660659932,0.011048674908368673,24121.066617985853
2021-05-06,419.07,0.007985568250150399,7985.568250150399,0.0015349785386642378,0.011028869985705729,24122.009705655124
2021-05-07,422.12,0.00727802037845704,7278.020378457039,0.0015007361620541606,0.01099531456414797,24078.190498661763
2021-05-10,417.94,-0.009902397422533848,-9902.397422533848,0.001529027562402621,0.01100106549602952,24063.277766469702
2021-05-11,414.21,-0.008924726037230268,-8924.726037230268,0.001569144468438981,0.01094061234878596,23882.525809864208
2021-05-12,405.41,-0.021245262065135884,-21245.262065135885,0.0016041889277393219,0.010892614290184071,23735.821168977272
2021-05-13,410.28,0.012012530524653897,12012.530524653897,0.0014713385612969603,0.010967989732604173,24044.02103564853
2021-05-14,416.58,0.015355367066393733,15355.367066393732,0.001501000782914824,0.0109864886090273,24057.39363586975
2021-05-17,415.52,-0.0025445292620864812,-2544.529262086481,0.0014405834919237269,0.010867484993251976,23840.967118298748
2021-05-18,411.94,-0.00861571043511744,-8615.71043511744,0.0014714901206380926,0.010845007374510579,23757.769729011834
2021-05-19,410.86,-0.002621741030247038,-2621.741030247038,0.0013690750920291094,0.01081875100064266,23799.10329809316
2021-05-20,415.28,0.010757922406659182,10757.922406659181,0.0013862040643241116,0.010808985493950679,23759.256360066338
2021-05-21,414.94,-0.0008187247158543132,-818.7247158543132,0.0014216394435872103,0.010825182568668957,23761.501011139786
2021-05-24,419.17,0.010194244951077236,10194.244951077237,0.0013690821185120413,0.010803930010266954,23764.617492158523
2021-05-25,418.24,-0.002218670229262587,-2218.670229262587,0.0013503432497139695,0.010784448841563548,23738.036385559597
2021-05-26,419.07,0.001984506503442951,1984.506503442951,0.0013488483994561612,0.010784919416428167,23740.62595665329
2021-05-27,419.29,0.0005249719617248516,524.9719617248516,0.0013389628785841032,0.01078319255187709,23746.494189848192
2021-05-28,420.04,0.0017887381048915518,1788.7381048915518,0.0013248955740019803,0.010781946265317137,23757.662198341124
2021-06-01,419.67,-0.0008808684887153806,-880.8684887153806,0.0012989299242287795,0.010772941705805424,23762.680110237572
2021-06-02,420.33,0.001572664236185517,1572.664236185517,0.0012421735237613239,0.010746762816525774,23758.53530728457
2021-06-03,418.77,-0.0037113696381414485,-3711.3696381414484,0.001258970939627201,0.010743972893507234,23735.247559935775
2021-06-04,422.6,0.00914583184086748,9145.83184086748,0.0011416074754631248,0.010636404799753776,23602.370217881864
2021-06-07,422.19,-0.000970184571699062,-970.1845716990621,0.0011298410815264127,0.010625869322683303,23589.627427133677
2021-06-08,422.28,0.00021317416329136307,213.17416329136307,0.0011557870759128833,0.010612729915242649,23533.114600181485
2021-06-09,421.65,-0.0014919011082693556,-1491.9011082693555,0.0011789596703184726,0.010604284733175807,23490.295574428812
2021-06-10,423.61,0.004648405075299511,4648.405075299511,0.0014035876771706613,0.009926246996098767,21688.315919407985
2021-06-11,424.31,0.0016524633507235542,1652.4633507235542,0.0013742786994212293,0.00990570199509914,21669.83007775977
2021-06-14,425.26,0.002238929084867225,2238.929084867225,0.0013435459276638722,0.009892812651986053,21670.577753568214
2021-06-15,424.48,-0.0018341720359309477,-1834.1720359309477,0.001275510925879258,0.009827458115548247,21586.57536845181
2021-06-16,422.11,-0.005583301922352013,-5583.301922352013,0.0012847897796578241,0.00982340549386015,21567.86870682485
2021-06-17,421.97,-0.00033166710099263863,-331.6671009926386,0.001260916432072376,0.009832848647664054,21613.710115186255
2021-06-18,414.92,-0.01670734886366332,-16707.34886366332,0.0012998745798849685,0.009807030334755091,21514.689590026574
2021-06-21,420.86,0.014316012725344551,14316.012725344552,0.0012073842202001436,0.009867442236830878,21747.719049672167
2021-06-22,423.11,0.005346195884617266,5346.1958846172665,0.001246233487764969,0.009899933379823438,21784.45548353324
2021-06-23,422.6,-0.00120536030819407,-1205.36030819407,0.0013696532016030697,0.009756335584747523,21326.977344403334
2021-06-24,425.1,0.005915759583530633,5915.759583530633,0.0013219497188694219,0.00973957236339674,21335.68374278551
2021-06-25,426.61,0.0035521053869678187,3552.105386967819,0.0014406184510379351,0.009612756472984211,20921.997133561214
2021-06-28,427.47,0.002015892735754088,2015.8927357540879,0.0013960366709527459,0.009576804707627121,20882.942600739923
2021-06-29,427.7,0.00053804945376279,538.04945376279,0.00135286198399653,0.009549434160745418,20862.443874146553
2021-06-30,428.06,0.0008417114800094438,841.7114800094439,0.001326994983471978,0.009542819111098248,20872.921967987735
2021-07-01,430.43,0.005536607017707862,5536.607017707862,0.0013083342627296423,0.009539173231327018,20883.101104075264
2021-07-02,433.72,0.007643519271426369,7643.5192714263685,0.0012687313393608304,0.00950075416755703,20833.327920120122
2021-07-06,432.93,-0.0018214516277783588,-1821.4516277783587,0.0013405607389508733,0.00948069491085172,20714.833711338844
2021-07-07,434.46,0.003534058623795966,3534.058623795966,0.0013026802482661347,0.009474306357051706,20737.852203472725
2021-07-08,430.92,-0.008148045850020602,-8148.045850020602,0.001339588321587304,0.009464912433372169,20679.09059577076
2021-07-09,435.52,0.010674835236238689,10674.835236238689,0.001266153845420506,0.009467027953436475,20757.44650754165
2021-07-12,437.08,0.0035819250551065718,3581.9250551065716,0.0013434890376202234,0.009464592674985643,20674.446010495143
2021-07-13,435.59,-0.0034089869131509465,-3408.9869131509463,0.0013059808847088999,0.00943691583735767,20647.568211030455
2021-07-14,436.24,0.0014922289308754166,1492.2289308754166,0.001255595909086899,0.009428290227446859,20677.887017374134
2021-07-15,434.75,-0.0034155510728040017,-3415.5510728040017,0.0012747386635551577,0.009423874230752976,20648.471118385292
2021-07-16,431.34,-0.007843588269120239,-7843.588269120239,0.0012494800878059787,0.009427964633622032,20683.24539415287
2021-07-19,424.97,-0.014767932489451407,-14767.932489451407,0.001185779488304035,0.00943541454869964,20764.27708775739
2021-07-20,431.06,0.014330423323999364,14330.423323999365,0.0011181976448780494,0.009488997451768106,20956.51140382164
2021-07-21,434.55,0.00809632069781463,8096.32069781463,0.0011527508079749755,0.009521392239386814,20997.3197860315
2021-07-22,435.46,0.002094120354389606,2094.120354389606,0.0012328629463007142,0.00949507927765731,20855.994545126614
2021-07-23,439.94,0.010287971340651403,10287.971340651402,0.0012670011319540913,0.00948271459320619,20793.091802087187
2021-07-26,441.02,0.002454880210937871,2454.8802109378707,0.0012789832342202118,0.009492246501078478,20803.28423343532
2021-07-27,439.01,-0.0045576164346288195,-4557.61643462882,0.0013141724722844327,0.009480178094606358,20740.019683631617
2021-07-28,438.83,-0.00041001343932944856,-410.01343932944854,0.0012467468762410942,0.009461664374829993,20764.375927032623
2021-07-29,440.65,0.004147391928537303,4147.391928537303,0.0012593784760270839,0.009457317794083894,20741.632668368595
2021-07-30,438.51,-0.004856462044706689,-4856.462044706688,0.0012443592031436289,0.0094497043406156,20738.94039996198
2021-08-02,437.59,-0.002098013728307313,-2098.013728307313,0.0011971249511916792,0.009450572124077232,20788.193418125025
2021-08-03,441.15,0.00813546927489206,8135.46927489206,0.0011732823047154466,0.009451339307794033,20813.820800809834
2021-08-04,438.98,-0.0049189618043747885,-4918.961804374789,0.0011809802140515778,0.009456241341662432,20817.52672754193
2021-08-05,441.76,0.006332862544990547,6332.862544990548,0.0011345662379008946,0.009457596386087938,20867.09300841112
2021-08-06,442.49,0.001652480985150362,1652.480985150362,0.0011570262736101244,0.009463268397691772,20857.828044838003
2021-08-09,442.13,-0.0008135777079708584,-813.5777079708583,0.0011516805529920382,0.009462606871417761,20861.634825214922
2021-08-10,442.68,0.0012439780155157898,1243.9780155157898,0.0011814446883859793,0.009444586580782588,20789.949225012246
2021-08-11,443.78,0.002484864913707252,2484.864913707252,0.0011306513696788113,0.009409764432113362,20759.734112193226
2021-08-12,445.11,0.002996980485826306,2996.980485826306,0.0011478217444592924,0.00940829743831568,20739.15099951028
2021-08-13,445.92,0.0018197748871064956,1819.7748871064955,0.0011596909121348662,0.009408752879948593,20728.34134750918
2021-08-16,446.97,0.002354682454251966,2354.682454251966,0.0011542636822687328,0.00940797609872915,20731.96151403687
2021-08-17,444.04,-0.006555249793050999,-6555.249793050999,0.0011550410578789997,0.00940806759279036,20731.396985441384
2021-08-18,439.18,-0.01094495991352129,-10944.95991352129,0.0011454749134197648,0.009414710948152953,20756.41788552489
2021-08-19,439.86,0.0015483400883464782,1548.3400883464783,0.001089240665794859,0.009444845876596605,20882.756459869055
2021-08-20,443.36,0.007957077251852906,7957.077251852907,0.001081244597272757,0.00944360257000406,20887.860164742808
2021-08-23,447.26,0.008796463370624341,8796.46337062434,0.0010725403270413322,0.00943622580040573,20879.403502701873
2021-08-24,447.97,0.0015874435451415092,1587.4435451415093,0.0010937287467200271,0.009447637193274249,20884.761952562698
2021-08-25,448.91,0.002098354800544655,2098.354800544655,0.001059976231001721,0.009430656963329854,20879.012546449136
2021-08-26,446.26,-0.005903187721369663,-5903.1877213696625,0.0010596232106377692,0.009430616272122471,20879.2709049093
2021-08-27,450.25,0.008940976112580046,8940.976112580045,0.0010101728919286747,0.009434599698188736,20937.98805837905
2021-08-30,452.23,0.004397556912826284,4397.556912826284,0.001060427069640447,0.009443280302034895,20907.92798497018
2021-08-31,451.56,-0.0014815470004201359,-1481.5470004201359,0.001040343025155254,0.009430763818915796,20898.894335560788
2021-09-01,451.8,0.0005314908317832767,531.4908317832767,0.0009765609097570902,0.00939346009708752,20875.89501698993
2021-09-02,453.19,0.003076582558654284,3076.5825586542837,0.0011163441277669182,0.0091207507139889,20101.69490537764
2021-09-03,453.08,-0.00024272380237877478,-242.7238023787748,0.0011613091916070246,0.009102503054306973,20014.279437230263
2021-09-07,451.46,-0.0035755275006621456,-3575.5275006621455,0.001269629828055273,0.008921505912783768,19484.896485392037
2021-09-08,450.91,-0.0012182696141407323,-1218.2696141407323,0.0011763384920389988,0.008849159619320377,19409.885175415013
2021-09-09,448.98,-0.0042802333059812625,-4280.233305981263,0.0012409200767567498,0.008771887956009805,19165.542821031115
2021-09-10,445.44,-0.007884538286783371,-7884.538286783371,0.0012217625446529544,0.008778719809960457,19200.593622048767
2021-09-13,446.58,0.002559267241379226,2559.267241379226,0.0011375392451249318,0.008764609067105519,19251.99042493507
2021-09-14,444.17,-0.005396569483631097,-5396.569483631098,0.001127567131321436,0.00876155479966816,19254.857250178913
2021-09-15,447.88,0.008352657766170557,8352.657766170558,0.0011218552691202217,0.008765355093093587,19269.409916911103
2021-09-16,447.17,-0.0015852460480485497,-1585.2460480485497,0.0011904468222083975,0.008754526251300207,19175.62671073857
2021-09-17,441.4,-0.01290337008296627,-12903.37008296627,0.001245920988087666,0.008692353499259032,18975.51709532505
2021-09-20,434.04,-0.016674218396012574,-16674.218396012573,0.00123882588065766,0.008703212680672655,19007.874436350456
2021-09-21,433.63,-0.0009446133996867667,-944.6133996867667,0.00113139132471743,0.00875794527967165,19242.63605761273
2021-09-22,437.86,0.009754860134215892,9754.860134215893,0.0012203770249182594,0.00862178276337152,18836.88897709304
2021-09-23,443.18,0.012150002283835004,12150.002283835003,0.0012487344272701488,0.008638197911184541,18846.71891895804
2021-09-24,443.91,0.0016471862448665942,1647.186244866594,0.001232666739342119,0.008614039636331795,18806.58605554189
2021-09-27,442.64,-0.0028609402806876183,-2860.9402806876183,0.0011728179824203294,0.008558574746616214,18737.40418418993
2021-09-28,433.72,-0.02015181637448027,-20151.81637448027,0.0011831582363788199,0.008552105096961343,18712.01327451104
2021-09-29,434.45,0.0016831135294659294,1683.1135294659293,0.0010722233239813597,0.008648106636929135,19046.28116531722
2021-09-30,429.14,-0.012222350097824797,-12222.350097824798,0.0010532757040450558,0.00864152947215183,19049.928011956625
2021-10-01,434.24,0.011884233583445925,11884.233583445925,0.0010423639917619934,0.008656610729113978,19095.92397431144
2021-10-04,428.64,-0.012896094325718588,-12896.094325718588,0.001018968743014061,0.008619143926202496,19032.15840575914
2021-10-05,433.1,0.010405001866368169,10405.00186636817,0.001024248034183049,0.008610174500750153,19006.013110757725
2021-10-06,434.9,0.004156084045255026,4156.0840452550265,0.000996241552531393,0.008567956881153388,18935.80672281338
2021-10-07,438.66,0.008645665670269143,8645.665670269143,0.0009774157185046426,0.008555765266453269,18926.270619901385
2021-10-08,437.86,-0.0018237359230384165,-1823.7359230384166,0.0009762778622491895,0.008554722216412767,18924.9819789126
2021-10-11,434.69,-0.007239756999954383,-7239.756999954383,0.0009046323347311743,0.008502500964200677,18875.14270736727
2021-10-12,433.62,-0.002461524304676832,-2461.524304676832,0.0009017777813788044,0.008505125107167692,18884.101930132136
2021-10-13,435.18,0.00359762003597619,3597.62003597619,0.0009170652059948439,0.0084955877976115,18846.627405705978
2021-10-14,442.5,0.016820625947883583,16820.625947883582,0.0009363992092612156,0.008496168458791122,18828.644222340357
2021-10-15,445.87,0.007615819209039643,7615.819209039642,0.0010060989792398001,0.008554750454914349,18895.22655450011
2021-10-18,447.19,0.0029605041828335565,2960.5041828335566,0.001097375985236027,0.008502683655187922,18682.8240596522
2021-10-19,450.64,0.007714841566224706,7714.841566224706,0.0010931950786610253,0.0085015047225913,18684.262358887412
2021-10-20,452.41,0.003927747203976706,3927.747203976706,0.0011316262312850598,0.008509663766259234,18664.81198015448
2021-10-21,453.59,0.002608253575296704,2608.253575296704,0.0011253957501391897,0.008507033117028322,18664.922656054678
2021-10-22,453.12,-0.0010361780462531112,-1036.1780462531112,0.001122248195101124,0.008506335494356615,18666.44729807353
2021-10-25,455.55,0.005362817796610075,5362.817796610076,0.001192023316336205,0.008415961432718673,18386.430670678586
2021-10-26,455.96,0.0009000109757435482,900.0109757435482,0.0012272640332929975,0.008414902267097884,18348.725966031616
2021-10-27,453.94,-0.004430213176594422,-4430.213176594422,0.0013675798243427994,0.008109051011579318,17496.893756933478
2021-10-28,458.32,0.00964885227122525,9648.85227122525,0.0013092050807406897,0.008097997952267814,17529.55523950462
2021-10-29,459.25,0.0020291499389073486,2029.1499389073485,0.001389499986764799,0.008080683601095756,17408.981129440996
2021-11-01,460.04,0.0017201959716930393,1720.1959716930394,0.0013527828754896212,0.008056707946463832,17389.92252753446
2021-11-02,461.9,0.0040431266846361336,4043.1266846361336,0.001289039795051742,0.00798996624925351,17298.40120255723
2021-11-03,464.72,0.006105217579562838,6105.217579562838,0.0012158155217408856,0.00787930159526482,17114.180993330032
2021-11-04,466.91,0.004712515062833544,4712.515062833544,0.0011622250978866977,0.007799582580835726,16982.317257446466
2021-11-05,468.53,0.0034696194127346036,3469.6194127346034,0.0011819888173431484,0.007802304172264664,16968.884906424733
2021-11-08,468.93,0.0008537340191663301,853.7340191663301,0.0011456045579595884,0.007770148165772532,16930.46310846768
2021-11-09,467.38,-0.003305397394067322,-3305.3973940673222,0.001154885920029033,0.0077684009903796515,16917.117208637428
2021-11-10,463.62,-0.008044845735803774,-8044.845735803774,0.0011119501738602886,0.007763248803875179,16948.067176684835
2021-11-11,463.77,0.000323540830852842,323.540830852842,0.0011185741665864603,0.007754687503686735,16921.526621466248
2021-11-12,467.27,0.007546844340944769,7546.844340944769,0.0010644905093498641,0.007712612151232466,16877.728371971338
2021-11-15,467.43,0.0003424144498898052,342.41444988980516,0.0010447476996150677,0.0076895494774380175,16843.819379554723
2021-11-16,469.28,0.00395781186487798,3957.8118648779805,0.0010676304445426297,0.007678863392731684,16796.077084188764
2021-11-17,468.14,-0.002429253324241376,-2429.253324241376,0.0011316010076252354,0.007635766204636392,16631.84746920353
2021-11-18,469.73,0.003396419874396539,3396.419874396539,0.001105043307228236,0.00763656186836582,16660.25616022594
2021-11-19,468.89,-0.0017882613416217996,-1788.2613416217996,0.0011460201209423798,0.007621185698642612,16583.509026765318
2021-11-22,467.57,-0.0028151592057839014,-2815.1592057839016,0.001114889364715565,0.007617195739453054,16605.357749913997
2021-11-23,468.19,0.0013260046624035127,1326.0046624035126,0.0010391739637230116,0.007561380445688794,16551.2273609191
2021-11-24,469.44,0.002669856254939207,2669.856254939207,0.0010506450436577972,0.0075596243650715355,16535.67102657371
2021-11-26,458.97,-0.02230316973415125,-22303.16973415125,0.0010501845580174315,0.007559521801507212,16535.89291368426
2021-11-29,464.6,0.012266596945334163,12266.596945334162,0.000978680241057344,0.007694870375766129,16922.265098626038
2021-11-30,455.56,-0.019457597933706494,-19457.597933706493,0.0009839969740853252,0.007702234620614489,16934.080160944955
2021-12-01,450.5,-0.011107208710158911,-11107.208710158911,0.0008977517416314127,0.007809613477489372,17270.125968806686
2021-12-02,457.4,0.01531631520532728,15316.31520532728,0.0008544134490629221,0.007846111594548209,17398.371578401497
2021-12-03,453.42,-0.008701355487538143,-8701.355487538143,0.0008812081761909205,0.007884075977329675,17459.89521244643
2021-12-06,458.79,0.011843324070398342,11843.324070398343,0.0008546223027063627,0.007905194524911357,17535.610174200465
2021-12-07,468.28,0.020684844918154255,20684.844918154256,0.0008902911366616934,0.007934641509301487,17568.44526977803
2021-12-08,469.52,0.002647988383018829,2647.9883830188287,0.0010089059249303606,0.00800797286456014,17620.42472391587
2021-12-09,466.35,-0.006751576077696275,-6751.576077696275,0.0010208063151531817,0.008008190077399663,17609.029646320483
2021-12-10,470.74,0.009413530610056897,9413.530610056898,0.0009984901098252993,0.008022088155251968,17663.677615513327
2021-12-13,466.57,-0.008858393168203249,-8858.393168203249,0.0010540530501743448,0.008032108896907381,17631.42640621066
2021-12-14,463.36,-0.006879996570718139,-6879.996570718139,0.0009645417064271067,0.008017312126237169,17686.51531396658
2021-12-15,470.6,0.015625,15625.0,0.0009307444940288084,0.008032547150130303,17755.754491809636
2021-12-16,466.45,-0.008818529536761655,-8818.529536761655,0.00097087639288609,0.008080847151297905,17827.985197984777
2021-12-17,459.87,-0.01410654946939649,-14106.54946939649,0.0009684842863444594,0.008083666949077565,17836.93713509634
2021-12-20,454.98,-0.010633439885184948,-10633.439885184947,0.0009263600549872697,0.008134718463951175,17997.824949546324
2021-12-21,463.06,0.0177590223746098,17759.0223746098,0.0008905679906566641,0.00816588180046702,18106.11377552858
2021-12-22,467.69,0.009998704271584558,9998.704271584558,0.000958009700457903,0.008235278300268892,18200.112465507304
2021-12-23,470.6,0.006222070174688454,6222.070174688454,0.0009824428558199436,0.008253055481944688,18217.03521894319
2021-12-27,477.26,0.014152146196344972,14152.146196344973,0.0009729679928872609,0.008245642061700753,18209.26388745202
2021-12-28,476.87,-0.0008171646482001416,-817.1646482001415,0.0010372074990257865,0.008285571548663747,18237.914258421395
2021-12-29,477.48,0.0012791746178204555,1279.1746178204555,0.0010282316310430111,0.008286363222048421,18248.731834099544
2021-12-30,476.16,-0.002764513696908777,-2764.513696908777,0.0010130252025485143,0.00828238369729611,18254.68050364681
2021-12-31,474.96,-0.002520161290322731,-2520.161290322731,0.001056423122940081,0.008233714928179849,18098.06209568944
2022-01-03,477.71,0.005789961259895504,5789.961259895505,0.0010187929238321001,0.008228454672765003,18123.45511079619
2022-01-04,477.55,-0.0003349312344308464,-334.93123443084636,0.0010180387301460198,0.00822800688409864,18123.167592270252
2022-01-05,468.38,-0.019202177782431162,-19202.17778243116,0.0009572692100001583,0.008181353627371806,18075.40540781256
2022-01-06,467.94,-0.0009394081728510972,-939.4081728510972,0.0008576696785064137,0.008274447481737902,18391.573629497143
2022-01-07,466.09,-0.003953498311749404,-3953.498311749404,0.0008808752730090501,0.008261176394541245,18337.494869508355
2022-01-10,465.51,-0.001244394859361897,-1244.394859361897,0.0008642162614093101,0.008266729469763602,18367.07226584601
2022-01-11,469.75,0.009108289832656657,9108.289832656657,0.0008484669735472244,0.00826698209891613,18383.409257
2022-01-12,471.02,0.002703565726450252,2703.565726450252,0.0008989078739979441,0.00827879370219504,18360.446254726186
2022-01-13,464.53,-0.013778608127043457,-13778.608127043457,0.0009388929871917542,0.008263196165818932,18284.175845943544
2022-01-14,464.72,0.0004090155641187643,409.01556411876425,0.0008523705163551271,0.008303665526139401,18464.84412712549
2022-01-18,456.49,-0.017709588569461254,-17709.588569461255,0.000798652029555746,0.008262655244808697,18423.158433137367
2022-01-19,451.75,-0.010383579048829139,-10383.579048829139,0.0007241667972659704,0.008345152652432245,18689.561334266065
2022-01-20,446.75,-0.011068068622025473,-11068.068622025474,0.0006967902991010515,0.008370383774433604,18775.634199458513
2022-01-21,437.98,-0.019630665920537194,-19630.665920537194,0.0006367428470116128,0.00840078769828656,18906.411755165776
2022-01-24,439.84,0.004246769258870131,4246.769258870131,0.0005644638421135113,0.008496956069618174,19202.411846261144
2022-01-25,434.47,-0.012208985085485513,-12208.985085485514,0.000679212715964959,0.008350357523195732,18746.623755602373
2022-01-26,433.38,-0.0025088038299537763,-2508.803829953776,0.0005959759850458429,0.00837476146576897,18886.632546444955
2022-01-27,431.24,-0.004937929761410276,-4937.929761410276,0.0006660191533290254,0.008274272342019943,18582.816718763996
2022-01-28,441.95,0.02483535850106655,24835.358501066552,0.0005796854362830057,0.008219290950447936,18541.24459241467
2022-01-31,449.91,0.018011087227062017,18011.087227062017,0.000622465724179838,0.008317403108760368,18726.707315425523
2022-02-01,452.95,0.006756906936942864,6756.9069369428635,0.0006913650069106518,0.008389793467692197,18826.213190296825
2022-02-02,457.35,0.009714096478640188,9714.09647864019,0.0006729297565649315,0.008371287215906853,18801.596461145244
2022-02-03,446.6,-0.023504974308516502,-23504.974308516503,0.0006960425965565014,0.008388291759365493,18818.042104677716
2022-02-04,448.7,0.004702194357366629,4702.194357366629,0.0005731351287155385,0.008516419803314097,19239.019975163526
2022-02-07,447.26,-0.003209271227991972,-3209.271227991972,0.0005946070901863867,0.008520049842126556,19225.99274676673
2022-02-08,450.94,0.008227876402987055,8227.876402987056,0.0005835124780482816,0.008523202075725137,19244.42055083537
2022-02-09,457.54,0.014636093493591185,14636.093493591185,0.0006099637703706486,0.008536666895118459,19249.293112483003
2022-02-10,449.32,-0.017965642348210076,-17965.642348210076,0.0006487492438817543,0.00857834322320926,19307.46127622376
2022-02-11,440.46,-0.019718686014421838,-19718.686014421837,0.0005803504071702505,0.008658268293949275,19561.793631333865
2022-02-14,439.02,-0.003269309358398087,-3269.309358398087,0.0005005579980603079,0.008752916409071835,19861.770481841148
2022-02-15,446.1,0.01612682793494602,16126.827934946019,0.0005045046399304689,0.00875098533048461,19853.331479404987
2022-02-16,446.6,0.00112082492714638,1120.8249271463799,0.0005760758337341354,0.008805341943349835,19908.212676380397
2022-02-17,437.06,-0.021361397223466194,-21361.397223466192,0.0006113259975300989,0.008789736476439002,19836.658767813005
2022-02-18,434.23,-0.006475083512561208,-6475.083512561208,0.0005210229040500262,0.008898807644977818,20180.6993423425
2022-02-22,429.57,-0.010731639914331126,-10731.639914331126,0.0004510451506449429,0.008884694638983136,20217.84533425553
2022-02-23,421.95,-0.017738668901459587,-17738.668901459587,0.000504501672897923,0.008775949197738313,19911.409085951025
2022-02-24,428.3,0.015049176442706536,15049.176442706535,0.0004541574646893589,0.008844366174425989,20120.914982425264
2022-02-25,437.75,0.022063973850104945,22063.973850104947,0.0004173933964566099,0.00876383166399606,19970.327763532427
2022-02-28,436.63,-0.002558537978298081,-2558.5379782980813,0.0005368623931455967,0.008854424722433009,20061.609735741094
2022-03-01,429.98,-0.015230286512607827,-15230.286512607827,0.0005796111149324097,0.008813319046284839,19923.234911635976
2022-03-02,437.89,0.018396204474626643,18396.204474626644,0.0005681892085652676,0.008832005685767879,19978.128442037458
2022-03-03,435.71,-0.004978419237708143,-4978.419237708143,0.0005681876181813213,0.008832002462538274,19978.12253406806
2022-03-04,432.17,-0.008124670078721974,-8124.670078721974,0.000568188963517588,0.00883200161423146,19978.11921527504
2022-03-07,419.43,-0.029479140153180428,-29479.140153180426,0.0004785803596985607,0.008805956491780814,20007.137803851874
2022-03-08,416.25,-0.00758171804591945,-7581.71804591945,0.00033576517574208876,0.008999781602616996,20600.85762233783
2022-03-09,427.41,0.026810810810810937,26810.810810810937,0.00026488180681833205,0.008992041491160457,20653.73479942983
2022-03-10,425.48,-0.00451557052946816,-4515.57052946816,0.0003667379131215709,0.009147226827924107,20912.89377138902
2022-03-11,420.07,-0.01271505123625083,-12715.051236250829,0.00032482139560807255,0.009145486560855723,20950.761822307715
2022-03-14,417.0,-0.007308305758564004,-7308.3057585640045,0.00027900647206363915,0.009182080257311568,21081.706413805503
2022-03-15,426.17,0.021990407673860846,21990.407673860846,0.0002361337855149488,0.009192419693278126,21148.63222523378
2022-03-16,435.62,0.022174249712556104,22174.249712556106,0.0003822940770370544,0.009246714872499392,21128.78140846373
2022-03-17,441.07,0.012510903998898204,12510.903998898204,0.0004914263471655049,0.009342155570436186,21241.677403077512
2022-03-18,444.52,0.007821887682227358,7821.887682227358,0.0005095299405668703,0.009361101259766842,21267.648073772758
2022-03-21,444.39,-0.00029245028345181723,-292.4502834518172,0.0005723007180718053,0.009357294144531285,21196.02062183336
2022-03-22,449.59,0.01170143342559471,11701.433425594709,0.0005914646781703477,0.00935056814769998,21161.20965330551
2022-03-23,443.8,-0.01287840032029175,-12878.40032029175,0.0006157683474631473,0.009371577578521681,21185.781228739575
2022-03-24,450.49,0.015074357818837258,15074.357818837258,0.0004997949052787209,0.009358391910951391,21271.08022120405
2022-03-25,452.69,0.004883571222446648,4883.571222446648,0.0005621126406098309,0.009403437065829696,21313.553186159923
2022-03-28,455.91,0.007113035410545976,7113.0354105459755,0.000592258881636865,0.009405168932728327,21287.43587001064
2022-03-29,461.55,0.012370862670263882,12370.862670263883,0.0006044974089097339,0.00941167928182521,21290.34267951857
2022-03-30,458.7,-0.006174845628859282,-6174.845628859282,0.0006107845332970436,0.00941903885440847,21301.176481164177
2022-03-31,451.64,-0.015391323304992377,-15391.323304992377,0.000528672704761787,0.009388184187074506,21311.50961994283
2022-04-01,452.92,0.0028341156673457046,2834.1156673457044,0.0004694698487895783,0.009441785239022797,21495.4071691613
2022-04-04,456.8,0.008566634284200347,8566.634284200347,0.0004761771378157036,0.009442871350912384,21491.226554220484
2022-04-05,451.03,-0.012631348511383589,-12631.348511383589,0.0004914564888436485,0.00945289440817767,21499.264321153027
2022-04-06,446.52,-0.009999334855774533,-9999.334855774534,0.00041185051122815433,0.009479341110300292,21640.39452802687
2022-04-07,448.77,0.0050389680193496655,5038.968019349665,0.00037039505617648684,0.009502183212715565,21734.98865947093
2022-04-08,447.57,-0.0026739755331238735,-2673.9755331238734,0.0003786959093052893,0.0095053636938699,21734.086711913948
2022-04-11,439.92,-0.01709229841142168,-17092.29841142168,0.0003816608122883296,0.009504291093568632,21728.626567500352
2022-04-12,438.29,-0.0037052191307510585,-3705.2191307510584,0.00027032163444043136,0.009545378618491258,21935.549621601607
2022-04-13,443.31,0.011453603778320165,11453.603778320165,0.00024213119531372928,0.00954667620847502,21966.75870642841
2022-04-14,437.79,-0.012451783176558151,-12451.78317655815,0.00030759762595689553,0.009567277704726597,21949.218522792155
2022-04-18,437.97,0.0004111560337147768,411.1560337147768,0.0002870768784533313,0.009589183956800848,22020.70083323686
2022-04-19,445.04,0.016142658172934254,16142.658172934254,0.0002508730420015395,0.009571474138614321,22015.705471800775
2022-04-20,444.71,-0.0007415063814489864,-741.5063814489864,0.00035197598896731687,0.009605386920388563,21993.495452618317
2022-04-21,438.06,-0.01495356524476621,-14953.565244766209,0.00030564032703819246,0.009582491309220611,21986.56795818201
2022-04-22,426.04,-0.027439163584896953,-27439.163584896953,0.0002374755357524614,0.009630256251463257,22165.850621307603
2022-04-25,428.51,0.005797577692235434,5797.5776922354335,0.00012858092973547163,0.009788023104686659,22641.765810914963
2022-04-26,416.1,-0.028960817717206044,-28960.817717206046,0.00015292088603037612,0.009794548119717146,22632.60530946432
2022-04-27,417.27,0.0028118240807497585,2811.8240807497587,1.158647956020964e-05,0.00995800202344243,23154.19035736948
2022-04-28,427.81,0.02525942435353623,25259.42435353623,4.9115735603248554e-05,0.009950773367034543,23099.84473185978
2022-04-29,412.0,-0.03695565788550992,-36955.65788550992,0.0001415265458858337,0.01007690059560562,23300.849731622184
2022-05-02,414.48,0.006019417475728206,6019.417475728206,1.8381102292143847e-05,0.01033903603688287,24033.813401741958
2022-05-03,416.38,0.004584057131827857,4584.057131827857,4.1207629324164775e-05,0.010345985849771106,24027.15455714747
2022-05-04,429.06,0.030452951630721925,30452.951630721924,2.7601584850874604e-05,0.010337729608766794,24021.55371291281
2022-05-05,413.81,-0.035542814524775035,-35542.814524775036,0.00012030130985993415,0.010505550217074751,24319.263103261208
2022-05-06,411.34,-0.005968922935646881,-5968.922935646881,1.7739641450969402e-05,0.010726623667867906,24936.1185239297
2022-05-09,398.17,-0.032017309281859196,-32017.309281859198,2.956285385730295e-05,0.01071835322385767,24905.055381682778
2022-05-10,399.09,0.002310570861692174,2310.570861692174,-1.35253350095903e-05,0.010825340372763162,25197.032896955654
2022-05-11,392.75,-0.015886140970708285,-15886.140970708284,-5.2333173661437195e-05,0.010799414204673978,25175.527449591205
2022-05-12,392.34,-0.0010439210693826695,-1043.9210693826694,-0.00017729920580984525,0.010801163398447979,25304.56271495704
2022-05-13,401.72,0.023907835041035996,23907.835041035996,-0.00017129677303903,0.010800259517789375,25296.4575413377
2022-05-16,400.09,-0.004057552524146302,-4057.552524146302,-4.120259113441627e-05,0.010893611323652252,25383.53213454006
2022-05-17,408.32,0.02057037166637521,20570.37166637521,-4.6945837110013325e-05,0.010895355628197791,25393.333239686854
2022-05-18,391.86,-0.04031152037617547,-40311.52037617547,-7.696040071149212e-06,0.010951963066703114,25485.772036869745
2022-05-19,389.46,-0.006124636349716828,-6124.636349716828,-0.00016566722271243385,0.011244620315439302,26324.5657879311
2022-05-20,389.63,0.00043650182303700547,436.50182303700547,-0.0002309427479156101,0.011231597413239595,26359.545512288147
2022-05-23,396.92,0.018710058260400952,18710.058260400954,-0.00022032205970641173,0.011230965611799117,26347.455034141076
2022-05-24,393.89,-0.007633780106822585,-7633.780106822585,-0.00015341985267857972,0.011293793228852914,26426.711720477397
2022-05-25,397.37,0.008834953921145638,8834.953921145638,-0.00018605486095276948,0.01130360871432271,26482.180962506925
2022-05-26,405.31,0.019981377557440227,19981.377557440228,-0.00015786999768775312,0.011317328845521574,26485.913897287952
2022-05-27,415.26,0.024549110557351206,24549.110557351207,-7.442101350313069e-05,0.011388666026028112,26568.42001131478
2022-05-31,412.93,-0.0056109425420218795,-5610.9425420218795,1.7484771781532072e-05,0.01149423122257531,26722.095596590392
2022-06-01,409.59,-0.008088538008863555,-8088.538008863555,9.886480166010348e-06,0.011497333531170212,26736.910937210283
2022-06-02,417.39,0.01904343367757999,19043.43367757999,-5.905099923291379e-05,0.011494002590310503,26798.099489421667
2022-06-03,410.54,-0.016411509619300824,-16411.509619300825,2.1003473764202418e-05,0.0115571540054557,26864.957176790253
2022-06-06,411.79,0.0030447703025284767,3044.770302528477,-4.549526136616633e-05,0.011603778190326807,27039.91998527441
2022-06-07,415.74,0.00959226790354295,9592.26790354295,-2.7348575722975e-05,0.011605054419207167,27024.742251973836
2022-06-08,411.22,-0.01087217972771437,-10872.17972771437,-7.5731244100012415e-06,0.01161725992481227,27033.361052676883
2022-06-09,401.44,-0.023782889937259966,-23782.889937259966,-5.767169672375294e-05,0.011637061312341301,27129.524540771858
2022-06-10,389.8,-0.02899561578318055,-28995.61578318055,-0.0001617589728122617,0.011732421845179947,27455.45358969695
2022-06-13,375.0,-0.037968188814776815,-37968.18881477682,-0.0002704047478012601,0.011872891776158058,27890.88128998354
2022-06-14,373.87,-0.0030133333333333123,-3013.333333333312,-0.0003999442953709593,0.012105481042537733,28561.504382920313
2022-06-15,379.2,0.01425629229411296,14256.29229411296,-0.00041067096030032203,0.012106608358684571,28574.853577371247
2022-06-16,366.65,-0.03309599156118148,-33095.99156118148,-0.0002868163956692169,0.012097599189918219,28430.040552133665
2022-06-17,365.86,-0.0021546433928814057,-2154.643392881406,-0.00047646441281532105,0.012238564434989727,28947.622767465513
2022-06-21,375.07,0.02517356365822976,25173.56365822976,-0.0005064677699253157,0.012233425843512282,28965.67197321639
2022-06-22,374.39,-0.0018129949076172158,-1812.9949076172159,-0.0004009520740596204,0.012340665208968624,29109.632347193543
2022-06-23,378.06,0.009802612249258935,9802.612249258935,-0.0004318670920242118,0.012334456670275825,29126.10414436924
2022-06-24,390.08,0.03179389514891806,31793.89514891806,-0.00040686506457504736,0.01234889110539722,29134.681634377717
2022-06-27,388.59,-0.003819729286300255,-3819.7292863002554,-0.00028775305492239147,0.012514851427518665,29401.65106726742
2022-06-28,380.65,-0.0204328469595203,-20432.846959520302,-0.0003051841698826436,0.01251673129288881,29423.455403034994
2022-06-29,380.34,-0.0008143964271640769,-814.3964271640768,-0.0003902824036407626,0.012581057510849054,29658.19879719001
2022-06-30,377.25,-0.00812430982804857,-8124.30982804857,-0.00041568641742025035,0.012575452522177021,29670.563657488292
2022-07-01,381.24,0.010576540755467212,10576.540755467211,-0.00047875773381815014,0.012574410987516077,29731.212001941967
2022-07-05,381.96,0.0018885741265344258,1888.574126534426,-0.00042916576428516783,0.012593527863157677,29726.092535416123
2022-07-06,383.25,0.0033773169965440886,3377.3169965440884,-0.000435747702274214,0.012591878080693989,29728.836505478135
2022-07-07,388.99,0.014977168949771746,14977.168949771747,-0.0003896462508879552,0.012584624645551962,29665.861040669733
2022-07-08,388.67,-0.0008226432556106555,-822.6432556106555,-0.000372436916033823,0.012602744618588622,29690.80506656711
2022-07-11,384.23,-0.011423572696632078,-11423.572696632078,-0.0003900551892766919,0.012600272820830588,29702.67307835052
2022-07-12,380.83,-0.008848866564297508,-8848.866564297508,-0.00042211353241061646,0.012618167488337672,29776.360643196218
2022-07-13,378.83,-0.005251687104482317,-5251.6871044823165,-0.0004634779143913081,0.012628812160027479,29842.488234532353
2022-07-14,377.91,-0.002428529947469782,-2428.5299474697817,-0.00047082245851802143,0.012631069612988877,29855.08439955656
2022-07-15,385.13,0.019105077928607272,19105.077928607272,-0.0004491622252314196,0.012623016146801808,29814.689002327013
2022-07-18,381.95,-0.008256952197959189,-8256.952197959188,-0.00031367018355918483,0.012650467113101777,29743.057457747072
2022-07-19,392.27,0.02701924335646022,27019.24335646022,-0.00040401968564701907,0.012626095041477305,29776.70904282535
2022-07-20,394.77,0.006373161342952516,6373.161342952516,-0.0003283279950124367,0.012733521201384674,29950.927970907644
2022-07-21,398.79,0.010183144615852457,10183.144615852458,-0.00031121183105818504,0.012739664910656348,29948.104211956277
2022-07-22,395.09,-0.00927806615010418,-9278.066150104181,-0.00031163113795738086,0.01273931637380295,29947.712700887543
2022-07-25,395.57,0.001214913057784317,1214.913057784317,-0.00035856292340154906,0.012750690659292201,30021.105031198367
2022-07-26,390.89,-0.011831028642212527,-11831.028642212526,-0.0003354728054318965,0.012748282575541458,29992.412872714664
2022-07-27,401.04,0.02596638440481991,25966.38440481991,-0.00038115686624342883,0.012768997805958554,30086.28776576727
2022-07-28,406.07,0.012542389786554864,12542.389786554864,-0.0002938808963382984,0.012874207557831292,30243.76627845965
2022-07-29,411.99,0.014578767207624299,14578.7672076243,-0.00022428548901325219,0.012896452246873592,30225.919756196854
2022-08-01,410.77,-0.0029612369232263624,-2961.2369232263623,-0.00015757836526952574,0.012929808763413392,30236.8114937909
2022-08-02,408.06,-0.006597365922535681,-6597.3659225356805,-0.00020196519006199942,0.012920268629716623,30259.004648839833
2022-08-03,414.45,0.015659461843846367,15659.461843846368,-0.00020867880653464298,0.012923165254697316,30272.456822678203
2022-08-04,414.17,-0.0006755941609360994,-675.5941609360993,-0.0001713724093392197,0.012955546490573344,30310.48044472179
2022-08-05,413.47,-0.0016901272424366676,-1690.1272424366675,-0.00018068470992356557,0.012955066948612823,30318.677163885768
2022-08-08,412.99,-0.0011609064744722009,-1160.906474472201,-0.0001841909080614288,0.012955357537311312,30322.85937242458
2022-08-09,411.35,-0.00397104046102803,-3971.04046102803,-0.00019381044602138076,0.012955185672110967,30332.07909214109
2022-08-10,419.99,0.021004011182691018,21004.011182691018,-0.00021963406752032187,0.012956259060827138,30360.399789197916
2022-08-11,419.99,0.0,0.0,-0.00014760594473286305,0.01302408905923048,30446.167838992267
2022-08-12,427.1,0.01692897449939279,16928.97449939279,-0.000154885044281289,0.013023493601844502,30452.06169751674
2022-08-15,428.86,0.004120814797471395,4120.814797471395,-9.658787610072573e-05,0.013067318088064184,30495.715529684265
2022-08-16,429.7,0.0019586811546892235,1958.6811546892236,-5.388361773863615e-05,0.013063570543327152,30444.293178590306
2022-08-17,426.65,-0.007097975331626705,-7097.975331626704,-2.269053465794091e-06,0.01304584606956912,30351.445322471973
2022-08-18,427.89,0.0029063635298254287,2906.3635298254285,-3.685431514568682e-05,0.013053177680458291,30403.086461557185
2022-08-19,422.14,-0.013438033139358208,-13438.033139358207,-5.7057170033796734e-05,0.013044661311221412,30403.477278976534
2022-08-22,413.35,-0.020822475955843966,-20822.475955843965,-0.00014599515607372694,0.013059844060303588,30527.73562106588
2022-08-23,412.35,-0.0024192572880126217,-2419.2572880126218,-0.00023563483407766883,0.01312464578578008,30768.12665536624
2022-08-24,413.67,0.0032011640596580904,3201.1640596580905,-0.0002537052824318979,0.013124529364318134,30785.926266899976
2022-08-25,419.51,0.014117533299489837,14117.533299489838,-0.00021728787530778693,0.013121421279347008,30742.27837291095
2022-08-26,405.31,-0.03384901432623777,-33849.01432623777,-0.00019658164656014777,0.01314000276799702,30764.799150780775
2022-08-29,402.63,-0.006612222743085594,-6612.222743085594,-0.00034956793151640395,0.01330787540912755,31308.31559754066
2022-08-30,398.21,-0.01097782082805554,-10977.820828055541,-0.0003700906344870658,0.013313583002937838,31342.11614923778
2022-08-31,395.18,-0.007609050500991921,-7609.050500991921,-0.0004161278811264211,0.013330341456798055,31427.139389387063
2022-09-01,396.42,0.0031378106179462684,3137.8106179462684,-0.0004588704133650059,0.013336227378780645,31483.574623716613
2022-09-02,392.24,-0.01054437213056858,-10544.37213056858,-0.0004453482756837057,0.013338161108447093,31474.551013933822
2022-09-06,390.76,-0.0037732000815827726,-3773.200081582773,-0.0004732236542033315,0.013352004030896333,31534.62984566375
2022-09-07,397.78,0.01796499129900697,17964.99129900697,-0.0004834433760730996,0.013353554276025501,31548.455976994002
2022-09-08,400.38,0.006536276333651836,6536.276333651836,-0.0003944624776531467,0.013402179476746585,31572.59421089635
2022-09-09,406.6,0.015535241520555632,15535.241520555632,-0.00033677921917140585,0.013400846243774448,31511.809388724283
2022-09-12,410.97,0.010747663551401887,10747.663551401887,-0.0002848753220547002,0.01343718807029728,31544.449222477724
2022-09-13,393.1,-0.04348249263936543,-43482.49263936543,-0.00022029838991456828,0.013451309298278435,31512.723179030396
2022-09-14,394.6,0.0038158229458153947,3815.8229458153946,-0.00042763899153671226,0.013715536156119108,32334.747369654684
2022-09-15,390.12,-0.011353269133299593,-11353.269133299593,-0.00040603471556125646,0.013717958989320073,32318.779446545446
2022-09-16,385.56,-0.011688711165795174,-11688.711165795174,-0.00039983431176258976,0.013712636895773067,32300.19800173826
2022-09-19,388.55,0.007754953833385203,7754.953833385203,-0.00037989228284172015,0.013692484672531254,32233.374891121603
2022-09-20,384.09,-0.011478574186076562,-11478.574186076563,-0.0003450940139094323,0.013702094946072184,32220.93346161021
2022-09-21,377.39,-0.01744382826941604,-17443.82826941604,-0.0004300277511906021,0.01370504640500924,32312.73331911492
2022-09-22,374.22,-0.00839979861681539,-8399.798616815391,-0.0005484030734036063,0.013723745290826813,32474.60875459656
2022-09-23,367.95,-0.01675485008818356,-16754.85008818356,-0.0005885910128503343,0.013731998080432673,32533.99555359779
2022-09-26,364.31,-0.009892648457670794,-9892.648457670794,-0.000644166652080318,0.013769296390219678,32676.340036506088
2022-09-27,363.38,-0.002552770991737785,-2552.770991737785,-0.00060312998041308,0.013726144294806229,32534.916579413362
2022-09-28,370.53,0.019676371842148654,19676.371842148656,-0.000620073518497895,0.013725925208290772,32551.35044604872
2022-09-29,362.79,-0.020888996842360785,-20888.996842360786,-0.0004924786307380012,0.013765844094032816,32516.620773268904
2022-09-30,357.18,-0.015463491275944818,-15463.491275944818,-0.0006235715524412279,0.013803505761128218,32735.327834152355
2022-10-03,366.61,0.026401254269555974,26401.254269555975,-0.0006338411402421329,0.013813624333443268,32769.13674114671
2022-10-04,377.97,0.030986607021085133,30986.607021085132,-0.0005698561306293816,0.01390172837448278,32910.11238010063
2022-10-05,377.09,-0.0023282271079716477,-2328.2271079716475,-0.00046253403872606127,0.014041226054020205,33127.31041842283
2022-10-06,373.2,-0.010315839719960751,-10315.839719960752,-0.0005064296098390244,0.014029786306731155,33144.59315775034
2022-10-07,362.79,-0.027893890675241062,-27893.890675241062,-0.0005403980250267138,0.014043262446732053,33209.9117625794
2022-10-10,360.02,-0.007635271093470175,-7635.271093470175,-0.0006230145597278605,0.014143231397059235,33525.09085234428
2022-10-11,357.74,-0.006332981501027679,-6332.981501027679,-0.0006437095468830339,0.014149716126167378,33560.87157527391
2022-10-12,356.56,-0.0032984849331917365,-3298.4849331917367,-0.0006834319530310493,0.014151700568718385,33605.21048513162
2022-10-13,365.97,0.026391070226609914,26391.070226609914,-0.0007639083965553506,0.014108901454405218,33586.12130006266
2022-10-14,357.63,-0.022788753176489984,-22788.753176489983,-0.0006888073924850694,0.014203339297299208,33730.715571037814
2022-10-17,366.82,0.025696949361071475,25696.949361071474,-0.0007918044219223637,0.014269975076601585,33988.73060399025
2022-10-18,371.13,0.011749631972084451,11749.631972084451,-0.0007198759907429766,0.014358073251900218,34121.74917562371
2022-10-19,368.5,-0.007086465658933561,-7086.465658933561,-0.0006885884516705457,0.014376751663371818,34133.914119368696
2022-10-20,365.41,-0.008385345997286242,-8385.345997286242,-0.0007273673286074667,0.014380897613212023,34182.33791790226
2022-10-21,374.29,0.024301469582113322,24301.46958211332,-0.0007567640004115992,0.01438904048817471,34230.67774956442
2022-10-24,378.87,0.012236501108765951,12236.501108765951,-0.0006810093932695862,0.014471008013003795,34345.60811954893
2022-10-25,384.92,0.0159685380209571,15968.538020957101,-0.0006356634327374966,0.014493726179542506,34353.11251744628
2022-10-26,382.02,-0.0075340330458277815,-7534.033045827781,-0.0005540684279472905,0.014529652964962132,34355.09571353815
2022-10-27,379.98,-0.005340034553164674,-5340.034553164674,-0.0006227999692155026,0.014521834040956543,34405.637717568665
2022-10-28,389.02,0.023790725827675052,23790.72582767505,-0.0006522767071837907,0.014523908354507419,34439.940030456135
2022-10-31,386.21,-0.007223279008791383,-7223.279008791384,-0.0005639945877598627,0.01460523615625259,34540.854669722496
2022-11-01,384.52,-0.004375857694000618,-4375.857694000618,-0.0006090602105335727,0.014608344791156459,34593.15205869599
2022-11-02,374.87,-0.025096223863518063,-25096.223863518062,-0.0006509845116278265,0.014604037301730415,34625.05564092151
2022-11-03,371.01,-0.010296902926347884,-10296.902926347884,-0.000770219467333233,0.014681552343934362,34924.61755026426
2022-11-04,376.35,0.014393143041966594,14393.143041966594,-0.000825285556689563,0.014691399858822897,35002.592384946125
2022-11-07,379.95,0.009565563969708979,9565.56396970898,-0.0007711279205983619,0.014722536671249196,35020.869806247254
2022-11-08,382.0,0.005395446769311807,5395.446769311807,-0.0007196440751432567,0.014736137104503482,35001.025299779285
2022-11-09,374.13,-0.0206020942408377,-20602.094240837698,-0.0006658829051227943,0.014733822200824871,34941.87885850747
2022-11-10,394.69,0.054954160318605894,54954.16031860589,-0.0007495854454095566,0.014787519930632542,35150.50099837313
2022-11-11,398.51,0.009678481846512543,9678.481846512543,-0.000559956181498912,0.015192751179153276,35903.58058795361
2022-11-14,395.12,-0.008506687410604452,-8506.687410604452,-0.0005226119119124211,0.015206446147055762,35898.09557783213
2022-11-15,398.49,0.008529054464466501,8529.0544644665,-0.0005724699090143508,0.01521212987138986,35961.17589495532
2022-11-16,395.45,-0.007628798715149765,-7628.798715149765,-0.0005286366778595192,0.015222542557131406,35941.56619313839
2022-11-17,394.24,-0.003059805285118178,-3059.805285118178,-0.0005727375522177045,0.015227095470999851,35996.258728995126
2022-11-18,396.03,0.004540381493506329,4540.381493506329,-0.00057782372799169,0.015227715461349326,36002.787218000536
2022-11-21,394.59,-0.0036360881751382745,-3636.0881751382744,-0.0005484015651945291,0.015230480979190811,35979.79861175454
2022-11-22,399.9,0.013457006006234229,13457.006006234229,-0.0005682499365446962,0.01523126172286723,36001.46326449651
2022-11-23,402.42,0.0063015753938484576,6301.575393848458,-0.0005251013375395161,0.015255731572351603,36015.2400478174
2022-11-25,402.33,-0.00022364693603704744,-223.64693603704745,-0.0004106823570275173,0.0151989015445983,35768.61465305982
2022-11-28,395.91,-0.015957050182685784,-15957.050182685784,-0.00046064333255300217,0.01517757579938927,35768.964526555945
2022-11-29,395.23,-0.0017175620721880946,-1717.5620721880946,-0.0004466411415489193,0.015161585931977774,35717.76434149293
2022-11-30,407.68,0.03150064519393769,31500.645193937693,-0.0004090825549970361,0.015146694097998185,35645.56216862207
2022-12-01,407.38,-0.0007358712715855864,-735.8712715855864,-0.0003443452350425944,0.015248419240295664,35817.472917187864
2022-12-02,406.91,-0.0011537139771220506,-1153.7139771220507,-0.0003124832981787842,0.015239206189883581,35764.178220084475
2022-12-05,399.59,-0.017989235948981497,-17989.235948981495,-0.00036447145036886574,0.015219727507261782,35770.852180368216
2022-12-06,393.83,-0.014414775144523162,-14414.775144523162,-0.0005191677738374087,0.015201453390322094,35883.036550744146
2022-12-07,393.16,-0.0017012416524895269,-1701.2416524895268,-0.0005874188279475767,0.015225461472268186,36007.1387552494
2022-12-08,396.24,0.007833960728456546,7833.960728456546,-0.0005672174902467497,0.015220599591202248,35975.62699086699
2022-12-09,393.28,-0.0074702200686453946,-7470.220068645394,-0.0005735357697731512,0.015216767174787047,35973.02973661345
2022-12-12,398.95,0.014417209113100071,14417.20911310007,-0.0005679830773749197,0.015213984859870421,35961.00441182401
2022-12-13,401.97,0.007569870911141807,7569.8709111418075,-0.00048279425463964686,0.015238105991856054,35931.929733202975
2022-12-14,399.4,-0.006393511953628472,-6393.511953628472,-0.0005150147709950797,0.015212404249650932,35904.35905622038
2022-12-15,389.63,-0.024461692538808144,-24461.692538808144,-0.000505314700662547,0.015207860783037265,35884.08930199037
2022-12-16,383.27,-0.01632317840002062,-16323.17840002062,-0.0005467352729401936,0.015259069842932599,36044.63996188715
2022-12-19,380.02,-0.008479661857176413,-8479.661857176412,-0.0005694942269995362,0.01527840549733553,36112.38037445994
2022-12-20,380.54,0.001368349034261529,1368.349034261529,-0.0006744489639266811,0.015242072311333154,36132.811481373334
2022-12-21,386.23,0.014952436011983039,14952.43601198304,-0.0007089703848759732,0.015227568295083933,36133.5915149562
2022-12-22,380.72,-0.014266110866582027,-14266.110866582027,-0.0006740489215267949,0.01525351571287373,36159.032771819155
2022-12-23,382.91,0.005752258877915528,5752.2588779155285,-0.0007877219497785028,0.015248472615067786,36260.973800211425
2022-12-27,381.4,-0.003943485414327208,-3943.485414327208,-0.0007614442556740402,0.015254081185294036,36247.74359152921
2022-12-28,376.66,-0.012427897220765427,-12427.897220765428,-0.0007823348958026308,0.015254851537836284,36270.42633965672
2022-12-29,383.44,0.01800031858970952,18000.318589709517,-0.0008209884298980574,0.015272127265218902,36349.26922542121
2022-12-30,382.43,-0.002634049655747983,-2634.0496557479833,-0.0007389065103779284,0.015318034096813525,36373.982565985185
2023-01-03,380.82,-0.0042099207698140795,-4209.92076981408,-0.0007726025540405023,0.015312879002969229,36395.6860680426
2023-01-04,383.76,0.007720182763510275,7720.1827635102745,-0.0007881025121820353,0.015314395295663898,36414.7134504708
2023-01-05,379.38,-0.011413383364602847,-11413.383364602847,-0.0006804130699982696,0.015279006072061898,36224.69636319656
2023-01-06,388.08,0.0229321524592756,22932.1524592756,-0.0007223089707652766,0.015294071792590642,36301.640370886504
2023-01-09,387.86,-0.0005668934240361523,-566.8934240361523,-0.0006147663676811765,0.015365617877339414,36360.538849953664
2023-01-10,390.58,0.007012839684422234,7012.839684422234,-0.0006120563619398735,0.015365566129705147,36357.70846121339
2023-01-11,395.52,0.012647857033130316,12647.857033130316,-0.0006204381625328113,0.01536081325044268,36355.03341123852
2023-01-12,396.96,0.00364077669902918,3640.7766990291802,-0.000580660997306091,0.015382315831525054,36365.27872979917
2023-01-13,398.5,0.003879484079000406,3879.484079000406,-0.0005109834580018004,0.015361731442213446,36247.71474018139
2023-01-17,397.77,-0.0018318695106650518,-1831.8695106650518,-0.0004971015839422739,0.015364134037148595,36239.42213774143
2023-01-18,391.49,-0.01578801820147313,-15788.01820147313,-0.0004335907077070891,0.01532546513933381,36085.953953283315
2023-01-19,388.64,-0.007279879434979208,-7279.879434979209,-0.000455208464317665,0.015343357980630112,36149.19668320409
2023-01-20,395.88,0.018629065459036642,18629.065459036643,-0.00044005570756947996,0.015334702989457081,36113.90940614069
2023-01-23,400.63,0.011998585429928266,11998.585429928266,-0.0002870167820511846,0.015333327544282235,35957.670716664026
2023-01-24,400.2,-0.0010733095374785284,-1073.3095374785285,-0.0002560095173669521,0.01535036110202934,35966.28943283212
2023-01-25,400.35,0.0003748125937033109,374.8125937033109,-0.00021146681517492417,0.015331682456006473,35878.29370217484
2023-01-26,404.75,0.010990383414512195,10990.383414512195,-0.0001999323494802958,0.015331031862101155,35865.24572873171
2023-01-27,405.68,0.002297714638665793,2297.7146386657932,-0.00013621909677660594,0.015344354384003939,35832.52529653343
2023-01-30,400.59,-0.012546834943798157,-12546.834943798158,-0.00022636967222620897,0.015263043828156098,35733.519233249324
2023-01-31,406.48,0.014703312613894681,14703.31261389468,-0.00034860136090964964,0.0152387452842966,35799.22405608293
2023-02-01,410.8,0.010627829167486613,10627.829167486614,-0.0003168157382018424,0.015261895668119894,35821.29427956568
2023-02-02,416.78,0.014556962025316311,14556.962025316312,-0.0003131608074464567,0.015264416728772727,35823.504212900334
2023-02-03,412.35,-0.010629108882383886,-10629.108882383887,-0.00016091306211112543,0.015221928221315134,35572.413418569864
2023-02-06,409.83,-0.006111313204801849,-6111.31320480185,-0.0002222382750701275,0.015233136137519277,35659.8121435628
2023-02-07,415.19,0.013078593563184748,13078.593563184748,-0.000233846442977367,0.01523652684967031,35679.30828747408
2023-02-08,410.65,-0.010934752763794964,-10934.752763794964,-0.00021444357433657624,0.0152504278756629,35692.244041098136
2023-02-09,407.09,-0.008669183002556924,-8669.183002556923,-0.0003167269593661208,0.015236170653901385,35761.36016859305
2023-02-10,408.04,0.002333636296642183,2333.636296642183,-0.0002795411219835082,0.015204234345136075,35649.87936720955
2023-02-13,412.83,0.011739045191647701,11739.045191647701,-0.00019133183273925214,0.015154892364965245,35446.88346729393
2023-02-14,412.64,-0.0004602378703097987,-460.23787030979867,-0.000131298414539069,0.0151723669282684,35427.50196228382
2023-02-15,413.98,0.003247382706475399,3247.382706475399,-0.00019764667776009227,0.015137211766918679,35412.06709063736
2023-02-16,408.28,-0.013768781100536365,-13768.781100536366,-0.00018914044664277617,0.015138553088026759,35406.68123902823
2023-02-17,407.26,-0.0024982854903496943,-2498.285490349694,-0.00015876998215105686,0.01510348282956243,35294.725153315965
2023-02-21,399.09,-0.020060894760104198,-20060.8947601042,-0.0001428627900622108,0.01509889719883788,35268.150188939915
2023-02-22,398.54,-0.0013781352577111328,-1378.1352577111327,-0.00018017980944530309,0.015136653977530341,35393.30261016485
2023-02-23,400.66,0.005319415867917954,5319.415867917954,-0.00011473767487030928,0.015095747826124141,35232.69853723085
2023-02-24,396.38,-0.010682374082763513,-10682.374082763512,-0.0001536567171694636,0.015069014734949742,35209.427109709904
2023-02-27,397.73,0.003405822695393468,3405.8226953934677,-0.00028464210890093747,0.015017348408664841,35220.21865312899
2023-02-28,396.26,-0.0036959746561738838,-3695.974656173884,-0.00026078466620617125,0.015018459082134296,35198.94502329865
2023-03-01,394.74,-0.0038358653409377164,-3835.865340937716,-0.00021464741878043548,0.014989977450890275,35086.54959357917
2023-03-02,397.81,0.0077772711151644636,7777.2711151644635,-0.0003035756980426929,0.014945003452672766,35070.85270770101
2023-03-03,404.19,0.016037806993288273,16037.806993288274,-0.00025255293663120246,0.014950752357054738,35033.20389777658
2023-03-06,404.47,0.0006927435117147773,692.7435117147774,-0.0001559030283431615,0.014977733716271298,34999.32201714071
2023-03-07,398.27,-0.015328701757856056,-15328.701757856055,-3.521549368358068e-05,0.014861613433361077,34608.49830919992
2023-03-08,398.92,0.0016320586536773263,1632.0586536773262,-6.62034285313271e-05,0.01488546929880042,34694.98328589589
2023-03-09,391.56,-0.018449814499147732,-18449.81449914773,-0.00016691843715986154,0.014787748128947753,34568.36485878888
2023-03-10,385.91,-0.01442946164061698,-14429.46164061698,-0.00022265541303857984,0.014830403083255636,34723.332096939055
2023-03-13,385.36,-0.0014252027674847012,-1425.202767484701,-0.00022951305465604443,0.014836597900811373,34744.60103920738
2023-03-14,391.73,0.016529997924019213,16529.99792401921,-0.00020598064269172723,0.014829989236031401,34705.69457398193
2023-03-15,389.28,-0.006254307814055671,-6254.307814055671,-0.00022782228169109377,0.014801160090272185,34660.46959103393
2023-03-16,396.11,0.017545211672832073,17545.211672832073,-0.00034153651179754085,0.014737426555900922,34625.917448950684
2023-03-17,389.99,-0.015450253717401718,-15450.253717401718,-0.0003213992811018054,0.014758483067052342,34654.76498820677
2023-03-20,393.74,0.009615631170029948,9615.631170029948,-0.0004144878467003217,0.01478029127474419,34798.587031405856
2023-03-21,398.91,0.013130492202976685,13130.492202976684,-0.0003748555208863946,0.014793897478082798,34790.607467802474
2023-03-22,392.11,-0.017046451580557065,-17046.451580557066,-0.00036913928577686673,0.014798857648711744,34796.43031509047
2023-03-23,393.17,0.002703323047104078,2703.323047104078,-0.000385811490817928,0.014815345672584575,34851.459399415224
2023-03-24,395.75,0.006562046951700262,6562.046951700262,-0.0004352956299048607,0.014784127509659977,34828.31923155105
2023-03-27,396.49,0.0018698673404926591,1869.8673404926592,-0.00042858172698784626,0.014786933518701442,34828.133081802196
2023-03-28,395.6,-0.0022446972180887315,-2244.6972180887315,-0.0004495543992680595,0.014779910689112667,34832.76820939881
2023-03-29,401.35,0.014534883720930258,14534.883720930258,-0.0005080166388214699,0.0147578852682475,34839.991657947685
2023-03-30,403.7,0.005855238569826726,5855.238569826726,-0.0004251777214223118,0.014784049196293815,34818.019138935626
2023-03-31,409.39,0.014094624721327609,14094.62472132761,-0.0003401914739230354,0.014758716980207889,34674.10134440012
2023-04-03,410.95,0.003810547399790032,3810.5473997900317,-0.0002951494377071078,0.014785601985872454,34691.60318395553
2023-04-04,408.67,-0.00554812020927109,-5548.12020927109,-0.00031417378524474905,0.014777211309784537,34691.10790001428
2023-04-05,407.6,-0.002618249443316123,-2618.249443316123,-0.00028584087203629906,0.014760281048746,34623.389310031875
2023-04-06,409.19,0.003900883218841855,3900.883218841855,-0.0002563165303864654,0.014748150589323907,34565.64529989431
2023-04-10,409.61,0.0010264180454067073,1026.4180454067073,-0.0002608688695884966,0.014746685094237454,34566.788387717555
2023-04-11,409.72,0.00026854813114907117,268.5481311490712,-0.00024606729527437433,0.014746110350670538,34550.64975992842
2023-04-12,408.05,-0.004075954310260754,-4075.9543102607545,-0.00017662390910409132,0.01470728565434565,34390.88662400245
2023-04-13,413.47,0.01328268594534987,13282.685945349871,-0.0001781068498221301,0.014707661558574734,34393.24404872466
2023-04-14,412.46,-0.002442740706701918,-2442.740706701918,-0.00017079052115401129,0.014713924597783331,34400.4977280045
2023-04-17,413.94,0.0035882267371381005,3588.2267371381004,-0.00013075435127458634,0.014693977804158006,34314.058377180874
2023-04-18,414.21,0.0006522684447021199,652.2684447021198,-0.00011804606846089306,0.014695822115085468,34305.640603172345
2023-04-19,414.14,-0.00016899640279088857,-168.99640279088857,-0.00018000762737382158,0.014659598442213187,34283.333297708894
2023-04-20,411.88,-0.005457091804703662,-5457.091804703662,-0.00017771758745918918,0.014659555092852414,34280.94241210098
2023-04-21,412.2,0.0007769253180538449,776.9253180538449,-0.000139731693698939,0.014633394403547766,34182.097654393416
2023-04-24,412.63,0.0010431829209121002,1043.1829209121001,-2.6867338087135818e-05,0.014530444206191128,33829.73532602892
2023-04-25,406.08,-0.015873785231321103,-15873.785231321102,-4.5884917172429154e-05,0.014525901091715082,33838.18404041134
2023-04-26,404.36,-0.0042356185973206895,-4235.618597320689,6.463212771110616e-06,0.014444633644091513,33596.77955645998
2023-04-27,412.41,0.019908002769809086,19908.002769809085,-2.1726557941171175e-05,0.014446013524336622,33628.1794086469
2023-04-28,415.93,0.008535195557818565,8535.195557818564,-4.313224427607976e-05,0.014412327714641333,33571.22018321183
2023-05-01,415.51,-0.0010097853004111812,-1009.7853004111812,0.0001388311694972342,0.01423044107387186,32966.125169368024
2023-05-02,410.84,-0.011239200019253492,-11239.200019253492,0.00011071435839267663,0.014225718863944572,32983.25647744747
2023-05-03,408.02,-0.006863985979943532,-6863.985979943532,4.742132978835123e-05,0.014240928413953389,33081.93221037992
2023-05-04,405.13,-0.007082986128130964,-7082.986128130964,-0.00010184642065431059,0.014115972260726495,32940.50847941488
2023-05-05,412.63,0.01851257621010549,18512.57621010549,1.1992892932265686e-05,0.013942702858580265,32423.58426050909
2023-05-08,412.74,0.0002665826527397108,266.58265273971085,0.00010991888951527517,0.013986431267623962,32427.38575534007
2023-05-09,410.93,-0.004385327324708088,-4385.327324708088,0.0002390544572536708,0.013836849322792435,31950.270548247965
2023-05-10,412.85,0.00467232862044642,4672.32862044642,0.00021227086450806976,0.013839303755770313,31982.76400593362
2023-05-11,412.13,-0.001743974809252813,-1743.974809252813,0.00029450474287268856,0.013804297455473296,31819.093295295002
2023-05-12,411.59,-0.0013102661781476677,-1310.2661781476677,0.000291704527913208,0.013804641045806237,31822.69282089506
2023-05-15,413.01,0.0034500352292330394,3450.0352292330394,0.00019083212303647334,0.013723277993919418,31734.286462989417
2023-05-16,410.25,-0.00668264690927578,-6682.64690927578,0.0002208624740499907,0.013722158310071786,31701.651337837367
2023-05-17,415.23,0.01213893967093238,12138.939670932381,0.00011185039974738676,0.013667993062140366,31684.656202767816
2023-05-18,419.23,0.009633215326445566,9633.215326445566,0.00032165223993581814,0.013445754816047858,30957.850891251514
2023-05-19,418.62,-0.0014550485413734604,-1455.0485413734605,0.0003846836466404677,0.013452347797016302,30910.157051806393
2023-05-22,418.79,0.00040609622091647424,406.09622091647424,0.0003771174451828259,0.01345285047193938,30918.892650002672
2023-05-23,414.09,-0.011222808567539877,-11222.808567539876,0.00030390159702488794,0.013402388633535987,30874.716707670686
2023-05-24,411.09,-0.007244801854669247,-7244.801854669247,0.0002895454831820188,0.013412843449662655,30913.394360783317
2023-05-25,414.65,0.008659904157240605,8659.904157240606,0.00022522646007875924,0.013410254442979434,30971.690453693187
2023-05-26,420.02,0.012950681297479782,12950.681297479783,0.00017994056647796075,0.013362301119489606,30905.42023514023
2023-05-30,420.18,0.0003809342412266492,380.9342412266492,0.00013354684943847506,0.013297328745438135,30800.66560793369
2023-05-31,417.85,-0.0055452425151125695,-5545.24251511257,0.00015751435657146917,0.013292332152811065,30765.074288165266
2023-06-01,421.82,0.009501017111403609,9501.01711140361,0.00016768753854647312,0.013286967919055306,30742.42203239669
2023-06-02,427.92,0.014461144564032136,14461.144564032136,0.0001295178722817676,0.013246169200226136,30685.67968584957
2023-06-05,427.1,-0.0019162460272947879,-1916.2460272947878,0.00025300848901509945,0.013235246552008834,30536.77918965702
2023-06-06,428.03,0.00217747600093654,2177.47600093654,0.00023316442369580636,0.013234763059376901,30555.498482919902
2023-06-07,426.55,-0.0034577015629744245,-3457.7015629744246,0.00020350525608538072,0.013222007176371231,30555.48302921857
2023-06-08,429.13,0.006048528894619487,6048.528894619487,0.0002331631687443405,0.013205368980639906,30487.11888529217
2023-06-09,429.9,0.001794328059096184,1794.328059096184,0.00035248884407185834,0.013122002235788566,30173.853160314033
2023-06-12,433.8,0.009071877180739873,9071.877180739873,0.0004756486194409653,0.012989264071531776,29741.898238722057
2023-06-13,436.66,0.006592899953895781,6592.899953895781,0.000663808883423032,0.012768975915456988,29041.27109117903
2023-06-14,437.18,0.0011908578756927302,1190.8578756927302,0.0007022338165719484,0.012772319367388374,29010.62419032265
2023-06-15,442.6,0.012397639416258821,12397.63941625882,0.0006499720788982674,0.012743333841813101,28995.45551219634
2023-06-16,439.46,-0.007094441934026308,-7094.4419340263075,0.0008319466028080287,0.012583326402977615,28441.248023120927
2023-06-20,437.18,-0.005188185500386799,-5188.1855003867995,0.0008121874086434491,0.012591910459596354,28480.976719151156
2023-06-21,434.94,-0.0051237476554280015,-5123.747655428001,0.0006907404120089828,0.012502102076363633,28393.498174381137
2023-06-22,436.51,0.0036096932910285595,3609.6932910285595,0.0006774974010177397,0.012506517539778937,28417.013089301476
2023-06-23,433.21,-0.007559964261987129,-7559.964261987128,0.0006527257251848182,0.012494498211701318,28413.82362681363
2023-06-26,431.44,-0.004085778259966255,-4085.778259966255,0.0004953102875411974,0.012347623845642324,28229.558195224814
2023-06-27,436.17,0.010963285740775097,10963.285740775098,0.0004942460916465334,0.012348008695349019,28231.51768541647
2023-06-28,436.39,0.000504390489946438,504.390489946438,0.000619830622447715,0.012293853733470556,27979.949874180562
2023-06-29,438.11,0.003941428538692504,3941.428538692504,0.0006251057701161571,0.012293518785424819,27973.89552083801
2023-06-30,443.28,0.011800689324598768,11800.689324598769,0.0006733687235831214,0.012282711234620857,27900.490444534662
2023-07-03,443.79,0.0011505143475907254,1150.5143475907253,0.0006782653178596476,0.012286918350645703,27905.381065678375
2023-07-05,443.13,-0.0014871898871088307,-1487.1898871088308,0.0006753130787438728,0.012286715042785107,27907.86033998488
2023-07-06,439.66,-0.007830659174508536,-7830.659174508536,0.0006558550512092611,0.012286270655642941,27926.284568436065
2023-07-07,438.55,-0.0025246781603966983,-2524.6781603966983,0.00056462373871214,0.012264160623365526,27966.080254349643
2023-07-10,439.66,0.002531068293239125,2531.068293239125,0.0005578155990929958,0.01226540618010077,27975.78599223182
2023-07-11,442.46,0.006368557521721163,6368.5575217211635,0.0006136341630524806,0.012242392627567471,27866.42989926237
2023-07-12,446.02,0.00804592505537216,8045.92505537216,0.0006745038593965553,0.012232982947637104,27783.67001401688
2023-07-13,449.56,0.007936863817766149,7936.863817766149,0.0007276943080359732,0.012236021100836577,27737.547366614068
2023-07-14,449.28,-0.0006228312127414259,-622.8312127414259,0.000769155883096917,0.012242842920390684,27711.95571696991
2023-07-17,450.84,0.003472222222222321,3472.222222222321,0.0006902442465315222,0.012187637478542703,27662.440291256764
2023-07-18,454.19,0.007430574039570592,7430.5740395705925,0.0007371609442122482,0.01217562663469019,27587.582192514314
2023-07-19,455.2,0.002223738963869737,2223.738963869737,0.0006588062669446897,0.012068370183394085,27416.42105233201
2023-07-20,452.18,-0.006634446397188021,-6634.4463971880205,0.0006422085774283586,0.012063331949221894,27421.298056492946
2023-07-21,452.18,0.0,0.0,0.0005749382133761967,0.012056803204287545,27473.38028864693
2023-07-24,454.2,0.004467247556282805,4467.247556282805,0.0006120504779766134,0.012040621323502396,27398.623340084003
2023-07-25,455.44,0.0027300748568912514,2730.0748568912513,0.0006250598159706073,0.012043032062383368,27391.222219360625
2023-07-26,455.51,0.0001536975232740989,153.6975232740989,0.0006833042299670225,0.012017732804503063,27274.12293057955
2023-07-27,452.49,-0.006629931285811463,-6629.931285811464,0.0005800534824408392,0.011910042790610042,27126.849243230274
2023-07-28,456.92,0.009790271608212331,9790.271608212332,0.0005033641981513738,0.01189442290731061,27167.201245213342
2023-07-31,457.79,0.001904053225947555,1904.0532259475551,0.00048421021575372603,0.011875506286192236,27142.348586288223
2023-08-01,456.48,-0.0028615740841870796,-2861.5740841870797,0.0005036713763504217,0.011873823746908194,27118.973254005105
2023-08-02,450.13,-0.013910795653697905,-13910.795653697905,0.000518614543703816,0.011867200118505984,27088.621222799797
2023-08-03,448.84,-0.0028658387576923072,-2865.8387576923074,0.000400333513713639,0.011863047863054473,27197.24266214787
2023-08-04,446.81,-0.004522769806612592,-4522.769806612592,0.00039157253532661417,0.011864654287301631,27209.740742167083
2023-08-07,450.71,0.008728542333430234,8728.542333430234,0.0003802419650699105,0.011868002357453259,27228.860088303165
2023-08-08,448.75,-0.004348694282354515,-4348.694282354515,0.0004197997603015202,0.011879320948793955,27215.63327397412
2023-08-09,445.75,-0.006685236768802283,-6685.236768802283,0.0004182891450162143,0.011879905543011039,27218.503858773514
2023-08-10,445.91,0.00035894559730786924,358.9455973078692,0.00030753215321024105,0.0118161158961248,27180.863941159867
2023-08-11,445.65,-0.00058307730259477,-583.07730259477,0.00030896793559947257,0.011816100185481704,27179.391610349474
2023-08-14,448.11,0.005520026926960631,5520.026926960631,0.00023891972839152232,0.011768991336646844,27139.848247221937
2023-08-15,442.89,-0.011648925487045658,-11648.925487045659,0.00024451657690947924,0.011771177321185667,27139.336759188554
2023-08-16,439.64,-0.007338165232902094,-7338.165232902094,0.00019008615034253972,0.011794656778523092,27248.38857141605
2023-08-17,436.29,-0.007619870803384554,-7619.870803384554,0.00018912539073743818,0.011795262594771894,27250.758670363608
2023-08-18,436.5,0.0004813312246441104,481.33122464411036,0.00014702045340459825,0.011804308064622761,27313.906517253716
2023-08-21,439.34,0.0065063001145475585,6506.300114547558,0.0002026979108606075,0.011772758634383831,27184.83410983417
2023-08-22,438.15,-0.002708608367096077,-2708.608367096077,0.00031201301514217363,0.011703422359555961,26914.21871001288
2023-08-23,443.03,0.011137738217505522,11137.73821750552,0.0003108556108258398,0.01170370785612212,26916.04027865894
2023-08-24,436.89,-0.013859106606776028,-13859.106606776028,0.0003426019074572295,0.011722328463166787,26927.61199163926
2023-08-25,439.97,0.007049829476527325,7049.829476527325,0.00023069534783216606,0.011723837349184023,27043.02874504269
2023-08-28,442.76,0.006341341455099236,6341.341455099237,0.0003942907230432264,0.011530129084993922,26428.800561248845
2023-08-29,449.16,0.014454783629957557,14454.783629957557,0.00044610497983596574,0.011527621848425849,26371.153599996254
2023-08-30,451.01,0.004118799536913187,4118.799536913187,0.0005478353976680182,0.011538616851359351,26295.00138386363
2023-08-31,450.35,-0.0014633821866476548,-1463.3821866476549,0.0005947467978196385,0.011529157529075615,26226.084309427373
2023-09-01,451.19,0.0018652159431553628,1865.2159431553628,0.0005763420266012628,0.011528754151065636,26243.550683069796
2023-09-05,449.24,-0.004321904297524326,-4321.9042975243265,0.0006259803788961586,0.011507375985833531,26144.1792815363
2023-09-06,446.22,-0.006722464606891632,-6722.464606891632,0.0006237855620323925,0.011508270709750645,26148.455537482496
2023-09-07,444.85,-0.003070234413518058,-3070.2344135180583,0.0005250357384087981,0.011464708460453122,26145.864415064363
2023-09-08,445.52,0.0015061256603348117,1506.1256603348118,0.00048660969542011845,0.011460578020861237,26174.681618689603
2023-09-11,448.45,0.006576584665110463,6576.584665110463,0.0004304932319792352,0.011420874660221274,26138.43425351344
2023-09-12,445.99,-0.005485561378079984,-5485.561378079984,0.00041380891643406947,0.011408782456540298,26126.987896732895
2023-09-13,446.51,0.0011659454247852086,1165.9454247852086,0.0005657966414792113,0.011069706333736759,25186.19115426573
2023-09-14,450.36,0.008622427269266097,8622.427269266098,0.0005551971313950906,0.011067850362614541,25192.473029875397
2023-09-15,443.37,-0.01552091660005328,-15520.91660005328,0.0006350999170053532,0.011053630329198637,25079.489499759256
2023-09-18,443.63,0.0005864176647043529,586.4176647043529,0.0006197710952683209,0.01107342869216066,25140.876201082476
2023-09-19,442.71,-0.002073800238937884,-2073.800238937884,0.0005910969505935975,0.01106415567424412,25147.97808024112
2023-09-20,438.64,-0.009193377154344762,-9193.377154344762,0.0006287160463821522,0.011038912657402877,25051.634945889557
2023-09-21,431.39,-0.01652836038664962,-16528.36038664962,0.0006617178508424372,0.010996919055356828,24920.941414586126
2023-09-22,430.42,-0.002248545399754165,-2248.545399754165,0.0006292036037631003,0.01103576667203484,25043.828732135917
2023-09-25,432.23,0.004205194925886335,4205.194925886335,0.0006872288225168179,0.010982001110418497,24860.726113419405
2023-09-26,425.88,-0.014691252342502903,-14691.252342502903,0.0007436201960510464,0.010963636506168342,24761.61228183023
2023-09-27,426.05,0.000399173476096637,399.173476096637,0.0006950662706479859,0.011005093701789738,24906.61006613082
2023-09-28,428.52,0.005797441614833865,5797.441614833865,0.0006179574771837779,0.01093889947489592,24829.728060586815
2023-09-29,427.48,-0.0024269579016147347,-2426.9579016147345,0.0007247032310125566,0.010858093462524194,24534.99941166735
2023-10-02,427.31,-0.0003976794235988068,-397.6794235988068,0.0007768493645098768,0.010811240197662515,24373.85628506719
2023-10-03,421.59,-0.013386066321874113,-13386.066321874112,0.0006696536297372578,0.010688308065794927,24195.06911621834
2023-10-04,424.66,0.007281956403140555,7281.956403140555,0.0004921629363654207,0.010550378714132126,24051.688155581593
2023-10-05,424.5,-0.00037677200584007586,-376.77200584007585,0.0005306036704098696,0.010557566337308788,24029.968333433575
2023-10-06,429.54,0.011872791519434767,11872.791519434766,0.0005703599412663523,0.010535248235559775,23938.29239402065
2023-10-09,432.29,0.006402197699864942,6402.1976998649425,0.0007294266700450556,0.01040313480542863,23471.883867924113
2023-10-10,434.54,0.005204839343958989,5204.839343958989,0.000785576545218396,0.01039568612098066,23398.40576152084
2023-10-11,436.32,0.004096285727435811,4096.285727435811,0.0008317278285983427,0.010389565688041984,23338.016221985792
2023-10-12,433.66,-0.006096442977631011,-6096.442977631012,0.0008613069112408529,0.010388286126262502,23305.46043351788
2023-10-13,431.5,-0.00498086058202285,-4980.86058202285,0.0007313568584238892,0.010270170747037706,23160.633024983712
2023-10-16,436.04,0.010521436848204058,10521.436848204057,0.0008025884288017577,0.010167629308701409,22850.854397531108
2023-10-17,436.02,-4.586735161915545e-05,-45.86735161915545,0.0007418863787502881,0.010063173223793173,22668.555256525673
2023-10-18,430.21,-0.01332507683133799,-13325.07683133799,0.0006947043814554736,0.010038978238732786,22659.451301762805
2023-10-19,426.43,-0.008786406638618294,-8786.406638618293,0.0006697499367658559,0.010066115156640383,22747.53565773478
2023-10-20,421.19,-0.012288066036629686,-12288.066036629685,0.0006681456942005278,0.010067595917856368,22752.58466600688
2023-10-23,420.46,-0.0017331845485411002,-1733.1845485411002,0.0005217875517255557,0.009988294283689851,22714.45962043061
2023-10-24,423.63,0.007539361651524468,7539.361651524468,0.0004659088090963275,0.009961534338656973,22708.08542182315
2023-10-25,417.55,-0.01435214692066189,-14352.14692066189,0.00043219210361859696,0.009923042723712002,22652.257240705254
2023-10-26,412.55,-0.01197461381870435,-11974.613818704349,0.0004049196481192605,0.009954345066049648,22752.349833754273
2023-10-27,410.68,-0.004532783904981241,-4532.783904981241,0.0003783813310571018,0.009978537151506726,22835.16735738812
2023-10-30,415.59,0.01195578065647207,11955.78065647207,0.00026508729212647666,0.00987187040574518,22700.317439085517
2023-10-31,418.2,0.006280228109434738,6280.228109434738,0.00034180353078753047,0.009887952151088742,22661.012934515325
2023-11-01,422.66,0.010664753706360663,10664.753706360663,0.00038442787400127187,0.009890501343211837,22624.318898977668
2023-11-02,430.76,0.019164340131547775,19164.340131547775,0.0005274717842807867,0.009778467510040075,22220.645319078376
2023-11-03,434.69,0.00912340978735271,9123.40978735271,0.0006453167565123694,0.009824909372223651,22210.840274204053
2023-11-06,435.69,0.0023004900043708254,2300.4900043708253,0.0006242378234939138,0.009800919236545351,22176.109806089342
2023-11-07,436.93,0.0028460602722120143,2846.0602722120143,0.0005951775276325612,0.009785059062923802,22168.273820764287
2023-11-08,437.25,0.0007323827615406397,732.3827615406398,0.0005849799816441621,0.009781364078583496,22169.875547788004
2023-11-09,433.84,-0.007798742138364845,-7798.742138364844,0.0006703178896536754,0.009688399202998285,21868.26899910036
2023-11-10,440.61,0.015604831274202535,15604.831274202535,0.0004193062798257925,0.009069486868383093,20679.47521507854
2023-11-13,440.19,-0.0009532239395384501,-953.22393953845,0.00044301167753655246,0.009101473858445893,20730.18268369734
2023-11-14,448.73,0.019400713328335595,19400.713328335594,0.00047322553142081645,0.009084165559344588,20659.70370499549
2023-11-15,449.68,0.0021170859982617696,2117.0859982617694,0.0005167121668762928,0.009148677029497568,20766.293190981647
2023-11-16,450.23,0.0012230919765165993,1223.0919765165993,0.0005556957057299389,0.009134581996824234,20694.519702833855
2023-11-17,450.79,0.001243808719987527,1243.808719987527,0.0005728272947764781,0.009131789804520297,20670.89250315714
2023-11-20,454.26,0.0076975975509661065,7697.597550966107,0.0005596410036824028,0.009128417153782941,20676.232835378487
2023-11-21,453.27,-0.002179368643508095,-2179.368643508095,0.0006049757465868204,0.009135636652424759,20647.693157791102
2023-11-22,455.02,0.0038608334987977333,3860.8334987977332,0.0005424302479878511,0.009100753380543619,20629.08803100979
2023-11-24,455.3,0.0006153575667005029,615.357566700503,0.0005326672804076482,0.009095858214897804,20627.463140396776
2023-11-27,454.48,-0.0018010103228640606,-1801.0103228640605,0.0005360232984185984,0.00909573282282961,20623.815416814563
2023-11-28,454.93,0.00099014258053165,990.14258053165,0.0005926474578578854,0.009036515663742877,20429.431545227115
2023-11-29,454.61,-0.0007034049194380998,-703.4049194380998,0.0006034782764687643,0.009035358216622314,20415.908101967998
2023-11-30,456.4,0.0039374408833945385,3937.4408833945386,0.00047466207601526113,0.008820091941974365,20043.940062041554
2023-12-01,459.1,0.005915863277826672,5915.863277826672,0.0004933553246351816,0.008822468015911277,20030.774387973335
2023-12-04,456.69,-0.005249401001960363,-5249.401001960363,0.0005216336336549766,0.008828495387411268,20016.517841828598
2023-12-05,456.6,-0.00019707022268933283,-197.07022268933284,0.000572592973443061,0.008757703139371536,19800.871106314706
2023-12-06,454.76,-0.004029785370127104,-4029.7853701271038,0.0006294637931303963,0.008705998096419752,19623.7163698793
2023-12-07,458.23,0.007630398451930809,7630.398451930809,0.0006201496182598461,0.008709746430331849,19641.75047337745
2023-12-08,460.2,0.004299151081334607,4299.151081334607,0.0006193353691537431,0.008709078813120951,19641.011612604307
2023-12-11,461.99,0.003889613211647047,3889.613211647047,0.000666412853753663,0.008696976221426914,19565.779289546583
2023-12-12,464.1,0.004567198424208385,4567.198424208385,0.000624302470147851,0.008655516326175379,19511.439533976027
2023-12-13,470.5,0.013790131437190212,13790.131437190212,0.0006122917802001173,0.008647919683605135,19505.77779063063
2023-12-14,472.01,0.0032093517534537153,3209.3517534537154,0.0006930263537633921,0.00867642025754378,19491.345466658466
2023-12-15,469.33,-0.0056778458083515115,-5677.845808351512,0.0008037105309324395,0.008529489623727486,19038.84952187941
2023-12-18,471.97,0.005625039950567956,5625.039950567956,0.0008462918612991159,0.008470009239498333,18857.896126114112
2023-12-19,474.84,0.00608089497213804,6080.89497213804,0.0009027106685300934,0.008454601257372215,18765.63299242078
2023-12-20,468.26,-0.013857299300817139,-13857.299300817138,0.0009215608522815994,0.008460894752713312,18761.423668176318
2023-12-21,472.7,0.009481911758424832,9481.911758424832,0.0008063219110303987,0.00846522001137121,18886.724665710997
2023-12-22,473.65,0.002009731330653741,2009.7313306537412,0.0009013140015304261,0.008428570475638667,18706.473005674987
2023-12-26,475.65,0.004222527182518698,4222.527182518698,0.000886343891341379,0.008423241933326744,18709.04707278495
2023-12-27,476.51,0.0018080521391778959,1808.052139177896,0.0009190079417287627,0.008420270124866633,18669.469562104332
2023-12-28,476.69,0.0003777465320768947,377.7465320768947,0.0009759517391685359,0.008377675480600717,18513.43580453102
2023-12-29,475.31,-0.0028949631836203693,-2894.9631836203694,0.0009054614509380055,0.008307702607422588,18421.14484800308
2024-01-02,472.65,-0.005596347646798949,-5596.347646798949,0.0009044177968265159,0.008308165419536167,18423.265164091074
2024-01-03,468.79,-0.008166719559927982,-8166.719559927982,0.0008988720893185764,0.008312054765227856,18437.85884268029
2024-01-04,467.28,-0.0032210584696773514,-3221.0584696773512,0.0008353244800248234,0.008320420143226362,18520.867231296408
2024-01-05,467.92,0.0013696284882727117,1369.6284882727116,0.0008680937796045254,0.008288055321152552,18412.806096691587
2024-01-08,474.6,0.014275944605915525,14275.944605915525,0.0007818436837205139,0.008168861062241918,18221.768881760978
2024-01-09,473.88,-0.001517067003792727,-1517.067003792727,0.0008412150358403205,0.008212839615039515,18264.706942445253
2024-01-10,476.56,0.005655440195830197,5655.440195830197,0.0008070954090874607,0.008204811598215645,18280.15060932714
2024-01-11,476.35,-0.0004406580493536705,-440.6580493536705,0.0007791257417382602,0.008176153405474226,18241.451350918484
2024-01-12,476.68,0.0006927679227457517,692.7679227457518,0.0007628000027447288,0.008174491089083117,18253.909963709575
2024-01-16,474.93,-0.003671225979692827,-3671.225979692827,0.0007500531381197102,0.008172095826955498,18261.08461537624
2024-01-17,472.29,-0.005558713915734925,-5558.713915734926,0.0007426957122435991,0.008175257079969763,18275.796215481394
2024-01-18,476.49,0.008892841262783335,8892.841262783335,0.0007836129293865519,0.008117583908336761,18100.71113812081
2024-01-19,482.43,0.012466158786123449,12466.15878612345,0.0008483038121776021,0.008117508076635648,18035.843844413095
2024-01-22,483.45,0.002114296374603475,2114.2963746034748,0.0008236521854859493,0.00807252704992367,17955.85395524116
2024-01-23,484.86,0.002916537387527285,2916.537387527285,0.0007841150292646501,0.008041721873674511,17923.72755518577
2024-01-24,485.39,0.0010930990388977602,1093.0990388977602,0.0008000744169646734,0.008041979942193293,17908.36852463578
2024-01-25,488.03,0.005438925400193639,5438.92540019364,0.0008029475627454512,0.008041955709894988,17905.439006099354
2024-01-26,487.41,-0.0012704137040754349,-1270.413704075435,0.000780741730688177,0.008021350782316484,17879.71060868961
2024-01-29,491.27,0.007919410763012502,7919.410763012502,0.0007664692173172121,0.008021815168431737,17895.063445712527
2024-01-30,490.89,-0.0007735054043601641,-773.5054043601641,0.0008483342001444547,0.007989771364236425,17738.65342711934
2024-01-31,482.88,-0.016317301228381043,-16317.301228381042,0.0007864269280714354,0.007941803123438698,17688.969884191087
2024-02-01,489.2,0.01308813783962881,13088.137839628811,0.0006786464064879647,0.007990397634404248,17909.79814304932
2024-02-02,494.35,0.010527391659852947,10527.391659852947,0.0006727711097452147,0.007980686108050614,17893.081051105604
2024-02-05,492.55,-0.003641144937797103,-3641.144937797103,0.000757397111914162,0.007972527377338893,17789.47500309057
2024-02-06,493.98,0.0029032585524313426,2903.2585524313427,0.0007672777849821811,0.007965508120960082,17763.26509786836
2024-02-07,498.1,0.00834041864043078,8340.41864043078,0.0007265764449391674,0.007928257721598922,17717.309050550364
2024-02-08,498.32,0.0004416783778358191,441.6783778358191,0.0008036771305560703,0.007908096156338454,17593.30555045244
2024-02-09,501.2,0.0057794188473270225,5779.418847327022,0.0008401205760776413,0.007885226426238881,17503.659156933838
2024-02-12,500.98,-0.0004389465283319849,-438.9465283319849,0.0008539037062803807,0.00789085707954618,17502.974885081992
2024-02-13,494.08,-0.013773004910375697,-13773.004910375697,0.000805191739400462,0.007860922792343588,17482.049286567235
2024-02-14,498.57,0.009087597150259086,9087.597150259086,0.0007519406712401984,0.007914438604086776,17659.796749603833
2024-02-15,502.01,0.006899733237057948,6899.733237057948,0.0007753015290153331,0.007930436961989163,17673.65363772306
2024-02-16,499.51,-0.004979980478476476,-4979.980478476476,0.0008579755863657104,0.007885815476312109,17487.174482031325
2024-02-20,496.76,-0.005505395287381587,-5505.395287381587,0.0008480488064132033,0.007891617217160633,17510.59812947253
2024-02-21,497.21,0.0009058700378452578,905.8700378452578,0.0009062708043040936,0.007789773657148072,17215.452582261667
2024-02-22,507.5,0.02069548078276795,20695.48078276795,0.0009154068254863193,0.0077884229438586645,17203.17433209019
2024-02-23,507.85,0.0006896551724138167,689.6551724138167,0.0009769110851457193,0.007883472058546826,17362.787378315057
2024-02-26,505.99,-0.003662498769321676,-3662.498769321676,0.0010223992021664286,0.007848658874492544,17236.311684581076
2024-02-27,506.93,0.0018577442241940467,1857.7442241940466,0.000994125916307568,0.007852768627128288,17274.145684746938
2024-02-28,506.26,-0.0013216814944864153,-1321.6814944864152,0.0010163407918290397,0.007847301027521762,17239.21127050472
2024-02-29,508.08,0.0035949907162327044,3594.9907162327045,0.001026397527214845,0.007842667355266226,17218.37500151824
2024-03-01,512.85,0.00938828530940028,9388.285309400278,0.001009668405619118,0.007832663508314809,17211.83169502631
2024-03-04,512.3,-0.0010724383347958666,-1072.4383347958667,0.000983070318883566,0.007792613946645688,17145.26056911664
2024-03-05,507.18,-0.009994144056217014,-9994.144056217014,0.0009760095914975233,0.007793677687160714,17154.79592698834
2024-03-06,509.75,0.005067234512401875,5067.234512401875,0.0009973478223040794,0.007756069883602108,17045.96886232588
2024-03-07,514.81,0.0099264345267287,9926.4345267287,0.0010110885257389776,0.007760240625768886,17041.930756063837
2024-03-08,511.72,-0.006002214409199347,-6002.214409199347,0.0011245935218424834,0.0076815765903988755,16745.42584851383
2024-03-11,511.28,-0.0008598452278590907,-859.8452278590906,0.0011583025107681538,0.007631373311153519,16594.926567645845
2024-03-12,516.78,0.01075731497418242,10757.31497418242,0.0011605639409266563,0.007630688394255967,16591.07178251883
2024-03-13,515.97,-0.0015673981191220987,-1567.3981191220987,0.0011374732091273092,0.007592632439016616,16525.63112375252
2024-03-14,514.95,-0.0019768591197162344,-1976.8591197162343,0.0011562208479070435,0.007580083501056854,16477.690289828624
2024-03-15,509.83,-0.009942712884746241,-9942.71288474624,0.0010781325647368503,0.007510809220007352,16394.6224965536
2024-03-18,512.86,0.005943157523095932,5943.157523095932,0.0011001627280674722,0.007470101497405445,16277.892009290983
2024-03-19,515.71,0.005557072105447869,5557.072105447869,0.001085472833479736,0.0074568879041504044,16261.842489301418
2024-03-20,520.48,0.009249384343914091,9249.384343914091,0.001055179153089621,0.007423065217399743,16213.452834274782
2024-03-21,522.2,0.0033046418690441115,3304.6418690441114,0.0011603624967875055,0.007351496989252695,15941.776895178145
2024-03-22,521.21,-0.001895825354270464,-1895.825354270464,0.0011627677720752656,0.007352102190479474,15940.779528477666
2024-03-25,519.77,-0.0027628019416359173,-2762.8019416359175,0.0011289362828513826,0.0073466149028138085,15961.845677706278
2024-03-26,518.81,-0.001846970775535417,-1846.970775535417,0.0011104056057228684,0.007350580034241673,15989.600629902297
2024-03-27,523.17,0.008403847265858522,8403.847265858521,0.0011119965114930817,0.0073498939725339055,15986.413705936759
2024-03-28,523.07,-0.00019114245847418054,-191.14245847418056,0.0010874723656727947,0.007315072528558484,15929.931059593793
2024-04-01,522.16,-0.001739728908176863,-1739.728908176863,0.001063286841559591,0.007309238876317466,15940.54547921821
2024-04-02,518.84,-0.006358204381798571,-6358.204381798571,0.000999949427041573,0.0072643312138525925,15899.412048632927
2024-04-03,519.41,0.0010986045794463273,1098.6045794463273,0.0009592744199152188,0.0072769884986089,15969.532303243244
2024-04-04,513.07,-0.012206156985810623,-12206.156985810623,0.0009858613190700885,0.007265250502966915,15915.638742881145
2024-04-05,518.43,0.010446917574599812,10446.917574599813,0.0009475096889001105,0.007309523515950739,16056.984802683422
2024-04-08,518.72,0.00055938120864929,559.38120864929,0.0009736938263231423,0.00733183609384289,16082.707483404165
2024-04-09,519.32,0.001156693399136488,1156.693399136488,0.0009718256789761126,0.0073318821059975775,16084.682671029434
2024-04-10,514.12,-0.010013094046060322,-10013.094046060321,0.0009753782600480622,0.007331755141535392,16080.834726450801
2024-04-11,518.0,0.007546876215669407,7546.8762156694065,0.000951629701104864,0.0073577523236465735,16165.061774729396
2024-04-12,510.85,-0.013803088803088781,-13803.088803088782,0.0009286864621861422,0.007328029487216094,16118.859356307612
2024-04-15,504.45,-0.01252813937555064,-12528.13937555064,0.0008832450698005947,0.007384028807614248,16294.574648649137
2024-04-16,503.53,-0.0018237684606997595,-1823.7684606997595,0.0008187796053498398,0.007430523133243021,16467.20208868135
2024-04-17,500.55,-0.005918217385259994,-5918.2173852599935,0.0008088754577282322,0.007432395886732114,16481.46291240091
2024-04-18,499.52,-0.002057736489861184,-2057.736489861184,0.0007858785737983558,0.007444318600290721,16532.19617567065
2024-04-19,495.16,-0.008728379244074214,-8728.379244074215,0.0007994759950577257,0.007435969570866198,16499.17600755924
2024-04-22,499.72,0.00920914451894328,9209.14451894328,0.0007614547768092135,0.007460346400357568,16593.906211270853
2024-04-23,505.65,0.01186664532137982,11866.645321379821,0.0007941186232013382,0.007479437057193037,16605.653873821968
2024-04-24,505.41,-0.0004746366063481666,-474.63660634816665,0.0009050803454121419,0.00743681723525743,16395.543619459262
2024-04-25,503.49,-0.003798895945865799,-3798.895945865799,0.000920124273376032,0.007430177437213289,16365.053211431325
2024-04-26,508.26,0.0094738723708514,9473.872370851399,0.0008252966785133324,0.00733757403969605,16244.453089350838
2024-04-29,510.06,0.0035414945106835294,3541.4945106835294,0.0008290513857654638,0.007341774076373145,16250.469128493358
2024-04-30,501.98,-0.015841273575657788,-15841.273575657788,0.0008472565050098427,0.00734283881155127,16234.740953667026
2024-05-01,500.35,-0.003247141320371294,-3247.141320371294,0.0008288482107842254,0.007378940798575019,16337.135028653991
2024-05-02,505.03,0.009353452583191757,9353.452583191756,0.0008433155894225143,0.007367333937256763,16295.666052863693
2024-05-03,511.29,0.01239530324931204,12395.303249312039,0.0009090613442678053,0.007369654559451584,16235.318872527778
2024-05-06,516.57,0.010326820395470282,10326.820395470282,0.0008845922524246315,0.0073209663720198844,16146.522303048316
2024-05-07,517.14,0.0011034322550669273,1103.4322550669274,0.0009248332033955538,0.007345164655243653,16162.574976810443
2024-05-08,517.19,9.668561704767598e-05,96.68561704767598,0.0009467882417146538,0.0073374275982710764,16122.62085245186
2024-05-09,520.17,0.005761905682631019,5761.905682631019,0.0009284856697010589,0.007333803117536702,16132.491621414536
2024-05-10,520.84,0.0012880404483150976,1288.0404483150976,0.0009585091916685942,0.0073381811991485996,16112.653040297218
2024-05-13,520.91,0.00013439827970196383,134.39827970196382,0.0009689024181744453,0.00733679486638833,16099.034721521803
2024-05-14,523.3,0.004588124628054802,4588.124628054801,0.0009556398703763209,0.007335288413799471,16108.792736542491
2024-05-15,529.78,0.012382954328301166,12382.954328301166,0.0010007229565256433,0.007322779272376271,16034.609035837231
2024-05-16,528.69,-0.002057457812676855,-2057.457812676855,0.0010016990151551185,0.007324285963242074,16037.138064300252
2024-05-17,529.45,0.0014375153681740471,1437.5153681740471,0.0009549363225986287,0.007306253780586223,16041.951627070988
2024-05-20,530.06,0.0011521390121822517,1152.1390121822517,0.0009665065782368188,0.0073047121612894094,16026.795028659075
2024-05-21,531.36,0.0024525525412217863,2452.552541221786,0.0009694907494018818,0.00730463468800482,16023.630627683111
2024-05-22,529.83,-0.002879403794037838,-2879.403794037838,0.0010241921938369284,0.007264056734706658,15874.530747859955
2024-05-23,525.96,-0.007304229658569694,-7304.229658569694,0.0010416537860794542,0.007249331533585562,15822.813215294544
2024-05-24,529.44,0.006616472735569312,6616.472735569312,0.000977797250816213,0.007252266154833598,15893.496700459267
2024-05-28,529.81,0.0006988516168024983,698.8516168024983,0.000952460416568571,0.0072212676608530285,15846.720254136748
2024-05-29,526.1,-0.007002510333893097,-7002.510333893098,0.0009537320860708745,0.0072211946029039145,15845.27862642984
2024-05-30,522.61,-0.006633719825128281,-6633.719825128282,0.0009479030147957523,0.00722704754822712,15864.72368461448
2024-05-31,527.37,0.00910813034576452,9108.13034576452,0.0008833640670496247,0.0072224015004558086,15918.454309005125
2024-06-03,527.8,0.0008153668202588449,815.3668202588449,0.0008619520101765543,0.007189847765837347,15864.135054556447
2024-06-04,528.39,0.001117847669571903,1117.847669571903,0.0008728784615667689,0.007187684064929374,15848.17508215891
2024-06-05,534.67,0.011885160582145726,11885.160582145727,0.0008686399482413103,0.007187224077753762,15851.343505296294
2024-06-06,534.66,-1.8703125292174327e-05,-18.703125292174327,0.0009300113968217909,0.007215583364256531,15855.945622580848
2024-06-07,534.01,-0.001215725881868801,-1215.725881868801,0.0009057424687421442,0.007208498378963141,15863.732410185607
2024-06-10,535.66,0.0030898297784685003,3089.8297784685,0.0008937022529782843,0.007209521975840428,15878.153868368818
2024-06-11,536.95,0.0024082440353956347,2408.244035395635,0.0008697740633691988,0.0071921760994434645,15861.729515298452
2024-06-12,541.36,0.008213055219294052,8213.055219294052,0.0008530354396951983,0.007183667480414331,15858.674131183001
2024-06-13,542.45,0.002013447613418151,2013.4476134181511,0.0008811242290696035,0.007198706672371635,15865.571734045763
2024-06-14,542.78,0.0006083510000920445,608.3510000920445,0.0008395874618582408,0.007161853367122698,15821.374892939884
2024-06-17,547.1,0.007959025756291815,7959.025756291815,0.0008703986335947142,0.007144130369441936,15749.33386322714
2024-06-18,548.49,0.002540668981904526,2540.668981904526,0.0009229874786214287,0.007147741486550675,15705.145732809255
2024-06-20,547.0,-0.002716549071086094,-2716.549071086094,0.0009536451451707588,0.00713813245344718,15652.134112528016
2024-06-21,544.51,-0.004552102376599643,-4552.102376599642,0.0009283401757223003,0.007139892016630894,15681.53243804815
2024-06-24,542.74,-0.0032506290058951226,-3250.6290058951226,0.0009403716232638501,0.007128055377774908,15641.96485086819
2024-06-25,544.83,0.0038508309687881326,3850.8309687881324,0.0009437122202801347,0.007125885756939014,15633.57696103285
2024-06-26,545.51,0.0012480957362845935,1248.0957362845934,0.0009152624011921868,0.007099872968276286,15601.511984517383
2024-06-27,546.37,0.0015765063885171404,1576.5063885171405,0.0009182372221775394,0.007099855927934982,15598.497521770265
2024-06-28,544.22,-0.003935062320405525,-3935.0623204055246,0.000908777533576838,0.007097386774106141,15602.213099610562
2024-07-01,545.34,0.002057991253537228,2057.991253537228,0.0008458345269968208,0.0070701279059001525,15601.74249609082
2024-07-02,549.01,0.006729746580115048,6729.746580115048,0.0008494644346206068,0.00707051790645807,15599.019865435821
2024-07-03,551.46,0.004462578095116854,4462.578095116854,0.0008823321804895024,0.007078705930630143,15585.200312192219
2024-07-05,554.64,0.005766510717005735,5766.510717005735,0.0009315051295680039,0.007060612162487893,15493.934964062608
2024-07-08,555.28,0.001153901629886045,1153.901629886045,0.0009646698850776137,0.007063784519858069,15468.150215376807
2024-07-09,555.82,0.000972482351246251,972.482351246251,0.0009591612184242013,0.007063095019489985,15472.054864314776
2024-07-10,561.32,0.009895289842035249,9895.289842035249,0.0009375769177423017,0.007054737973527955,15474.197768889644
2024-07-11,556.48,-0.00862253260172452,-8622.532601724519,0.000944974376888954,0.007063186127000103,15486.453653612496
2024-07-12,559.99,0.006307504312823342,6307.504312823342,0.0008787367912109913,0.007074989827937765,15580.1507538726
2024-07-15,561.53,0.002750049108019681,2750.0491080196807,0.0009064581333132504,0.007082655855365858,15570.263258380028
2024-07-16,564.86,0.005930226345876477,5930.226345876477,0.0009035694408564399,0.00708175240763772,15571.050217135176
2024-07-17,556.94,-0.014021173388096053,-14021.173388096053,0.0008975680500816634,0.007076832942649442,15565.60722099305
2024-07-18,552.66,-0.007684849355406476,-7684.849355406475,0.0008325884006738002,0.0071389153800686085,15775.012216706265
2024-07-19,548.99,-0.006640610863822172,-6640.610863822171,0.0008283867888409265,0.0071436353035023905,15790.194012384954
2024-07-22,554.65,0.010309841709320589,10309.841709320588,0.0008018243453856378,0.007159057262885451,15852.633298264574
2024-07-23,553.78,-0.0015685567474984508,-1568.5567474984507,0.0008251947219977888,0.007180574991708859,15879.320644354942
2024-07-24,541.23,-0.0226624291234786,-22662.4291234786,0.0008080001955802301,0.0071811419734061945,15897.83416743872
2024-07-25,538.41,-0.005210354193226685,-5210.354193226685,0.0007167356889932193,0.007332871977566368,16342.075446631954
2024-07-26,544.44,0.01119964339443924,11199.643394439241,0.0007224139973635584,0.007327707955513287,16324.383826536934
2024-07-29,544.76,0.0005877599000807532,587.7599000807531,0.000728051484508466,0.007335250483787115,16336.292884006738
2024-07-30,542.0,-0.005066451281298123,-5066.451281298123,0.0007227863112049988,0.007334875372674811,16340.685418371568
2024-07-31,550.81,0.01625461254612537,16254.612546125369,0.0007139668024165547,0.0073405259468613876,16362.650128406067
2024-08-01,543.01,-0.014160962945480193,-14160.962945480193,0.0008346284352158478,0.007347085086769647,16257.247336787888
2024-08-02,532.9,-0.018618441649325135,-18618.441649325134,0.0007894479384646962,0.007404437815862681,16435.85023293506
2024-08-05,517.38,-0.029123662976168085,-29123.662976168085,0.000733065251093846,0.0074981258466658785,16710.183871588
2024-08-06,522.15,0.009219529166183404,9219.529166183405,0.0005816564298554527,0.0077150602005872084,17366.2574658777
2024-08-07,518.66,-0.006683903092980947,-6683.903092980947,0.0006359293236496044,0.00772795073583194,17341.97244134538
2024-08-08,530.65,0.02311726371804257,23117.26371804257,0.0006359346583528898,0.007727945662099194,17341.955303374707
2024-08-09,532.99,0.004409686233864285,4409.686233864285,0.0007269679308358286,0.007857625300169592,17552.60198122323
2024-08-12,533.27,0.0005253381864573914,525.3381864573914,0.0007469389849816647,0.007860626565087318,17539.612913338176
2024-08-13,542.04,0.016445702927222472,16445.70292722247,0.0007269602300196518,0.007854791595120961,17546.01749832386
2024-08-14,543.75,0.0031547487270313646,3154.7487270313645,0.0008393387436767244,0.00787795946604389,17487.535511934395
2024-08-15,553.07,0.01714022988505759,17140.22988505759,0.0008813103995164582,0.00786215280586235,17408.792065785652
2024-08-16,554.31,0.0022420308460049387,2242.0308460049387,0.0009803508022702267,0.007910437000095609,17422.077495636197
2024-08-19,559.61,0.009561436741173823,9561.436741173824,0.00098739360075567,0.007910774713489643,17415.820335987002
2024-08-20,558.7,-0.0016261324851235548,-1626.1324851235547,0.0009996141472621751,0.007921686804813557,17428.985109933223
2024-08-21,560.62,0.003436549131913269,3436.549131913269,0.0010039440507900652,0.00791994743621281,17420.608829958815
2024-08-22,556.22,-0.007848453497912966,-7848.453497912966,0.0009731392944476962,0.007895312225835924,17394.103517014362
2024-08-23,562.13,0.010625292150587828,10625.292150587828,0.0009971819068831484,0.007859032431691367,17285.66148260008
2024-08-26,560.79,-0.0023837902264601807,-2383.7902264601807,0.0010114837575793904,0.007873331563772522,17304.624387421467
2024-08-27,561.56,0.0013730630004100686,1373.0630004100685,0.0009765832308531528,0.00786894769504739,17329.326510458915
2024-08-28,558.3,-0.005805256784671253,-5805.256784671254,0.0009242563483349628,0.007822317702011972,17273.175807812622
2024-08-29,558.35,8.955758552753323e-05,89.55758552753323,0.0008845601230486251,0.007831217059295232,17333.5750339952
2024-08-30,563.68,0.0095459837019789,9545.9837019789,0.0008907718821373258,0.00782996297987233,17324.445849907155
2024-09-03,552.08,-0.02057905194436549,-20579.05194436549,0.00092149495317262,0.007848847898450945,17337.655669058655
2024-09-04,550.95,-0.0020468048108969183,-2046.8048108969183,0.0008564663625852553,0.007959037201796105,17659.022911225078
2024-09-05,549.61,-0.002432162628187684,-2432.162628187684,0.0008751690017692341,0.007946640158762808,17611.480437336195
2024-09-06,540.36,-0.01683011590036576,-16830.11590036576,0.0008777212889105557,0.007945470273591071,17606.20659031273
2024-09-09,546.41,0.011196239544007724,11196.239544007725,0.0008043763226677534,0.008023890458424696,17861.984186825124
2024-09-10,548.79,0.004355703592540339,4355.703592540339,0.0008228549421833424,0.008042534708876819,17886.878579711916
2024-09-11,554.42,0.010258933289600813,10258.933289600813,0.0008622200020658238,0.00803561506842836,17831.416028983036
2024-09-12,559.09,0.008423217055661958,8423.217055661959,0.0008985919535250862,0.008057544424045887,17846.059387343692
2024-09-13,562.01,0.005222772719955637,5222.7727199556375,0.0008977951126706696,0.008056787332067569,17845.094968883895
2024-09-16,562.84,0.0014768420490738343,1476.8420490738342,0.0009807698699507053,0.00799358523963354,17615.090158235027
2024-09-17,563.07,0.0004086418875701714,408.6418875701714,0.0009843315674881831,0.007993607195592918,17611.579537896967
2024-09-18,561.4,-0.002965883460315899,-2965.883460315899,0.0009942613359942155,0.007991334624662155,17596.36297883755
2024-09-19,570.98,0.017064481653010333,17064.481653010334,0.0010191713107703308,0.007969126038317977,17519.788106434204
2024-09-20,568.25,-0.004781253283827835,-4781.253283827836,0.0011535426789289706,0.00795526086522124,17353.161522318762
2024-09-23,569.67,0.002498900131984172,2498.900131984172,0.001143411847392676,0.007961221179455365,17377.158118202227
2024-09-24,571.3,0.0028613056681938698,2861.3056681938697,0.0011365866682170674,0.007959316939948233,17379.553373848757
2024-09-25,570.04,-0.002205496236653226,-2205.496236653226,0.0012067969002598545,0.007896304003039227,17162.75312999063
2024-09-26,572.3,0.003964634060767747,3964.6340607677466,0.001196378221408855,0.007899091748367977,17179.657074260536
2024-09-27,571.47,-0.001450288310326675,-1450.288310326675,0.0011890469911925905,0.007895654079170455,17178.99109004749
2024-09-30,573.76,0.004007209477312923,4007.209477312923,0.0011929536695577427,0.00789409920569199,17171.467235071304
2024-10-01,568.62,-0.008958449525934165,-8958.449525934164,0.0012105732251613897,0.007895450389137856,17156.991002204388
2024-10-02,568.86,0.0004220744961485057,422.07449614850566,0.0012282836923451495,0.007867493183081132,17074.24234814645
2024-10-03,567.82,-0.001828217839187074,-1828.217839187074,0.0012008441647171813,0.007858252149779924,17080.18401760021
2024-10-04,572.98,0.009087386847944634,9087.386847944634,0.0011950383813837933,0.007859958383703082,17089.959094593356
2024-10-07,567.8,-0.009040455164229244,-9040.455164229244,0.0011838967626978327,0.00784672474607257,17070.314668511746
2024-10-08,573.17,0.009457555477280666,9457.555477280666,0.001122126151241456,0.007866239699748558,17177.483850964265
2024-10-09,577.14,0.0069263918209256925,6926.391820925693,0.0011391370157747428,0.007879690868887628,17191.765085161016
2024-10-10,576.13,-0.0017500086634092415,-1750.0086634092415,0.0011504574401487021,0.007885986776105145,17195.091131157686
2024-10-11,579.58,0.0059882318226789355,5988.231822678936,0.0011678431774055894,0.007874728947405412,17151.515768038862
2024-10-14,584.32,0.008178336036440248,8178.336036440248,0.0012117195470243965,0.007870889874726667,17098.708379855565
2024-10-15,579.78,-0.0077697152245346235,-7769.715224534623,0.0012023471437773413,0.007861148657648788,17085.419323462927
2024-10-16,582.3,0.00434647624961193,4346.47624961193,0.0011714517522856793,0.007881226263984638,17163.02221176982
2024-10-17,582.35,8.586639189434031e-05,85.86639189434031,0.001242137964609479,0.007829765170337729,16972.61959364472
2024-10-18,584.59,0.0038464840731518013,3846.484073151801,0.0012776270567315296,0.007804192782395021,16877.640231198002
2024-10-21,583.63,-0.00164217656819321,-1642.17656819321,0.0013421652571706554,0.007758136168037326,16705.958323862335
2024-10-22,583.32,-0.0005311584394221969,-531.1584394221969,0.001342529289092047,0.00775799341894853,16705.2622079017
2024-10-23,577.99,-0.009137351710896358,-9137.351710896357,0.0013102472087282604,0.007748889919570956,16716.366381842134
2024-10-24,579.24,0.0021626671741725723,2162.6671741725722,0.0013311063895673225,0.007713497117694624,16613.17123160172
2024-10-25,579.04,-0.00034528002209799347,-345.2800220979935,0.0013876555135388302,0.007667241447095924,16449.01532667059
2024-10-28,580.83,0.0030913235700471553,3091.3235700471555,0.001404405529070363,0.007658825023004131,16412.68578084609
2024-10-29,581.77,0.0016183737065922355,1618.3737065922355,0.0013689477007246635,0.007630245892734842,16381.65861024789
2024-10-30,580.01,-0.003025250528559398,-3025.250528559398,0.0013503002831132935,0.007623888963771991,16385.517599681105
2024-10-31,568.64,-0.019603110291201875,-19603.110291201876,0.0012955402661736133,0.007605861665634951,16398.33984992498
2024-11-01,571.04,0.004220596510973618,4220.596510973618,0.0011404704644826147,0.007635228464654055,16621.72704208146
2024-11-04,569.81,-0.0021539646959932712,-2153.964695993271,0.0011208592113770984,0.0076209248558780345,16608.063125319768
2024-11-05,576.7,0.012091749881539604,12091.749881539605,0.0011030413925756418,0.007623362683706738,16631.552179707804
2024-11-06,591.04,0.024865614704352224,24865.614704352225,0.0011400241510129523,0.007654216535304012,16666.346213339784
2024-11-07,595.61,0.007732133188955048,7732.133188955048,0.0012365570787841987,0.007799850293493639,16908.60806932156
2024-11-08,598.19,0.004331693557865224,4331.693557865224,0.0012986805800934782,0.007789440264864493,16822.26722004216
2024-11-11,598.76,0.0009528745047560072,952.8745047560072,0.001253588029228129,0.0077387551316281744,16749.44851895772
2024-11-12,596.9,-0.0031064199345314236,-3106.4199345314237,0.0012612124230053068,0.007737511064943654,16738.929993293845
2024-11-13,597.19,0.0004858435248786819,485.8435248786819,0.0011711838899538386,0.00765611515769831,16639.60333056948
2024-11-14,593.35,-0.006430114368961348,-6430.114368961348,0.0011646589200603064,0.007656000886641077,16645.862466231953
2024-11-15,585.75,-0.012808628971096359,-12808.62897109636,0.0011340460946783946,0.007671052331716165,16711.490188865544
2024-11-18,588.15,0.0040973111395645745,4097.311139564575,0.0010778363439140591,0.0077215632407232615,16885.205885414405
2024-11-19,590.3,0.0036555300518574807,3655.530051857481,0.0010634351982684528,0.007712519505249825,16878.568156267997
2024-11-20,590.5,0.0003388107741826296,338.81077418262964,0.0010867747930499152,0.0077114954397485775,16852.846228884824
2024-11-21,593.67,0.005368331922099845,5368.331922099845,0.0010726867021514548,0.007709624128710505,16862.5809993282
2024-11-22,595.51,0.003099364967069196,3099.3649670691957,0.0010916985995730521,0.007714350785436247,16854.56494973185
2024-11-25,597.53,0.0033920505113262944,3392.0505113262943,0.0011113001007327851,0.007713196772082406,16832.278812059794
2024-11-26,600.65,0.005221495155054878,5221.4951550548785,0.0011209077324559637,0.007714541053642263,16825.7984468855
2024-11-27,598.83,-0.003030050778323412,-3030.050778323412,0.0011446073327539357,0.00771801420040342,16810.178594171583
2024-11-29,602.55,0.006212113621561821,6212.113621561821,0.001116737366107064,0.007720468211958135,16843.757445381634
2024-12-02,603.63,0.0017923823749066425,1792.3823749066426,0.0011179223674820044,0.007721230477651141,16844.345739181073
2024-12-03,603.91,0.0004638603117803619,463.86031178036194,0.0011460895009894724,0.007710746260281612,16791.788668885023
2024-12-04,607.66,0.0062095345332913165,6209.534533291317,0.0011487332231273513,0.007710397188428415,16788.332884183565
2024-12-05,606.66,-0.0016456571108843798,-1645.6571108843798,0.001189690502741025,0.007709974048268851,16746.39123335927
2024-12-06,607.81,0.0018956252266508766,1895.6252266508766,0.0011525862804897642,0.007701169147352124,16763.012193081762
2024-12-09,604.68,-0.0051496355769072855,-5149.635576907285,0.0011429721770710292,0.007698725102269781,16766.94059741913
2024-12-10,602.8,-0.0031090824899120406,-3109.0824899120407,0.0011068151819168118,0.007706995655171005,16822.337775732252
2024-12-11,607.46,0.0077305905773059624,7730.590577305962,0.0010761100582603303,0.00770844515885937,16856.414949212576
2024-12-12,604.33,-0.005152602640503101,-5152.602640503101,0.0010518718948207932,0.007677772765292465,16809.298455086002
2024-12-13,604.21,-0.0001985670080916213,-198.56700809162132,0.001018424077244966,0.0076865452677201745,16863.154165034546
2024-12-16,606.79,0.0042700385627512105,4270.0385627512105,0.0010403411924460055,0.0076751784006479674,16814.79376278557
2024-12-17,604.29,-0.004120041530018659,-4120.041530018659,0.0010349211868947385,0.007672405738767407,16813.763592265565
2024-12-18,586.28,-0.0298035711330652,-29803.571133065198,0.0009941174408861118,0.007672587777588892,16854.990823899545
2024-12-19,586.1,-0.00030702053626241455,-307.02053626241457,0.0009303323535571195,0.007860530783634967,17355.99672378467
2024-12-20,591.15,0.008616277085821356,8616.277085821355,0.0008911766243783705,0.007842120939086655,17352.324750237032
2024-12-23,594.69,0.0059883278355747915,5988.327835574792,0.000917602807399041,0.007857022482851708,17360.56474187412
2024-12-24,601.3,0.011115034723973682,11115.034723973682,0.0009246660100112653,0.007860798222927025,17362.28522415904
2024-12-26,601.34,6.652253450867285e-05,66.52253450867285,0.0009618939403504485,0.007886993459180936,17385.99652598914
2024-12-27,595.01,-0.010526490837130531,-10526.490837130532,0.0009606490443601756,0.007887110593442201,17387.51391701908
2024-12-30,588.22,-0.01141157291474082,-11411.57291474082,0.000930122933746135,0.007916805758473129,17487.121311672112
2024-12-31,586.08,-0.003638094590459273,-3638.094590459273,0.0009068620326743675,0.007944553061077605,17574.93209116817
2025-01-02,584.64,-0.002457002457002533,-2457.002457002533,0.0009249765325522423,0.007928928688261672,17520.46986480673
2025-01-03,591.95,0.012503420908593466,12503.420908593465,0.0009280327566029416,0.007927471290980558,17514.02322768948
2025-01-06,595.36,0.005760621674127719,5760.621674127719,0.0009725679262842246,0.007961164327522731,17547.86978193806
2025-01-07,588.63,-0.011304084923407731,-11304.08492340773,0.0009385066345570734,0.00792213862289197,17491.143708664495
2025-01-08,589.49,0.0014610196558109134,1461.0196558109135,0.0008993585628786134,0.007958420529306778,17614.69611619719
2025-01-10,580.49,-0.01526743456207913,-15267.43456207913,0.0008825808807185363,0.007952772912141538,17618.335476171513
2025-01-13,581.39,0.0015504143051559005,1550.4143051559006,0.0008232737746676344,0.008017700136783327,17828.685893235215
2025-01-14,582.19,0.0013760126593165278,1376.0126593165278,0.000826704360197275,0.008017827554493422,17825.55172562457
2025-01-15,592.78,0.01818993799275126,18189.93799275126,0.0008468933147533124,0.008012809167640366,17793.688257481812
2025-01-16,591.64,-0.0019231418064037387,-1923.1418064037387,0.0009418879223872572,0.008077079967448827,17848.209888345187
2025-01-17,597.58,0.010039889121763235,10039.889121763235,0.0008986239901105089,0.008063276057406159,17859.361123840725
2025-01-21,603.05,0.009153586130727032,9153.586130727032,0.000888918911453068,0.008050747699946228,17839.920884756026
2025-01-22,606.44,0.005621424425835464,5621.424425835464,0.0009170760704775622,0.00806734332721632,17850.370927949687
2025-01-23,609.75,0.005458083239891831,5458.083239891831,0.0009278956186307949,0.008071848258728056,17850.031417641483
2025-01-24,607.97,-0.002919229192291928,-2919.2291922919276,0.0009453555554347712,0.008076926315807842,17844.384808129318
2025-01-27,599.37,-0.014145434807638524,-14145.434807638523,0.000911922937064829,0.00807554972810577,17874.61500462512
2025-01-28,604.52,0.00859235530640512,8592.35530640512,0.0008604228526505766,0.008130390634057284,18053.694114010148
2025-01-29,601.81,-0.004482895520412922,-4482.8955204129215,0.000863114630824147,0.00813284810870629,18056.719276761803
2025-01-30,605.04,0.0053671424535983725,5367.142453598372,0.000848277070359936,0.008139227150329366,18086.396707144275
2025-01-31,601.82,-0.005321962184318241,-5321.96218431824,0.0009350148450878537,0.008070818533455057,17840.51669198473
2025-02-03,597.77,-0.006729586919677066,-6729.586919677066,0.0008613744449920655,0.00804342767802298,17850.43643377795
2025-02-04,601.78,0.006708265720929418,6708.265720929418,0.0007923465306739454,0.008034185260319862,17897.963269321426
2025-02-05,604.22,0.004054637907541014,4054.6379075410146,0.0008337441733088515,0.008037911894559054,17865.235074326192
2025-02-06,606.32,0.003475555261328589,3475.555261328589,0.0008383496907292902,0.00803943214705617,17864.16619307042
2025-02-07,600.77,-0.009153582266789972,-9153.582266789972,0.0008188902372128815,0.008027078667005064,17854.887154532935
2025-02-10,604.85,0.006791284518201657,6791.284518201657,0.0007805091946343783,0.008051791098254968,17950.757909012034
2025-02-11,605.31,0.0007605191369759456,760.5191369759457,0.0007845566573178768,0.008054567877440208,17953.170200682798
2025-02-12,603.36,-0.003221489815135925,-3221.489815135925,0.0007893545199791085,0.008054193380663094,17947.501128240296
2025-02-13,609.73,0.010557544417926223,10557.544417926223,0.0008315605803600677,0.008005072925847153,17791.023802226347
2025-02-14,609.7,-4.9202105850132405e-05,-49.202105850132405,0.0008374403694307362,0.008011698505614076,17800.55741656075
2025-02-18,611.49,0.0029358701000492538,2935.870100049254,0.0008096446280591038,0.008002630720199506,17807.25833461094
2025-02-19,612.93,0.0023549035961338838,2354.9035961338836,0.0008413080303732068,0.00799528800630775,17758.51322544506
2025-02-20,610.38,-0.00416034457442116,-4160.344574421159,0.0008727492259072686,0.007985678983232547,17704.71809950839
2025-02-21,599.94,-0.01710409908581534,-17104.09908581534,0.000852484367458203,0.007992020218757463,17739.734877739633
2025-02-24,597.21,-0.004550455045504553,-4550.455045504554,0.0007012860479838699,0.00797264488691079,17845.859435163627
2025-02-25,594.24,-0.00497312503139602,-4973.12503139602,0.0006803256071121964,0.007979560830513583,17882.908766732646
2025-02-26,594.54,0.0005048465266557223,504.8465266557223,0.000675083102063899,0.007982855343785532,17895.815455727137
2025-02-27,585.05,-0.015961920139940133,-15961.920139940134,0.0006696715112737457,0.007982508954345316,17900.421224179452
2025-02-28,594.18,0.015605503803093779,15605.50380309378,0.0006111105566919308,0.008050587760740644,18117.357165286277
2025-03-03,583.77,-0.017519943451479336,-17519.943451479336,0.0006591526090393751,0.008104124126947007,18193.85932464688
2025-03-04,576.86,-0.011836853555338478,-11836.853555338477,0.0005515196939958566,0.008166174651965128,18445.84334664942
2025-03-05,583.06,0.010747841764032762,10747.841764032763,0.0005084620331136862,0.008203067005209794,18574.725455070682
2025-03-06,572.71,-0.017751174836208805,-17751.174836208804,0.0005914299763946854,0.008201309036321195,18487.667864603063
2025-03-07,575.92,0.005604930942361586,5604.930942361586,0.0005001563390002426,0.008277914103238393,18757.151536561083
2025-03-10,560.58,-0.026635643839421963,-26635.643839421962,0.00048287032466277414,0.008262649038677558,18738.925700410357
2025-03-11,555.92,-0.00831281886617441,-8312.81886617441,0.0004003366069418837,0.00842906271087346,19208.595510655516
2025-03-12,558.87,0.005306518923586134,5306.518923586134,0.0003705247123886224,0.008446699001283644,19279.435551910476
2025-03-13,551.42,-0.013330470413513096,-13330.470413513096,0.00034872152818623723,0.008426791769655285,19254.927590136187
2025-03-14,562.81,0.020655761488520552,20655.76148852055,0.0003016692390086733,0.008470262026584116,19403.106819104145
2025-03-17,567.15,0.007711305769265042,7711.305769265042,0.0003921997214416204,0.008566216870985164,19535.8006849475
2025-03-18,561.02,-0.010808428105439472,-10808.428105439472,0.0004628157960576655,0.008553434697498905,19435.448828216075
2025-03-19,567.13,0.010890877330576476,10890.877330576475,0.0003958094535435239,0.00857591527240967,19554.75280838109
2025-03-20,565.49,-0.002891753213548953,-2891.753213548953,0.00041714467444403837,0.008595419623333782,19578.791492787426
2025-03-21,563.98,-0.002670250579143718,-2670.250579143718,0.00036858012421418616,0.00857960107702146,19590.556601433193
2025-03-24,574.08,0.017908436469378453,17908.436469378452,0.00034468055442143485,0.00857971136783438,19614.712746024106
2025-03-25,575.46,0.0024038461538462563,2403.846153846256,0.00042389760171603053,0.008650080010227046,19699.19764035883
2025-03-26,568.59,-0.011938275466583215,-11938.275466583214,0.0004445641940979592,0.008648607735976735,19675.10602590469
2025-03-27,567.08,-0.0026556921507588926,-2655.6921507588927,0.00040419897533376805,0.008682827481373397,19795.078276622622
2025-03-28,555.66,-0.020138252098469533,-20138.252098469533,0.0003599608176672984,0.008670070635666688,19809.63957339982
2025-03-31,559.39,0.006712738005254959,6712.738005254959,0.00028017237910731696,0.008766411471365608,20113.5503102713
2025-04-01,560.97,0.0028245052646633795,2824.5052646633794,0.00031398224676104425,0.008774885363791748,20099.45366424798
2025-04-02,564.52,0.006328324152806708,6328.324152806708,0.00035071308534689204,0.008766058594338651,20042.18868931027
2025-04-03,536.7,-0.049280804931623234,-49280.804931623235,0.0003716319636403336,0.008774086785072702,20039.946175463378
2025-04-04,505.28,-0.05854294764300372,-58542.94764300372,0.00022333337185708314,0.009285915993940795,21378.937559168928
2025-04-07,504.38,-0.0017811906269790123,-1781.1906269790122,-5.262608901333099e-05,0.009980049663488973,23269.693406492912
2025-04-08,496.48,-0.01566279392521508,-15662.793925215079,-6.19883763558442e-05,0.009980571065476637,23280.268656240947
2025-04-09,548.62,0.10501933612632941,105019.3361263294,-0.00012926632565325047,0.010028895254689191,23459.965480377727
2025-04-10,524.58,-0.04381903685611166,-43819.03685611166,0.00033086339503630844,0.012015671656623284,27621.768818522054
2025-04-11,533.94,0.017842845705135613,17842.845705135613,0.0001253997427491842,0.012326922896772612,28551.31113162314
2025-04-14,539.12,0.009701464584035646,9701.464584035646,0.0002519834807820818,0.01234578822467073,28468.614709039117
2025-04-15,537.61,-0.002800860661819282,-2800.860661819282,0.0003409018966204269,0.01233341817515785,28350.919254814704
2025-04-16,525.66,-0.022228009151615602,-22228.009151615603,0.00033699352781594883,0.012334261685834446,28356.789922888413
2025-04-17,526.41,0.0014267777650953661,1426.7777650953662,0.0002717543607505264,0.01241037855398542,28599.103404355497
2025-04-21,513.88,-0.02380273930966348,-23802.73930966348,0.0002856924177703526,0.012409708508551267,28583.60658856442
2025-04-22,527.25,0.026017747334007968,26017.747334007967,0.00022539497750799552,0.01249004512218049,28830.79493915076
2025-04-23,535.42,0.015495495495495337,15495.495495495337,0.0002926293887682543,0.012583490351814233,28980.94663918822
2025-04-24,546.69,0.021048896193642586,21048.896193642584,0.00030714478946471634,0.012598978371910721,29002.461761116323
2025-04-25,550.64,0.007225301359088165,7225.301359088166,0.00039323892066467933,0.012666970895827226,29074.541893380192
2025-04-28,550.85,0.0003813744006975206,381.3744006975206,0.0004373357098844952,0.012671506587168691,29040.996700069896
2025-04-29,554.32,0.006299355541435903,6299.3555414359025,0.0004009657180038797,0.012658507649268708,29047.126640402097
2025-04-30,554.54,0.0003968826670512904,396.88266705129035,0.0004119971621268892,0.01266245657453016,29045.281770165817
2025-05-01,558.47,0.007086954953655411,7086.954953655411,0.0004769497870977255,0.012620326965587155,28882.32101899625
2025-05-02,566.76,0.014844127706054033,14844.127706054034,0.0005182861721938323,0.012625003346678189,28851.86352310947
2025-05-05,563.51,-0.005734349636530411,-5734.349636530412,0.0005402488726852815,0.012645194596030022,28876.872692621888
2025-05-06,558.8,-0.008358325495554708,-8358.325495554709,0.0004677302611419116,0.012628909459737452,28911.506411972572
2025-05-07,561.15,0.004205440229062329,4205.440229062329,0.0003929896775778117,0.012625617841600793,28978.5895466823
2025-05-08,565.06,0.006967833912500998,6967.833912500998,0.0004053977094737933,0.012627842923046164,28971.357828276326
2025-05-09,564.34,-0.0012742009698083478,-1274.200969808348,0.00043288230265560657,0.012634644031430534,28959.694979125612
2025-05-12,582.99,0.033047453662685466,33047.45366268547,0.0004047378760458491,0.012630561654030054,28978.342375748733
2025-05-13,586.84,0.006603886859122943,6603.886859122943,0.0005317755289033306,0.012798087969885902,29241.0292116284
2025-05-14,587.59,0.0012780314906959411,1278.031490695941,0.0005576534832210145,0.012803820664058909,29228.487498212613
2025-05-15,590.46,0.004884358140880618,4884.358140880618,0.0005444131106715791,0.0128013472709175,29235.973897885866
2025-05-16,594.2,0.006334044643159675,6334.044643159676,0.0005144187259218968,0.012782268033602417,29221.58333946928
2025-05-19,594.85,0.0010939077751599413,1093.9077751599414,0.000547984735745243,0.012786504474474544,29197.87276486231
2025-05-20,592.85,-0.003362192149281351,-3362.1921492813512,0.0005466103053731866,0.012786426941275254,29199.06682604103
2025-05-21,582.86,-0.016850805431390725,-16850.805431390727,0.0005285529807273322,0.012788755779429858,29222.541838376834
2025-05-22,583.09,0.0003946059087946985,394.6059087946985,0.0004513395488368821,0.01283528115944849,29407.98948916257
2025-05-23,579.11,-0.006825704436707936,-6825.704436707935,0.00046443558764821223,0.012833539245051177,29390.84115149629
2025-05-27,591.15,0.020790523389338844,20790.523389338843,0.0004663496885356593,0.01283241154436347,29386.30362651144
2025-05-28,587.73,-0.0057853336716569,-5785.3336716569,0.0005230458911507374,0.01289087191962771,29465.60659360796
2025-05-29,590.05,0.003947390808704654,3947.390808704654,0.0004971091499968998,0.012897038466382352,29505.888867694634
2025-05-30,589.39,-0.001118549275485048,-1118.549275485048,0.0005409087545672908,0.012890058316830938,29445.851007054822
2025-06-02,592.71,0.005632942533806196,5632.942533806196,0.0005629694367658638,0.012882447210498124,29406.08424381981
2025-06-03,596.09,0.005702620168379191,5702.620168379191,0.0005490686855180305,0.012875062386281446,29402.805324951005
2025-06-04,595.93,-0.00026841584324532874,-268.41584324532874,0.0005686176989105118,0.012879178000850137,29392.830662760767
2025-06-05,593.05,-0.004832782373768718,-4832.782373768718,0.0005630726448592429,0.012879239007100363,29398.517638572554
2025-06-06,599.14,0.010268948655256738,10268.948655256738,0.0004962008730355851,0.01286360829458267,29429.026935560934
2025-06-09,599.68,0.0009012918516539958,901.2918516539959,0.0005373514801577808,0.012878401067646168,29422.289464606176
2025-06-10,603.08,0.0056696905016009325,5669.690501600932,0.000545819551091872,0.012877939723036276,29412.748145619662
2025-06-11,601.36,-0.002852026265172114,-2852.026265172114,0.0005561389939844017,0.012881019782520563,29409.59399256032
2025-06-12,603.75,0.003974324863642353,3974.324863642353,0.0005350979127821307,0.012882278479084555,29433.563239838302
2025-06-13,597.0,-0.011180124223602483,-11180.124223602483,0.000518142991359524,0.012874919891455446,29433.399526573983
2025-06-16,602.68,0.009514237855946295,9514.237855946294,0.0004653687040114414,0.012895789330111224,29534.723388171366
2025-06-17,597.53,-0.008545164929979365,-8545.164929979364,0.0005009922514348584,0.012908480534691853,29528.623997543113
2025-06-18,597.44,-0.0001506200525495105,-150.6200525495105,0.00043497548868977364,0.01291238776671512,29603.730341198905
2025-06-20,594.28,-0.005289234065345649,-5289.2340653456495,0.0004242103325519575,0.012911747041859581,29613.004948431197
2025-06-23,600.15,0.00987749882210398,9877.49882210398,0.00041391959257491926,0.012915285036975338,29631.52629582414
2025-06-24,606.78,0.01104723819045228,11047.238190452279,0.0004716379973697338,0.012925241860828227,29596.970927031696
2025-06-25,607.12,0.0005603348824945176,560.3348824945176,0.0005288294661551234,0.012940329186585284,29574.877826446194
2025-06-26,611.87,0.00782382395572534,7823.82395572534,0.000515667481809949,0.012938610027888485,29584.04044961193
2025-06-27,614.91,0.004968375635347355,4968.3756353473555,0.0005419703946877119,0.012946786280475235,29576.758344556976
2025-06-30,617.85,0.004781187490852323,4781.187490852323,0.0005555378716750328,0.012949651691305575,29569.856809963072
2025-07-01,617.65,-0.00032370316419849665,-323.70316419849667,0.0005904028709200641,0.012949246459784335,29534.049101230103
2025-07-02,620.45,0.004533311746134583,4533.311746134583,0.0005808760932491212,0.012949038523097407,29543.09214583148
2025-07-03,625.34,0.007881376420340036,7881.376420340036,0.0005720903539131995,0.012945594513784192,29543.86592142343
2025-07-07,620.68,-0.007451946141299293,-7451.946141299292,0.0005857655472140921,0.012951525150412944,29543.98745203554
2025-07-08,620.34,-0.0005477862988978455,-547.7862988978454,0.000532891719780872,0.012957270633471928,29610.227271768363
2025-07-09,624.06,0.0059967114808006095,5996.711480800609,0.0005260849680657364,0.012957390059862715,29617.31185081381
2025-07-10,625.82,0.0028202416434319755,2820.2416434319753,0.0005461818845839539,0.0129619806803058,29607.89431440389
2025-07-11,623.62,-0.0035153878111917614,-3515.3878111917616,0.0005178816917895408,0.012949203841020275,29606.471134289466
2025-07-14,624.81,0.0019082133350436514,1908.2133350436513,0.0005383102709516719,0.012938750351922181,29561.724102987675
2025-07-15,622.14,-0.004273299082921178,-4273.2990829211785,0.0005207131070405531,0.012933863203778536,29567.952060204705
2025-07-16,624.22,0.003343298935930994,3343.298935930994,0.0004926197142767896,0.0129366288027621,29602.479198284327
2025-07-17,628.04,0.006119637307359538,6119.637307359538,0.0004822720046370077,0.012933296102040989,29605.073886686736
2025-07-18,627.58,-0.0007324374243677934,-732.4374243677934,0.00056283524741883,0.012905288946905713,29459.356258098036
2025-07-21,628.77,0.0018961725995090273,1896.1725995090273,0.0005906448951429848,0.012894931338796777,29407.45121076951
2025-07-22,628.86,0.00014313660002862605,143.13660002862605,0.0006247920289963096,0.012887006023765612,29354.867037142332
2025-07-23,634.21,0.008507457939764151,8507.457939764152,0.0005841252085591418,0.01287235362859436,29361.447289223248
2025-07-24,634.42,0.0003311206067388994,331.1206067388994,0.0006244292673081921,0.01288135752571753,29342.089427404768
2025-07-25,637.1,0.004224330884902816,4224.330884902816,0.0007164034662290622,0.012796226068520714,29052.069844020087
2025-07-28,636.94,-0.000251137968921622,-251.137968921622,0.0007541422065415801,0.01279258853623043,29005.868938197313
2025-07-29,635.26,-0.002637611077966673,-2637.611077966673,0.0007083390810881367,0.01277552687624607,29011.980707218532
2025-07-30,634.46,-0.001259326889777368,-1259.326889777368,0.000695437597175947,0.012777277598666363,29028.954980511207
2025-07-31,632.08,-0.0037512215112063263,-3751.2215112063263,0.00071066609474203,0.012772650665307802,29002.962626363107
2025-08-01,621.72,-0.016390330337931913,-16390.330337931915,0.0006306427585127032,0.012737495464387587,29001.20273567021
2025-08-04,631.17,0.01519976838448156,15199.76838448156,0.0006217252889428964,0.01274866808243528,29036.11160148274
2025-08-05,627.97,-0.005069949458941236,-5069.949458941236,0.0007569981290781231,0.012723088231504165,28841.33112951563
2025-08-06,632.78,0.00765960157332346,7659.60157332346,0.0008532129831470306,0.012586432366289592,28427.20719392959
2025-08-07,632.25,-0.000837573880337561,-837.5738803375609,0.0008469732727755907,0.012582654216162415,28424.657612784864
2025-08-08,637.18,0.007797548438117863,7797.548438117863,0.0008703585896261643,0.012574031452599218,28381.21274825069
2025-08-11,635.92,-0.0019774631972127032,-1977.4631972127033,0.0008090797285064655,0.012502302257457017,28275.624548744672
2025-08-12,642.69,0.010645993206692905,10645.993206692905,0.0007835311307821575,0.01250144090394395,28299.169338555057
2025-08-13,644.89,0.0034231122314023477,3423.112231402348,0.0008240137508630996,0.012516978337393547,28294.832193747636
2025-08-14,644.95,9.303912295122174e-05,93.03912295122174,0.0007719233880798191,0.012478745257422435,28257.97911222209
2025-08-15,643.44,-0.0023412667648654573,-2341.2667648654574,0.0007596765496634986,0.012477899699646928,28268.258889104978
2025-08-18,643.3,-0.00021758050478692947,-217.58050478692948,0.0006817505630638064,0.012435951970981825,28248.599866303768
2025-08-19,639.81,-0.005425151562257091,-5425.151562257091,0.0006719121176606388,0.012435685562635643,28257.818553217166
2025-08-20,638.11,-0.0026570388083961838,-2657.038808396184,0.0006119657644469152,0.01242878100558978,28301.702504826055
2025-08-21,635.55,-0.004011847487110476,-4011.847487110476,0.0006078421391538247,0.012429697528200131,28307.958280545245
2025-08-22,645.31,0.015356777594209836,15356.777594209836,0.0005780485526777297,0.012431816581344677,28342.68152179913
2025-08-25,642.47,-0.004400985572825311,-4400.9855728253115,0.0006708694770462209,0.012455255947515377,28304.388717090715
2025-08-26,645.16,0.004186965928370201,4186.965928370201,0.0006107643661525683,0.012443276406692738,28336.625248659635
2025-08-27,646.63,0.0022785045570090645,2278.5045570090647,0.0006370473907718899,0.012443865275655153,28311.71213809912
2025-08-28,648.92,0.0035414379165827903,3541.4379165827904,0.0006406691569982859,0.012444212110869695,28308.897231236715
2025-08-29,645.05,-0.005963755162423756,-5963.755162423756,0.000678055935803302,0.012438807715007634,28258.937947607516
2025-09-02,640.27,-0.007410278273002002,-7410.278273002003,0.0006538426848114969,0.01244584754533971,28299.528292925956
2025-09-03,643.74,0.005419588611054849,5419.588611054849,0.0005860176369115733,0.012443396496355114,28361.651348231393
2025-09-04,649.12,0.008357411377264201,8357.411377264201,0.0006900121991332546,0.012374249479614149,28096.7967706181
2025-09-05,647.24,-0.002896228740448592,-2896.228740448592,0.0007316290638858991,0.012382500987832007,28074.3757844657
2025-09-08,648.83,0.0024565848835054194,2456.5848835054194,0.0007297727994368554,0.012383011951158285,28077.420727362543
2025-09-09,650.33,0.0023118536442519044,2311.8536442519044,0.0008069196025723402,0.012333151774767855,27884.281808881882
2025-09-10,652.21,0.002890840035059128,2890.840035059128,0.0007713820589733169,0.01231588302073691,27879.64622325368
2025-09-11,657.63,0.008310206835221656,8310.206835221656,0.0007655226047433921,0.012314519270088828,27882.333119062718
2025-09-12,657.41,-0.0003345346167298313,-334.5346167298313,0.0007577276989258754,0.012309101515901106,27877.524443943552
2025-09-15,660.91,0.005323922666220504,5323.922666220504,0.0007226966922363083,0.012299656763600175,27890.583671197008
2025-09-16,660.0,-0.0013768894403171084,-1376.8894403171084,0.0007231012920213678,0.012299807051801458,27890.528694049495
2025-09-17,659.18,-0.001242424242424267,-1242.424242424267,0.000711686366063804,0.012300428925356356,27903.390314229422
2025-09-18,662.26,0.004672471858976346,4672.471858976346,0.0007050821015438262,0.012301035512199332,27911.405710761974
2025-09-19,663.7,0.0021743726029053168,2174.372602905317,0.0007356355228209952,0.012301367019876396,27881.62349166457
2025-09-22,666.84,0.004731053186680656,4731.053186680656,0.0006760750866205751,0.012257959613214473,27840.2031996594
2025-09-23,663.21,-0.005443584667986334,-5443.584667986334,0.0007141243125026091,0.012255714899125261,27796.931987928096
2025-09-24,661.1,-0.003181496057055866,-3181.496057055866,0.0006823543733027271,0.01226136289609679,27841.841132875285
2025-09-25,658.05,-0.004613522916351642,-4613.522916351642,0.0006581831664017281,0.012263006282318717,27869.835427819893
2025-09-26,661.82,0.005729047944685206,5729.047944685206,0.0006485510596829345,0.012266209909084403,27886.920284854263
2025-09-29,663.68,0.0028104318394728267,2810.4318394728266,0.0006556087152186043,0.012268632918313881,27885.49939168837
2025-09-30,666.18,0.0037668756027000594,3766.8756027000595,0.0006726515958178023,0.012268655152398363,27868.50823530434
2025-10-01,668.45,0.0034074874658502896,3407.4874658502895,0.0006716902603193509,0.012268402230290904,27868.8811859958
2025-10-02,669.22,0.0011519186176975893,1151.9186176975893,0.0007211540082864887,0.012254339933825487,27786.70364454221
2025-10-03,669.21,-1.4942769194004057e-05,-14.942769194004057,0.0007240733847726851,0.012254355333475067,27783.820092998074
2025-10-06,671.61,0.0035863181960820167,3586.3181960820166,0.0007313264850526572,0.012253375198925689,27774.286858792882
2025-10-07,669.12,-0.00370750882208426,-3707.50882208426,0.0007093222104452068,0.012243244497981734,27772.72359879682
2025-10-08,673.11,0.005963055954088858,5963.055954088858,0.0007306539958137867,0.012230828519117443,27722.50792739316
2025-10-09,671.16,-0.0028970004902616475,-2897.0004902616474,0.0007166759977210196,0.012222809143200964,27717.83006737149
2025-10-10,653.02,-0.027027832409559527,-27027.832409559527,0.0006773824284762701,0.012218555391089755,27747.227929435634
2025-10-13,663.04,0.01534409359590816,15344.09359590816,0.000576271133491669,0.012342682610791404,28137.10231808377
2025-10-14,662.23,-0.0012216457528956282,-1221.6457528956282,0.000613694580584586,0.012373303433552937,28170.913556923522
2025-10-15,665.17,0.0044395451731271685,4439.545173127169,0.0005760946534272424,0.012364502900475022,28188.040382664632
2025-10-16,660.64,-0.006810289099027256,-6810.289099027255,0.0006249316950178896,0.01235551508570359,28118.294557288194
2025-10-17,664.39,0.005676313877452266,5676.313877452266,0.0005803046336233329,0.012362166052187332,28178.394080422517
2025-10-20,671.3,0.010400517768178297,10400.517768178297,0.0006026664235655645,0.012366323627440116,28165.704256830766
2025-10-21,671.29,-1.4896469536673784e-05,-14.896469536673784,0.0006288825583456706,0.01238016741671126,28171.69359179026
2025-10-22,667.8,-0.005198945314245695,-5198.945314245695,0.0006353916787402966,0.012379396330096232,28163.39065568806
2025-10-23,671.76,0.005929919137466433,5929.919137466432,0.0006167205312410026,0.012384681790013763,28194.357621629828
2025-10-24,677.25,0.008172561629153252,8172.561629153252,0.0006769896146344538,0.012373680689960106,28108.496152514443
2025-10-27,685.24,0.011797711332595107,11797.711332595107,0.0007010291924543766,0.012382413582703075,28104.772321161352
2025-10-28,687.06,0.002656003735917345,2656.003735917345,0.0007496011578731489,0.012402093544886866,28101.98279393005
2025-10-29,687.39,0.0004803073967338811,480.3073967338811,0.0007478598785366298,0.012401793998132299,28103.027223310903
2025-10-30,679.83,-0.010998123336097287,-10998.123336097287,0.0007433076132971962,0.012401682051332196,28107.31906134991
2025-10-31,682.06,0.0032802318226614613,3280.231822661461,0.0007114161220670447,0.012421647222663083,28185.656486460535
2025-11-03,683.34,0.0018766677418409206,1876.6677418409206,0.0008029494905224981,0.012355487025985075,27940.21148511707
2025-11-04,675.24,-0.01185354289226448,-11853.542892264479,0.0007935737754459673,0.012353772400187117,27945.598384113746
2025-11-05,677.58,0.0034654345121734043,3465.434512173404,0.0007547754626608824,0.01237827360231818,28041.395016387876
2025-11-06,670.31,-0.010729360370731245,-10729.360370731245,0.0007202702011834176,0.012358551616493975,28030.020078071335
2025-11-07,670.97,0.000984619056854319,984.619056854319,0.0005778903008830838,0.012284077931535796,27999.148279697223
2025-11-10,681.44,0.015604274408691943,15604.274408691943,0.0005509002443546809,0.012275705626349874,28006.661441855536
2025-11-11,683.0,0.002289269781638792,2289.2697816387918,0.0005959905677579878,0.012310302864760514,28042.056330476506
2025-11-12,683.38,0.0005563689604686228,556.3689604686228,0.0006013361488655189,0.012310748606760154,28037.74770032221
2025-11-13,672.04,-0.016593988703210605,-16593.988703210605,0.0006159873044455191,0.012308497601159091,28017.85992264772
2025-11-14,671.93,-0.0001636807332896506,-163.68073328965062,0.0005476679755331619,0.012356530660392216,28197.920856790734
2025-11-17,665.67,-0.009316446653669264,-9316.446653669263,0.0005727337100758487,0.012348672454886224,28154.574202575408
2025-11-18,660.08,-0.008397554343743785,-8397.554343743785,0.0005867024393455571,0.012335442842142701,28109.82879182542
2025-11-19,662.63,0.0038631681008360896,3863.1681008360897,0.0005367229774123237,0.012346469568013224,28185.460254045178
2025-11-20,652.53,-0.015242292078535558,-15242.292078535558,0.0005375535296082381,0.012346687196091218,28185.13598046584
2025-11-21,659.03,0.00996122783626796,9961.22783626796,0.00047522911819736533,0.01238695444099241,28341.136011446077
2025-11-24,668.73,0.014718601581111601,14718.601581111601,0.0004936007018540379,0.012397642083488397,28347.627602188455
2025-11-25,675.02,0.009405888774243643,9405.888774243642,0.0005400776483102074,0.01242918921553081,28374.54025929124
2025-11-26,679.68,0.006903499155580528,6903.499155580528,0.0005641330013618768,0.012440545447535702,28376.903452421262
2025-11-28,683.39,0.005458451035781575,5458.451035781575,0.0005708610173639794,0.012443528795378956,28377.115741331836
2025-12-01,680.27,-0.0045654750581659576,-4565.475058165957,0.0006048150246203993,0.012445244662595004,28347.153438125613
2025-12-02,681.53,0.0018522057418377535,1852.2057418377535,0.0005617046699014882,0.012444409728557903,28388.321445822345
2025-12-03,683.89,0.0034627969421743288,3462.7969421743287,0.0005619439633692127,0.01244443406343758,28388.138763750223
2025-12-04,684.39,0.0007311117284942714,731.1117284942715,0.0005739397098907886,0.012445784467809104,28379.284527567437
2025-12-05,685.69,0.0018995017460805563,1899.5017460805564,0.0005520260186716003,0.012440643800625213,28389.23923861223
2025-12-08,683.63,-0.003004273068004548,-3004.2730680045483,0.0005662066540994601,0.012440149170134985,28373.90792059499
2025-12-09,683.04,-0.0008630399485102247,-863.0399485102247,0.0005466070609208384,0.012441906042740467,28397.594610624335
2025-12-10,687.57,0.006632115249473047,6632.115249473048,0.0005637534434344267,0.012436977171996365,28368.981960133784
2025-12-11,689.17,0.002327035792719201,2327.035792719201,0.000602718234391967,0.012440682973751631,28338.638153211225
2025-12-12,681.76,-0.010752064077078183,-10752.064077078183,0.00058110401525362,0.012432941012649726,28342.24187759925
2025-12-15,680.73,-0.0015107955878901347,-1510.7955878901346,0.0005587061695073197,0.012448345872422342,28400.47678612747
2025-12-16,678.87,-0.0027323608479132844,-2732.3608479132845,0.0005534572551881257,0.012448943103150981,28407.115066882547
2025-12-17,671.4,-0.011003579477661396,-11003.579477661397,0.0005254476575454676,0.012448424909895279,28433.91916674646
2025-12-18,676.47,0.007551385165326163,7551.385165326164,0.0004979135057548967,0.01246634115172742,28503.132729634035
2025-12-19,680.59,0.006090440078643455,6090.440078643455,0.0006473333309484621,0.012324754807665173,28024.333813938043
2025-12-22,684.83,0.006229888772976366,6229.888772976366,0.0006729231734080856,0.012329405962549925,28009.5641757564
2025-12-23,687.96,0.004570477344742585,4570.477344742585,0.0006633776201567057,0.012324154102606158,28006.892075792835
2025-12-24,690.38,0.0035176463747892406,3517.646374789241,0.0006577062181933769,0.012322019846960361,28007.5984566719
2025-12-26,690.31,-0.00010139343549930846,-101.39343549930845,0.000627316664796639,0.012305483115391798,27999.51781974053
2025-12-29,687.85,-0.003563616346279108,-3563.6163462791083,0.0006266450009166072,0.01230551843044536,28000.27163872034
2025-12-30,687.01,-0.001221196481791087,-1221.196481791087,0.0006544964988800128,0.012288041024269225,27931.761614055336
2025-12-31,681.92,-0.007408916900772944,-7408.916900772944,0.0006952580046118117,0.012264734588865442,27836.781231870475
2026-01-02,683.17,0.0018330595964335394,1833.0595964335394,0.000680174715370557,0.012272401490730778,27869.700401966635
2026-01-05,687.72,0.006660128518523933,6660.128518523933,0.0006973349635843014,0.012270996495554123,27849.271646210644
2026-01-06,691.81,0.005947187808991838,5947.187808991838,0.0006739617940240232,0.012253971745093115,27833.039323729874
2026-01-07,689.58,-0.003223428397970407,-3223.428397970407,0.0006747080585634797,0.012254288442619892,27833.02980780855
2026-01-08,689.51,-0.00010151106470612792,-101.51106470612791,0.000707030684665229,0.012233204455618193,27751.658493369097
2026-01-09,694.07,0.006613392119041217,6613.3921190412175,0.0007007805617831608,0.012233216844433362,27757.937436944994
2026-01-12,695.16,0.0015704467849062542,1570.4467849062542,0.0007883038685076422,0.012196731900686578,27585.537458900682
2026-01-13,693.77,-0.0019995396743195393,-1999.5396743195392,0.0007883839984266437,0.01219673699350062,27585.4691766388
2026-01-14,690.36,-0.0049151736166164195,-4915.173616616419,0.0007748817890920993,0.0121979522217164,27601.7984295496
2026-01-15,692.24,0.0027232168723565486,2723.2168723565487,0.0006824613426546286,0.01215292067059685,27589.45982277534
2026-01-16,691.66,-0.0008378597018375844,-837.8597018375845,0.0007010467773696698,0.012152472749250045,27569.832367187424
2026-01-20,677.58,-0.02035682271636341,-20356.82271636341,0.0006575357820752665,0.012138366741648591,27580.52788168698
2026-01-21,685.4,0.011541072640868899,11541.072640868899,0.0005394941466869048,0.01219875294439338,27839.04883145208
2026-01-22,688.98,0.0052232273125183415,5223.227312518342,0.0005631727395470385,0.012214392116848693,27851.75239418512
2026-01-23,689.23,0.000362855235275239,362.855235275239,0.0005622333158375446,0.012214023157359038,27851.83348977025
2026-01-26,692.73,0.005078130667556469,5078.130667556468,0.0005753616535478132,0.012212029776217081,27834.06785407824
2026-01-27,695.49,0.003984236282534415,3984.236282534415,0.0006522559154485931,0.012179444636380118,27681.369221392415
2026-01-28,695.42,-0.00010064846367319191,-100.64846367319191,0.0006338234393531104,0.012170863722934099,27679.83950773542
2026-01-29,694.04,-0.0019844122976042655,-1984.4122976042654,0.0006513524275800692,0.012166619822185575,27652.437730024496
2026-01-30,691.97,-0.002982537029565968,-2982.537029565968,0.0006219462085752587,0.012164060110598663,27675.889169420934
2026-02-02,695.41,0.004971313785279596,4971.313785279596,0.0006313039091942678,0.012160368441228624,27657.943361611273
2026-02-03,689.53,-0.008455443551286246,-8455.443551286246,0.0006781075120140945,0.01215443973680683,27597.34752986399
2026-02-04,686.19,-0.004843879164068143,-4843.879164068143,0.0006174526749252318,0.012162059993532946,27675.7297349873
2026-02-05,677.62,-0.012489252247919747,-12489.252247919747,0.0005818586066387952,0.01216498122566841,27718.11960544165
2026-02-06,690.62,0.01918479383725402,19184.793837254023,0.0005179993766018018,0.012191603906152369,27843.91245162377
2026-02-09,693.95,0.004821754365642583,4821.754365642583,0.0006313528810179778,0.01223298978239575,27826.836892421703
2026-02-10,692.12,-0.0026370775992506923,-2637.0775992506924,0.0006234747604077415,0.012229640552971271,27826.923540280626
2026-02-11,691.96,-0.00023117378489279083,-231.17378489279082,0.000609884373462835,0.012231375342833176,27844.549651932684
2026-02-12,681.27,-0.015448869876871552,-15448.869876871551,0.0006218456375838075,0.012229075454950023,27827.238048524207
2026-02-13,681.75,0.0007045664714431243,704.5664714431243,0.0005178199804046164,0.012254802482401756,27991.113721321126
2026-02-17,682.85,0.0016134946828016972,1613.494682801697,0.0005208350547137895,0.012254755142052638,27987.988516891426
2026-02-18,686.29,0.005037709599472695,5037.709599472695,0.0005155455530447993,0.012253993921565355,27991.50715489815
2026-02-19,684.48,-0.002637369042241544,-2637.3690422415443,0.0005262767770581545,0.01225678556926919,27987.27027458568
2026-02-20,689.43,0.007231767180925663,7231.7671809256635,0.0005323686791868729,0.012254825176678977,27976.617817322436
2026-02-23,682.39,-0.010211334000551076,-10211.334000551076,0.0006297121442538369,0.0122107452014225,27776.728995529793
2026-02-24,687.35,0.007268570758657056,7268.570758657056,0.0006070686284336508,0.01222562951826321,27833.998610188915
2026-02-25,693.15,0.008438204699207086,8438.204699207086,0.0006560354115938632,0.012227705041553643,27789.860216222925
2026-02-26,689.3,-0.005554353314578431,-5554.35331457843,0.0006877688442840686,0.01223760145004413,27781.149272385202
2026-02-27,685.99,-0.004801973016103189,-4801.973016103189,0.0007293991115855154,0.012198374060338076,27648.26245043691
2026-03-02,686.38,0.0005685214070176858,568.5214070176859,0.0006477692043087276,0.012166666197774328,27656.12883904814
2026-03-03,680.33,-0.0088143593927561,-8814.3593927561,0.0007201230637427157,0.012111852463197303,27456.25916471265
2026-03-04,685.13,0.00705539958549517,7055.39958549517,0.0007322130403930451,0.012100771276240463,27418.390492343427
2026-03-05,681.31,-0.005575584195700145,-5575.584195700145,0.0007174432716788948,0.012090746741885794,27409.839706873343
2026-03-06,672.38,-0.013107102493725264,-13107.102493725264,0.0007661456342409294,0.012040472644992684,27244.182305884697
2026-03-09,678.27,0.008759927421993385,8759.927421993385,0.000691297500496582,0.01206840027376255,27383.999819444827
2026-03-10,677.18,-0.0016070296489598679,-1607.029648959868,0.0008328797855422434,0.011953600839874878,26975.354115433485
2026-03-11,676.33,-0.0012552054106735877,-1255.2054106735877,0.0008597029424111016,0.01194051255358026,26918.08305156831
2026-03-12,666.06,-0.015184894947732785,-15184.894947732786,0.0008334560450740626,0.011937910086410859,26938.27570493855
2026-03-13,662.29,-0.005660150737170744,-5660.150737170744,0.0008260383469371839,0.011947318700856559,26967.581113288852
2026-03-16,669.03,0.010176810762656752,10176.810762656753,0.0007207746980344188,0.011887685611596126,26934.117451768125
2026-03-17,670.79,0.002630674259749277,2630.674259749277,0.0007306367180079855,0.011894528965653095,26940.175453956293
2026-03-18,661.43,-0.013953696387841275,-13953.696387841275,0.0007843931274687406,0.011872517740503859,26835.213277664574
2026-03-19,659.8,-0.0024643575283854746,-2464.357528385475,0.0006850148325950696,0.011891547054396864,26978.8603764577
2026-03-20,648.57,-0.01702030918460129,-17020.30918460129,0.0006867244153357235,0.011891061489147104,26976.02120003056
2026-03-23,655.38,0.01050002312780407,10500.02312780407,0.0006293241809138931,0.011941857899420582,27151.591555501
2026-03-24,653.18,-0.0033568311513931803,-3356.8311513931803,0.0005996905275475956,0.011907951511400467,27102.347155180298
2026-03-25,656.82,0.005572736458556715,5572.736458556715,0.0005766478183266379,0.011910019799572876,27130.20142219404
2026-03-26,645.09,-0.017858774093358898,-17858.774093358898,0.0006466918660271977,0.01188759357830347,27007.98618232063
2026-03-27,634.09,-0.017051884233207804,-17051.884233207802,0.0005858795382567976,0.011943311109618831,27198.416870613324
2026-03-30,631.97,-0.003343373968994978,-3343.373968994978,0.0005982250097178446,0.01192338163285617,27139.708503254715
2026-03-31,650.34,0.029067835498520544,29067.835498520544,0.0005580005618208447,0.011919632954529295,27171.212221295526
2026-04-01,655.24,0.0075345204047112535,7534.520404711254,0.0006629738827562734,0.012054470348099165,27379.91758423257
2026-04-02,655.83,0.0009004334289726135,900.4334289726135,0.0006677986677638916,0.012056988129539913,27380.950034726942
2026-04-06,658.93,0.004726834698016047,4726.834698016047,0.0008685236212062751,0.011632334144880586,26192.33218686936
2026-04-07,659.22,0.0004401074469215782,440.10744692157823,0.001121602750570354,0.011005956693495956,24482.081205129525
2026-04-08,676.01,0.025469494250781155,25469.494250781154,0.0011304879428659564,0.011004500373995156,24469.808107059314
2026-04-09,679.91,0.005769145426842703,5769.145426842703,0.0012950170955699414,0.011059761637748071,24433.835877803733
2026-04-10,679.46,-0.0006618523039813029,-661.852303981303,0.0008980163327719946,0.008890034267031947,19783.295984488
2026-04-13,686.1,0.009772466370352895,9772.466370352895,0.001070645070980516,0.008425080358305926,18529.02270918772
2026-04-14,694.46,0.012184812709517656,12184.812709517657,0.0010383635536413852,0.008375875483259925,18446.836570071137
2026-04-15,699.94,0.007891023241079376,7891.023241079376,0.0010482969461433132,0.008387655056391547,18464.30656248107
2026-04-16,701.66,0.0024573534874416936,2457.3534874416937,0.0010910644817549078,0.008395204741969822,18439.10222186417
2026-04-17,710.14,0.012085625516631948,12085.625516631948,0.0011898059323111369,0.008263977154533579,18035.07975226013
2026-04-20,708.72,-0.001999605711549779,-1999.605711549779,0.0012324413233172832,0.008292650389194751,18059.148279749876
2026-04-21,704.08,-0.006547014335703816,-6547.014335703816,0.0013196538577097381,0.008141575812521165,17620.483725091206
2026-04-22,711.21,0.010126690148846818,10126.690148846817,0.001189394811030891,0.008004184576600806,17431.122962174883
2026-04-23,708.45,-0.003880710338718507,-3880.710338718507,0.0011679195896442968,0.007972787842202235,17379.558457241532
2026-04-24,713.94,0.007749311878043619,7749.311878043619,0.0010682011635148524,0.007878474726628422,17259.871767461675
2026-04-27,715.17,0.0017228338515840047,1722.8338515840046,0.0010702972055906743,0.007880188900485387,17261.763490093737
2026-04-28,711.69,-0.004865975921808707,-4865.975921808707,0.0010756630433942202,0.00788017462834131,17256.364450318157
2026-04-29,711.58,-0.00015456167713467917,-154.56167713467917,0.0010310017175412418,0.007882089998377301,17305.481593182365
2026-04-30,718.66,0.009949689423536245,9949.689423536245,0.001028795940164498,0.007882345323038855,17308.28134454271
2026-05-01,720.65,0.0027690423844377587,2769.0423844377588,0.0010402468780440213,0.007893253397230762,17322.206381869404
2026-05-04,718.01,-0.0036633594671476866,-3663.3594671476867,0.0009919465367575562,0.00784524444147517,17258.82119099893
2026-05-05,723.77,0.00802217239314218,8022.172393142179,0.001000230497435087,0.00783920455457166,17236.48635226397
2026-05-06,733.83,0.013899443193279737,13899.443193279736,0.0010657524889898745,0.007829118929262172,17147.50168771208
2026-05-07,731.58,-0.0030661052287314083,-3066.1052287314083,0.0011045285008467443,0.007868638064398978,17200.660931864655
2026-05-08,737.62,0.008256103228628353,8256.103228628353,0.0010643927442818147,0.007864199777701331,17230.47168960613
2026-05-11,739.3,0.002277595509883046,2277.595509883046,0.0011025139610755614,0.007875908125134523,17219.588161972122
2026-05-12,738.18,-0.0015149465710807553,-1514.9465710807553,0.0009794345284643517,0.007610647471128356,16725.5790360694
2026-05-13,742.31,0.005594841366604264,5594.841366604264,0.000946959194743537,0.007603869916417288,16742.287419796925
2026-05-14,748.17,0.007894275976344067,7894.275976344067,0.0009642264342471702,0.007609524060174558,16738.173685602538
2026-05-15,739.17,-0.012029351617947825,-12029.351617947825,0.000976266105589024,0.007618127600123359,16746.148841129805
2026-05-18,738.65,-0.0007034917542648733,-703.4917542648733,0.000902812520544594,0.007654702365825096,16904.688054608014
2026-05-19,733.73,-0.006660800108305609,-6660.800108305609,0.0008956229224268947,0.007655366226259204,16913.42202303526
2026-05-20,741.25,0.010249001676365888,10249.001676365888,0.0008824284905907978,0.0076655701326161195,16950.354290731677
2026-05-21,742.72,0.001983136593591839,1983.1365935918388,0.0009908277190218242,0.007605168372828242,16701.439556829795
2026-05-22,745.64,0.003931495045239153,3931.4950452391527,0.0009971818417610129,0.00760533183598447,16695.465706256586
2026-05-26,750.59,0.0066385923501959265,6638.592350195927,0.001040210639688801,0.007591312088337377,16619.82209819539
2026-05-27,750.46,-0.00017319708495977526,-173.19708495977525,0.0009836029155322295,0.007495605861865255,16453.78384586607
2026-05-28,754.6,0.005516616475228497,5516.616475228498,0.0010060514618790179,0.007483646535412863,16403.5137458518
2026-05-29,756.48,0.002491386164855447,2491.386164855447,0.0010123283645451133,0.007486780926307504,16404.528526779864
2026-06-01,758.54,0.002723138747884768,2723.138747884768,0.0010267681063064753,0.007486135811298508,16388.588023088814
2026-06-02,759.57,0.0013578717008992935,1357.8717008992935,0.0010151288911627895,0.0074812059246267834,16388.75860685447
2026-06-03,754.24,-0.007017128111958093,-7017.128111958093,0.00099774989729287,0.007475317207379137,16392.4383958745
2026-06-04,757.09,0.0037786380992788082,3778.638099278808,0.000970755048218019,0.007492074630167329,16458.416839827067
2026-06-05,737.55,-0.025809348954549782,-25809.348954549783,0.001005200730110209,0.0074850777704267984,16407.694028152528
2026-06-08,739.22,0.002264253270964689,2264.253270964689,0.000860887539670983,0.007651696767767955,16939.620968831172
2026-06-09,737.05,-0.002935526636184238,-2935.526636184238,0.0008663393853482257,0.007652211210273912,16935.365895383977
2026-06-10,725.43,-0.015765551862153226,-15765.551862153226,0.000831918516797085,0.007649871660604309,16964.344157535026
2026-06-11,737.76,0.016996815681733723,16996.815681733722,0.0007802644144091607,0.007718139876917323,17174.813879807294
2026-06-12,741.75,0.0054082628497071905,5408.26284970719,0.0008323543776815261,0.007783451521304454,17274.661521605038
2026-06-15,754.83,0.017633973710819095,17633.973710819097,0.0008987079259747647,0.007751275546383549,17133.455462459362
2026-06-16,750.33,-0.005961607249314382,-5961.607249314382,0.000931186869394256,0.007804350532389244,17224.447399898963
2026-06-17,740.96,-0.012487838684312247,-12487.838684312246,0.0009415211001169159,0.007793454824975598,17188.7659633984
2026-06-18,746.74,0.00780069099546532,7800.69099546532,0.0008921722255898649,0.007839323359558186,17344.82100583702
2026-06-22,744.39,-0.0031470123470016542,-3147.0123470016542,0.0009445319258331088,0.007841585456775069,17297.723730645146
2026-06-23,733.58,-0.01452195757600172,-14521.95757600172,0.0008924338811566863,0.007825247328398814,17311.81360510766
2026-06-24,733.24,-0.00046348046566158096,-463.480465661581,0.0007901570980908703,0.007859013120609572,17492.641367098284
2026-06-25,734.3,0.001445638535813476,1445.638535813476,0.000786061836698246,0.007859400100845512,17497.63687914008
2026-06-26,728.99,-0.007231376821462576,-7231.376821462576,0.0007605490950185985,0.007846804925488362,17493.848861404447
2026-06-29,741.0,0.016474848763357475,16474.848763357473,0.0007117500851913588,0.007858457771214758,17569.756444113817
2026-06-30,746.77,0.007786774628879778,7786.774628879778,0.0007585247302813793,0.007917357341057335,17660.002688108994
2026-07-01,745.76,-0.00135249139628002,-1352.4913962800201,0.0007909666414536924,0.007929512316614026,17655.837478482008
2026-07-02,744.78,-0.0013140956876207532,-1314.0956876207533,0.000767423428884034,0.007927093726952498,17673.754210134393
2026-07-06,751.28,0.008727409436343647,8727.409436343647,0.0007306415404521909,0.007915277052047075,17683.046402021773
2026-07-07,747.71,-0.004751890107549728,-4751.890107549728,0.0007953589627627627,0.007914248642252802,17615.936540772655
2026-07-08,745.4,-0.003089433068970693,-3089.4330689706926,0.0007785425475281551,0.007921577161424841,17649.801641003003
2026-07-09,751.71,0.008465253555138164,8465.253555138164,0.0007421979693290699,0.007918382991961789,17678.71546986239
2026-07-10,754.95,0.0043101728060024325,4310.1728060024325,0.0007647780169758947,0.007932368837983757,17688.671365375434
2026-07-13,749.17,-0.0076561361679582385,-7656.136167958239,0.0007960802594446714,0.007930851106012627,17653.838350362254
2026-07-14,751.83,0.003550595992898975,3550.595992898975,0.0007578228614326638,0.007948513698198496,17733.18508215591
2026-07-15,754.81,0.003963661998057866,3963.6619980578657,0.0007891184417359445,0.007944026366502512,17691.45040730156
2026-07-16,750.72,-0.005418582159748664,-5418.582159748664,0.0007915998939844519,0.007944924252320582,17691.05774981705
2026-07-17,743.29,-0.009897165387894424,-9897.165387894423,0.0007454470161160191,0.007947361810962294,17742.881237049478
2026-07-20,742.09,-0.0016144438913477943,-1614.4438913477943,0.0007087881042619126,0.007975294298113554,17844.52083100459
2026-07-21,748.28,0.008341306310555296,8341.306310555297,0.0006947456382984853,0.007976285809525042,17860.86989743222
2026-07-22,747.41,-0.0011626663815683669,-1162.666381568367,0.000727538317140592,0.007990848046014616,17861.954046488918
2026-07-23,738.18,-0.012349312960757808,-12349.312960757808,0.000688857819855262,0.00797642891741787,17867.090634617685
2026-07-24,738.93,0.0010160123547102717,1016.0123547102718,0.0006381360855852752,0.008018916865984558,18016.65411770814
2026-07-27,739.09,0.00021652930588844654,216.52930588844654,0.000625302811464505,0.00801572117986338,18022.053114214807
2026-07-28,740.86,0.002394836894018315,2394.836894018315,0.0006271734805637452,0.008015570388546193,18019.831652055407
2026-07-29,729.46,-0.015387522608859894,-15387.522608859894,0.0006473032724516851,0.00801365734541474,17995.251456345668
2026-07-30,741.69,0.016765826775971382,16765.82677597138,0.0005907904895753551,0.00807672527161962,18198.48217526888
2026-07-31,747.03,0.00719977349027201,7199.77349027201,0.0006728586827240659,0.008136445406839436,18255.34379172622
2026-08-03,757.67,0.01424306922078089,14243.069220780892,0.0007672190980368816,0.008074317568765373,18016.452412391052
2026-08-04,771.33,0.018028957197724793,18028.957197724794,0.0007633923013820789,0.008067673816773386,18004.823530723643
2026-08-05,769.79,-0.0019965514111989213,-1996.5514111989214,0.0008557879280087431,0.008132608383269575,18063.48829481715
2026-08-06,768.56,-0.0015978383715039568,-1597.8383715039568,0.0008171633160706535,0.008123089569460248,18079.96883448652
2026-08-07,773.26,0.006115332570001186,6115.3325700011865,0.0008141222581059879,0.008123853819721926,18084.787804422678
2026-08-10,773.03,-0.0002974419988102106,-297.44199881021063,0.0008073933946335212,0.00811874139313116,18079.623385164527
2026-08-11,770.56,-0.0031952188142763127,-3195.2188142763125,0.0008141134794271312,0.008117122176703481,18069.136439676775
2026-08-12,772.49,0.0025046719269103956,2504.6719269103955,0.0007587486313432543,0.008096970777046127,18077.62212200882
2026-08-13,777.88,0.006977436601121045,6977.436601121045,0.0007550748701252865,0.008095965341021102,18078.956889267487
2026-08-14,776.34,-0.001979739805625491,-1979.739805625491,0.0007826124600379659,0.008105407228946378,18073.384415256704
2026-08-17,772.67,-0.004727310199139634,-4727.310199139633,0.0007840585678749257,0.00810487988416227,18070.711520002347
2026-08-18,767.45,-0.00675579484126454,-6755.79484126454,0.0007660196490975148,0.008112133547009405,18105.6249819232
2026-08-19,769.06,0.002097856537885079,2097.856537885079,0.0007606970759814851,0.008116647321152564,18121.448163921064
2026-08-20,762.6,-0.008399864769978782,-8399.864769978782,0.0007797166573666101,0.00811417709466909,18096.681976407715
2026-08-21,765.72,0.004091266719118858,4091.266719118858,0.0007621645882351369,0.008129315343469208,18149.45087845204
2026-08-24,763.47,-0.002938410907381339,-2938.4109073813393,0.000717102544734773,0.008079158761155258,18077.831263317195
2026-08-25,765.91,0.003195934352364871,3195.934352364871,0.0007229528433965489,0.00807596666645388,18064.55504193313
2026-08-26,766.08,0.0002219581935214432,221.9581935214432,0.0007189887170925276,0.008074502604233437,18065.11325020316
2026-08-27,771.1,0.0065528404344192825,6552.840434419282,0.000710762531638577,0.008073954982622434,18072.06547728658
2026-08-28,769.35,-0.0022694851510828284,-2269.4851510828285,0.000722808141709923,0.008080438820939784,18075.10353070042
2026-08-31,767.05,-0.002989536621823663,-2989.536621823663,0.0007375852217552868,0.008071534715447276,18039.612403772328
